,dataset,metric,dimensions,points computed,total points,mean out degree,mean in degree,median out degree,median in degree,min out degree,max out degree
0,coco_i2i,angular,512,113287,113287,27.79089392428081,21.795108409713954,26.0,19.0,1,170
1,fashion_mnist,euclidean,784,60000,60000,13.55145,9.973835283727093,12.0,9.0,1,108
2,mnist,euclidean,784,60000,60000,19.637516666666667,14.52890982403788,19.0,13.0,2,67
3,glove25,angular,25,1052326,1183514,47.2705901023067,31.504366170601116,47.0,30.0,10,103
4,lastfm,angular,64,292385,292385,66.60667612907639,49.178646013520165,34.0,18.0,1,3422
5,deep_image,angular,96,35663,9990000,75.35524212769538,1.1940507932586677,73.0,1.0,13,251
6,sift,euclidean,128,943117,1000000,37.884164955143426,27.192827569410618,35.0,27.0,5,287
7,coco_t2i,angular,512,113287,113287,27.79089392428081,21.795108409713954,26.0,19.0,1,170
8,nytimes,angular,256,81187,290000,675.1861628093168,162.1348660567717,431.0,117.0,293,289999
