dataset,metric,method,gamma,alpha,R,L,S,dimensions,estimated coverage,coverage sample,sources,total points,sweep,coverage,edges,mean out degree,median out degree,min out degree,max out degree,median in degree,min in degree,max in degree,mean points covered,median points covered,min points covered,max points covered,sources below 99.5% coverage,sources below 100% coverage,build time (s),build wall (s),adjlist wall (s),graph min coverage,graph max coverage,graph avg out degree,graph median out degree,graph max out degree,graph total edges
mnist-784-euclidean,euclidean,vamana,,1.0,32,64,,784,1,1101,60000,60000,coverage_to_degree,90.0,,3.878,3.0,1,21,4.0,1,105,,,,,,,0.0,0.0,0.0,40.4183,100.0,15.2732,14.0,32,916390
mnist-784-euclidean,euclidean,vamana,,1.0,32,64,,784,1,1101,60000,60000,coverage_to_degree,90.5,,3.976,4.0,1,22,4.0,1,110,,,,,,,0.0,0.0,0.0,40.4183,100.0,15.2732,14.0,32,916390
mnist-784-euclidean,euclidean,vamana,,1.0,32,64,,784,1,1101,60000,60000,coverage_to_degree,91.0,,4.064,4.0,1,23,4.0,1,118,,,,,,,0.0,0.0,0.0,40.4183,100.0,15.2732,14.0,32,916390
mnist-784-euclidean,euclidean,vamana,,1.0,32,64,,784,1,1101,60000,60000,coverage_to_degree,91.5,,4.175,4.0,1,25,4.0,1,125,,,,,,,0.0,0.0,0.0,40.4183,100.0,15.2732,14.0,32,916390
mnist-784-euclidean,euclidean,vamana,,1.0,32,64,,784,1,1101,60000,60000,coverage_to_degree,92.0,,4.276,4.0,1,25,4.0,1,134,,,,,,,0.0,0.0,0.0,40.4183,100.0,15.2732,14.0,32,916390
mnist-784-euclidean,euclidean,vamana,,1.0,32,64,,784,1,1101,60000,60000,coverage_to_degree,92.5,,4.407,4.0,1,25,4.0,1,142,,,,,,,0.0,0.0,0.0,40.4183,100.0,15.2732,14.0,32,916390
mnist-784-euclidean,euclidean,vamana,,1.0,32,64,,784,1,1101,60000,60000,coverage_to_degree,93.0,,4.525,4.0,1,25,4.0,1,150,,,,,,,0.0,0.0,0.0,40.4183,100.0,15.2732,14.0,32,916390
mnist-784-euclidean,euclidean,vamana,,1.0,32,64,,784,1,1101,60000,60000,coverage_to_degree,93.5,,4.678,4.0,1,25,4.0,1,159,,,,,,,0.0,0.0,0.0,40.4183,100.0,15.2732,14.0,32,916390
mnist-784-euclidean,euclidean,vamana,,1.0,32,64,,784,1,1101,60000,60000,coverage_to_degree,94.0,,4.817,4.0,1,26,5.0,1,166,,,,,,,0.0,0.0,0.0,40.4183,100.0,15.2732,14.0,32,916390
mnist-784-euclidean,euclidean,vamana,,1.0,32,64,,784,1,1101,60000,60000,coverage_to_degree,94.5,,5.002,5.0,1,26,5.0,1,181,,,,,,,0.0,0.0,0.0,40.4183,100.0,15.2732,14.0,32,916390
mnist-784-euclidean,euclidean,vamana,,1.0,32,64,,784,1,1101,60000,60000,coverage_to_degree,95.0,,5.172,5.0,1,26,5.0,1,201,,,,,,,0.0,0.0,0.0,40.4183,100.0,15.2732,14.0,32,916390
mnist-784-euclidean,euclidean,vamana,,1.0,32,64,,784,1,1101,60000,60000,coverage_to_degree,95.5,,5.405,5.0,1,28,5.0,1,228,,,,,,,0.0,0.0,0.0,40.4183,100.0,15.2732,14.0,32,916390
mnist-784-euclidean,euclidean,vamana,,1.0,32,64,,784,1,1101,60000,60000,coverage_to_degree,96.0,,5.625,5.0,1,29,5.0,1,240,,,,,,,0.0,0.0,0.0,40.4183,100.0,15.2732,14.0,32,916390
mnist-784-euclidean,euclidean,vamana,,1.0,32,64,,784,1,1101,60000,60000,coverage_to_degree,96.5,,5.924,5.0,1,29,6.0,1,258,,,,,,,0.0,0.0,0.0,40.4183,100.0,15.2732,14.0,32,916390
mnist-784-euclidean,euclidean,vamana,,1.0,32,64,,784,1,1101,60000,60000,coverage_to_degree,97.0,,6.22,6.0,1,29,6.0,1,279,,,,,,,0.0,0.0,0.0,40.4183,100.0,15.2732,14.0,32,916390
mnist-784-euclidean,euclidean,vamana,,1.0,32,64,,784,1,1101,60000,60000,coverage_to_degree,97.5,,6.647,6.0,1,30,6.0,1,309,,,,,,,0.0,0.0,0.0,40.4183,100.0,15.2732,14.0,32,916390
mnist-784-euclidean,euclidean,vamana,,1.0,32,64,,784,1,1101,60000,60000,coverage_to_degree,98.0,,7.088,7.0,1,30,7.0,1,347,,,,,,,0.0,0.0,0.0,40.4183,100.0,15.2732,14.0,32,916390
mnist-784-euclidean,euclidean,vamana,,1.0,32,64,,784,1,1101,60000,60000,coverage_to_degree,98.5,,7.779,7.0,1,32,7.0,1,400,,,,,,,0.0,0.0,0.0,40.4183,100.0,15.2732,14.0,32,916390
mnist-784-euclidean,euclidean,vamana,,1.0,32,64,,784,1,1101,60000,60000,coverage_to_degree,99.0,,8.579,8.0,1,32,8.0,1,458,,,,,,,0.0,0.0,0.0,40.4183,100.0,15.2732,14.0,32,916390
mnist-784-euclidean,euclidean,vamana,,1.0,32,64,,784,1,1101,60000,60000,coverage_to_degree,99.5,,10.147,9.0,1,32,10.0,1,564,,,,,,,0.0,0.0,0.0,40.4183,100.0,15.2732,14.0,32,916390
mnist-784-euclidean,euclidean,vamana,,1.0,32,64,,784,1,1101,60000,60000,coverage_to_degree,100.0,,13.495,13.0,1,32,12.0,1,753,,,,,,,0.0,0.0,0.0,40.4183,100.0,15.2732,14.0,32,916390
mnist-784-euclidean,euclidean,vamana,,1.0,32,64,,784,1,1101,60000,60000,edge_to_coverage,,1,,,,,,,,32599.023,33406.0,54,60000,59966,59997,0.0,0.0,0.0,40.4183,100.0,15.2732,14.0,32,916390
mnist-784-euclidean,euclidean,vamana,,1.0,32,64,,784,1,1101,60000,60000,edge_to_coverage,,2,,,,,,,,45454.823,48392.0,1199,60000,59635,59971,0.0,0.0,0.0,40.4183,100.0,15.2732,14.0,32,916390
mnist-784-euclidean,euclidean,vamana,,1.0,32,64,,784,1,1101,60000,60000,edge_to_coverage,,3,,,,,,,,51437.24,54005.0,6322,60000,58673,59852,0.0,0.0,0.0,40.4183,100.0,15.2732,14.0,32,916390
mnist-784-euclidean,euclidean,vamana,,1.0,32,64,,784,1,1101,60000,60000,edge_to_coverage,,4,,,,,,,,54591.198,56567.0,7684,60000,56762,59524,0.0,0.0,0.0,40.4183,100.0,15.2732,14.0,32,916390
mnist-784-euclidean,euclidean,vamana,,1.0,32,64,,784,1,1101,60000,60000,edge_to_coverage,,5,,,,,,,,56364.331,57875.0,8719,60000,53816,58990,0.0,0.0,0.0,40.4183,100.0,15.2732,14.0,32,916390
mnist-784-euclidean,euclidean,vamana,,1.0,32,64,,784,1,1101,60000,60000,edge_to_coverage,,6,,,,,,,,57455.262,58638.0,11172,60000,50060,58179,0.0,0.0,0.0,40.4183,100.0,15.2732,14.0,32,916390
mnist-784-euclidean,euclidean,vamana,,1.0,32,64,,784,1,1101,60000,60000,edge_to_coverage,,7,,,,,,,,58143.118,59074.0,12970,60000,45764,57127,0.0,0.0,0.0,40.4183,100.0,15.2732,14.0,32,916390
mnist-784-euclidean,euclidean,vamana,,1.0,32,64,,784,1,1101,60000,60000,edge_to_coverage,,8,,,,,,,,58587.779,59346.0,19292,60000,41131,55861,0.0,0.0,0.0,40.4183,100.0,15.2732,14.0,32,916390
mnist-784-euclidean,euclidean,vamana,,1.0,32,64,,784,1,1101,60000,60000,edge_to_coverage,,9,,,,,,,,58885.105,59510.0,24251,60000,36707,54443,0.0,0.0,0.0,40.4183,100.0,15.2732,14.0,32,916390
mnist-784-euclidean,euclidean,vamana,,1.0,32,64,,784,1,1101,60000,60000,edge_to_coverage,,10,,,,,,,,59089.352,59619.0,24251,60000,32540,52889,0.0,0.0,0.0,40.4183,100.0,15.2732,14.0,32,916390
mnist-784-euclidean,euclidean,vamana,,1.0,32,64,,784,1,1101,60000,60000,edge_to_coverage,,11,,,,,,,,59231.991,59728.0,24251,60000,29017,51238,0.0,0.0,0.0,40.4183,100.0,15.2732,14.0,32,916390
mnist-784-euclidean,euclidean,vamana,,1.0,32,64,,784,1,1101,60000,60000,edge_to_coverage,,12,,,,,,,,59330.409,59782.0,24251,60000,25994,49694,0.0,0.0,0.0,40.4183,100.0,15.2732,14.0,32,916390
mnist-784-euclidean,euclidean,vamana,,1.0,32,64,,784,1,1101,60000,60000,edge_to_coverage,,13,,,,,,,,59399.843,59837.0,24251,60000,23593,48272,0.0,0.0,0.0,40.4183,100.0,15.2732,14.0,32,916390
mnist-784-euclidean,euclidean,vamana,,1.0,32,64,,784,1,1101,60000,60000,edge_to_coverage,,14,,,,,,,,59450.314,59837.0,24251,60000,21567,46984,0.0,0.0,0.0,40.4183,100.0,15.2732,14.0,32,916390
mnist-784-euclidean,euclidean,vamana,,1.0,32,64,,784,1,1101,60000,60000,edge_to_coverage,,15,,,,,,,,59486.393,59837.0,24251,60000,19995,45762,0.0,0.0,0.0,40.4183,100.0,15.2732,14.0,32,916390
mnist-784-euclidean,euclidean,vamana,,1.0,32,64,,784,1,1101,60000,60000,edge_to_coverage,,16,,,,,,,,59514.123,59891.0,24251,60000,18769,44639,0.0,0.0,0.0,40.4183,100.0,15.2732,14.0,32,916390
mnist-784-euclidean,euclidean,vamana,,1.0,32,64,,784,1,1101,60000,60000,edge_to_coverage,,17,,,,,,,,59533.776,59891.0,24251,60000,17805,43626,0.0,0.0,0.0,40.4183,100.0,15.2732,14.0,32,916390
mnist-784-euclidean,euclidean,vamana,,1.0,32,64,,784,1,1101,60000,60000,edge_to_coverage,,18,,,,,,,,59547.729,59891.0,24251,60000,17080,42749,0.0,0.0,0.0,40.4183,100.0,15.2732,14.0,32,916390
mnist-784-euclidean,euclidean,vamana,,1.0,32,64,,784,1,1101,60000,60000,edge_to_coverage,,19,,,,,,,,59558.467,59891.0,24251,60000,16487,42011,0.0,0.0,0.0,40.4183,100.0,15.2732,14.0,32,916390
mnist-784-euclidean,euclidean,vamana,,1.0,32,64,,784,1,1101,60000,60000,edge_to_coverage,,20,,,,,,,,59566.122,59891.0,24251,60000,16050,41386,0.0,0.0,0.0,40.4183,100.0,15.2732,14.0,32,916390
mnist-784-euclidean,euclidean,vamana,,1.0,32,64,,784,1,1101,60000,60000,edge_to_coverage,,21,,,,,,,,59571.832,59891.0,24251,60000,15691,40874,0.0,0.0,0.0,40.4183,100.0,15.2732,14.0,32,916390
mnist-784-euclidean,euclidean,vamana,,1.0,32,64,,784,1,1101,60000,60000,edge_to_coverage,,22,,,,,,,,59576.174,59891.0,24251,60000,15428,40416,0.0,0.0,0.0,40.4183,100.0,15.2732,14.0,32,916390
mnist-784-euclidean,euclidean,vamana,,1.0,32,64,,784,1,1101,60000,60000,edge_to_coverage,,23,,,,,,,,59579.247,59891.0,24251,60000,15247,40071,0.0,0.0,0.0,40.4183,100.0,15.2732,14.0,32,916390
mnist-784-euclidean,euclidean,vamana,,1.0,32,64,,784,1,1101,60000,60000,edge_to_coverage,,24,,,,,,,,59581.623,59946.0,24251,60000,15115,39740,0.0,0.0,0.0,40.4183,100.0,15.2732,14.0,32,916390
mnist-784-euclidean,euclidean,vamana,,1.0,32,64,,784,1,1101,60000,60000,edge_to_coverage,,25,,,,,,,,59583.271,59946.0,24251,60000,15018,39511,0.0,0.0,0.0,40.4183,100.0,15.2732,14.0,32,916390
mnist-784-euclidean,euclidean,vamana,,1.0,32,64,,784,1,1101,60000,60000,edge_to_coverage,,26,,,,,,,,59584.424,59946.0,24251,60000,14961,39306,0.0,0.0,0.0,40.4183,100.0,15.2732,14.0,32,916390
mnist-784-euclidean,euclidean,vamana,,1.0,32,64,,784,1,1101,60000,60000,edge_to_coverage,,27,,,,,,,,59585.278,59946.0,24251,60000,14907,39145,0.0,0.0,0.0,40.4183,100.0,15.2732,14.0,32,916390
mnist-784-euclidean,euclidean,vamana,,1.0,32,64,,784,1,1101,60000,60000,edge_to_coverage,,28,,,,,,,,59585.795,59946.0,24251,60000,14878,39028,0.0,0.0,0.0,40.4183,100.0,15.2732,14.0,32,916390
mnist-784-euclidean,euclidean,vamana,,1.0,32,64,,784,1,1101,60000,60000,edge_to_coverage,,29,,,,,,,,59586.244,59946.0,24251,60000,14857,38928,0.0,0.0,0.0,40.4183,100.0,15.2732,14.0,32,916390
mnist-784-euclidean,euclidean,vamana,,1.0,32,64,,784,1,1101,60000,60000,edge_to_coverage,,30,,,,,,,,59586.561,59946.0,24251,60000,14837,38862,0.0,0.0,0.0,40.4183,100.0,15.2732,14.0,32,916390
mnist-784-euclidean,euclidean,vamana,,1.0,32,64,,784,1,1101,60000,60000,edge_to_coverage,,31,,,,,,,,59586.725,59946.0,24251,60000,14827,38820,0.0,0.0,0.0,40.4183,100.0,15.2732,14.0,32,916390
mnist-784-euclidean,euclidean,vamana,,1.0,32,64,,784,1,1101,60000,60000,edge_to_coverage,,32,,,,,,,,59586.802,59946.0,24251,60000,14824,38801,0.0,0.0,0.0,40.4183,100.0,15.2732,14.0,32,916390
mnist-784-euclidean,euclidean,mod-vamana,0.9,1.0,32,64,1101,784,1,1101,60000,60000,coverage_to_degree,90.0,,3.718,3.0,1,19,3.0,1,177,,,,,,,0.0,0.0,0.0,43.87,100.0,6.9447,6.0,32,416679
mnist-784-euclidean,euclidean,mod-vamana,0.9,1.0,32,64,1101,784,1,1101,60000,60000,coverage_to_degree,90.5,,3.792,3.0,1,19,3.0,1,184,,,,,,,0.0,0.0,0.0,43.87,100.0,6.9447,6.0,32,416679
mnist-784-euclidean,euclidean,mod-vamana,0.9,1.0,32,64,1101,784,1,1101,60000,60000,coverage_to_degree,91.0,,3.856,4.0,1,19,3.0,1,192,,,,,,,0.0,0.0,0.0,43.87,100.0,6.9447,6.0,32,416679
mnist-784-euclidean,euclidean,mod-vamana,0.9,1.0,32,64,1101,784,1,1101,60000,60000,coverage_to_degree,91.5,,3.933,4.0,1,19,4.0,1,195,,,,,,,0.0,0.0,0.0,43.87,100.0,6.9447,6.0,32,416679
mnist-784-euclidean,euclidean,mod-vamana,0.9,1.0,32,64,1101,784,1,1101,60000,60000,coverage_to_degree,92.0,,4.001,4.0,1,19,4.0,1,202,,,,,,,0.0,0.0,0.0,43.87,100.0,6.9447,6.0,32,416679
mnist-784-euclidean,euclidean,mod-vamana,0.9,1.0,32,64,1101,784,1,1101,60000,60000,coverage_to_degree,92.5,,4.086,4.0,1,19,4.0,1,212,,,,,,,0.0,0.0,0.0,43.87,100.0,6.9447,6.0,32,416679
mnist-784-euclidean,euclidean,mod-vamana,0.9,1.0,32,64,1101,784,1,1101,60000,60000,coverage_to_degree,93.0,,4.159,4.0,1,19,4.0,1,221,,,,,,,0.0,0.0,0.0,43.87,100.0,6.9447,6.0,32,416679
mnist-784-euclidean,euclidean,mod-vamana,0.9,1.0,32,64,1101,784,1,1101,60000,60000,coverage_to_degree,93.5,,4.252,4.0,1,20,4.0,1,225,,,,,,,0.0,0.0,0.0,43.87,100.0,6.9447,6.0,32,416679
mnist-784-euclidean,euclidean,mod-vamana,0.9,1.0,32,64,1101,784,1,1101,60000,60000,coverage_to_degree,94.0,,4.334,4.0,1,22,4.0,1,237,,,,,,,0.0,0.0,0.0,43.87,100.0,6.9447,6.0,32,416679
mnist-784-euclidean,euclidean,mod-vamana,0.9,1.0,32,64,1101,784,1,1101,60000,60000,coverage_to_degree,94.5,,4.439,4.0,1,22,4.0,1,247,,,,,,,0.0,0.0,0.0,43.87,100.0,6.9447,6.0,32,416679
mnist-784-euclidean,euclidean,mod-vamana,0.9,1.0,32,64,1101,784,1,1101,60000,60000,coverage_to_degree,95.0,,4.533,4.0,1,22,4.0,1,261,,,,,,,0.0,0.0,0.0,43.87,100.0,6.9447,6.0,32,416679
mnist-784-euclidean,euclidean,mod-vamana,0.9,1.0,32,64,1101,784,1,1101,60000,60000,coverage_to_degree,95.5,,4.654,4.0,1,22,4.0,1,271,,,,,,,0.0,0.0,0.0,43.87,100.0,6.9447,6.0,32,416679
mnist-784-euclidean,euclidean,mod-vamana,0.9,1.0,32,64,1101,784,1,1101,60000,60000,coverage_to_degree,96.0,,4.762,4.0,1,22,4.0,1,275,,,,,,,0.0,0.0,0.0,43.87,100.0,6.9447,6.0,32,416679
mnist-784-euclidean,euclidean,mod-vamana,0.9,1.0,32,64,1101,784,1,1101,60000,60000,coverage_to_degree,96.5,,4.902,4.0,1,26,4.0,1,283,,,,,,,0.0,0.0,0.0,43.87,100.0,6.9447,6.0,32,416679
mnist-784-euclidean,euclidean,mod-vamana,0.9,1.0,32,64,1101,784,1,1101,60000,60000,coverage_to_degree,97.0,,5.031,5.0,1,26,4.0,1,291,,,,,,,0.0,0.0,0.0,43.87,100.0,6.9447,6.0,32,416679
mnist-784-euclidean,euclidean,mod-vamana,0.9,1.0,32,64,1101,784,1,1101,60000,60000,coverage_to_degree,97.5,,5.206,5.0,1,26,4.0,1,301,,,,,,,0.0,0.0,0.0,43.87,100.0,6.9447,6.0,32,416679
mnist-784-euclidean,euclidean,mod-vamana,0.9,1.0,32,64,1101,784,1,1101,60000,60000,coverage_to_degree,98.0,,5.374,5.0,1,27,5.0,1,308,,,,,,,0.0,0.0,0.0,43.87,100.0,6.9447,6.0,32,416679
mnist-784-euclidean,euclidean,mod-vamana,0.9,1.0,32,64,1101,784,1,1101,60000,60000,coverage_to_degree,98.5,,5.611,5.0,1,29,5.0,1,319,,,,,,,0.0,0.0,0.0,43.87,100.0,6.9447,6.0,32,416679
mnist-784-euclidean,euclidean,mod-vamana,0.9,1.0,32,64,1101,784,1,1101,60000,60000,coverage_to_degree,99.0,,5.847,5.0,1,31,5.0,1,328,,,,,,,0.0,0.0,0.0,43.87,100.0,6.9447,6.0,32,416679
mnist-784-euclidean,euclidean,mod-vamana,0.9,1.0,32,64,1101,784,1,1101,60000,60000,coverage_to_degree,99.5,,6.229,5.0,1,31,5.0,1,341,,,,,,,0.0,0.0,0.0,43.87,100.0,6.9447,6.0,32,416679
mnist-784-euclidean,euclidean,mod-vamana,0.9,1.0,32,64,1101,784,1,1101,60000,60000,coverage_to_degree,100.0,,6.769,6.0,1,32,5.0,1,357,,,,,,,0.0,0.0,0.0,43.87,100.0,6.9447,6.0,32,416679
mnist-784-euclidean,euclidean,mod-vamana,0.9,1.0,32,64,1101,784,1,1101,60000,60000,edge_to_coverage,,1,,,,,,,,32629.726,33515.0,54,60000,59967,59998,0.0,0.0,0.0,43.87,100.0,6.9447,6.0,32,416679
mnist-784-euclidean,euclidean,mod-vamana,0.9,1.0,32,64,1101,784,1,1101,60000,60000,edge_to_coverage,,2,,,,,,,,45556.937,48610.0,1199,60000,59779,59981,0.0,0.0,0.0,43.87,100.0,6.9447,6.0,32,416679
mnist-784-euclidean,euclidean,mod-vamana,0.9,1.0,32,64,1101,784,1,1101,60000,60000,edge_to_coverage,,3,,,,,,,,51482.729,54060.0,5831,60000,59306,59933,0.0,0.0,0.0,43.87,100.0,6.9447,6.0,32,416679
mnist-784-euclidean,euclidean,mod-vamana,0.9,1.0,32,64,1101,784,1,1101,60000,60000,edge_to_coverage,,4,,,,,,,,54438.104,55967.0,7302,60000,58542,59852,0.0,0.0,0.0,43.87,100.0,6.9447,6.0,32,416679
mnist-784-euclidean,euclidean,mod-vamana,0.9,1.0,32,64,1101,784,1,1101,60000,60000,edge_to_coverage,,5,,,,,,,,55949.65,56948.0,15804,60000,57418,59725,0.0,0.0,0.0,43.87,100.0,6.9447,6.0,32,416679
mnist-784-euclidean,euclidean,mod-vamana,0.9,1.0,32,64,1101,784,1,1101,60000,60000,edge_to_coverage,,6,,,,,,,,56783.478,57548.0,15967,60000,56150,59539,0.0,0.0,0.0,43.87,100.0,6.9447,6.0,32,416679
mnist-784-euclidean,euclidean,mod-vamana,0.9,1.0,32,64,1101,784,1,1101,60000,60000,edge_to_coverage,,7,,,,,,,,57237.341,57875.0,20981,60000,54818,59319,0.0,0.0,0.0,43.87,100.0,6.9447,6.0,32,416679
mnist-784-euclidean,euclidean,mod-vamana,0.9,1.0,32,64,1101,784,1,1101,60000,60000,edge_to_coverage,,8,,,,,,,,57497.654,58093.0,25559,60000,53510,59079,0.0,0.0,0.0,43.87,100.0,6.9447,6.0,32,416679
mnist-784-euclidean,euclidean,mod-vamana,0.9,1.0,32,64,1101,784,1,1101,60000,60000,edge_to_coverage,,9,,,,,,,,57649.621,58256.0,25559,60000,52357,58815,0.0,0.0,0.0,43.87,100.0,6.9447,6.0,32,416679
mnist-784-euclidean,euclidean,mod-vamana,0.9,1.0,32,64,1101,784,1,1101,60000,60000,edge_to_coverage,,10,,,,,,,,57742.429,58365.0,26322,60000,51337,58585,0.0,0.0,0.0,43.87,100.0,6.9447,6.0,32,416679
mnist-784-euclidean,euclidean,mod-vamana,0.9,1.0,32,64,1101,784,1,1101,60000,60000,edge_to_coverage,,11,,,,,,,,57800.158,58420.0,26322,60000,50486,58320,0.0,0.0,0.0,43.87,100.0,6.9447,6.0,32,416679
mnist-784-euclidean,euclidean,mod-vamana,0.9,1.0,32,64,1101,784,1,1101,60000,60000,edge_to_coverage,,12,,,,,,,,57835.086,58474.0,26322,60000,49827,58139,0.0,0.0,0.0,43.87,100.0,6.9447,6.0,32,416679
mnist-784-euclidean,euclidean,mod-vamana,0.9,1.0,32,64,1101,784,1,1101,60000,60000,edge_to_coverage,,13,,,,,,,,57857.412,58474.0,26322,60000,49322,57964,0.0,0.0,0.0,43.87,100.0,6.9447,6.0,32,416679
mnist-784-euclidean,euclidean,mod-vamana,0.9,1.0,32,64,1101,784,1,1101,60000,60000,edge_to_coverage,,14,,,,,,,,57871.255,58474.0,26322,60000,48954,57789,0.0,0.0,0.0,43.87,100.0,6.9447,6.0,32,416679
mnist-784-euclidean,euclidean,mod-vamana,0.9,1.0,32,64,1101,784,1,1101,60000,60000,edge_to_coverage,,15,,,,,,,,57880.808,58529.0,26322,60000,48645,57631,0.0,0.0,0.0,43.87,100.0,6.9447,6.0,32,416679
mnist-784-euclidean,euclidean,mod-vamana,0.9,1.0,32,64,1101,784,1,1101,60000,60000,edge_to_coverage,,16,,,,,,,,57886.803,58529.0,26322,60000,48415,57501,0.0,0.0,0.0,43.87,100.0,6.9447,6.0,32,416679
mnist-784-euclidean,euclidean,mod-vamana,0.9,1.0,32,64,1101,784,1,1101,60000,60000,edge_to_coverage,,17,,,,,,,,57891.17,58529.0,26322,60000,48242,57398,0.0,0.0,0.0,43.87,100.0,6.9447,6.0,32,416679
mnist-784-euclidean,euclidean,mod-vamana,0.9,1.0,32,64,1101,784,1,1101,60000,60000,edge_to_coverage,,18,,,,,,,,57894.207,58529.0,26322,60000,48125,57322,0.0,0.0,0.0,43.87,100.0,6.9447,6.0,32,416679
mnist-784-euclidean,euclidean,mod-vamana,0.9,1.0,32,64,1101,784,1,1101,60000,60000,edge_to_coverage,,19,,,,,,,,57896.223,58529.0,26322,60000,48061,57264,0.0,0.0,0.0,43.87,100.0,6.9447,6.0,32,416679
mnist-784-euclidean,euclidean,mod-vamana,0.9,1.0,32,64,1101,784,1,1101,60000,60000,edge_to_coverage,,20,,,,,,,,57897.313,58529.0,26322,60000,48002,57202,0.0,0.0,0.0,43.87,100.0,6.9447,6.0,32,416679
mnist-784-euclidean,euclidean,mod-vamana,0.9,1.0,32,64,1101,784,1,1101,60000,60000,edge_to_coverage,,21,,,,,,,,57898.151,58529.0,26322,60000,47951,57156,0.0,0.0,0.0,43.87,100.0,6.9447,6.0,32,416679
mnist-784-euclidean,euclidean,mod-vamana,0.9,1.0,32,64,1101,784,1,1101,60000,60000,edge_to_coverage,,22,,,,,,,,57898.608,58529.0,26322,60000,47922,57115,0.0,0.0,0.0,43.87,100.0,6.9447,6.0,32,416679
mnist-784-euclidean,euclidean,mod-vamana,0.9,1.0,32,64,1101,784,1,1101,60000,60000,edge_to_coverage,,23,,,,,,,,57899.019,58529.0,26322,60000,47897,57085,0.0,0.0,0.0,43.87,100.0,6.9447,6.0,32,416679
mnist-784-euclidean,euclidean,mod-vamana,0.9,1.0,32,64,1101,784,1,1101,60000,60000,edge_to_coverage,,24,,,,,,,,57899.335,58529.0,26322,60000,47875,57054,0.0,0.0,0.0,43.87,100.0,6.9447,6.0,32,416679
mnist-784-euclidean,euclidean,mod-vamana,0.9,1.0,32,64,1101,784,1,1101,60000,60000,edge_to_coverage,,25,,,,,,,,57899.585,58529.0,26322,60000,47856,57032,0.0,0.0,0.0,43.87,100.0,6.9447,6.0,32,416679
mnist-784-euclidean,euclidean,mod-vamana,0.9,1.0,32,64,1101,784,1,1101,60000,60000,edge_to_coverage,,26,,,,,,,,57899.783,58529.0,26322,60000,47843,57010,0.0,0.0,0.0,43.87,100.0,6.9447,6.0,32,416679
mnist-784-euclidean,euclidean,mod-vamana,0.9,1.0,32,64,1101,784,1,1101,60000,60000,edge_to_coverage,,27,,,,,,,,57899.877,58529.0,26322,60000,47837,56996,0.0,0.0,0.0,43.87,100.0,6.9447,6.0,32,416679
mnist-784-euclidean,euclidean,mod-vamana,0.9,1.0,32,64,1101,784,1,1101,60000,60000,edge_to_coverage,,28,,,,,,,,57899.934,58529.0,26322,60000,47828,56988,0.0,0.0,0.0,43.87,100.0,6.9447,6.0,32,416679
mnist-784-euclidean,euclidean,mod-vamana,0.9,1.0,32,64,1101,784,1,1101,60000,60000,edge_to_coverage,,29,,,,,,,,57899.954,58529.0,26322,60000,47827,56985,0.0,0.0,0.0,43.87,100.0,6.9447,6.0,32,416679
mnist-784-euclidean,euclidean,mod-vamana,0.9,1.0,32,64,1101,784,1,1101,60000,60000,edge_to_coverage,,30,,,,,,,,57899.981,58529.0,26322,60000,47827,56978,0.0,0.0,0.0,43.87,100.0,6.9447,6.0,32,416679
mnist-784-euclidean,euclidean,mod-vamana,0.9,1.0,32,64,1101,784,1,1101,60000,60000,edge_to_coverage,,31,,,,,,,,57899.988,58529.0,26322,60000,47827,56978,0.0,0.0,0.0,43.87,100.0,6.9447,6.0,32,416679
mnist-784-euclidean,euclidean,mod-vamana,0.9,1.0,32,64,1101,784,1,1101,60000,60000,edge_to_coverage,,32,,,,,,,,57899.991,58529.0,26322,60000,47827,56977,0.0,0.0,0.0,43.87,100.0,6.9447,6.0,32,416679
mnist-784-euclidean,euclidean,mod-vamana,0.91,1.0,32,64,1101,784,1,1101,60000,60000,coverage_to_degree,90.0,,3.738,3.0,1,19,3.0,1,175,,,,,,,0.0,0.0,0.0,22.7967,100.0,7.2226,6.0,32,433359
mnist-784-euclidean,euclidean,mod-vamana,0.91,1.0,32,64,1101,784,1,1101,60000,60000,coverage_to_degree,90.5,,3.821,3.0,1,20,3.0,1,185,,,,,,,0.0,0.0,0.0,22.7967,100.0,7.2226,6.0,32,433359
mnist-784-euclidean,euclidean,mod-vamana,0.91,1.0,32,64,1101,784,1,1101,60000,60000,coverage_to_degree,91.0,,3.892,4.0,1,20,4.0,1,190,,,,,,,0.0,0.0,0.0,22.7967,100.0,7.2226,6.0,32,433359
mnist-784-euclidean,euclidean,mod-vamana,0.91,1.0,32,64,1101,784,1,1101,60000,60000,coverage_to_degree,91.5,,3.977,4.0,1,20,4.0,1,200,,,,,,,0.0,0.0,0.0,22.7967,100.0,7.2226,6.0,32,433359
mnist-784-euclidean,euclidean,mod-vamana,0.91,1.0,32,64,1101,784,1,1101,60000,60000,coverage_to_degree,92.0,,4.051,4.0,1,20,4.0,1,207,,,,,,,0.0,0.0,0.0,22.7967,100.0,7.2226,6.0,32,433359
mnist-784-euclidean,euclidean,mod-vamana,0.91,1.0,32,64,1101,784,1,1101,60000,60000,coverage_to_degree,92.5,,4.143,4.0,1,20,4.0,1,216,,,,,,,0.0,0.0,0.0,22.7967,100.0,7.2226,6.0,32,433359
mnist-784-euclidean,euclidean,mod-vamana,0.91,1.0,32,64,1101,784,1,1101,60000,60000,coverage_to_degree,93.0,,4.22,4.0,1,20,4.0,1,228,,,,,,,0.0,0.0,0.0,22.7967,100.0,7.2226,6.0,32,433359
mnist-784-euclidean,euclidean,mod-vamana,0.91,1.0,32,64,1101,784,1,1101,60000,60000,coverage_to_degree,93.5,,4.319,4.0,1,20,4.0,1,237,,,,,,,0.0,0.0,0.0,22.7967,100.0,7.2226,6.0,32,433359
mnist-784-euclidean,euclidean,mod-vamana,0.91,1.0,32,64,1101,784,1,1101,60000,60000,coverage_to_degree,94.0,,4.406,4.0,1,22,4.0,1,249,,,,,,,0.0,0.0,0.0,22.7967,100.0,7.2226,6.0,32,433359
mnist-784-euclidean,euclidean,mod-vamana,0.91,1.0,32,64,1101,784,1,1101,60000,60000,coverage_to_degree,94.5,,4.518,4.0,1,22,4.0,1,262,,,,,,,0.0,0.0,0.0,22.7967,100.0,7.2226,6.0,32,433359
mnist-784-euclidean,euclidean,mod-vamana,0.91,1.0,32,64,1101,784,1,1101,60000,60000,coverage_to_degree,95.0,,4.617,4.0,1,24,4.0,1,273,,,,,,,0.0,0.0,0.0,22.7967,100.0,7.2226,6.0,32,433359
mnist-784-euclidean,euclidean,mod-vamana,0.91,1.0,32,64,1101,784,1,1101,60000,60000,coverage_to_degree,95.5,,4.745,4.0,1,24,4.0,1,281,,,,,,,0.0,0.0,0.0,22.7967,100.0,7.2226,6.0,32,433359
mnist-784-euclidean,euclidean,mod-vamana,0.91,1.0,32,64,1101,784,1,1101,60000,60000,coverage_to_degree,96.0,,4.861,4.0,1,24,4.0,1,293,,,,,,,0.0,0.0,0.0,22.7967,100.0,7.2226,6.0,32,433359
mnist-784-euclidean,euclidean,mod-vamana,0.91,1.0,32,64,1101,784,1,1101,60000,60000,coverage_to_degree,96.5,,5.011,5.0,1,27,4.0,1,299,,,,,,,0.0,0.0,0.0,22.7967,100.0,7.2226,6.0,32,433359
mnist-784-euclidean,euclidean,mod-vamana,0.91,1.0,32,64,1101,784,1,1101,60000,60000,coverage_to_degree,97.0,,5.149,5.0,1,27,4.0,1,309,,,,,,,0.0,0.0,0.0,22.7967,100.0,7.2226,6.0,32,433359
mnist-784-euclidean,euclidean,mod-vamana,0.91,1.0,32,64,1101,784,1,1101,60000,60000,coverage_to_degree,97.5,,5.336,5.0,1,27,5.0,1,328,,,,,,,0.0,0.0,0.0,22.7967,100.0,7.2226,6.0,32,433359
mnist-784-euclidean,euclidean,mod-vamana,0.91,1.0,32,64,1101,784,1,1101,60000,60000,coverage_to_degree,98.0,,5.515,5.0,1,28,5.0,1,340,,,,,,,0.0,0.0,0.0,22.7967,100.0,7.2226,6.0,32,433359
mnist-784-euclidean,euclidean,mod-vamana,0.91,1.0,32,64,1101,784,1,1101,60000,60000,coverage_to_degree,98.5,,5.769,5.0,1,28,5.0,1,353,,,,,,,0.0,0.0,0.0,22.7967,100.0,7.2226,6.0,32,433359
mnist-784-euclidean,euclidean,mod-vamana,0.91,1.0,32,64,1101,784,1,1101,60000,60000,coverage_to_degree,99.0,,6.024,5.0,1,30,5.0,1,363,,,,,,,0.0,0.0,0.0,22.7967,100.0,7.2226,6.0,32,433359
mnist-784-euclidean,euclidean,mod-vamana,0.91,1.0,32,64,1101,784,1,1101,60000,60000,coverage_to_degree,99.5,,6.441,6.0,1,32,5.0,1,380,,,,,,,0.0,0.0,0.0,22.7967,100.0,7.2226,6.0,32,433359
mnist-784-euclidean,euclidean,mod-vamana,0.91,1.0,32,64,1101,784,1,1101,60000,60000,coverage_to_degree,100.0,,7.032,6.0,1,32,6.0,1,393,,,,,,,0.0,0.0,0.0,22.7967,100.0,7.2226,6.0,32,433359
mnist-784-euclidean,euclidean,mod-vamana,0.91,1.0,32,64,1101,784,1,1101,60000,60000,edge_to_coverage,,1,,,,,,,,32649.205,33515.0,54,60000,59967,59998,0.0,0.0,0.0,22.7967,100.0,7.2226,6.0,32,433359
mnist-784-euclidean,euclidean,mod-vamana,0.91,1.0,32,64,1101,784,1,1101,60000,60000,edge_to_coverage,,2,,,,,,,,45575.408,48610.0,1199,60000,59770,59980,0.0,0.0,0.0,22.7967,100.0,7.2226,6.0,32,433359
mnist-784-euclidean,euclidean,mod-vamana,0.91,1.0,32,64,1101,784,1,1101,60000,60000,edge_to_coverage,,3,,,,,,,,51514.503,54169.0,5831,60000,59273,59928,0.0,0.0,0.0,22.7967,100.0,7.2226,6.0,32,433359
mnist-784-euclidean,euclidean,mod-vamana,0.91,1.0,32,64,1101,784,1,1101,60000,60000,edge_to_coverage,,4,,,,,,,,54502.659,56131.0,7302,60000,58462,59840,0.0,0.0,0.0,22.7967,100.0,7.2226,6.0,32,433359
mnist-784-euclidean,euclidean,mod-vamana,0.91,1.0,32,64,1101,784,1,1101,60000,60000,edge_to_coverage,,5,,,,,,,,56054.628,57112.0,12643,60000,57281,59710,0.0,0.0,0.0,22.7967,100.0,7.2226,6.0,32,433359
mnist-784-euclidean,euclidean,mod-vamana,0.91,1.0,32,64,1101,784,1,1101,60000,60000,edge_to_coverage,,6,,,,,,,,56911.945,57657.0,13678,60000,55895,59517,0.0,0.0,0.0,22.7967,100.0,7.2226,6.0,32,433359
mnist-784-euclidean,euclidean,mod-vamana,0.91,1.0,32,64,1101,784,1,1101,60000,60000,edge_to_coverage,,7,,,,,,,,57389.244,58038.0,13678,60000,54485,59287,0.0,0.0,0.0,22.7967,100.0,7.2226,6.0,32,433359
mnist-784-euclidean,euclidean,mod-vamana,0.91,1.0,32,64,1101,784,1,1101,60000,60000,edge_to_coverage,,8,,,,,,,,57662.84,58256.0,13678,60000,53091,59013,0.0,0.0,0.0,22.7967,100.0,7.2226,6.0,32,433359
mnist-784-euclidean,euclidean,mod-vamana,0.91,1.0,32,64,1101,784,1,1101,60000,60000,edge_to_coverage,,9,,,,,,,,57826.2,58365.0,13678,60000,51849,58742,0.0,0.0,0.0,22.7967,100.0,7.2226,6.0,32,433359
mnist-784-euclidean,euclidean,mod-vamana,0.91,1.0,32,64,1101,784,1,1101,60000,60000,edge_to_coverage,,10,,,,,,,,57924.251,58474.0,13678,60000,50764,58479,0.0,0.0,0.0,22.7967,100.0,7.2226,6.0,32,433359
mnist-784-euclidean,euclidean,mod-vamana,0.91,1.0,32,64,1101,784,1,1101,60000,60000,edge_to_coverage,,11,,,,,,,,57986.341,58529.0,13678,60000,49866,58209,0.0,0.0,0.0,22.7967,100.0,7.2226,6.0,32,433359
mnist-784-euclidean,euclidean,mod-vamana,0.91,1.0,32,64,1101,784,1,1101,60000,60000,edge_to_coverage,,12,,,,,,,,58025.123,58583.0,13678,60000,49144,57997,0.0,0.0,0.0,22.7967,100.0,7.2226,6.0,32,433359
mnist-784-euclidean,euclidean,mod-vamana,0.91,1.0,32,64,1101,784,1,1101,60000,60000,edge_to_coverage,,13,,,,,,,,58050.103,58638.0,13678,60000,48585,57801,0.0,0.0,0.0,22.7967,100.0,7.2226,6.0,32,433359
mnist-784-euclidean,euclidean,mod-vamana,0.91,1.0,32,64,1101,784,1,1101,60000,60000,edge_to_coverage,,14,,,,,,,,58065.937,58638.0,13678,60000,48158,57610,0.0,0.0,0.0,22.7967,100.0,7.2226,6.0,32,433359
mnist-784-euclidean,euclidean,mod-vamana,0.91,1.0,32,64,1101,784,1,1101,60000,60000,edge_to_coverage,,15,,,,,,,,58076.739,58638.0,13678,60000,47827,57443,0.0,0.0,0.0,22.7967,100.0,7.2226,6.0,32,433359
mnist-784-euclidean,euclidean,mod-vamana,0.91,1.0,32,64,1101,784,1,1101,60000,60000,edge_to_coverage,,16,,,,,,,,58083.271,58692.0,13678,60000,47573,57293,0.0,0.0,0.0,22.7967,100.0,7.2226,6.0,32,433359
mnist-784-euclidean,euclidean,mod-vamana,0.91,1.0,32,64,1101,784,1,1101,60000,60000,edge_to_coverage,,17,,,,,,,,58088.301,58692.0,13678,60000,47376,57175,0.0,0.0,0.0,22.7967,100.0,7.2226,6.0,32,433359
mnist-784-euclidean,euclidean,mod-vamana,0.91,1.0,32,64,1101,784,1,1101,60000,60000,edge_to_coverage,,18,,,,,,,,58091.861,58692.0,13678,60000,47235,57080,0.0,0.0,0.0,22.7967,100.0,7.2226,6.0,32,433359
mnist-784-euclidean,euclidean,mod-vamana,0.91,1.0,32,64,1101,784,1,1101,60000,60000,edge_to_coverage,,19,,,,,,,,58094.03,58692.0,13678,60000,47155,57013,0.0,0.0,0.0,22.7967,100.0,7.2226,6.0,32,433359
mnist-784-euclidean,euclidean,mod-vamana,0.91,1.0,32,64,1101,784,1,1101,60000,60000,edge_to_coverage,,20,,,,,,,,58095.416,58692.0,13678,60000,47086,56943,0.0,0.0,0.0,22.7967,100.0,7.2226,6.0,32,433359
mnist-784-euclidean,euclidean,mod-vamana,0.91,1.0,32,64,1101,784,1,1101,60000,60000,edge_to_coverage,,21,,,,,,,,58096.435,58692.0,13678,60000,47034,56893,0.0,0.0,0.0,22.7967,100.0,7.2226,6.0,32,433359
mnist-784-euclidean,euclidean,mod-vamana,0.91,1.0,32,64,1101,784,1,1101,60000,60000,edge_to_coverage,,22,,,,,,,,58097.056,58692.0,13678,60000,47000,56856,0.0,0.0,0.0,22.7967,100.0,7.2226,6.0,32,433359
mnist-784-euclidean,euclidean,mod-vamana,0.91,1.0,32,64,1101,784,1,1101,60000,60000,edge_to_coverage,,23,,,,,,,,58097.486,58692.0,13678,60000,46970,56815,0.0,0.0,0.0,22.7967,100.0,7.2226,6.0,32,433359
mnist-784-euclidean,euclidean,mod-vamana,0.91,1.0,32,64,1101,784,1,1101,60000,60000,edge_to_coverage,,24,,,,,,,,58097.78,58692.0,13678,60000,46952,56784,0.0,0.0,0.0,22.7967,100.0,7.2226,6.0,32,433359
mnist-784-euclidean,euclidean,mod-vamana,0.91,1.0,32,64,1101,784,1,1101,60000,60000,edge_to_coverage,,25,,,,,,,,58098.07,58692.0,13678,60000,46928,56758,0.0,0.0,0.0,22.7967,100.0,7.2226,6.0,32,433359
mnist-784-euclidean,euclidean,mod-vamana,0.91,1.0,32,64,1101,784,1,1101,60000,60000,edge_to_coverage,,26,,,,,,,,58098.231,58692.0,13678,60000,46914,56735,0.0,0.0,0.0,22.7967,100.0,7.2226,6.0,32,433359
mnist-784-euclidean,euclidean,mod-vamana,0.91,1.0,32,64,1101,784,1,1101,60000,60000,edge_to_coverage,,27,,,,,,,,58098.392,58692.0,13678,60000,46904,56722,0.0,0.0,0.0,22.7967,100.0,7.2226,6.0,32,433359
mnist-784-euclidean,euclidean,mod-vamana,0.91,1.0,32,64,1101,784,1,1101,60000,60000,edge_to_coverage,,28,,,,,,,,58098.48,58692.0,13678,60000,46893,56717,0.0,0.0,0.0,22.7967,100.0,7.2226,6.0,32,433359
mnist-784-euclidean,euclidean,mod-vamana,0.91,1.0,32,64,1101,784,1,1101,60000,60000,edge_to_coverage,,29,,,,,,,,58098.529,58692.0,13678,60000,46890,56711,0.0,0.0,0.0,22.7967,100.0,7.2226,6.0,32,433359
mnist-784-euclidean,euclidean,mod-vamana,0.91,1.0,32,64,1101,784,1,1101,60000,60000,edge_to_coverage,,30,,,,,,,,58098.554,58692.0,13678,60000,46889,56706,0.0,0.0,0.0,22.7967,100.0,7.2226,6.0,32,433359
mnist-784-euclidean,euclidean,mod-vamana,0.91,1.0,32,64,1101,784,1,1101,60000,60000,edge_to_coverage,,31,,,,,,,,58098.561,58692.0,13678,60000,46889,56704,0.0,0.0,0.0,22.7967,100.0,7.2226,6.0,32,433359
mnist-784-euclidean,euclidean,mod-vamana,0.91,1.0,32,64,1101,784,1,1101,60000,60000,edge_to_coverage,,32,,,,,,,,58098.563,58692.0,13678,60000,46889,56703,0.0,0.0,0.0,22.7967,100.0,7.2226,6.0,32,433359
mnist-784-euclidean,euclidean,mod-vamana,0.92,1.0,32,64,1101,784,1,1101,60000,60000,coverage_to_degree,90.0,,3.75,3.0,1,20,3.0,1,181,,,,,,,0.0,0.0,0.0,22.7967,100.0,7.5427,6.0,32,452562
mnist-784-euclidean,euclidean,mod-vamana,0.92,1.0,32,64,1101,784,1,1101,60000,60000,coverage_to_degree,90.5,,3.838,3.0,1,20,4.0,1,191,,,,,,,0.0,0.0,0.0,22.7967,100.0,7.5427,6.0,32,452562
mnist-784-euclidean,euclidean,mod-vamana,0.92,1.0,32,64,1101,784,1,1101,60000,60000,coverage_to_degree,91.0,,3.915,4.0,1,20,4.0,1,203,,,,,,,0.0,0.0,0.0,22.7967,100.0,7.5427,6.0,32,452562
mnist-784-euclidean,euclidean,mod-vamana,0.92,1.0,32,64,1101,784,1,1101,60000,60000,coverage_to_degree,91.5,,4.01,4.0,1,20,4.0,1,214,,,,,,,0.0,0.0,0.0,22.7967,100.0,7.5427,6.0,32,452562
mnist-784-euclidean,euclidean,mod-vamana,0.92,1.0,32,64,1101,784,1,1101,60000,60000,coverage_to_degree,92.0,,4.091,4.0,1,20,4.0,1,216,,,,,,,0.0,0.0,0.0,22.7967,100.0,7.5427,6.0,32,452562
mnist-784-euclidean,euclidean,mod-vamana,0.92,1.0,32,64,1101,784,1,1101,60000,60000,coverage_to_degree,92.5,,4.192,4.0,1,20,4.0,1,227,,,,,,,0.0,0.0,0.0,22.7967,100.0,7.5427,6.0,32,452562
mnist-784-euclidean,euclidean,mod-vamana,0.92,1.0,32,64,1101,784,1,1101,60000,60000,coverage_to_degree,93.0,,4.276,4.0,1,20,4.0,1,234,,,,,,,0.0,0.0,0.0,22.7967,100.0,7.5427,6.0,32,452562
mnist-784-euclidean,euclidean,mod-vamana,0.92,1.0,32,64,1101,784,1,1101,60000,60000,coverage_to_degree,93.5,,4.384,4.0,1,21,4.0,1,245,,,,,,,0.0,0.0,0.0,22.7967,100.0,7.5427,6.0,32,452562
mnist-784-euclidean,euclidean,mod-vamana,0.92,1.0,32,64,1101,784,1,1101,60000,60000,coverage_to_degree,94.0,,4.477,4.0,1,21,4.0,1,258,,,,,,,0.0,0.0,0.0,22.7967,100.0,7.5427,6.0,32,452562
mnist-784-euclidean,euclidean,mod-vamana,0.92,1.0,32,64,1101,784,1,1101,60000,60000,coverage_to_degree,94.5,,4.596,4.0,1,21,4.0,1,275,,,,,,,0.0,0.0,0.0,22.7967,100.0,7.5427,6.0,32,452562
mnist-784-euclidean,euclidean,mod-vamana,0.92,1.0,32,64,1101,784,1,1101,60000,60000,coverage_to_degree,95.0,,4.703,4.0,1,22,4.0,1,285,,,,,,,0.0,0.0,0.0,22.7967,100.0,7.5427,6.0,32,452562
mnist-784-euclidean,euclidean,mod-vamana,0.92,1.0,32,64,1101,784,1,1101,60000,60000,coverage_to_degree,95.5,,4.841,4.0,1,24,4.0,1,295,,,,,,,0.0,0.0,0.0,22.7967,100.0,7.5427,6.0,32,452562
mnist-784-euclidean,euclidean,mod-vamana,0.92,1.0,32,64,1101,784,1,1101,60000,60000,coverage_to_degree,96.0,,4.964,5.0,1,24,4.0,1,305,,,,,,,0.0,0.0,0.0,22.7967,100.0,7.5427,6.0,32,452562
mnist-784-euclidean,euclidean,mod-vamana,0.92,1.0,32,64,1101,784,1,1101,60000,60000,coverage_to_degree,96.5,,5.126,5.0,1,24,4.0,1,311,,,,,,,0.0,0.0,0.0,22.7967,100.0,7.5427,6.0,32,452562
mnist-784-euclidean,euclidean,mod-vamana,0.92,1.0,32,64,1101,784,1,1101,60000,60000,coverage_to_degree,97.0,,5.274,5.0,1,27,5.0,1,321,,,,,,,0.0,0.0,0.0,22.7967,100.0,7.5427,6.0,32,452562
mnist-784-euclidean,euclidean,mod-vamana,0.92,1.0,32,64,1101,784,1,1101,60000,60000,coverage_to_degree,97.5,,5.473,5.0,1,27,5.0,1,336,,,,,,,0.0,0.0,0.0,22.7967,100.0,7.5427,6.0,32,452562
mnist-784-euclidean,euclidean,mod-vamana,0.92,1.0,32,64,1101,784,1,1101,60000,60000,coverage_to_degree,98.0,,5.666,5.0,1,27,5.0,1,351,,,,,,,0.0,0.0,0.0,22.7967,100.0,7.5427,6.0,32,452562
mnist-784-euclidean,euclidean,mod-vamana,0.92,1.0,32,64,1101,784,1,1101,60000,60000,coverage_to_degree,98.5,,5.941,5.0,1,27,5.0,1,363,,,,,,,0.0,0.0,0.0,22.7967,100.0,7.5427,6.0,32,452562
mnist-784-euclidean,euclidean,mod-vamana,0.92,1.0,32,64,1101,784,1,1101,60000,60000,coverage_to_degree,99.0,,6.221,6.0,1,31,5.0,1,375,,,,,,,0.0,0.0,0.0,22.7967,100.0,7.5427,6.0,32,452562
mnist-784-euclidean,euclidean,mod-vamana,0.92,1.0,32,64,1101,784,1,1101,60000,60000,coverage_to_degree,99.5,,6.675,6.0,1,32,6.0,1,397,,,,,,,0.0,0.0,0.0,22.7967,100.0,7.5427,6.0,32,452562
mnist-784-euclidean,euclidean,mod-vamana,0.92,1.0,32,64,1101,784,1,1101,60000,60000,coverage_to_degree,100.0,,7.328,6.0,1,32,6.0,1,429,,,,,,,0.0,0.0,0.0,22.7967,100.0,7.5427,6.0,32,452562
mnist-784-euclidean,euclidean,mod-vamana,0.92,1.0,32,64,1101,784,1,1101,60000,60000,edge_to_coverage,,1,,,,,,,,32646.727,33460.0,54,60000,59968,59998,0.0,0.0,0.0,22.7967,100.0,7.5427,6.0,32,452562
mnist-784-euclidean,euclidean,mod-vamana,0.92,1.0,32,64,1101,784,1,1101,60000,60000,edge_to_coverage,,2,,,,,,,,45582.814,48610.0,1199,60000,59763,59979,0.0,0.0,0.0,22.7967,100.0,7.5427,6.0,32,452562
mnist-784-euclidean,euclidean,mod-vamana,0.92,1.0,32,64,1101,784,1,1101,60000,60000,edge_to_coverage,,3,,,,,,,,51539.565,54169.0,5831,60000,59227,59930,0.0,0.0,0.0,22.7967,100.0,7.5427,6.0,32,452562
mnist-784-euclidean,euclidean,mod-vamana,0.92,1.0,32,64,1101,784,1,1101,60000,60000,edge_to_coverage,,4,,,,,,,,54561.955,56294.0,7302,60000,58384,59839,0.0,0.0,0.0,22.7967,100.0,7.5427,6.0,32,452562
mnist-784-euclidean,euclidean,mod-vamana,0.92,1.0,32,64,1101,784,1,1101,60000,60000,edge_to_coverage,,5,,,,,,,,56150.736,57275.0,12643,60000,57122,59698,0.0,0.0,0.0,22.7967,100.0,7.5427,6.0,32,452562
mnist-784-euclidean,euclidean,mod-vamana,0.92,1.0,32,64,1101,784,1,1101,60000,60000,edge_to_coverage,,6,,,,,,,,57036.207,57820.0,13678,60000,55673,59487,0.0,0.0,0.0,22.7967,100.0,7.5427,6.0,32,452562
mnist-784-euclidean,euclidean,mod-vamana,0.92,1.0,32,64,1101,784,1,1101,60000,60000,edge_to_coverage,,7,,,,,,,,57536.693,58147.0,13678,60000,54136,59241,0.0,0.0,0.0,22.7967,100.0,7.5427,6.0,32,452562
mnist-784-euclidean,euclidean,mod-vamana,0.92,1.0,32,64,1101,784,1,1101,60000,60000,edge_to_coverage,,8,,,,,,,,57825.218,58420.0,13678,60000,52633,58933,0.0,0.0,0.0,22.7967,100.0,7.5427,6.0,32,452562
mnist-784-euclidean,euclidean,mod-vamana,0.92,1.0,32,64,1101,784,1,1101,60000,60000,edge_to_coverage,,9,,,,,,,,57997.32,58529.0,13678,60000,51276,58633,0.0,0.0,0.0,22.7967,100.0,7.5427,6.0,32,452562
mnist-784-euclidean,euclidean,mod-vamana,0.92,1.0,32,64,1101,784,1,1101,60000,60000,edge_to_coverage,,10,,,,,,,,58104.383,58638.0,13678,60000,50048,58330,0.0,0.0,0.0,22.7967,100.0,7.5427,6.0,32,452562
mnist-784-euclidean,euclidean,mod-vamana,0.92,1.0,32,64,1101,784,1,1101,60000,60000,edge_to_coverage,,11,,,,,,,,58170.75,58692.0,13678,60000,49031,58051,0.0,0.0,0.0,22.7967,100.0,7.5427,6.0,32,452562
mnist-784-euclidean,euclidean,mod-vamana,0.92,1.0,32,64,1101,784,1,1101,60000,60000,edge_to_coverage,,12,,,,,,,,58211.222,58747.0,13678,60000,48274,57804,0.0,0.0,0.0,22.7967,100.0,7.5427,6.0,32,452562
mnist-784-euclidean,euclidean,mod-vamana,0.92,1.0,32,64,1101,784,1,1101,60000,60000,edge_to_coverage,,13,,,,,,,,58239.83,58801.0,13678,60000,47652,57583,0.0,0.0,0.0,22.7967,100.0,7.5427,6.0,32,452562
mnist-784-euclidean,euclidean,mod-vamana,0.92,1.0,32,64,1101,784,1,1101,60000,60000,edge_to_coverage,,14,,,,,,,,58256.943,58801.0,13678,60000,47169,57369,0.0,0.0,0.0,22.7967,100.0,7.5427,6.0,32,452562
mnist-784-euclidean,euclidean,mod-vamana,0.92,1.0,32,64,1101,784,1,1101,60000,60000,edge_to_coverage,,15,,,,,,,,58268.864,58801.0,13678,60000,46785,57195,0.0,0.0,0.0,22.7967,100.0,7.5427,6.0,32,452562
mnist-784-euclidean,euclidean,mod-vamana,0.92,1.0,32,64,1101,784,1,1101,60000,60000,edge_to_coverage,,16,,,,,,,,58276.126,58856.0,13678,60000,46517,57024,0.0,0.0,0.0,22.7967,100.0,7.5427,6.0,32,452562
mnist-784-euclidean,euclidean,mod-vamana,0.92,1.0,32,64,1101,784,1,1101,60000,60000,edge_to_coverage,,17,,,,,,,,58281.245,58856.0,13678,60000,46305,56882,0.0,0.0,0.0,22.7967,100.0,7.5427,6.0,32,452562
mnist-784-euclidean,euclidean,mod-vamana,0.92,1.0,32,64,1101,784,1,1101,60000,60000,edge_to_coverage,,18,,,,,,,,58285.016,58856.0,13678,60000,46132,56764,0.0,0.0,0.0,22.7967,100.0,7.5427,6.0,32,452562
mnist-784-euclidean,euclidean,mod-vamana,0.92,1.0,32,64,1101,784,1,1101,60000,60000,edge_to_coverage,,19,,,,,,,,58287.587,58856.0,13678,60000,46042,56694,0.0,0.0,0.0,22.7967,100.0,7.5427,6.0,32,452562
mnist-784-euclidean,euclidean,mod-vamana,0.92,1.0,32,64,1101,784,1,1101,60000,60000,edge_to_coverage,,20,,,,,,,,58289.35,58856.0,13678,60000,45959,56618,0.0,0.0,0.0,22.7967,100.0,7.5427,6.0,32,452562
mnist-784-euclidean,euclidean,mod-vamana,0.92,1.0,32,64,1101,784,1,1101,60000,60000,edge_to_coverage,,21,,,,,,,,58290.438,58856.0,13678,60000,45904,56557,0.0,0.0,0.0,22.7967,100.0,7.5427,6.0,32,452562
mnist-784-euclidean,euclidean,mod-vamana,0.92,1.0,32,64,1101,784,1,1101,60000,60000,edge_to_coverage,,22,,,,,,,,58291.219,58856.0,13678,60000,45854,56509,0.0,0.0,0.0,22.7967,100.0,7.5427,6.0,32,452562
mnist-784-euclidean,euclidean,mod-vamana,0.92,1.0,32,64,1101,784,1,1101,60000,60000,edge_to_coverage,,23,,,,,,,,58291.74,58856.0,13678,60000,45814,56473,0.0,0.0,0.0,22.7967,100.0,7.5427,6.0,32,452562
mnist-784-euclidean,euclidean,mod-vamana,0.92,1.0,32,64,1101,784,1,1101,60000,60000,edge_to_coverage,,24,,,,,,,,58292.107,58856.0,13678,60000,45791,56434,0.0,0.0,0.0,22.7967,100.0,7.5427,6.0,32,452562
mnist-784-euclidean,euclidean,mod-vamana,0.92,1.0,32,64,1101,784,1,1101,60000,60000,edge_to_coverage,,25,,,,,,,,58292.356,58856.0,13678,60000,45764,56407,0.0,0.0,0.0,22.7967,100.0,7.5427,6.0,32,452562
mnist-784-euclidean,euclidean,mod-vamana,0.92,1.0,32,64,1101,784,1,1101,60000,60000,edge_to_coverage,,26,,,,,,,,58292.559,58856.0,13678,60000,45751,56381,0.0,0.0,0.0,22.7967,100.0,7.5427,6.0,32,452562
mnist-784-euclidean,euclidean,mod-vamana,0.92,1.0,32,64,1101,784,1,1101,60000,60000,edge_to_coverage,,27,,,,,,,,58292.715,58856.0,13678,60000,45742,56367,0.0,0.0,0.0,22.7967,100.0,7.5427,6.0,32,452562
mnist-784-euclidean,euclidean,mod-vamana,0.92,1.0,32,64,1101,784,1,1101,60000,60000,edge_to_coverage,,28,,,,,,,,58292.793,58856.0,13678,60000,45735,56353,0.0,0.0,0.0,22.7967,100.0,7.5427,6.0,32,452562
mnist-784-euclidean,euclidean,mod-vamana,0.92,1.0,32,64,1101,784,1,1101,60000,60000,edge_to_coverage,,29,,,,,,,,58292.847,58856.0,13678,60000,45728,56347,0.0,0.0,0.0,22.7967,100.0,7.5427,6.0,32,452562
mnist-784-euclidean,euclidean,mod-vamana,0.92,1.0,32,64,1101,784,1,1101,60000,60000,edge_to_coverage,,30,,,,,,,,58292.869,58856.0,13678,60000,45726,56345,0.0,0.0,0.0,22.7967,100.0,7.5427,6.0,32,452562
mnist-784-euclidean,euclidean,mod-vamana,0.92,1.0,32,64,1101,784,1,1101,60000,60000,edge_to_coverage,,31,,,,,,,,58292.892,58856.0,13678,60000,45725,56341,0.0,0.0,0.0,22.7967,100.0,7.5427,6.0,32,452562
mnist-784-euclidean,euclidean,mod-vamana,0.92,1.0,32,64,1101,784,1,1101,60000,60000,edge_to_coverage,,32,,,,,,,,58292.902,58856.0,13678,60000,45724,56340,0.0,0.0,0.0,22.7967,100.0,7.5427,6.0,32,452562
mnist-784-euclidean,euclidean,mod-vamana,0.93,1.0,32,64,1101,784,1,1101,60000,60000,coverage_to_degree,90.0,,3.762,3.0,1,21,3.0,1,181,,,,,,,0.0,0.0,0.0,22.7967,100.0,7.8939,6.0,32,473636
mnist-784-euclidean,euclidean,mod-vamana,0.93,1.0,32,64,1101,784,1,1101,60000,60000,coverage_to_degree,90.5,,3.852,4.0,1,21,4.0,1,188,,,,,,,0.0,0.0,0.0,22.7967,100.0,7.8939,6.0,32,473636
mnist-784-euclidean,euclidean,mod-vamana,0.93,1.0,32,64,1101,784,1,1101,60000,60000,coverage_to_degree,91.0,,3.932,4.0,1,21,4.0,1,205,,,,,,,0.0,0.0,0.0,22.7967,100.0,7.8939,6.0,32,473636
mnist-784-euclidean,euclidean,mod-vamana,0.93,1.0,32,64,1101,784,1,1101,60000,60000,coverage_to_degree,91.5,,4.032,4.0,1,21,4.0,1,219,,,,,,,0.0,0.0,0.0,22.7967,100.0,7.8939,6.0,32,473636
mnist-784-euclidean,euclidean,mod-vamana,0.93,1.0,32,64,1101,784,1,1101,60000,60000,coverage_to_degree,92.0,,4.122,4.0,1,21,4.0,1,229,,,,,,,0.0,0.0,0.0,22.7967,100.0,7.8939,6.0,32,473636
mnist-784-euclidean,euclidean,mod-vamana,0.93,1.0,32,64,1101,784,1,1101,60000,60000,coverage_to_degree,92.5,,4.234,4.0,1,21,4.0,1,240,,,,,,,0.0,0.0,0.0,22.7967,100.0,7.8939,6.0,32,473636
mnist-784-euclidean,euclidean,mod-vamana,0.93,1.0,32,64,1101,784,1,1101,60000,60000,coverage_to_degree,93.0,,4.328,4.0,1,21,4.0,1,246,,,,,,,0.0,0.0,0.0,22.7967,100.0,7.8939,6.0,32,473636
mnist-784-euclidean,euclidean,mod-vamana,0.93,1.0,32,64,1101,784,1,1101,60000,60000,coverage_to_degree,93.5,,4.447,4.0,1,21,4.0,1,256,,,,,,,0.0,0.0,0.0,22.7967,100.0,7.8939,6.0,32,473636
mnist-784-euclidean,euclidean,mod-vamana,0.93,1.0,32,64,1101,784,1,1101,60000,60000,coverage_to_degree,94.0,,4.549,4.0,1,21,4.0,1,269,,,,,,,0.0,0.0,0.0,22.7967,100.0,7.8939,6.0,32,473636
mnist-784-euclidean,euclidean,mod-vamana,0.93,1.0,32,64,1101,784,1,1101,60000,60000,coverage_to_degree,94.5,,4.677,4.0,1,21,4.0,1,286,,,,,,,0.0,0.0,0.0,22.7967,100.0,7.8939,6.0,32,473636
mnist-784-euclidean,euclidean,mod-vamana,0.93,1.0,32,64,1101,784,1,1101,60000,60000,coverage_to_degree,95.0,,4.792,4.0,1,21,4.0,1,305,,,,,,,0.0,0.0,0.0,22.7967,100.0,7.8939,6.0,32,473636
mnist-784-euclidean,euclidean,mod-vamana,0.93,1.0,32,64,1101,784,1,1101,60000,60000,coverage_to_degree,95.5,,4.94,5.0,1,22,4.0,1,317,,,,,,,0.0,0.0,0.0,22.7967,100.0,7.8939,6.0,32,473636
mnist-784-euclidean,euclidean,mod-vamana,0.93,1.0,32,64,1101,784,1,1101,60000,60000,coverage_to_degree,96.0,,5.072,5.0,1,24,4.0,1,332,,,,,,,0.0,0.0,0.0,22.7967,100.0,7.8939,6.0,32,473636
mnist-784-euclidean,euclidean,mod-vamana,0.93,1.0,32,64,1101,784,1,1101,60000,60000,coverage_to_degree,96.5,,5.246,5.0,1,28,5.0,1,341,,,,,,,0.0,0.0,0.0,22.7967,100.0,7.8939,6.0,32,473636
mnist-784-euclidean,euclidean,mod-vamana,0.93,1.0,32,64,1101,784,1,1101,60000,60000,coverage_to_degree,97.0,,5.406,5.0,1,28,5.0,1,354,,,,,,,0.0,0.0,0.0,22.7967,100.0,7.8939,6.0,32,473636
mnist-784-euclidean,euclidean,mod-vamana,0.93,1.0,32,64,1101,784,1,1101,60000,60000,coverage_to_degree,97.5,,5.622,5.0,1,28,5.0,1,368,,,,,,,0.0,0.0,0.0,22.7967,100.0,7.8939,6.0,32,473636
mnist-784-euclidean,euclidean,mod-vamana,0.93,1.0,32,64,1101,784,1,1101,60000,60000,coverage_to_degree,98.0,,5.83,5.0,1,29,5.0,1,382,,,,,,,0.0,0.0,0.0,22.7967,100.0,7.8939,6.0,32,473636
mnist-784-euclidean,euclidean,mod-vamana,0.93,1.0,32,64,1101,784,1,1101,60000,60000,coverage_to_degree,98.5,,6.128,6.0,1,29,5.0,1,398,,,,,,,0.0,0.0,0.0,22.7967,100.0,7.8939,6.0,32,473636
mnist-784-euclidean,euclidean,mod-vamana,0.93,1.0,32,64,1101,784,1,1101,60000,60000,coverage_to_degree,99.0,,6.433,6.0,1,31,5.0,1,414,,,,,,,0.0,0.0,0.0,22.7967,100.0,7.8939,6.0,32,473636
mnist-784-euclidean,euclidean,mod-vamana,0.93,1.0,32,64,1101,784,1,1101,60000,60000,coverage_to_degree,99.5,,6.931,6.0,1,32,6.0,1,436,,,,,,,0.0,0.0,0.0,22.7967,100.0,7.8939,6.0,32,473636
mnist-784-euclidean,euclidean,mod-vamana,0.93,1.0,32,64,1101,784,1,1101,60000,60000,coverage_to_degree,100.0,,7.654,6.0,1,32,6.0,1,471,,,,,,,0.0,0.0,0.0,22.7967,100.0,7.8939,6.0,32,473636
mnist-784-euclidean,euclidean,mod-vamana,0.93,1.0,32,64,1101,784,1,1101,60000,60000,edge_to_coverage,,1,,,,,,,,32627.32,33460.0,54,60000,59967,59998,0.0,0.0,0.0,22.7967,100.0,7.8939,6.0,32,473636
mnist-784-euclidean,euclidean,mod-vamana,0.93,1.0,32,64,1101,784,1,1101,60000,60000,edge_to_coverage,,2,,,,,,,,45572.853,48556.0,1199,60000,59747,59977,0.0,0.0,0.0,22.7967,100.0,7.8939,6.0,32,473636
mnist-784-euclidean,euclidean,mod-vamana,0.93,1.0,32,64,1101,784,1,1101,60000,60000,edge_to_coverage,,3,,,,,,,,51554.46,54169.0,6649,60000,59184,59922,0.0,0.0,0.0,22.7967,100.0,7.8939,6.0,32,473636
mnist-784-euclidean,euclidean,mod-vamana,0.93,1.0,32,64,1101,784,1,1101,60000,60000,edge_to_coverage,,4,,,,,,,,54602.723,56403.0,7302,60000,58293,59824,0.0,0.0,0.0,22.7967,100.0,7.8939,6.0,32,473636
mnist-784-euclidean,euclidean,mod-vamana,0.93,1.0,32,64,1101,784,1,1101,60000,60000,edge_to_coverage,,5,,,,,,,,56230.946,57384.0,12643,60000,56979,59679,0.0,0.0,0.0,22.7967,100.0,7.8939,6.0,32,473636
mnist-784-euclidean,euclidean,mod-vamana,0.93,1.0,32,64,1101,784,1,1101,60000,60000,edge_to_coverage,,6,,,,,,,,57146.337,57984.0,13678,60000,55405,59461,0.0,0.0,0.0,22.7967,100.0,7.8939,6.0,32,473636
mnist-784-euclidean,euclidean,mod-vamana,0.93,1.0,32,64,1101,784,1,1101,60000,60000,edge_to_coverage,,7,,,,,,,,57671.263,58311.0,13678,60000,53757,59197,0.0,0.0,0.0,22.7967,100.0,7.8939,6.0,32,473636
mnist-784-euclidean,euclidean,mod-vamana,0.93,1.0,32,64,1101,784,1,1101,60000,60000,edge_to_coverage,,8,,,,,,,,57975.026,58529.0,13678,60000,52103,58858,0.0,0.0,0.0,22.7967,100.0,7.8939,6.0,32,473636
mnist-784-euclidean,euclidean,mod-vamana,0.93,1.0,32,64,1101,784,1,1101,60000,60000,edge_to_coverage,,9,,,,,,,,58158.948,58692.0,13678,60000,50598,58555,0.0,0.0,0.0,22.7967,100.0,7.8939,6.0,32,473636
mnist-784-euclidean,euclidean,mod-vamana,0.93,1.0,32,64,1101,784,1,1101,60000,60000,edge_to_coverage,,10,,,,,,,,58274.414,58801.0,13678,60000,49292,58210,0.0,0.0,0.0,22.7967,100.0,7.8939,6.0,32,473636
mnist-784-euclidean,euclidean,mod-vamana,0.93,1.0,32,64,1101,784,1,1101,60000,60000,edge_to_coverage,,11,,,,,,,,58344.616,58856.0,13678,60000,48201,57915,0.0,0.0,0.0,22.7967,100.0,7.8939,6.0,32,473636
mnist-784-euclidean,euclidean,mod-vamana,0.93,1.0,32,64,1101,784,1,1101,60000,60000,edge_to_coverage,,12,,,,,,,,58389.892,58910.0,13678,60000,47320,57639,0.0,0.0,0.0,22.7967,100.0,7.8939,6.0,32,473636
mnist-784-euclidean,euclidean,mod-vamana,0.93,1.0,32,64,1101,784,1,1101,60000,60000,edge_to_coverage,,13,,,,,,,,58420.421,58910.0,13678,60000,46608,57385,0.0,0.0,0.0,22.7967,100.0,7.8939,6.0,32,473636
mnist-784-euclidean,euclidean,mod-vamana,0.93,1.0,32,64,1101,784,1,1101,60000,60000,edge_to_coverage,,14,,,,,,,,58438.948,58965.0,13678,60000,46065,57160,0.0,0.0,0.0,22.7967,100.0,7.8939,6.0,32,473636
mnist-784-euclidean,euclidean,mod-vamana,0.93,1.0,32,64,1101,784,1,1101,60000,60000,edge_to_coverage,,15,,,,,,,,58452.126,58965.0,13678,60000,45648,56957,0.0,0.0,0.0,22.7967,100.0,7.8939,6.0,32,473636
mnist-784-euclidean,euclidean,mod-vamana,0.93,1.0,32,64,1101,784,1,1101,60000,60000,edge_to_coverage,,16,,,,,,,,58460.62,58965.0,13678,60000,45335,56781,0.0,0.0,0.0,22.7967,100.0,7.8939,6.0,32,473636
mnist-784-euclidean,euclidean,mod-vamana,0.93,1.0,32,64,1101,784,1,1101,60000,60000,edge_to_coverage,,17,,,,,,,,58466.741,58965.0,13678,60000,45106,56615,0.0,0.0,0.0,22.7967,100.0,7.8939,6.0,32,473636
mnist-784-euclidean,euclidean,mod-vamana,0.93,1.0,32,64,1101,784,1,1101,60000,60000,edge_to_coverage,,18,,,,,,,,58470.609,59019.0,13678,60000,44918,56467,0.0,0.0,0.0,22.7967,100.0,7.8939,6.0,32,473636
mnist-784-euclidean,euclidean,mod-vamana,0.93,1.0,32,64,1101,784,1,1101,60000,60000,edge_to_coverage,,19,,,,,,,,58473.703,59019.0,13678,60000,44801,56365,0.0,0.0,0.0,22.7967,100.0,7.8939,6.0,32,473636
mnist-784-euclidean,euclidean,mod-vamana,0.93,1.0,32,64,1101,784,1,1101,60000,60000,edge_to_coverage,,20,,,,,,,,58475.741,59019.0,13678,60000,44705,56283,0.0,0.0,0.0,22.7967,100.0,7.8939,6.0,32,473636
mnist-784-euclidean,euclidean,mod-vamana,0.93,1.0,32,64,1101,784,1,1101,60000,60000,edge_to_coverage,,21,,,,,,,,58477.066,59019.0,13678,60000,44655,56202,0.0,0.0,0.0,22.7967,100.0,7.8939,6.0,32,473636
mnist-784-euclidean,euclidean,mod-vamana,0.93,1.0,32,64,1101,784,1,1101,60000,60000,edge_to_coverage,,22,,,,,,,,58477.951,59019.0,13678,60000,44600,56153,0.0,0.0,0.0,22.7967,100.0,7.8939,6.0,32,473636
mnist-784-euclidean,euclidean,mod-vamana,0.93,1.0,32,64,1101,784,1,1101,60000,60000,edge_to_coverage,,23,,,,,,,,58478.569,59019.0,13678,60000,44554,56117,0.0,0.0,0.0,22.7967,100.0,7.8939,6.0,32,473636
mnist-784-euclidean,euclidean,mod-vamana,0.93,1.0,32,64,1101,784,1,1101,60000,60000,edge_to_coverage,,24,,,,,,,,58479.02,59019.0,13678,60000,44517,56070,0.0,0.0,0.0,22.7967,100.0,7.8939,6.0,32,473636
mnist-784-euclidean,euclidean,mod-vamana,0.93,1.0,32,64,1101,784,1,1101,60000,60000,edge_to_coverage,,25,,,,,,,,58479.274,59019.0,13678,60000,44496,56032,0.0,0.0,0.0,22.7967,100.0,7.8939,6.0,32,473636
mnist-784-euclidean,euclidean,mod-vamana,0.93,1.0,32,64,1101,784,1,1101,60000,60000,edge_to_coverage,,26,,,,,,,,58479.537,59019.0,13678,60000,44483,56010,0.0,0.0,0.0,22.7967,100.0,7.8939,6.0,32,473636
mnist-784-euclidean,euclidean,mod-vamana,0.93,1.0,32,64,1101,784,1,1101,60000,60000,edge_to_coverage,,27,,,,,,,,58479.697,59019.0,13678,60000,44470,55996,0.0,0.0,0.0,22.7967,100.0,7.8939,6.0,32,473636
mnist-784-euclidean,euclidean,mod-vamana,0.93,1.0,32,64,1101,784,1,1101,60000,60000,edge_to_coverage,,28,,,,,,,,58479.844,59019.0,13678,60000,44462,55979,0.0,0.0,0.0,22.7967,100.0,7.8939,6.0,32,473636
mnist-784-euclidean,euclidean,mod-vamana,0.93,1.0,32,64,1101,784,1,1101,60000,60000,edge_to_coverage,,29,,,,,,,,58479.948,59019.0,13678,60000,44454,55975,0.0,0.0,0.0,22.7967,100.0,7.8939,6.0,32,473636
mnist-784-euclidean,euclidean,mod-vamana,0.93,1.0,32,64,1101,784,1,1101,60000,60000,edge_to_coverage,,30,,,,,,,,58479.978,59019.0,13678,60000,44451,55971,0.0,0.0,0.0,22.7967,100.0,7.8939,6.0,32,473636
mnist-784-euclidean,euclidean,mod-vamana,0.93,1.0,32,64,1101,784,1,1101,60000,60000,edge_to_coverage,,31,,,,,,,,58480.002,59019.0,13678,60000,44450,55966,0.0,0.0,0.0,22.7967,100.0,7.8939,6.0,32,473636
mnist-784-euclidean,euclidean,mod-vamana,0.93,1.0,32,64,1101,784,1,1101,60000,60000,edge_to_coverage,,32,,,,,,,,58480.01,59019.0,13678,60000,44449,55963,0.0,0.0,0.0,22.7967,100.0,7.8939,6.0,32,473636
mnist-784-euclidean,euclidean,mod-vamana,0.94,1.0,32,64,1101,784,1,1101,60000,60000,coverage_to_degree,90.0,,3.767,3.0,1,23,4.0,1,174,,,,,,,0.0,0.0,0.0,43.87,100.0,8.3115,7.0,32,498689
mnist-784-euclidean,euclidean,mod-vamana,0.94,1.0,32,64,1101,784,1,1101,60000,60000,coverage_to_degree,90.5,,3.857,4.0,1,23,4.0,1,183,,,,,,,0.0,0.0,0.0,43.87,100.0,8.3115,7.0,32,498689
mnist-784-euclidean,euclidean,mod-vamana,0.94,1.0,32,64,1101,784,1,1101,60000,60000,coverage_to_degree,91.0,,3.938,4.0,1,23,4.0,1,196,,,,,,,0.0,0.0,0.0,43.87,100.0,8.3115,7.0,32,498689
mnist-784-euclidean,euclidean,mod-vamana,0.94,1.0,32,64,1101,784,1,1101,60000,60000,coverage_to_degree,91.5,,4.041,4.0,1,23,4.0,1,203,,,,,,,0.0,0.0,0.0,43.87,100.0,8.3115,7.0,32,498689
mnist-784-euclidean,euclidean,mod-vamana,0.94,1.0,32,64,1101,784,1,1101,60000,60000,coverage_to_degree,92.0,,4.135,4.0,1,23,4.0,1,215,,,,,,,0.0,0.0,0.0,43.87,100.0,8.3115,7.0,32,498689
mnist-784-euclidean,euclidean,mod-vamana,0.94,1.0,32,64,1101,784,1,1101,60000,60000,coverage_to_degree,92.5,,4.254,4.0,1,23,4.0,1,227,,,,,,,0.0,0.0,0.0,43.87,100.0,8.3115,7.0,32,498689
mnist-784-euclidean,euclidean,mod-vamana,0.94,1.0,32,64,1101,784,1,1101,60000,60000,coverage_to_degree,93.0,,4.358,4.0,1,23,4.0,1,241,,,,,,,0.0,0.0,0.0,43.87,100.0,8.3115,7.0,32,498689
mnist-784-euclidean,euclidean,mod-vamana,0.94,1.0,32,64,1101,784,1,1101,60000,60000,coverage_to_degree,93.5,,4.491,4.0,1,23,4.0,1,252,,,,,,,0.0,0.0,0.0,43.87,100.0,8.3115,7.0,32,498689
mnist-784-euclidean,euclidean,mod-vamana,0.94,1.0,32,64,1101,784,1,1101,60000,60000,coverage_to_degree,94.0,,4.604,4.0,1,23,4.0,1,269,,,,,,,0.0,0.0,0.0,43.87,100.0,8.3115,7.0,32,498689
mnist-784-euclidean,euclidean,mod-vamana,0.94,1.0,32,64,1101,784,1,1101,60000,60000,coverage_to_degree,94.5,,4.747,4.0,1,23,4.0,1,285,,,,,,,0.0,0.0,0.0,43.87,100.0,8.3115,7.0,32,498689
mnist-784-euclidean,euclidean,mod-vamana,0.94,1.0,32,64,1101,784,1,1101,60000,60000,coverage_to_degree,95.0,,4.873,4.0,1,23,4.0,1,307,,,,,,,0.0,0.0,0.0,43.87,100.0,8.3115,7.0,32,498689
mnist-784-euclidean,euclidean,mod-vamana,0.94,1.0,32,64,1101,784,1,1101,60000,60000,coverage_to_degree,95.5,,5.035,5.0,1,23,4.0,1,318,,,,,,,0.0,0.0,0.0,43.87,100.0,8.3115,7.0,32,498689
mnist-784-euclidean,euclidean,mod-vamana,0.94,1.0,32,64,1101,784,1,1101,60000,60000,coverage_to_degree,96.0,,5.179,5.0,1,23,5.0,1,337,,,,,,,0.0,0.0,0.0,43.87,100.0,8.3115,7.0,32,498689
mnist-784-euclidean,euclidean,mod-vamana,0.94,1.0,32,64,1101,784,1,1101,60000,60000,coverage_to_degree,96.5,,5.367,5.0,1,23,5.0,1,344,,,,,,,0.0,0.0,0.0,43.87,100.0,8.3115,7.0,32,498689
mnist-784-euclidean,euclidean,mod-vamana,0.94,1.0,32,64,1101,784,1,1101,60000,60000,coverage_to_degree,97.0,,5.541,5.0,1,26,5.0,1,362,,,,,,,0.0,0.0,0.0,43.87,100.0,8.3115,7.0,32,498689
mnist-784-euclidean,euclidean,mod-vamana,0.94,1.0,32,64,1101,784,1,1101,60000,60000,coverage_to_degree,97.5,,5.775,5.0,1,27,5.0,1,376,,,,,,,0.0,0.0,0.0,43.87,100.0,8.3115,7.0,32,498689
mnist-784-euclidean,euclidean,mod-vamana,0.94,1.0,32,64,1101,784,1,1101,60000,60000,coverage_to_degree,98.0,,6.002,5.0,1,28,5.0,1,395,,,,,,,0.0,0.0,0.0,43.87,100.0,8.3115,7.0,32,498689
mnist-784-euclidean,euclidean,mod-vamana,0.94,1.0,32,64,1101,784,1,1101,60000,60000,coverage_to_degree,98.5,,6.329,6.0,1,31,5.0,1,415,,,,,,,0.0,0.0,0.0,43.87,100.0,8.3115,7.0,32,498689
mnist-784-euclidean,euclidean,mod-vamana,0.94,1.0,32,64,1101,784,1,1101,60000,60000,coverage_to_degree,99.0,,6.667,6.0,1,31,6.0,1,429,,,,,,,0.0,0.0,0.0,43.87,100.0,8.3115,7.0,32,498689
mnist-784-euclidean,euclidean,mod-vamana,0.94,1.0,32,64,1101,784,1,1101,60000,60000,coverage_to_degree,99.5,,7.221,6.0,1,32,6.0,1,462,,,,,,,0.0,0.0,0.0,43.87,100.0,8.3115,7.0,32,498689
mnist-784-euclidean,euclidean,mod-vamana,0.94,1.0,32,64,1101,784,1,1101,60000,60000,coverage_to_degree,100.0,,8.035,7.0,1,32,7.0,1,504,,,,,,,0.0,0.0,0.0,43.87,100.0,8.3115,7.0,32,498689
mnist-784-euclidean,euclidean,mod-vamana,0.94,1.0,32,64,1101,784,1,1101,60000,60000,edge_to_coverage,,1,,,,,,,,32622.978,33460.0,54,60000,59966,59998,0.0,0.0,0.0,43.87,100.0,8.3115,7.0,32,498689
mnist-784-euclidean,euclidean,mod-vamana,0.94,1.0,32,64,1101,784,1,1101,60000,60000,edge_to_coverage,,2,,,,,,,,45569.268,48556.0,1199,60000,59740,59978,0.0,0.0,0.0,43.87,100.0,8.3115,7.0,32,498689
mnist-784-euclidean,euclidean,mod-vamana,0.94,1.0,32,64,1101,784,1,1101,60000,60000,edge_to_coverage,,3,,,,,,,,51578.379,54169.0,6322,60000,59149,59912,0.0,0.0,0.0,43.87,100.0,8.3115,7.0,32,498689
mnist-784-euclidean,euclidean,mod-vamana,0.94,1.0,32,64,1101,784,1,1101,60000,60000,edge_to_coverage,,4,,,,,,,,54648.426,56567.0,7302,60000,58175,59804,0.0,0.0,0.0,43.87,100.0,8.3115,7.0,32,498689
mnist-784-euclidean,euclidean,mod-vamana,0.94,1.0,32,64,1101,784,1,1101,60000,60000,edge_to_coverage,,5,,,,,,,,56313.254,57548.0,12643,60000,56751,59639,0.0,0.0,0.0,43.87,100.0,8.3115,7.0,32,498689
mnist-784-euclidean,euclidean,mod-vamana,0.94,1.0,32,64,1101,784,1,1101,60000,60000,edge_to_coverage,,6,,,,,,,,57251.974,58093.0,15967,60000,55072,59403,0.0,0.0,0.0,43.87,100.0,8.3115,7.0,32,498689
mnist-784-euclidean,euclidean,mod-vamana,0.94,1.0,32,64,1101,784,1,1101,60000,60000,edge_to_coverage,,7,,,,,,,,57800.548,58474.0,20981,60000,53255,59124,0.0,0.0,0.0,43.87,100.0,8.3115,7.0,32,498689
mnist-784-euclidean,euclidean,mod-vamana,0.94,1.0,32,64,1101,784,1,1101,60000,60000,edge_to_coverage,,8,,,,,,,,58119.867,58638.0,25559,60000,51436,58757,0.0,0.0,0.0,43.87,100.0,8.3115,7.0,32,498689
mnist-784-euclidean,euclidean,mod-vamana,0.94,1.0,32,64,1101,784,1,1101,60000,60000,edge_to_coverage,,9,,,,,,,,58318.693,58801.0,25559,60000,49829,58403,0.0,0.0,0.0,43.87,100.0,8.3115,7.0,32,498689
mnist-784-euclidean,euclidean,mod-vamana,0.94,1.0,32,64,1101,784,1,1101,60000,60000,edge_to_coverage,,10,,,,,,,,58440.251,58910.0,26322,60000,48370,58043,0.0,0.0,0.0,43.87,100.0,8.3115,7.0,32,498689
mnist-784-euclidean,euclidean,mod-vamana,0.94,1.0,32,64,1101,784,1,1101,60000,60000,edge_to_coverage,,11,,,,,,,,58518.009,58965.0,26322,60000,47148,57684,0.0,0.0,0.0,43.87,100.0,8.3115,7.0,32,498689
mnist-784-euclidean,euclidean,mod-vamana,0.94,1.0,32,64,1101,784,1,1101,60000,60000,edge_to_coverage,,12,,,,,,,,58567.345,59019.0,26322,60000,46162,57397,0.0,0.0,0.0,43.87,100.0,8.3115,7.0,32,498689
mnist-784-euclidean,euclidean,mod-vamana,0.94,1.0,32,64,1101,784,1,1101,60000,60000,edge_to_coverage,,13,,,,,,,,58600.204,59074.0,26322,60000,45385,57121,0.0,0.0,0.0,43.87,100.0,8.3115,7.0,32,498689
mnist-784-euclidean,euclidean,mod-vamana,0.94,1.0,32,64,1101,784,1,1101,60000,60000,edge_to_coverage,,14,,,,,,,,58621.35,59074.0,26322,60000,44734,56874,0.0,0.0,0.0,43.87,100.0,8.3115,7.0,32,498689
mnist-784-euclidean,euclidean,mod-vamana,0.94,1.0,32,64,1101,784,1,1101,60000,60000,edge_to_coverage,,15,,,,,,,,58636.364,59128.0,26322,60000,44267,56640,0.0,0.0,0.0,43.87,100.0,8.3115,7.0,32,498689
mnist-784-euclidean,euclidean,mod-vamana,0.94,1.0,32,64,1101,784,1,1101,60000,60000,edge_to_coverage,,16,,,,,,,,58645.671,59128.0,26322,60000,43901,56415,0.0,0.0,0.0,43.87,100.0,8.3115,7.0,32,498689
mnist-784-euclidean,euclidean,mod-vamana,0.94,1.0,32,64,1101,784,1,1101,60000,60000,edge_to_coverage,,17,,,,,,,,58652.452,59128.0,26322,60000,43629,56243,0.0,0.0,0.0,43.87,100.0,8.3115,7.0,32,498689
mnist-784-euclidean,euclidean,mod-vamana,0.94,1.0,32,64,1101,784,1,1101,60000,60000,edge_to_coverage,,18,,,,,,,,58657.201,59128.0,26322,60000,43434,56066,0.0,0.0,0.0,43.87,100.0,8.3115,7.0,32,498689
mnist-784-euclidean,euclidean,mod-vamana,0.94,1.0,32,64,1101,784,1,1101,60000,60000,edge_to_coverage,,19,,,,,,,,58660.651,59128.0,26322,60000,43282,55944,0.0,0.0,0.0,43.87,100.0,8.3115,7.0,32,498689
mnist-784-euclidean,euclidean,mod-vamana,0.94,1.0,32,64,1101,784,1,1101,60000,60000,edge_to_coverage,,20,,,,,,,,58663.01,59128.0,26322,60000,43157,55839,0.0,0.0,0.0,43.87,100.0,8.3115,7.0,32,498689
mnist-784-euclidean,euclidean,mod-vamana,0.94,1.0,32,64,1101,784,1,1101,60000,60000,edge_to_coverage,,21,,,,,,,,58664.437,59128.0,26322,60000,43085,55751,0.0,0.0,0.0,43.87,100.0,8.3115,7.0,32,498689
mnist-784-euclidean,euclidean,mod-vamana,0.94,1.0,32,64,1101,784,1,1101,60000,60000,edge_to_coverage,,22,,,,,,,,58665.629,59128.0,26322,60000,43030,55677,0.0,0.0,0.0,43.87,100.0,8.3115,7.0,32,498689
mnist-784-euclidean,euclidean,mod-vamana,0.94,1.0,32,64,1101,784,1,1101,60000,60000,edge_to_coverage,,23,,,,,,,,58666.451,59128.0,26322,60000,42971,55633,0.0,0.0,0.0,43.87,100.0,8.3115,7.0,32,498689
mnist-784-euclidean,euclidean,mod-vamana,0.94,1.0,32,64,1101,784,1,1101,60000,60000,edge_to_coverage,,24,,,,,,,,58666.991,59128.0,26322,60000,42929,55592,0.0,0.0,0.0,43.87,100.0,8.3115,7.0,32,498689
mnist-784-euclidean,euclidean,mod-vamana,0.94,1.0,32,64,1101,784,1,1101,60000,60000,edge_to_coverage,,25,,,,,,,,58667.353,59128.0,26322,60000,42906,55551,0.0,0.0,0.0,43.87,100.0,8.3115,7.0,32,498689
mnist-784-euclidean,euclidean,mod-vamana,0.94,1.0,32,64,1101,784,1,1101,60000,60000,edge_to_coverage,,26,,,,,,,,58667.602,59128.0,26322,60000,42886,55522,0.0,0.0,0.0,43.87,100.0,8.3115,7.0,32,498689
mnist-784-euclidean,euclidean,mod-vamana,0.94,1.0,32,64,1101,784,1,1101,60000,60000,edge_to_coverage,,27,,,,,,,,58667.827,59128.0,26322,60000,42872,55498,0.0,0.0,0.0,43.87,100.0,8.3115,7.0,32,498689
mnist-784-euclidean,euclidean,mod-vamana,0.94,1.0,32,64,1101,784,1,1101,60000,60000,edge_to_coverage,,28,,,,,,,,58667.965,59128.0,26322,60000,42859,55475,0.0,0.0,0.0,43.87,100.0,8.3115,7.0,32,498689
mnist-784-euclidean,euclidean,mod-vamana,0.94,1.0,32,64,1101,784,1,1101,60000,60000,edge_to_coverage,,29,,,,,,,,58668.062,59128.0,26322,60000,42852,55462,0.0,0.0,0.0,43.87,100.0,8.3115,7.0,32,498689
mnist-784-euclidean,euclidean,mod-vamana,0.94,1.0,32,64,1101,784,1,1101,60000,60000,edge_to_coverage,,30,,,,,,,,58668.102,59128.0,26322,60000,42851,55457,0.0,0.0,0.0,43.87,100.0,8.3115,7.0,32,498689
mnist-784-euclidean,euclidean,mod-vamana,0.94,1.0,32,64,1101,784,1,1101,60000,60000,edge_to_coverage,,31,,,,,,,,58668.134,59128.0,26322,60000,42850,55452,0.0,0.0,0.0,43.87,100.0,8.3115,7.0,32,498689
mnist-784-euclidean,euclidean,mod-vamana,0.94,1.0,32,64,1101,784,1,1101,60000,60000,edge_to_coverage,,32,,,,,,,,58668.152,59128.0,26322,60000,42849,55448,0.0,0.0,0.0,43.87,100.0,8.3115,7.0,32,498689
mnist-784-euclidean,euclidean,mod-vamana,0.95,1.0,32,64,1101,784,1,1101,60000,60000,coverage_to_degree,90.0,,3.776,3.0,1,20,4.0,1,170,,,,,,,0.0,0.0,0.0,43.87,100.0,8.7914,7.0,32,527483
mnist-784-euclidean,euclidean,mod-vamana,0.95,1.0,32,64,1101,784,1,1101,60000,60000,coverage_to_degree,90.5,,3.866,4.0,1,20,4.0,1,178,,,,,,,0.0,0.0,0.0,43.87,100.0,8.7914,7.0,32,527483
mnist-784-euclidean,euclidean,mod-vamana,0.95,1.0,32,64,1101,784,1,1101,60000,60000,coverage_to_degree,91.0,,3.948,4.0,1,22,4.0,1,192,,,,,,,0.0,0.0,0.0,43.87,100.0,8.7914,7.0,32,527483
mnist-784-euclidean,euclidean,mod-vamana,0.95,1.0,32,64,1101,784,1,1101,60000,60000,coverage_to_degree,91.5,,4.051,4.0,1,22,4.0,1,203,,,,,,,0.0,0.0,0.0,43.87,100.0,8.7914,7.0,32,527483
mnist-784-euclidean,euclidean,mod-vamana,0.95,1.0,32,64,1101,784,1,1101,60000,60000,coverage_to_degree,92.0,,4.146,4.0,1,22,4.0,1,211,,,,,,,0.0,0.0,0.0,43.87,100.0,8.7914,7.0,32,527483
mnist-784-euclidean,euclidean,mod-vamana,0.95,1.0,32,64,1101,784,1,1101,60000,60000,coverage_to_degree,92.5,,4.268,4.0,1,22,4.0,1,223,,,,,,,0.0,0.0,0.0,43.87,100.0,8.7914,7.0,32,527483
mnist-784-euclidean,euclidean,mod-vamana,0.95,1.0,32,64,1101,784,1,1101,60000,60000,coverage_to_degree,93.0,,4.375,4.0,1,22,4.0,1,238,,,,,,,0.0,0.0,0.0,43.87,100.0,8.7914,7.0,32,527483
mnist-784-euclidean,euclidean,mod-vamana,0.95,1.0,32,64,1101,784,1,1101,60000,60000,coverage_to_degree,93.5,,4.514,4.0,1,23,4.0,1,253,,,,,,,0.0,0.0,0.0,43.87,100.0,8.7914,7.0,32,527483
mnist-784-euclidean,euclidean,mod-vamana,0.95,1.0,32,64,1101,784,1,1101,60000,60000,coverage_to_degree,94.0,,4.638,4.0,1,23,4.0,1,269,,,,,,,0.0,0.0,0.0,43.87,100.0,8.7914,7.0,32,527483
mnist-784-euclidean,euclidean,mod-vamana,0.95,1.0,32,64,1101,784,1,1101,60000,60000,coverage_to_degree,94.5,,4.799,4.0,1,23,4.0,1,286,,,,,,,0.0,0.0,0.0,43.87,100.0,8.7914,7.0,32,527483
mnist-784-euclidean,euclidean,mod-vamana,0.95,1.0,32,64,1101,784,1,1101,60000,60000,coverage_to_degree,95.0,,4.942,5.0,1,23,4.0,1,301,,,,,,,0.0,0.0,0.0,43.87,100.0,8.7914,7.0,32,527483
mnist-784-euclidean,euclidean,mod-vamana,0.95,1.0,32,64,1101,784,1,1101,60000,60000,coverage_to_degree,95.5,,5.123,5.0,1,23,5.0,1,318,,,,,,,0.0,0.0,0.0,43.87,100.0,8.7914,7.0,32,527483
mnist-784-euclidean,euclidean,mod-vamana,0.95,1.0,32,64,1101,784,1,1101,60000,60000,coverage_to_degree,96.0,,5.283,5.0,1,24,5.0,1,333,,,,,,,0.0,0.0,0.0,43.87,100.0,8.7914,7.0,32,527483
mnist-784-euclidean,euclidean,mod-vamana,0.95,1.0,32,64,1101,784,1,1101,60000,60000,coverage_to_degree,96.5,,5.489,5.0,1,24,5.0,1,348,,,,,,,0.0,0.0,0.0,43.87,100.0,8.7914,7.0,32,527483
mnist-784-euclidean,euclidean,mod-vamana,0.95,1.0,32,64,1101,784,1,1101,60000,60000,coverage_to_degree,97.0,,5.681,5.0,1,26,5.0,1,375,,,,,,,0.0,0.0,0.0,43.87,100.0,8.7914,7.0,32,527483
mnist-784-euclidean,euclidean,mod-vamana,0.95,1.0,32,64,1101,784,1,1101,60000,60000,coverage_to_degree,97.5,,5.94,5.0,1,27,5.0,1,397,,,,,,,0.0,0.0,0.0,43.87,100.0,8.7914,7.0,32,527483
mnist-784-euclidean,euclidean,mod-vamana,0.95,1.0,32,64,1101,784,1,1101,60000,60000,coverage_to_degree,98.0,,6.189,6.0,1,28,5.0,1,424,,,,,,,0.0,0.0,0.0,43.87,100.0,8.7914,7.0,32,527483
mnist-784-euclidean,euclidean,mod-vamana,0.95,1.0,32,64,1101,784,1,1101,60000,60000,coverage_to_degree,98.5,,6.55,6.0,1,30,6.0,1,451,,,,,,,0.0,0.0,0.0,43.87,100.0,8.7914,7.0,32,527483
mnist-784-euclidean,euclidean,mod-vamana,0.95,1.0,32,64,1101,784,1,1101,60000,60000,coverage_to_degree,99.0,,6.923,6.0,1,31,6.0,1,474,,,,,,,0.0,0.0,0.0,43.87,100.0,8.7914,7.0,32,527483
mnist-784-euclidean,euclidean,mod-vamana,0.95,1.0,32,64,1101,784,1,1101,60000,60000,coverage_to_degree,99.5,,7.544,7.0,1,32,6.0,1,503,,,,,,,0.0,0.0,0.0,43.87,100.0,8.7914,7.0,32,527483
mnist-784-euclidean,euclidean,mod-vamana,0.95,1.0,32,64,1101,784,1,1101,60000,60000,coverage_to_degree,100.0,,8.472,7.0,1,32,7.0,1,554,,,,,,,0.0,0.0,0.0,43.87,100.0,8.7914,7.0,32,527483
mnist-784-euclidean,euclidean,mod-vamana,0.95,1.0,32,64,1101,784,1,1101,60000,60000,edge_to_coverage,,1,,,,,,,,32628.611,33460.0,54,60000,59966,59998,0.0,0.0,0.0,43.87,100.0,8.7914,7.0,32,527483
mnist-784-euclidean,euclidean,mod-vamana,0.95,1.0,32,64,1101,784,1,1101,60000,60000,edge_to_coverage,,2,,,,,,,,45574.381,48556.0,1199,60000,59736,59978,0.0,0.0,0.0,43.87,100.0,8.7914,7.0,32,527483
mnist-784-euclidean,euclidean,mod-vamana,0.95,1.0,32,64,1101,784,1,1101,60000,60000,edge_to_coverage,,3,,,,,,,,51581.494,54169.0,6322,60000,59103,59909,0.0,0.0,0.0,43.87,100.0,8.7914,7.0,32,527483
mnist-784-euclidean,euclidean,mod-vamana,0.95,1.0,32,64,1101,784,1,1101,60000,60000,edge_to_coverage,,4,,,,,,,,54685.081,56676.0,7302,60000,58060,59800,0.0,0.0,0.0,43.87,100.0,8.7914,7.0,32,527483
mnist-784-euclidean,euclidean,mod-vamana,0.95,1.0,32,64,1101,784,1,1101,60000,60000,edge_to_coverage,,5,,,,,,,,56374.124,57711.0,12643,60000,56503,59613,0.0,0.0,0.0,43.87,100.0,8.7914,7.0,32,527483
mnist-784-euclidean,euclidean,mod-vamana,0.95,1.0,32,64,1101,784,1,1101,60000,60000,edge_to_coverage,,6,,,,,,,,57347.06,58256.0,15967,60000,54670,59375,0.0,0.0,0.0,43.87,100.0,8.7914,7.0,32,527483
mnist-784-euclidean,euclidean,mod-vamana,0.95,1.0,32,64,1101,784,1,1101,60000,60000,edge_to_coverage,,7,,,,,,,,57921.242,58583.0,18147,60000,52657,59041,0.0,0.0,0.0,43.87,100.0,8.7914,7.0,32,527483
mnist-784-euclidean,euclidean,mod-vamana,0.95,1.0,32,64,1101,784,1,1101,60000,60000,edge_to_coverage,,8,,,,,,,,58256.021,58801.0,25559,60000,50660,58656,0.0,0.0,0.0,43.87,100.0,8.7914,7.0,32,527483
mnist-784-euclidean,euclidean,mod-vamana,0.95,1.0,32,64,1101,784,1,1101,60000,60000,edge_to_coverage,,9,,,,,,,,58466.234,58965.0,25559,60000,48847,58251,0.0,0.0,0.0,43.87,100.0,8.7914,7.0,32,527483
mnist-784-euclidean,euclidean,mod-vamana,0.95,1.0,32,64,1101,784,1,1101,60000,60000,edge_to_coverage,,10,,,,,,,,58597.123,59019.0,26322,60000,47221,57828,0.0,0.0,0.0,43.87,100.0,8.7914,7.0,32,527483
mnist-784-euclidean,euclidean,mod-vamana,0.95,1.0,32,64,1101,784,1,1101,60000,60000,edge_to_coverage,,11,,,,,,,,58681.093,59128.0,26322,60000,45880,57438,0.0,0.0,0.0,43.87,100.0,8.7914,7.0,32,527483
mnist-784-euclidean,euclidean,mod-vamana,0.95,1.0,32,64,1101,784,1,1101,60000,60000,edge_to_coverage,,12,,,,,,,,58736.182,59183.0,26322,60000,44723,57084,0.0,0.0,0.0,43.87,100.0,8.7914,7.0,32,527483
mnist-784-euclidean,euclidean,mod-vamana,0.95,1.0,32,64,1101,784,1,1101,60000,60000,edge_to_coverage,,13,,,,,,,,58773.144,59183.0,26322,60000,43861,56752,0.0,0.0,0.0,43.87,100.0,8.7914,7.0,32,527483
mnist-784-euclidean,euclidean,mod-vamana,0.95,1.0,32,64,1101,784,1,1101,60000,60000,edge_to_coverage,,14,,,,,,,,58796.564,59237.0,26322,60000,43124,56450,0.0,0.0,0.0,43.87,100.0,8.7914,7.0,32,527483
mnist-784-euclidean,euclidean,mod-vamana,0.95,1.0,32,64,1101,784,1,1101,60000,60000,edge_to_coverage,,15,,,,,,,,58812.602,59237.0,26322,60000,42554,56219,0.0,0.0,0.0,43.87,100.0,8.7914,7.0,32,527483
mnist-784-euclidean,euclidean,mod-vamana,0.95,1.0,32,64,1101,784,1,1101,60000,60000,edge_to_coverage,,16,,,,,,,,58823.215,59237.0,26322,60000,42137,55967,0.0,0.0,0.0,43.87,100.0,8.7914,7.0,32,527483
mnist-784-euclidean,euclidean,mod-vamana,0.95,1.0,32,64,1101,784,1,1101,60000,60000,edge_to_coverage,,17,,,,,,,,58830.763,59292.0,26322,60000,41812,55754,0.0,0.0,0.0,43.87,100.0,8.7914,7.0,32,527483
mnist-784-euclidean,euclidean,mod-vamana,0.95,1.0,32,64,1101,784,1,1101,60000,60000,edge_to_coverage,,18,,,,,,,,58836.207,59292.0,26322,60000,41590,55570,0.0,0.0,0.0,43.87,100.0,8.7914,7.0,32,527483
mnist-784-euclidean,euclidean,mod-vamana,0.95,1.0,32,64,1101,784,1,1101,60000,60000,edge_to_coverage,,19,,,,,,,,58840.223,59292.0,26322,60000,41411,55407,0.0,0.0,0.0,43.87,100.0,8.7914,7.0,32,527483
mnist-784-euclidean,euclidean,mod-vamana,0.95,1.0,32,64,1101,784,1,1101,60000,60000,edge_to_coverage,,20,,,,,,,,58842.814,59292.0,26322,60000,41264,55298,0.0,0.0,0.0,43.87,100.0,8.7914,7.0,32,527483
mnist-784-euclidean,euclidean,mod-vamana,0.95,1.0,32,64,1101,784,1,1101,60000,60000,edge_to_coverage,,21,,,,,,,,58844.449,59292.0,26322,60000,41161,55192,0.0,0.0,0.0,43.87,100.0,8.7914,7.0,32,527483
mnist-784-euclidean,euclidean,mod-vamana,0.95,1.0,32,64,1101,784,1,1101,60000,60000,edge_to_coverage,,22,,,,,,,,58845.62,59292.0,26322,60000,41094,55106,0.0,0.0,0.0,43.87,100.0,8.7914,7.0,32,527483
mnist-784-euclidean,euclidean,mod-vamana,0.95,1.0,32,64,1101,784,1,1101,60000,60000,edge_to_coverage,,23,,,,,,,,58846.52,59292.0,26322,60000,41039,55042,0.0,0.0,0.0,43.87,100.0,8.7914,7.0,32,527483
mnist-784-euclidean,euclidean,mod-vamana,0.95,1.0,32,64,1101,784,1,1101,60000,60000,edge_to_coverage,,24,,,,,,,,58847.111,59292.0,26322,60000,40992,54988,0.0,0.0,0.0,43.87,100.0,8.7914,7.0,32,527483
mnist-784-euclidean,euclidean,mod-vamana,0.95,1.0,32,64,1101,784,1,1101,60000,60000,edge_to_coverage,,25,,,,,,,,58847.603,59292.0,26322,60000,40961,54937,0.0,0.0,0.0,43.87,100.0,8.7914,7.0,32,527483
mnist-784-euclidean,euclidean,mod-vamana,0.95,1.0,32,64,1101,784,1,1101,60000,60000,edge_to_coverage,,26,,,,,,,,58847.887,59292.0,26322,60000,40937,54906,0.0,0.0,0.0,43.87,100.0,8.7914,7.0,32,527483
mnist-784-euclidean,euclidean,mod-vamana,0.95,1.0,32,64,1101,784,1,1101,60000,60000,edge_to_coverage,,27,,,,,,,,58848.103,59292.0,26322,60000,40923,54875,0.0,0.0,0.0,43.87,100.0,8.7914,7.0,32,527483
mnist-784-euclidean,euclidean,mod-vamana,0.95,1.0,32,64,1101,784,1,1101,60000,60000,edge_to_coverage,,28,,,,,,,,58848.235,59292.0,26322,60000,40914,54854,0.0,0.0,0.0,43.87,100.0,8.7914,7.0,32,527483
mnist-784-euclidean,euclidean,mod-vamana,0.95,1.0,32,64,1101,784,1,1101,60000,60000,edge_to_coverage,,29,,,,,,,,58848.358,59292.0,26322,60000,40902,54840,0.0,0.0,0.0,43.87,100.0,8.7914,7.0,32,527483
mnist-784-euclidean,euclidean,mod-vamana,0.95,1.0,32,64,1101,784,1,1101,60000,60000,edge_to_coverage,,30,,,,,,,,58848.418,59292.0,26322,60000,40900,54830,0.0,0.0,0.0,43.87,100.0,8.7914,7.0,32,527483
mnist-784-euclidean,euclidean,mod-vamana,0.95,1.0,32,64,1101,784,1,1101,60000,60000,edge_to_coverage,,31,,,,,,,,58848.44,59292.0,26322,60000,40900,54824,0.0,0.0,0.0,43.87,100.0,8.7914,7.0,32,527483
mnist-784-euclidean,euclidean,mod-vamana,0.95,1.0,32,64,1101,784,1,1101,60000,60000,edge_to_coverage,,32,,,,,,,,58848.455,59292.0,26322,60000,40899,54820,0.0,0.0,0.0,43.87,100.0,8.7914,7.0,32,527483
mnist-784-euclidean,euclidean,mod-vamana,0.96,1.0,32,64,1101,784,1,1101,60000,60000,coverage_to_degree,90.0,,3.786,3.0,1,20,4.0,1,145,,,,,,,0.0,0.0,0.0,43.87,100.0,9.3876,8.0,32,563254
mnist-784-euclidean,euclidean,mod-vamana,0.96,1.0,32,64,1101,784,1,1101,60000,60000,coverage_to_degree,90.5,,3.878,4.0,1,20,4.0,1,154,,,,,,,0.0,0.0,0.0,43.87,100.0,9.3876,8.0,32,563254
mnist-784-euclidean,euclidean,mod-vamana,0.96,1.0,32,64,1101,784,1,1101,60000,60000,coverage_to_degree,91.0,,3.961,4.0,1,22,4.0,1,170,,,,,,,0.0,0.0,0.0,43.87,100.0,9.3876,8.0,32,563254
mnist-784-euclidean,euclidean,mod-vamana,0.96,1.0,32,64,1101,784,1,1101,60000,60000,coverage_to_degree,91.5,,4.065,4.0,1,22,4.0,1,184,,,,,,,0.0,0.0,0.0,43.87,100.0,9.3876,8.0,32,563254
mnist-784-euclidean,euclidean,mod-vamana,0.96,1.0,32,64,1101,784,1,1101,60000,60000,coverage_to_degree,92.0,,4.16,4.0,1,22,4.0,1,193,,,,,,,0.0,0.0,0.0,43.87,100.0,9.3876,8.0,32,563254
mnist-784-euclidean,euclidean,mod-vamana,0.96,1.0,32,64,1101,784,1,1101,60000,60000,coverage_to_degree,92.5,,4.283,4.0,1,22,4.0,1,206,,,,,,,0.0,0.0,0.0,43.87,100.0,9.3876,8.0,32,563254
mnist-784-euclidean,euclidean,mod-vamana,0.96,1.0,32,64,1101,784,1,1101,60000,60000,coverage_to_degree,93.0,,4.392,4.0,1,22,4.0,1,221,,,,,,,0.0,0.0,0.0,43.87,100.0,9.3876,8.0,32,563254
mnist-784-euclidean,euclidean,mod-vamana,0.96,1.0,32,64,1101,784,1,1101,60000,60000,coverage_to_degree,93.5,,4.533,4.0,1,23,4.0,1,231,,,,,,,0.0,0.0,0.0,43.87,100.0,9.3876,8.0,32,563254
mnist-784-euclidean,euclidean,mod-vamana,0.96,1.0,32,64,1101,784,1,1101,60000,60000,coverage_to_degree,94.0,,4.661,4.0,1,23,4.0,1,244,,,,,,,0.0,0.0,0.0,43.87,100.0,9.3876,8.0,32,563254
mnist-784-euclidean,euclidean,mod-vamana,0.96,1.0,32,64,1101,784,1,1101,60000,60000,coverage_to_degree,94.5,,4.832,4.0,1,25,4.0,1,270,,,,,,,0.0,0.0,0.0,43.87,100.0,9.3876,8.0,32,563254
mnist-784-euclidean,euclidean,mod-vamana,0.96,1.0,32,64,1101,784,1,1101,60000,60000,coverage_to_degree,95.0,,4.987,5.0,1,25,5.0,1,288,,,,,,,0.0,0.0,0.0,43.87,100.0,9.3876,8.0,32,563254
mnist-784-euclidean,euclidean,mod-vamana,0.96,1.0,32,64,1101,784,1,1101,60000,60000,coverage_to_degree,95.5,,5.191,5.0,1,25,5.0,1,309,,,,,,,0.0,0.0,0.0,43.87,100.0,9.3876,8.0,32,563254
mnist-784-euclidean,euclidean,mod-vamana,0.96,1.0,32,64,1101,784,1,1101,60000,60000,coverage_to_degree,96.0,,5.373,5.0,1,25,5.0,1,330,,,,,,,0.0,0.0,0.0,43.87,100.0,9.3876,8.0,32,563254
mnist-784-euclidean,euclidean,mod-vamana,0.96,1.0,32,64,1101,784,1,1101,60000,60000,coverage_to_degree,96.5,,5.607,5.0,1,25,5.0,1,349,,,,,,,0.0,0.0,0.0,43.87,100.0,9.3876,8.0,32,563254
mnist-784-euclidean,euclidean,mod-vamana,0.96,1.0,32,64,1101,784,1,1101,60000,60000,coverage_to_degree,97.0,,5.824,5.0,1,26,5.0,1,375,,,,,,,0.0,0.0,0.0,43.87,100.0,9.3876,8.0,32,563254
mnist-784-euclidean,euclidean,mod-vamana,0.96,1.0,32,64,1101,784,1,1101,60000,60000,coverage_to_degree,97.5,,6.113,6.0,1,30,5.0,1,396,,,,,,,0.0,0.0,0.0,43.87,100.0,9.3876,8.0,32,563254
mnist-784-euclidean,euclidean,mod-vamana,0.96,1.0,32,64,1101,784,1,1101,60000,60000,coverage_to_degree,98.0,,6.393,6.0,1,30,6.0,1,426,,,,,,,0.0,0.0,0.0,43.87,100.0,9.3876,8.0,32,563254
mnist-784-euclidean,euclidean,mod-vamana,0.96,1.0,32,64,1101,784,1,1101,60000,60000,coverage_to_degree,98.5,,6.796,6.0,1,31,6.0,1,457,,,,,,,0.0,0.0,0.0,43.87,100.0,9.3876,8.0,32,563254
mnist-784-euclidean,euclidean,mod-vamana,0.96,1.0,32,64,1101,784,1,1101,60000,60000,coverage_to_degree,99.0,,7.219,7.0,1,31,6.0,1,487,,,,,,,0.0,0.0,0.0,43.87,100.0,9.3876,8.0,32,563254
mnist-784-euclidean,euclidean,mod-vamana,0.96,1.0,32,64,1101,784,1,1101,60000,60000,coverage_to_degree,99.5,,7.923,7.0,1,32,7.0,1,520,,,,,,,0.0,0.0,0.0,43.87,100.0,9.3876,8.0,32,563254
mnist-784-euclidean,euclidean,mod-vamana,0.96,1.0,32,64,1101,784,1,1101,60000,60000,coverage_to_degree,100.0,,9.007,8.0,1,32,8.0,1,573,,,,,,,0.0,0.0,0.0,43.87,100.0,9.3876,8.0,32,563254
mnist-784-euclidean,euclidean,mod-vamana,0.96,1.0,32,64,1101,784,1,1101,60000,60000,edge_to_coverage,,1,,,,,,,,32615.965,33460.0,54,60000,59964,59998,0.0,0.0,0.0,43.87,100.0,9.3876,8.0,32,563254
mnist-784-euclidean,euclidean,mod-vamana,0.96,1.0,32,64,1101,784,1,1101,60000,60000,edge_to_coverage,,2,,,,,,,,45572.717,48556.0,1199,60000,59714,59977,0.0,0.0,0.0,43.87,100.0,9.3876,8.0,32,563254
mnist-784-euclidean,euclidean,mod-vamana,0.96,1.0,32,64,1101,784,1,1101,60000,60000,edge_to_coverage,,3,,,,,,,,51578.633,54169.0,6267,60000,59044,59906,0.0,0.0,0.0,43.87,100.0,9.3876,8.0,32,563254
mnist-784-euclidean,euclidean,mod-vamana,0.96,1.0,32,64,1101,784,1,1101,60000,60000,edge_to_coverage,,4,,,,,,,,54711.975,56730.0,10027,60000,57890,59776,0.0,0.0,0.0,43.87,100.0,9.3876,8.0,32,563254
mnist-784-euclidean,euclidean,mod-vamana,0.96,1.0,32,64,1101,784,1,1101,60000,60000,edge_to_coverage,,5,,,,,,,,56425.76,57875.0,12643,60000,56192,59569,0.0,0.0,0.0,43.87,100.0,9.3876,8.0,32,563254
mnist-784-euclidean,euclidean,mod-vamana,0.96,1.0,32,64,1101,784,1,1101,60000,60000,edge_to_coverage,,6,,,,,,,,57429.97,58420.0,18747,60000,54152,59305,0.0,0.0,0.0,43.87,100.0,9.3876,8.0,32,563254
mnist-784-euclidean,euclidean,mod-vamana,0.96,1.0,32,64,1101,784,1,1101,60000,60000,edge_to_coverage,,7,,,,,,,,58023.023,58747.0,19074,60000,51926,58941,0.0,0.0,0.0,43.87,100.0,9.3876,8.0,32,563254
mnist-784-euclidean,euclidean,mod-vamana,0.96,1.0,32,64,1101,784,1,1101,60000,60000,edge_to_coverage,,8,,,,,,,,58382.952,58965.0,19292,60000,49664,58500,0.0,0.0,0.0,43.87,100.0,9.3876,8.0,32,563254
mnist-784-euclidean,euclidean,mod-vamana,0.96,1.0,32,64,1101,784,1,1101,60000,60000,edge_to_coverage,,9,,,,,,,,58604.937,59074.0,26322,60000,47607,58043,0.0,0.0,0.0,43.87,100.0,9.3876,8.0,32,563254
mnist-784-euclidean,euclidean,mod-vamana,0.96,1.0,32,64,1101,784,1,1101,60000,60000,edge_to_coverage,,10,,,,,,,,58745.687,59183.0,26322,60000,45811,57554,0.0,0.0,0.0,43.87,100.0,9.3876,8.0,32,563254
mnist-784-euclidean,euclidean,mod-vamana,0.96,1.0,32,64,1101,784,1,1101,60000,60000,edge_to_coverage,,11,,,,,,,,58838.42,59237.0,26322,60000,44255,57121,0.0,0.0,0.0,43.87,100.0,9.3876,8.0,32,563254
mnist-784-euclidean,euclidean,mod-vamana,0.96,1.0,32,64,1101,784,1,1101,60000,60000,edge_to_coverage,,12,,,,,,,,58899.941,59292.0,26322,60000,42927,56722,0.0,0.0,0.0,43.87,100.0,9.3876,8.0,32,563254
mnist-784-euclidean,euclidean,mod-vamana,0.96,1.0,32,64,1101,784,1,1101,60000,60000,edge_to_coverage,,13,,,,,,,,58941.526,59346.0,26322,60000,41902,56337,0.0,0.0,0.0,43.87,100.0,9.3876,8.0,32,563254
mnist-784-euclidean,euclidean,mod-vamana,0.96,1.0,32,64,1101,784,1,1101,60000,60000,edge_to_coverage,,14,,,,,,,,58967.518,59346.0,26322,60000,41048,55980,0.0,0.0,0.0,43.87,100.0,9.3876,8.0,32,563254
mnist-784-euclidean,euclidean,mod-vamana,0.96,1.0,32,64,1101,784,1,1101,60000,60000,edge_to_coverage,,15,,,,,,,,58985.058,59401.0,26322,60000,40380,55683,0.0,0.0,0.0,43.87,100.0,9.3876,8.0,32,563254
mnist-784-euclidean,euclidean,mod-vamana,0.96,1.0,32,64,1101,784,1,1101,60000,60000,edge_to_coverage,,16,,,,,,,,58998.088,59401.0,26322,60000,39912,55408,0.0,0.0,0.0,43.87,100.0,9.3876,8.0,32,563254
mnist-784-euclidean,euclidean,mod-vamana,0.96,1.0,32,64,1101,784,1,1101,60000,60000,edge_to_coverage,,17,,,,,,,,59006.792,59401.0,26322,60000,39506,55167,0.0,0.0,0.0,43.87,100.0,9.3876,8.0,32,563254
mnist-784-euclidean,euclidean,mod-vamana,0.96,1.0,32,64,1101,784,1,1101,60000,60000,edge_to_coverage,,18,,,,,,,,59013.417,59401.0,26322,60000,39214,54931,0.0,0.0,0.0,43.87,100.0,9.3876,8.0,32,563254
mnist-784-euclidean,euclidean,mod-vamana,0.96,1.0,32,64,1101,784,1,1101,60000,60000,edge_to_coverage,,19,,,,,,,,59017.39,59401.0,26322,60000,38998,54735,0.0,0.0,0.0,43.87,100.0,9.3876,8.0,32,563254
mnist-784-euclidean,euclidean,mod-vamana,0.96,1.0,32,64,1101,784,1,1101,60000,60000,edge_to_coverage,,20,,,,,,,,59020.609,59401.0,26322,60000,38834,54583,0.0,0.0,0.0,43.87,100.0,9.3876,8.0,32,563254
mnist-784-euclidean,euclidean,mod-vamana,0.96,1.0,32,64,1101,784,1,1101,60000,60000,edge_to_coverage,,21,,,,,,,,59022.898,59401.0,26322,60000,38688,54443,0.0,0.0,0.0,43.87,100.0,9.3876,8.0,32,563254
mnist-784-euclidean,euclidean,mod-vamana,0.96,1.0,32,64,1101,784,1,1101,60000,60000,edge_to_coverage,,22,,,,,,,,59024.577,59455.0,26322,60000,38601,54337,0.0,0.0,0.0,43.87,100.0,9.3876,8.0,32,563254
mnist-784-euclidean,euclidean,mod-vamana,0.96,1.0,32,64,1101,784,1,1101,60000,60000,edge_to_coverage,,23,,,,,,,,59025.677,59455.0,26322,60000,38526,54262,0.0,0.0,0.0,43.87,100.0,9.3876,8.0,32,563254
mnist-784-euclidean,euclidean,mod-vamana,0.96,1.0,32,64,1101,784,1,1101,60000,60000,edge_to_coverage,,24,,,,,,,,59026.403,59455.0,26322,60000,38472,54185,0.0,0.0,0.0,43.87,100.0,9.3876,8.0,32,563254
mnist-784-euclidean,euclidean,mod-vamana,0.96,1.0,32,64,1101,784,1,1101,60000,60000,edge_to_coverage,,25,,,,,,,,59026.947,59455.0,26322,60000,38433,54118,0.0,0.0,0.0,43.87,100.0,9.3876,8.0,32,563254
mnist-784-euclidean,euclidean,mod-vamana,0.96,1.0,32,64,1101,784,1,1101,60000,60000,edge_to_coverage,,26,,,,,,,,59027.34,59455.0,26322,60000,38404,54066,0.0,0.0,0.0,43.87,100.0,9.3876,8.0,32,563254
mnist-784-euclidean,euclidean,mod-vamana,0.96,1.0,32,64,1101,784,1,1101,60000,60000,edge_to_coverage,,27,,,,,,,,59027.573,59455.0,26322,60000,38387,54031,0.0,0.0,0.0,43.87,100.0,9.3876,8.0,32,563254
mnist-784-euclidean,euclidean,mod-vamana,0.96,1.0,32,64,1101,784,1,1101,60000,60000,edge_to_coverage,,28,,,,,,,,59027.75,59455.0,26322,60000,38372,54001,0.0,0.0,0.0,43.87,100.0,9.3876,8.0,32,563254
mnist-784-euclidean,euclidean,mod-vamana,0.96,1.0,32,64,1101,784,1,1101,60000,60000,edge_to_coverage,,29,,,,,,,,59027.88,59455.0,26322,60000,38358,53979,0.0,0.0,0.0,43.87,100.0,9.3876,8.0,32,563254
mnist-784-euclidean,euclidean,mod-vamana,0.96,1.0,32,64,1101,784,1,1101,60000,60000,edge_to_coverage,,30,,,,,,,,59027.937,59455.0,26322,60000,38357,53970,0.0,0.0,0.0,43.87,100.0,9.3876,8.0,32,563254
mnist-784-euclidean,euclidean,mod-vamana,0.96,1.0,32,64,1101,784,1,1101,60000,60000,edge_to_coverage,,31,,,,,,,,59027.964,59455.0,26322,60000,38355,53965,0.0,0.0,0.0,43.87,100.0,9.3876,8.0,32,563254
mnist-784-euclidean,euclidean,mod-vamana,0.96,1.0,32,64,1101,784,1,1101,60000,60000,edge_to_coverage,,32,,,,,,,,59027.979,59455.0,26322,60000,38354,53960,0.0,0.0,0.0,43.87,100.0,9.3876,8.0,32,563254
mnist-784-euclidean,euclidean,mod-vamana,0.97,1.0,32,64,1101,784,1,1101,60000,60000,coverage_to_degree,90.0,,3.799,3.0,1,20,4.0,1,130,,,,,,,0.0,0.0,0.0,42.4167,100.0,10.114,9.0,32,606837
mnist-784-euclidean,euclidean,mod-vamana,0.97,1.0,32,64,1101,784,1,1101,60000,60000,coverage_to_degree,90.5,,3.892,4.0,1,20,4.0,1,138,,,,,,,0.0,0.0,0.0,42.4167,100.0,10.114,9.0,32,606837
mnist-784-euclidean,euclidean,mod-vamana,0.97,1.0,32,64,1101,784,1,1101,60000,60000,coverage_to_degree,91.0,,3.975,4.0,1,22,4.0,1,146,,,,,,,0.0,0.0,0.0,42.4167,100.0,10.114,9.0,32,606837
mnist-784-euclidean,euclidean,mod-vamana,0.97,1.0,32,64,1101,784,1,1101,60000,60000,coverage_to_degree,91.5,,4.08,4.0,1,22,4.0,1,153,,,,,,,0.0,0.0,0.0,42.4167,100.0,10.114,9.0,32,606837
mnist-784-euclidean,euclidean,mod-vamana,0.97,1.0,32,64,1101,784,1,1101,60000,60000,coverage_to_degree,92.0,,4.176,4.0,1,22,4.0,1,158,,,,,,,0.0,0.0,0.0,42.4167,100.0,10.114,9.0,32,606837
mnist-784-euclidean,euclidean,mod-vamana,0.97,1.0,32,64,1101,784,1,1101,60000,60000,coverage_to_degree,92.5,,4.299,4.0,1,22,4.0,1,170,,,,,,,0.0,0.0,0.0,42.4167,100.0,10.114,9.0,32,606837
mnist-784-euclidean,euclidean,mod-vamana,0.97,1.0,32,64,1101,784,1,1101,60000,60000,coverage_to_degree,93.0,,4.411,4.0,1,22,4.0,1,182,,,,,,,0.0,0.0,0.0,42.4167,100.0,10.114,9.0,32,606837
mnist-784-euclidean,euclidean,mod-vamana,0.97,1.0,32,64,1101,784,1,1101,60000,60000,coverage_to_degree,93.5,,4.554,4.0,1,23,4.0,1,189,,,,,,,0.0,0.0,0.0,42.4167,100.0,10.114,9.0,32,606837
mnist-784-euclidean,euclidean,mod-vamana,0.97,1.0,32,64,1101,784,1,1101,60000,60000,coverage_to_degree,94.0,,4.684,4.0,1,23,4.0,1,198,,,,,,,0.0,0.0,0.0,42.4167,100.0,10.114,9.0,32,606837
mnist-784-euclidean,euclidean,mod-vamana,0.97,1.0,32,64,1101,784,1,1101,60000,60000,coverage_to_degree,94.5,,4.857,4.0,1,23,4.0,1,217,,,,,,,0.0,0.0,0.0,42.4167,100.0,10.114,9.0,32,606837
mnist-784-euclidean,euclidean,mod-vamana,0.97,1.0,32,64,1101,784,1,1101,60000,60000,coverage_to_degree,95.0,,5.018,5.0,1,23,5.0,1,233,,,,,,,0.0,0.0,0.0,42.4167,100.0,10.114,9.0,32,606837
mnist-784-euclidean,euclidean,mod-vamana,0.97,1.0,32,64,1101,784,1,1101,60000,60000,coverage_to_degree,95.5,,5.233,5.0,1,23,5.0,1,259,,,,,,,0.0,0.0,0.0,42.4167,100.0,10.114,9.0,32,606837
mnist-784-euclidean,euclidean,mod-vamana,0.97,1.0,32,64,1101,784,1,1101,60000,60000,coverage_to_degree,96.0,,5.434,5.0,1,24,5.0,1,286,,,,,,,0.0,0.0,0.0,42.4167,100.0,10.114,9.0,32,606837
mnist-784-euclidean,euclidean,mod-vamana,0.97,1.0,32,64,1101,784,1,1101,60000,60000,coverage_to_degree,96.5,,5.699,5.0,1,25,5.0,1,303,,,,,,,0.0,0.0,0.0,42.4167,100.0,10.114,9.0,32,606837
mnist-784-euclidean,euclidean,mod-vamana,0.97,1.0,32,64,1101,784,1,1101,60000,60000,coverage_to_degree,97.0,,5.949,5.0,1,26,5.0,1,341,,,,,,,0.0,0.0,0.0,42.4167,100.0,10.114,9.0,32,606837
mnist-784-euclidean,euclidean,mod-vamana,0.97,1.0,32,64,1101,784,1,1101,60000,60000,coverage_to_degree,97.5,,6.285,6.0,1,31,6.0,1,373,,,,,,,0.0,0.0,0.0,42.4167,100.0,10.114,9.0,32,606837
mnist-784-euclidean,euclidean,mod-vamana,0.97,1.0,32,64,1101,784,1,1101,60000,60000,coverage_to_degree,98.0,,6.602,6.0,1,31,6.0,1,408,,,,,,,0.0,0.0,0.0,42.4167,100.0,10.114,9.0,32,606837
mnist-784-euclidean,euclidean,mod-vamana,0.97,1.0,32,64,1101,784,1,1101,60000,60000,coverage_to_degree,98.5,,7.063,7.0,1,32,6.0,1,447,,,,,,,0.0,0.0,0.0,42.4167,100.0,10.114,9.0,32,606837
mnist-784-euclidean,euclidean,mod-vamana,0.97,1.0,32,64,1101,784,1,1101,60000,60000,coverage_to_degree,99.0,,7.547,7.0,1,32,7.0,1,482,,,,,,,0.0,0.0,0.0,42.4167,100.0,10.114,9.0,32,606837
mnist-784-euclidean,euclidean,mod-vamana,0.97,1.0,32,64,1101,784,1,1101,60000,60000,coverage_to_degree,99.5,,8.364,8.0,1,32,7.0,1,523,,,,,,,0.0,0.0,0.0,42.4167,100.0,10.114,9.0,32,606837
mnist-784-euclidean,euclidean,mod-vamana,0.97,1.0,32,64,1101,784,1,1101,60000,60000,coverage_to_degree,100.0,,9.649,8.0,1,32,8.0,1,596,,,,,,,0.0,0.0,0.0,42.4167,100.0,10.114,9.0,32,606837
mnist-784-euclidean,euclidean,mod-vamana,0.97,1.0,32,64,1101,784,1,1101,60000,60000,edge_to_coverage,,1,,,,,,,,32632.7,33460.0,54,60000,59962,59997,0.0,0.0,0.0,42.4167,100.0,10.114,9.0,32,606837
mnist-784-euclidean,euclidean,mod-vamana,0.97,1.0,32,64,1101,784,1,1101,60000,60000,edge_to_coverage,,2,,,,,,,,45555.633,48501.0,1199,60000,59702,59978,0.0,0.0,0.0,42.4167,100.0,10.114,9.0,32,606837
mnist-784-euclidean,euclidean,mod-vamana,0.97,1.0,32,64,1101,784,1,1101,60000,60000,edge_to_coverage,,3,,,,,,,,51573.621,54114.0,6267,60000,58943,59896,0.0,0.0,0.0,42.4167,100.0,10.114,9.0,32,606837
mnist-784-euclidean,euclidean,mod-vamana,0.97,1.0,32,64,1101,784,1,1101,60000,60000,edge_to_coverage,,4,,,,,,,,54721.799,56730.0,7684,60000,57653,59747,0.0,0.0,0.0,42.4167,100.0,10.114,9.0,32,606837
mnist-784-euclidean,euclidean,mod-vamana,0.97,1.0,32,64,1101,784,1,1101,60000,60000,edge_to_coverage,,5,,,,,,,,56461.112,57984.0,10191,60000,55773,59516,0.0,0.0,0.0,42.4167,100.0,10.114,9.0,32,606837
mnist-784-euclidean,euclidean,mod-vamana,0.97,1.0,32,64,1101,784,1,1101,60000,60000,edge_to_coverage,,6,,,,,,,,57494.362,58583.0,12752,60000,53473,59205,0.0,0.0,0.0,42.4167,100.0,10.114,9.0,32,606837
mnist-784-euclidean,euclidean,mod-vamana,0.97,1.0,32,64,1101,784,1,1101,60000,60000,edge_to_coverage,,7,,,,,,,,58112.199,58910.0,19074,60000,50949,58790,0.0,0.0,0.0,42.4167,100.0,10.114,9.0,32,606837
mnist-784-euclidean,euclidean,mod-vamana,0.97,1.0,32,64,1101,784,1,1101,60000,60000,edge_to_coverage,,8,,,,,,,,58492.276,59074.0,19292,60000,48329,58327,0.0,0.0,0.0,42.4167,100.0,10.114,9.0,32,606837
mnist-784-euclidean,euclidean,mod-vamana,0.97,1.0,32,64,1101,784,1,1101,60000,60000,edge_to_coverage,,9,,,,,,,,58732.755,59237.0,25450,60000,45934,57791,0.0,0.0,0.0,42.4167,100.0,10.114,9.0,32,606837
mnist-784-euclidean,euclidean,mod-vamana,0.97,1.0,32,64,1101,784,1,1101,60000,60000,edge_to_coverage,,10,,,,,,,,58887.961,59292.0,25450,60000,43858,57216,0.0,0.0,0.0,42.4167,100.0,10.114,9.0,32,606837
mnist-784-euclidean,euclidean,mod-vamana,0.97,1.0,32,64,1101,784,1,1101,60000,60000,edge_to_coverage,,11,,,,,,,,58989.018,59346.0,25450,60000,42052,56702,0.0,0.0,0.0,42.4167,100.0,10.114,9.0,32,606837
mnist-784-euclidean,euclidean,mod-vamana,0.97,1.0,32,64,1101,784,1,1101,60000,60000,edge_to_coverage,,12,,,,,,,,59057.294,59401.0,25450,60000,40504,56219,0.0,0.0,0.0,42.4167,100.0,10.114,9.0,32,606837
mnist-784-euclidean,euclidean,mod-vamana,0.97,1.0,32,64,1101,784,1,1101,60000,60000,edge_to_coverage,,13,,,,,,,,59102.769,59455.0,25450,60000,39307,55748,0.0,0.0,0.0,42.4167,100.0,10.114,9.0,32,606837
mnist-784-euclidean,euclidean,mod-vamana,0.97,1.0,32,64,1101,784,1,1101,60000,60000,edge_to_coverage,,14,,,,,,,,59134.556,59510.0,25450,60000,38297,55346,0.0,0.0,0.0,42.4167,100.0,10.114,9.0,32,606837
mnist-784-euclidean,euclidean,mod-vamana,0.97,1.0,32,64,1101,784,1,1101,60000,60000,edge_to_coverage,,15,,,,,,,,59155.199,59510.0,25450,60000,37519,54941,0.0,0.0,0.0,42.4167,100.0,10.114,9.0,32,606837
mnist-784-euclidean,euclidean,mod-vamana,0.97,1.0,32,64,1101,784,1,1101,60000,60000,edge_to_coverage,,16,,,,,,,,59169.461,59510.0,25450,60000,36898,54572,0.0,0.0,0.0,42.4167,100.0,10.114,9.0,32,606837
mnist-784-euclidean,euclidean,mod-vamana,0.97,1.0,32,64,1101,784,1,1101,60000,60000,edge_to_coverage,,17,,,,,,,,59179.574,59510.0,25450,60000,36431,54265,0.0,0.0,0.0,42.4167,100.0,10.114,9.0,32,606837
mnist-784-euclidean,euclidean,mod-vamana,0.97,1.0,32,64,1101,784,1,1101,60000,60000,edge_to_coverage,,18,,,,,,,,59186.709,59564.0,25450,60000,36085,54021,0.0,0.0,0.0,42.4167,100.0,10.114,9.0,32,606837
mnist-784-euclidean,euclidean,mod-vamana,0.97,1.0,32,64,1101,784,1,1101,60000,60000,edge_to_coverage,,19,,,,,,,,59192.374,59564.0,25450,60000,35787,53800,0.0,0.0,0.0,42.4167,100.0,10.114,9.0,32,606837
mnist-784-euclidean,euclidean,mod-vamana,0.97,1.0,32,64,1101,784,1,1101,60000,60000,edge_to_coverage,,20,,,,,,,,59195.819,59564.0,25450,60000,35600,53616,0.0,0.0,0.0,42.4167,100.0,10.114,9.0,32,606837
mnist-784-euclidean,euclidean,mod-vamana,0.97,1.0,32,64,1101,784,1,1101,60000,60000,edge_to_coverage,,21,,,,,,,,59198.429,59564.0,25450,60000,35444,53429,0.0,0.0,0.0,42.4167,100.0,10.114,9.0,32,606837
mnist-784-euclidean,euclidean,mod-vamana,0.97,1.0,32,64,1101,784,1,1101,60000,60000,edge_to_coverage,,22,,,,,,,,59200.328,59564.0,25450,60000,35324,53295,0.0,0.0,0.0,42.4167,100.0,10.114,9.0,32,606837
mnist-784-euclidean,euclidean,mod-vamana,0.97,1.0,32,64,1101,784,1,1101,60000,60000,edge_to_coverage,,23,,,,,,,,59201.662,59564.0,25450,60000,35240,53174,0.0,0.0,0.0,42.4167,100.0,10.114,9.0,32,606837
mnist-784-euclidean,euclidean,mod-vamana,0.97,1.0,32,64,1101,784,1,1101,60000,60000,edge_to_coverage,,24,,,,,,,,59202.597,59564.0,25450,60000,35168,53106,0.0,0.0,0.0,42.4167,100.0,10.114,9.0,32,606837
mnist-784-euclidean,euclidean,mod-vamana,0.97,1.0,32,64,1101,784,1,1101,60000,60000,edge_to_coverage,,25,,,,,,,,59203.252,59564.0,25450,60000,35107,53023,0.0,0.0,0.0,42.4167,100.0,10.114,9.0,32,606837
mnist-784-euclidean,euclidean,mod-vamana,0.97,1.0,32,64,1101,784,1,1101,60000,60000,edge_to_coverage,,26,,,,,,,,59203.714,59564.0,25450,60000,35072,52975,0.0,0.0,0.0,42.4167,100.0,10.114,9.0,32,606837
mnist-784-euclidean,euclidean,mod-vamana,0.97,1.0,32,64,1101,784,1,1101,60000,60000,edge_to_coverage,,27,,,,,,,,59204.033,59564.0,25450,60000,35050,52925,0.0,0.0,0.0,42.4167,100.0,10.114,9.0,32,606837
mnist-784-euclidean,euclidean,mod-vamana,0.97,1.0,32,64,1101,784,1,1101,60000,60000,edge_to_coverage,,28,,,,,,,,59204.28,59564.0,25450,60000,35026,52881,0.0,0.0,0.0,42.4167,100.0,10.114,9.0,32,606837
mnist-784-euclidean,euclidean,mod-vamana,0.97,1.0,32,64,1101,784,1,1101,60000,60000,edge_to_coverage,,29,,,,,,,,59204.435,59564.0,25450,60000,35014,52855,0.0,0.0,0.0,42.4167,100.0,10.114,9.0,32,606837
mnist-784-euclidean,euclidean,mod-vamana,0.97,1.0,32,64,1101,784,1,1101,60000,60000,edge_to_coverage,,30,,,,,,,,59204.545,59564.0,25450,60000,35003,52830,0.0,0.0,0.0,42.4167,100.0,10.114,9.0,32,606837
mnist-784-euclidean,euclidean,mod-vamana,0.97,1.0,32,64,1101,784,1,1101,60000,60000,edge_to_coverage,,31,,,,,,,,59204.591,59564.0,25450,60000,35003,52821,0.0,0.0,0.0,42.4167,100.0,10.114,9.0,32,606837
mnist-784-euclidean,euclidean,mod-vamana,0.97,1.0,32,64,1101,784,1,1101,60000,60000,edge_to_coverage,,32,,,,,,,,59204.612,59564.0,25450,60000,35002,52816,0.0,0.0,0.0,42.4167,100.0,10.114,9.0,32,606837
mnist-784-euclidean,euclidean,mod-vamana,0.98,1.0,32,64,1101,784,1,1101,60000,60000,coverage_to_degree,90.0,,3.811,3.0,1,20,4.0,1,147,,,,,,,0.0,0.0,0.0,40.4183,100.0,11.0838,10.0,32,665031
mnist-784-euclidean,euclidean,mod-vamana,0.98,1.0,32,64,1101,784,1,1101,60000,60000,coverage_to_degree,90.5,,3.905,4.0,1,20,4.0,1,154,,,,,,,0.0,0.0,0.0,40.4183,100.0,11.0838,10.0,32,665031
mnist-784-euclidean,euclidean,mod-vamana,0.98,1.0,32,64,1101,784,1,1101,60000,60000,coverage_to_degree,91.0,,3.988,4.0,1,22,4.0,1,164,,,,,,,0.0,0.0,0.0,40.4183,100.0,11.0838,10.0,32,665031
mnist-784-euclidean,euclidean,mod-vamana,0.98,1.0,32,64,1101,784,1,1101,60000,60000,coverage_to_degree,91.5,,4.095,4.0,1,22,4.0,1,169,,,,,,,0.0,0.0,0.0,40.4183,100.0,11.0838,10.0,32,665031
mnist-784-euclidean,euclidean,mod-vamana,0.98,1.0,32,64,1101,784,1,1101,60000,60000,coverage_to_degree,92.0,,4.192,4.0,1,22,4.0,1,174,,,,,,,0.0,0.0,0.0,40.4183,100.0,11.0838,10.0,32,665031
mnist-784-euclidean,euclidean,mod-vamana,0.98,1.0,32,64,1101,784,1,1101,60000,60000,coverage_to_degree,92.5,,4.316,4.0,1,23,4.0,1,186,,,,,,,0.0,0.0,0.0,40.4183,100.0,11.0838,10.0,32,665031
mnist-784-euclidean,euclidean,mod-vamana,0.98,1.0,32,64,1101,784,1,1101,60000,60000,coverage_to_degree,93.0,,4.43,4.0,1,23,4.0,1,197,,,,,,,0.0,0.0,0.0,40.4183,100.0,11.0838,10.0,32,665031
mnist-784-euclidean,euclidean,mod-vamana,0.98,1.0,32,64,1101,784,1,1101,60000,60000,coverage_to_degree,93.5,,4.575,4.0,1,24,4.0,1,211,,,,,,,0.0,0.0,0.0,40.4183,100.0,11.0838,10.0,32,665031
mnist-784-euclidean,euclidean,mod-vamana,0.98,1.0,32,64,1101,784,1,1101,60000,60000,coverage_to_degree,94.0,,4.706,4.0,1,24,4.0,1,223,,,,,,,0.0,0.0,0.0,40.4183,100.0,11.0838,10.0,32,665031
mnist-784-euclidean,euclidean,mod-vamana,0.98,1.0,32,64,1101,784,1,1101,60000,60000,coverage_to_degree,94.5,,4.88,4.0,1,24,5.0,1,243,,,,,,,0.0,0.0,0.0,40.4183,100.0,11.0838,10.0,32,665031
mnist-784-euclidean,euclidean,mod-vamana,0.98,1.0,32,64,1101,784,1,1101,60000,60000,coverage_to_degree,95.0,,5.043,5.0,1,24,5.0,1,255,,,,,,,0.0,0.0,0.0,40.4183,100.0,11.0838,10.0,32,665031
mnist-784-euclidean,euclidean,mod-vamana,0.98,1.0,32,64,1101,784,1,1101,60000,60000,coverage_to_degree,95.5,,5.263,5.0,1,24,5.0,1,280,,,,,,,0.0,0.0,0.0,40.4183,100.0,11.0838,10.0,32,665031
mnist-784-euclidean,euclidean,mod-vamana,0.98,1.0,32,64,1101,784,1,1101,60000,60000,coverage_to_degree,96.0,,5.468,5.0,1,24,5.0,1,304,,,,,,,0.0,0.0,0.0,40.4183,100.0,11.0838,10.0,32,665031
mnist-784-euclidean,euclidean,mod-vamana,0.98,1.0,32,64,1101,784,1,1101,60000,60000,coverage_to_degree,96.5,,5.749,5.0,1,26,5.0,1,333,,,,,,,0.0,0.0,0.0,40.4183,100.0,11.0838,10.0,32,665031
mnist-784-euclidean,euclidean,mod-vamana,0.98,1.0,32,64,1101,784,1,1101,60000,60000,coverage_to_degree,97.0,,6.021,6.0,1,26,6.0,1,363,,,,,,,0.0,0.0,0.0,40.4183,100.0,11.0838,10.0,32,665031
mnist-784-euclidean,euclidean,mod-vamana,0.98,1.0,32,64,1101,784,1,1101,60000,60000,coverage_to_degree,97.5,,6.407,6.0,1,28,6.0,1,402,,,,,,,0.0,0.0,0.0,40.4183,100.0,11.0838,10.0,32,665031
mnist-784-euclidean,euclidean,mod-vamana,0.98,1.0,32,64,1101,784,1,1101,60000,60000,coverage_to_degree,98.0,,6.785,6.0,1,28,6.0,1,440,,,,,,,0.0,0.0,0.0,40.4183,100.0,11.0838,10.0,32,665031
mnist-784-euclidean,euclidean,mod-vamana,0.98,1.0,32,64,1101,784,1,1101,60000,60000,coverage_to_degree,98.5,,7.333,7.0,1,32,7.0,1,490,,,,,,,0.0,0.0,0.0,40.4183,100.0,11.0838,10.0,32,665031
mnist-784-euclidean,euclidean,mod-vamana,0.98,1.0,32,64,1101,784,1,1101,60000,60000,coverage_to_degree,99.0,,7.905,7.0,1,32,7.0,1,533,,,,,,,0.0,0.0,0.0,40.4183,100.0,11.0838,10.0,32,665031
mnist-784-euclidean,euclidean,mod-vamana,0.98,1.0,32,64,1101,784,1,1101,60000,60000,coverage_to_degree,99.5,,8.886,8.0,1,32,8.0,1,606,,,,,,,0.0,0.0,0.0,40.4183,100.0,11.0838,10.0,32,665031
mnist-784-euclidean,euclidean,mod-vamana,0.98,1.0,32,64,1101,784,1,1101,60000,60000,coverage_to_degree,100.0,,10.485,9.0,1,32,9.0,1,710,,,,,,,0.0,0.0,0.0,40.4183,100.0,11.0838,10.0,32,665031
mnist-784-euclidean,euclidean,mod-vamana,0.98,1.0,32,64,1101,784,1,1101,60000,60000,edge_to_coverage,,1,,,,,,,,32612.436,33460.0,54,60000,59963,59997,0.0,0.0,0.0,40.4183,100.0,11.0838,10.0,32,665031
mnist-784-euclidean,euclidean,mod-vamana,0.98,1.0,32,64,1101,784,1,1101,60000,60000,edge_to_coverage,,2,,,,,,,,45550.384,48501.0,1199,60000,59692,59975,0.0,0.0,0.0,40.4183,100.0,11.0838,10.0,32,665031
mnist-784-euclidean,euclidean,mod-vamana,0.98,1.0,32,64,1101,784,1,1101,60000,60000,edge_to_coverage,,3,,,,,,,,51559.046,54114.0,6267,60000,58851,59882,0.0,0.0,0.0,40.4183,100.0,11.0838,10.0,32,665031
mnist-784-euclidean,euclidean,mod-vamana,0.98,1.0,32,64,1101,784,1,1101,60000,60000,edge_to_coverage,,4,,,,,,,,54716.731,56676.0,7684,60000,57387,59718,0.0,0.0,0.0,40.4183,100.0,11.0838,10.0,32,665031
mnist-784-euclidean,euclidean,mod-vamana,0.98,1.0,32,64,1101,784,1,1101,60000,60000,edge_to_coverage,,5,,,,,,,,56467.842,57984.0,8719,60000,55225,59443,0.0,0.0,0.0,40.4183,100.0,11.0838,10.0,32,665031
mnist-784-euclidean,euclidean,mod-vamana,0.98,1.0,32,64,1101,784,1,1101,60000,60000,edge_to_coverage,,6,,,,,,,,57516.332,58692.0,11172,60000,52538,59071,0.0,0.0,0.0,40.4183,100.0,11.0838,10.0,32,665031
mnist-784-euclidean,euclidean,mod-vamana,0.98,1.0,32,64,1101,784,1,1101,60000,60000,edge_to_coverage,,7,,,,,,,,58159.626,59019.0,13678,60000,49609,58560,0.0,0.0,0.0,40.4183,100.0,11.0838,10.0,32,665031
mnist-784-euclidean,euclidean,mod-vamana,0.98,1.0,32,64,1101,784,1,1101,60000,60000,edge_to_coverage,,8,,,,,,,,58559.453,59237.0,19292,60000,46495,57997,0.0,0.0,0.0,40.4183,100.0,11.0838,10.0,32,665031
mnist-784-euclidean,euclidean,mod-vamana,0.98,1.0,32,64,1101,784,1,1101,60000,60000,edge_to_coverage,,9,,,,,,,,58819.86,59346.0,24251,60000,43693,57363,0.0,0.0,0.0,40.4183,100.0,11.0838,10.0,32,665031
mnist-784-euclidean,euclidean,mod-vamana,0.98,1.0,32,64,1101,784,1,1101,60000,60000,edge_to_coverage,,10,,,,,,,,58990.291,59455.0,24251,60000,41171,56695,0.0,0.0,0.0,40.4183,100.0,11.0838,10.0,32,665031
mnist-784-euclidean,euclidean,mod-vamana,0.98,1.0,32,64,1101,784,1,1101,60000,60000,edge_to_coverage,,11,,,,,,,,59101.734,59510.0,24251,60000,38975,56044,0.0,0.0,0.0,40.4183,100.0,11.0838,10.0,32,665031
mnist-784-euclidean,euclidean,mod-vamana,0.98,1.0,32,64,1101,784,1,1101,60000,60000,edge_to_coverage,,12,,,,,,,,59177.847,59564.0,24251,60000,37126,55449,0.0,0.0,0.0,40.4183,100.0,11.0838,10.0,32,665031
mnist-784-euclidean,euclidean,mod-vamana,0.98,1.0,32,64,1101,784,1,1101,60000,60000,edge_to_coverage,,13,,,,,,,,59229.761,59564.0,24251,60000,35573,54848,0.0,0.0,0.0,40.4183,100.0,11.0838,10.0,32,665031
mnist-784-euclidean,euclidean,mod-vamana,0.98,1.0,32,64,1101,784,1,1101,60000,60000,edge_to_coverage,,14,,,,,,,,59264.674,59619.0,24251,60000,34347,54317,0.0,0.0,0.0,40.4183,100.0,11.0838,10.0,32,665031
mnist-784-euclidean,euclidean,mod-vamana,0.98,1.0,32,64,1101,784,1,1101,60000,60000,edge_to_coverage,,15,,,,,,,,59289.214,59619.0,24251,60000,33400,53838,0.0,0.0,0.0,40.4183,100.0,11.0838,10.0,32,665031
mnist-784-euclidean,euclidean,mod-vamana,0.98,1.0,32,64,1101,784,1,1101,60000,60000,edge_to_coverage,,16,,,,,,,,59306.168,59673.0,24251,60000,32647,53370,0.0,0.0,0.0,40.4183,100.0,11.0838,10.0,32,665031
mnist-784-euclidean,euclidean,mod-vamana,0.98,1.0,32,64,1101,784,1,1101,60000,60000,edge_to_coverage,,17,,,,,,,,59318.78,59673.0,24251,60000,32066,52960,0.0,0.0,0.0,40.4183,100.0,11.0838,10.0,32,665031
mnist-784-euclidean,euclidean,mod-vamana,0.98,1.0,32,64,1101,784,1,1101,60000,60000,edge_to_coverage,,18,,,,,,,,59327.607,59673.0,24251,60000,31569,52626,0.0,0.0,0.0,40.4183,100.0,11.0838,10.0,32,665031
mnist-784-euclidean,euclidean,mod-vamana,0.98,1.0,32,64,1101,784,1,1101,60000,60000,edge_to_coverage,,19,,,,,,,,59334.02,59673.0,24251,60000,31228,52306,0.0,0.0,0.0,40.4183,100.0,11.0838,10.0,32,665031
mnist-784-euclidean,euclidean,mod-vamana,0.98,1.0,32,64,1101,784,1,1101,60000,60000,edge_to_coverage,,20,,,,,,,,59338.28,59673.0,24251,60000,30978,52051,0.0,0.0,0.0,40.4183,100.0,11.0838,10.0,32,665031
mnist-784-euclidean,euclidean,mod-vamana,0.98,1.0,32,64,1101,784,1,1101,60000,60000,edge_to_coverage,,21,,,,,,,,59341.47,59673.0,24251,60000,30785,51824,0.0,0.0,0.0,40.4183,100.0,11.0838,10.0,32,665031
mnist-784-euclidean,euclidean,mod-vamana,0.98,1.0,32,64,1101,784,1,1101,60000,60000,edge_to_coverage,,22,,,,,,,,59343.732,59673.0,24251,60000,30658,51641,0.0,0.0,0.0,40.4183,100.0,11.0838,10.0,32,665031
mnist-784-euclidean,euclidean,mod-vamana,0.98,1.0,32,64,1101,784,1,1101,60000,60000,edge_to_coverage,,23,,,,,,,,59345.376,59673.0,24251,60000,30544,51493,0.0,0.0,0.0,40.4183,100.0,11.0838,10.0,32,665031
mnist-784-euclidean,euclidean,mod-vamana,0.98,1.0,32,64,1101,784,1,1101,60000,60000,edge_to_coverage,,24,,,,,,,,59346.77,59673.0,24251,60000,30445,51355,0.0,0.0,0.0,40.4183,100.0,11.0838,10.0,32,665031
mnist-784-euclidean,euclidean,mod-vamana,0.98,1.0,32,64,1101,784,1,1101,60000,60000,edge_to_coverage,,25,,,,,,,,59347.681,59673.0,24251,60000,30375,51240,0.0,0.0,0.0,40.4183,100.0,11.0838,10.0,32,665031
mnist-784-euclidean,euclidean,mod-vamana,0.98,1.0,32,64,1101,784,1,1101,60000,60000,edge_to_coverage,,26,,,,,,,,59348.23,59673.0,24251,60000,30326,51167,0.0,0.0,0.0,40.4183,100.0,11.0838,10.0,32,665031
mnist-784-euclidean,euclidean,mod-vamana,0.98,1.0,32,64,1101,784,1,1101,60000,60000,edge_to_coverage,,27,,,,,,,,59348.6,59673.0,24251,60000,30303,51106,0.0,0.0,0.0,40.4183,100.0,11.0838,10.0,32,665031
mnist-784-euclidean,euclidean,mod-vamana,0.98,1.0,32,64,1101,784,1,1101,60000,60000,edge_to_coverage,,28,,,,,,,,59348.873,59673.0,24251,60000,30284,51056,0.0,0.0,0.0,40.4183,100.0,11.0838,10.0,32,665031
mnist-784-euclidean,euclidean,mod-vamana,0.98,1.0,32,64,1101,784,1,1101,60000,60000,edge_to_coverage,,29,,,,,,,,59349.044,59673.0,24251,60000,30271,51023,0.0,0.0,0.0,40.4183,100.0,11.0838,10.0,32,665031
mnist-784-euclidean,euclidean,mod-vamana,0.98,1.0,32,64,1101,784,1,1101,60000,60000,edge_to_coverage,,30,,,,,,,,59349.166,59673.0,24251,60000,30262,50992,0.0,0.0,0.0,40.4183,100.0,11.0838,10.0,32,665031
mnist-784-euclidean,euclidean,mod-vamana,0.98,1.0,32,64,1101,784,1,1101,60000,60000,edge_to_coverage,,31,,,,,,,,59349.246,59673.0,24251,60000,30256,50962,0.0,0.0,0.0,40.4183,100.0,11.0838,10.0,32,665031
mnist-784-euclidean,euclidean,mod-vamana,0.98,1.0,32,64,1101,784,1,1101,60000,60000,edge_to_coverage,,32,,,,,,,,59349.275,59673.0,24251,60000,30256,50957,0.0,0.0,0.0,40.4183,100.0,11.0838,10.0,32,665031
mnist-784-euclidean,euclidean,mod-vamana,0.99,1.0,32,64,1101,784,1,1101,60000,60000,coverage_to_degree,90.0,,3.831,3.0,1,20,4.0,1,130,,,,,,,0.0,0.0,0.0,42.4167,100.0,12.4894,11.0,32,749363
mnist-784-euclidean,euclidean,mod-vamana,0.99,1.0,32,64,1101,784,1,1101,60000,60000,coverage_to_degree,90.5,,3.925,4.0,1,20,4.0,1,133,,,,,,,0.0,0.0,0.0,42.4167,100.0,12.4894,11.0,32,749363
mnist-784-euclidean,euclidean,mod-vamana,0.99,1.0,32,64,1101,784,1,1101,60000,60000,coverage_to_degree,91.0,,4.01,4.0,1,22,4.0,1,142,,,,,,,0.0,0.0,0.0,42.4167,100.0,12.4894,11.0,32,749363
mnist-784-euclidean,euclidean,mod-vamana,0.99,1.0,32,64,1101,784,1,1101,60000,60000,coverage_to_degree,91.5,,4.117,4.0,1,22,4.0,1,148,,,,,,,0.0,0.0,0.0,42.4167,100.0,12.4894,11.0,32,749363
mnist-784-euclidean,euclidean,mod-vamana,0.99,1.0,32,64,1101,784,1,1101,60000,60000,coverage_to_degree,92.0,,4.215,4.0,1,22,4.0,1,155,,,,,,,0.0,0.0,0.0,42.4167,100.0,12.4894,11.0,32,749363
mnist-784-euclidean,euclidean,mod-vamana,0.99,1.0,32,64,1101,784,1,1101,60000,60000,coverage_to_degree,92.5,,4.341,4.0,1,22,4.0,1,161,,,,,,,0.0,0.0,0.0,42.4167,100.0,12.4894,11.0,32,749363
mnist-784-euclidean,euclidean,mod-vamana,0.99,1.0,32,64,1101,784,1,1101,60000,60000,coverage_to_degree,93.0,,4.456,4.0,1,22,4.0,1,170,,,,,,,0.0,0.0,0.0,42.4167,100.0,12.4894,11.0,32,749363
mnist-784-euclidean,euclidean,mod-vamana,0.99,1.0,32,64,1101,784,1,1101,60000,60000,coverage_to_degree,93.5,,4.602,4.0,1,23,4.0,1,179,,,,,,,0.0,0.0,0.0,42.4167,100.0,12.4894,11.0,32,749363
mnist-784-euclidean,euclidean,mod-vamana,0.99,1.0,32,64,1101,784,1,1101,60000,60000,coverage_to_degree,94.0,,4.735,4.0,1,24,4.0,1,188,,,,,,,0.0,0.0,0.0,42.4167,100.0,12.4894,11.0,32,749363
mnist-784-euclidean,euclidean,mod-vamana,0.99,1.0,32,64,1101,784,1,1101,60000,60000,coverage_to_degree,94.5,,4.914,4.0,1,24,5.0,1,205,,,,,,,0.0,0.0,0.0,42.4167,100.0,12.4894,11.0,32,749363
mnist-784-euclidean,euclidean,mod-vamana,0.99,1.0,32,64,1101,784,1,1101,60000,60000,coverage_to_degree,95.0,,5.081,5.0,1,24,5.0,1,218,,,,,,,0.0,0.0,0.0,42.4167,100.0,12.4894,11.0,32,749363
mnist-784-euclidean,euclidean,mod-vamana,0.99,1.0,32,64,1101,784,1,1101,60000,60000,coverage_to_degree,95.5,,5.304,5.0,1,24,5.0,1,245,,,,,,,0.0,0.0,0.0,42.4167,100.0,12.4894,11.0,32,749363
mnist-784-euclidean,euclidean,mod-vamana,0.99,1.0,32,64,1101,784,1,1101,60000,60000,coverage_to_degree,96.0,,5.515,5.0,1,25,5.0,1,266,,,,,,,0.0,0.0,0.0,42.4167,100.0,12.4894,11.0,32,749363
mnist-784-euclidean,euclidean,mod-vamana,0.99,1.0,32,64,1101,784,1,1101,60000,60000,coverage_to_degree,96.5,,5.803,5.0,1,25,5.0,1,293,,,,,,,0.0,0.0,0.0,42.4167,100.0,12.4894,11.0,32,749363
mnist-784-euclidean,euclidean,mod-vamana,0.99,1.0,32,64,1101,784,1,1101,60000,60000,coverage_to_degree,97.0,,6.084,6.0,1,27,6.0,1,327,,,,,,,0.0,0.0,0.0,42.4167,100.0,12.4894,11.0,32,749363
mnist-784-euclidean,euclidean,mod-vamana,0.99,1.0,32,64,1101,784,1,1101,60000,60000,coverage_to_degree,97.5,,6.494,6.0,1,28,6.0,1,366,,,,,,,0.0,0.0,0.0,42.4167,100.0,12.4894,11.0,32,749363
mnist-784-euclidean,euclidean,mod-vamana,0.99,1.0,32,64,1101,784,1,1101,60000,60000,coverage_to_degree,98.0,,6.909,6.0,1,29,6.0,1,405,,,,,,,0.0,0.0,0.0,42.4167,100.0,12.4894,11.0,32,749363
mnist-784-euclidean,euclidean,mod-vamana,0.99,1.0,32,64,1101,784,1,1101,60000,60000,coverage_to_degree,98.5,,7.552,7.0,1,29,7.0,1,465,,,,,,,0.0,0.0,0.0,42.4167,100.0,12.4894,11.0,32,749363
mnist-784-euclidean,euclidean,mod-vamana,0.99,1.0,32,64,1101,784,1,1101,60000,60000,coverage_to_degree,99.0,,8.268,8.0,1,32,8.0,1,517,,,,,,,0.0,0.0,0.0,42.4167,100.0,12.4894,11.0,32,749363
mnist-784-euclidean,euclidean,mod-vamana,0.99,1.0,32,64,1101,784,1,1101,60000,60000,coverage_to_degree,99.5,,9.521,9.0,1,32,9.0,1,597,,,,,,,0.0,0.0,0.0,42.4167,100.0,12.4894,11.0,32,749363
mnist-784-euclidean,euclidean,mod-vamana,0.99,1.0,32,64,1101,784,1,1101,60000,60000,coverage_to_degree,100.0,,11.637,10.0,1,32,10.0,1,729,,,,,,,0.0,0.0,0.0,42.4167,100.0,12.4894,11.0,32,749363
mnist-784-euclidean,euclidean,mod-vamana,0.99,1.0,32,64,1101,784,1,1101,60000,60000,edge_to_coverage,,1,,,,,,,,32607.939,33406.0,54,60000,59965,59997,0.0,0.0,0.0,42.4167,100.0,12.4894,11.0,32,749363
mnist-784-euclidean,euclidean,mod-vamana,0.99,1.0,32,64,1101,784,1,1101,60000,60000,edge_to_coverage,,2,,,,,,,,45528.974,48447.0,1199,60000,59659,59973,0.0,0.0,0.0,42.4167,100.0,12.4894,11.0,32,749363
mnist-784-euclidean,euclidean,mod-vamana,0.99,1.0,32,64,1101,784,1,1101,60000,60000,edge_to_coverage,,3,,,,,,,,51530.109,54060.0,6322,60000,58707,59873,0.0,0.0,0.0,42.4167,100.0,12.4894,11.0,32,749363
mnist-784-euclidean,euclidean,mod-vamana,0.99,1.0,32,64,1101,784,1,1101,60000,60000,edge_to_coverage,,4,,,,,,,,54691.713,56676.0,7684,60000,56974,59656,0.0,0.0,0.0,42.4167,100.0,12.4894,11.0,32,749363
mnist-784-euclidean,euclidean,mod-vamana,0.99,1.0,32,64,1101,784,1,1101,60000,60000,edge_to_coverage,,5,,,,,,,,56464.131,57984.0,8719,60000,54350,59293,0.0,0.0,0.0,42.4167,100.0,12.4894,11.0,32,749363
mnist-784-euclidean,euclidean,mod-vamana,0.99,1.0,32,64,1101,784,1,1101,60000,60000,edge_to_coverage,,6,,,,,,,,57528.415,58692.0,11172,60000,50996,58802,0.0,0.0,0.0,42.4167,100.0,12.4894,11.0,32,749363
mnist-784-euclidean,euclidean,mod-vamana,0.99,1.0,32,64,1101,784,1,1101,60000,60000,edge_to_coverage,,7,,,,,,,,58196.812,59128.0,12970,60000,47269,58203,0.0,0.0,0.0,42.4167,100.0,12.4894,11.0,32,749363
mnist-784-euclidean,euclidean,mod-vamana,0.99,1.0,32,64,1101,784,1,1101,60000,60000,edge_to_coverage,,8,,,,,,,,58619.761,59346.0,19292,60000,43470,57459,0.0,0.0,0.0,42.4167,100.0,12.4894,11.0,32,749363
mnist-784-euclidean,euclidean,mod-vamana,0.99,1.0,32,64,1101,784,1,1101,60000,60000,edge_to_coverage,,9,,,,,,,,58897.664,59510.0,25450,60000,39811,56636,0.0,0.0,0.0,42.4167,100.0,12.4894,11.0,32,749363
mnist-784-euclidean,euclidean,mod-vamana,0.99,1.0,32,64,1101,784,1,1101,60000,60000,edge_to_coverage,,10,,,,,,,,59083.397,59564.0,25450,60000,36466,55746,0.0,0.0,0.0,42.4167,100.0,12.4894,11.0,32,749363
mnist-784-euclidean,euclidean,mod-vamana,0.99,1.0,32,64,1101,784,1,1101,60000,60000,edge_to_coverage,,11,,,,,,,,59207.683,59619.0,25450,60000,33663,54870,0.0,0.0,0.0,42.4167,100.0,12.4894,11.0,32,749363
mnist-784-euclidean,euclidean,mod-vamana,0.99,1.0,32,64,1101,784,1,1101,60000,60000,edge_to_coverage,,12,,,,,,,,59292.912,59673.0,25450,60000,31248,54020,0.0,0.0,0.0,42.4167,100.0,12.4894,11.0,32,749363
mnist-784-euclidean,euclidean,mod-vamana,0.99,1.0,32,64,1101,784,1,1101,60000,60000,edge_to_coverage,,13,,,,,,,,59353.064,59728.0,25450,60000,29269,53180,0.0,0.0,0.0,42.4167,100.0,12.4894,11.0,32,749363
mnist-784-euclidean,euclidean,mod-vamana,0.99,1.0,32,64,1101,784,1,1101,60000,60000,edge_to_coverage,,14,,,,,,,,59394.463,59728.0,25450,60000,27680,52457,0.0,0.0,0.0,42.4167,100.0,12.4894,11.0,32,749363
mnist-784-euclidean,euclidean,mod-vamana,0.99,1.0,32,64,1101,784,1,1101,60000,60000,edge_to_coverage,,15,,,,,,,,59422.873,59728.0,25450,60000,26449,51764,0.0,0.0,0.0,42.4167,100.0,12.4894,11.0,32,749363
mnist-784-euclidean,euclidean,mod-vamana,0.99,1.0,32,64,1101,784,1,1101,60000,60000,edge_to_coverage,,16,,,,,,,,59444.011,59782.0,25450,60000,25458,51151,0.0,0.0,0.0,42.4167,100.0,12.4894,11.0,32,749363
mnist-784-euclidean,euclidean,mod-vamana,0.99,1.0,32,64,1101,784,1,1101,60000,60000,edge_to_coverage,,17,,,,,,,,59458.213,59782.0,25450,60000,24760,50620,0.0,0.0,0.0,42.4167,100.0,12.4894,11.0,32,749363
mnist-784-euclidean,euclidean,mod-vamana,0.99,1.0,32,64,1101,784,1,1101,60000,60000,edge_to_coverage,,18,,,,,,,,59469.143,59782.0,25450,60000,24162,50111,0.0,0.0,0.0,42.4167,100.0,12.4894,11.0,32,749363
mnist-784-euclidean,euclidean,mod-vamana,0.99,1.0,32,64,1101,784,1,1101,60000,60000,edge_to_coverage,,19,,,,,,,,59476.968,59782.0,25450,60000,23697,49659,0.0,0.0,0.0,42.4167,100.0,12.4894,11.0,32,749363
mnist-784-euclidean,euclidean,mod-vamana,0.99,1.0,32,64,1101,784,1,1101,60000,60000,edge_to_coverage,,20,,,,,,,,59482.586,59782.0,25450,60000,23365,49321,0.0,0.0,0.0,42.4167,100.0,12.4894,11.0,32,749363
mnist-784-euclidean,euclidean,mod-vamana,0.99,1.0,32,64,1101,784,1,1101,60000,60000,edge_to_coverage,,21,,,,,,,,59486.676,59782.0,25450,60000,23100,48976,0.0,0.0,0.0,42.4167,100.0,12.4894,11.0,32,749363
mnist-784-euclidean,euclidean,mod-vamana,0.99,1.0,32,64,1101,784,1,1101,60000,60000,edge_to_coverage,,22,,,,,,,,59489.921,59782.0,25450,60000,22916,48709,0.0,0.0,0.0,42.4167,100.0,12.4894,11.0,32,749363
mnist-784-euclidean,euclidean,mod-vamana,0.99,1.0,32,64,1101,784,1,1101,60000,60000,edge_to_coverage,,23,,,,,,,,59492.086,59837.0,25450,60000,22788,48494,0.0,0.0,0.0,42.4167,100.0,12.4894,11.0,32,749363
mnist-784-euclidean,euclidean,mod-vamana,0.99,1.0,32,64,1101,784,1,1101,60000,60000,edge_to_coverage,,24,,,,,,,,59493.572,59837.0,25450,60000,22679,48322,0.0,0.0,0.0,42.4167,100.0,12.4894,11.0,32,749363
mnist-784-euclidean,euclidean,mod-vamana,0.99,1.0,32,64,1101,784,1,1101,60000,60000,edge_to_coverage,,25,,,,,,,,59494.826,59837.0,25450,60000,22581,48161,0.0,0.0,0.0,42.4167,100.0,12.4894,11.0,32,749363
mnist-784-euclidean,euclidean,mod-vamana,0.99,1.0,32,64,1101,784,1,1101,60000,60000,edge_to_coverage,,26,,,,,,,,59495.684,59837.0,25450,60000,22521,48015,0.0,0.0,0.0,42.4167,100.0,12.4894,11.0,32,749363
mnist-784-euclidean,euclidean,mod-vamana,0.99,1.0,32,64,1101,784,1,1101,60000,60000,edge_to_coverage,,27,,,,,,,,59496.196,59837.0,25450,60000,22486,47923,0.0,0.0,0.0,42.4167,100.0,12.4894,11.0,32,749363
mnist-784-euclidean,euclidean,mod-vamana,0.99,1.0,32,64,1101,784,1,1101,60000,60000,edge_to_coverage,,28,,,,,,,,59496.595,59837.0,25450,60000,22454,47855,0.0,0.0,0.0,42.4167,100.0,12.4894,11.0,32,749363
mnist-784-euclidean,euclidean,mod-vamana,0.99,1.0,32,64,1101,784,1,1101,60000,60000,edge_to_coverage,,29,,,,,,,,59496.823,59837.0,25450,60000,22441,47801,0.0,0.0,0.0,42.4167,100.0,12.4894,11.0,32,749363
mnist-784-euclidean,euclidean,mod-vamana,0.99,1.0,32,64,1101,784,1,1101,60000,60000,edge_to_coverage,,30,,,,,,,,59496.932,59837.0,25450,60000,22434,47771,0.0,0.0,0.0,42.4167,100.0,12.4894,11.0,32,749363
mnist-784-euclidean,euclidean,mod-vamana,0.99,1.0,32,64,1101,784,1,1101,60000,60000,edge_to_coverage,,31,,,,,,,,59497.02,59837.0,25450,60000,22432,47745,0.0,0.0,0.0,42.4167,100.0,12.4894,11.0,32,749363
mnist-784-euclidean,euclidean,mod-vamana,0.99,1.0,32,64,1101,784,1,1101,60000,60000,edge_to_coverage,,32,,,,,,,,59497.058,59837.0,25450,60000,22432,47733,0.0,0.0,0.0,42.4167,100.0,12.4894,11.0,32,749363
mnist-784-euclidean,euclidean,mod-vamana,1.0,1.0,32,64,1101,784,1,1101,60000,60000,coverage_to_degree,90.0,,3.872,3.0,1,21,4.0,1,110,,,,,,,0.0,0.0,0.0,40.4183,100.0,15.0093,14.0,32,900559
mnist-784-euclidean,euclidean,mod-vamana,1.0,1.0,32,64,1101,784,1,1101,60000,60000,coverage_to_degree,90.5,,3.97,4.0,1,22,4.0,1,115,,,,,,,0.0,0.0,0.0,40.4183,100.0,15.0093,14.0,32,900559
mnist-784-euclidean,euclidean,mod-vamana,1.0,1.0,32,64,1101,784,1,1101,60000,60000,coverage_to_degree,91.0,,4.058,4.0,1,23,4.0,1,121,,,,,,,0.0,0.0,0.0,40.4183,100.0,15.0093,14.0,32,900559
mnist-784-euclidean,euclidean,mod-vamana,1.0,1.0,32,64,1101,784,1,1101,60000,60000,coverage_to_degree,91.5,,4.168,4.0,1,25,4.0,1,130,,,,,,,0.0,0.0,0.0,40.4183,100.0,15.0093,14.0,32,900559
mnist-784-euclidean,euclidean,mod-vamana,1.0,1.0,32,64,1101,784,1,1101,60000,60000,coverage_to_degree,92.0,,4.269,4.0,1,25,4.0,1,138,,,,,,,0.0,0.0,0.0,40.4183,100.0,15.0093,14.0,32,900559
mnist-784-euclidean,euclidean,mod-vamana,1.0,1.0,32,64,1101,784,1,1101,60000,60000,coverage_to_degree,92.5,,4.399,4.0,1,25,4.0,1,148,,,,,,,0.0,0.0,0.0,40.4183,100.0,15.0093,14.0,32,900559
mnist-784-euclidean,euclidean,mod-vamana,1.0,1.0,32,64,1101,784,1,1101,60000,60000,coverage_to_degree,93.0,,4.516,4.0,1,25,4.0,1,156,,,,,,,0.0,0.0,0.0,40.4183,100.0,15.0093,14.0,32,900559
mnist-784-euclidean,euclidean,mod-vamana,1.0,1.0,32,64,1101,784,1,1101,60000,60000,coverage_to_degree,93.5,,4.669,4.0,1,25,4.0,1,162,,,,,,,0.0,0.0,0.0,40.4183,100.0,15.0093,14.0,32,900559
mnist-784-euclidean,euclidean,mod-vamana,1.0,1.0,32,64,1101,784,1,1101,60000,60000,coverage_to_degree,94.0,,4.808,4.0,1,26,5.0,1,168,,,,,,,0.0,0.0,0.0,40.4183,100.0,15.0093,14.0,32,900559
mnist-784-euclidean,euclidean,mod-vamana,1.0,1.0,32,64,1101,784,1,1101,60000,60000,coverage_to_degree,94.5,,4.992,5.0,1,26,5.0,1,187,,,,,,,0.0,0.0,0.0,40.4183,100.0,15.0093,14.0,32,900559
mnist-784-euclidean,euclidean,mod-vamana,1.0,1.0,32,64,1101,784,1,1101,60000,60000,coverage_to_degree,95.0,,5.162,5.0,1,26,5.0,1,204,,,,,,,0.0,0.0,0.0,40.4183,100.0,15.0093,14.0,32,900559
mnist-784-euclidean,euclidean,mod-vamana,1.0,1.0,32,64,1101,784,1,1101,60000,60000,coverage_to_degree,95.5,,5.393,5.0,1,27,5.0,1,230,,,,,,,0.0,0.0,0.0,40.4183,100.0,15.0093,14.0,32,900559
mnist-784-euclidean,euclidean,mod-vamana,1.0,1.0,32,64,1101,784,1,1101,60000,60000,coverage_to_degree,96.0,,5.613,5.0,1,28,5.0,1,242,,,,,,,0.0,0.0,0.0,40.4183,100.0,15.0093,14.0,32,900559
mnist-784-euclidean,euclidean,mod-vamana,1.0,1.0,32,64,1101,784,1,1101,60000,60000,coverage_to_degree,96.5,,5.911,5.0,1,28,6.0,1,259,,,,,,,0.0,0.0,0.0,40.4183,100.0,15.0093,14.0,32,900559
mnist-784-euclidean,euclidean,mod-vamana,1.0,1.0,32,64,1101,784,1,1101,60000,60000,coverage_to_degree,97.0,,6.205,6.0,1,29,6.0,1,280,,,,,,,0.0,0.0,0.0,40.4183,100.0,15.0093,14.0,32,900559
mnist-784-euclidean,euclidean,mod-vamana,1.0,1.0,32,64,1101,784,1,1101,60000,60000,coverage_to_degree,97.5,,6.631,6.0,1,30,6.0,1,311,,,,,,,0.0,0.0,0.0,40.4183,100.0,15.0093,14.0,32,900559
mnist-784-euclidean,euclidean,mod-vamana,1.0,1.0,32,64,1101,784,1,1101,60000,60000,coverage_to_degree,98.0,,7.068,6.0,1,30,7.0,1,347,,,,,,,0.0,0.0,0.0,40.4183,100.0,15.0093,14.0,32,900559
mnist-784-euclidean,euclidean,mod-vamana,1.0,1.0,32,64,1101,784,1,1101,60000,60000,coverage_to_degree,98.5,,7.754,7.0,1,32,7.0,1,403,,,,,,,0.0,0.0,0.0,40.4183,100.0,15.0093,14.0,32,900559
mnist-784-euclidean,euclidean,mod-vamana,1.0,1.0,32,64,1101,784,1,1101,60000,60000,coverage_to_degree,99.0,,8.551,8.0,1,32,8.0,1,461,,,,,,,0.0,0.0,0.0,40.4183,100.0,15.0093,14.0,32,900559
mnist-784-euclidean,euclidean,mod-vamana,1.0,1.0,32,64,1101,784,1,1101,60000,60000,coverage_to_degree,99.5,,10.109,9.0,1,32,9.0,1,569,,,,,,,0.0,0.0,0.0,40.4183,100.0,15.0093,14.0,32,900559
mnist-784-euclidean,euclidean,mod-vamana,1.0,1.0,32,64,1101,784,1,1101,60000,60000,coverage_to_degree,100.0,,13.372,12.0,1,32,12.0,1,755,,,,,,,0.0,0.0,0.0,40.4183,100.0,15.0093,14.0,32,900559
mnist-784-euclidean,euclidean,mod-vamana,1.0,1.0,32,64,1101,784,1,1101,60000,60000,edge_to_coverage,,1,,,,,,,,32599.485,33406.0,54,60000,59966,59997,0.0,0.0,0.0,40.4183,100.0,15.0093,14.0,32,900559
mnist-784-euclidean,euclidean,mod-vamana,1.0,1.0,32,64,1101,784,1,1101,60000,60000,edge_to_coverage,,2,,,,,,,,45464.006,48392.0,1199,60000,59636,59970,0.0,0.0,0.0,40.4183,100.0,15.0093,14.0,32,900559
mnist-784-euclidean,euclidean,mod-vamana,1.0,1.0,32,64,1101,784,1,1101,60000,60000,edge_to_coverage,,3,,,,,,,,51453.321,54005.0,6322,60000,58666,59854,0.0,0.0,0.0,40.4183,100.0,15.0093,14.0,32,900559
mnist-784-euclidean,euclidean,mod-vamana,1.0,1.0,32,64,1101,784,1,1101,60000,60000,edge_to_coverage,,4,,,,,,,,54603.946,56567.0,7684,60000,56732,59528,0.0,0.0,0.0,40.4183,100.0,15.0093,14.0,32,900559
mnist-784-euclidean,euclidean,mod-vamana,1.0,1.0,32,64,1101,784,1,1101,60000,60000,edge_to_coverage,,5,,,,,,,,56378.335,57929.0,8719,60000,53777,59000,0.0,0.0,0.0,40.4183,100.0,15.0093,14.0,32,900559
mnist-784-euclidean,euclidean,mod-vamana,1.0,1.0,32,64,1101,784,1,1101,60000,60000,edge_to_coverage,,6,,,,,,,,57465.431,58638.0,11172,60000,49992,58218,0.0,0.0,0.0,40.4183,100.0,15.0093,14.0,32,900559
mnist-784-euclidean,euclidean,mod-vamana,1.0,1.0,32,64,1101,784,1,1101,60000,60000,edge_to_coverage,,7,,,,,,,,58153.259,59074.0,12970,60000,45658,57187,0.0,0.0,0.0,40.4183,100.0,15.0093,14.0,32,900559
mnist-784-euclidean,euclidean,mod-vamana,1.0,1.0,32,64,1101,784,1,1101,60000,60000,edge_to_coverage,,8,,,,,,,,58595.05,59346.0,19292,60000,41027,55990,0.0,0.0,0.0,40.4183,100.0,15.0093,14.0,32,900559
mnist-784-euclidean,euclidean,mod-vamana,1.0,1.0,32,64,1101,784,1,1101,60000,60000,edge_to_coverage,,9,,,,,,,,58890.76,59510.0,24251,60000,36576,54603,0.0,0.0,0.0,40.4183,100.0,15.0093,14.0,32,900559
mnist-784-euclidean,euclidean,mod-vamana,1.0,1.0,32,64,1101,784,1,1101,60000,60000,edge_to_coverage,,10,,,,,,,,59093.342,59673.0,24251,60000,32417,53140,0.0,0.0,0.0,40.4183,100.0,15.0093,14.0,32,900559
mnist-784-euclidean,euclidean,mod-vamana,1.0,1.0,32,64,1101,784,1,1101,60000,60000,edge_to_coverage,,11,,,,,,,,59234.793,59728.0,24251,60000,28882,51537,0.0,0.0,0.0,40.4183,100.0,15.0093,14.0,32,900559
mnist-784-euclidean,euclidean,mod-vamana,1.0,1.0,32,64,1101,784,1,1101,60000,60000,edge_to_coverage,,12,,,,,,,,59332.111,59782.0,24251,60000,25896,50078,0.0,0.0,0.0,40.4183,100.0,15.0093,14.0,32,900559
mnist-784-euclidean,euclidean,mod-vamana,1.0,1.0,32,64,1101,784,1,1101,60000,60000,edge_to_coverage,,13,,,,,,,,59400.571,59837.0,24251,60000,23507,48701,0.0,0.0,0.0,40.4183,100.0,15.0093,14.0,32,900559
mnist-784-euclidean,euclidean,mod-vamana,1.0,1.0,32,64,1101,784,1,1101,60000,60000,edge_to_coverage,,14,,,,,,,,59451.018,59837.0,24251,60000,21488,47443,0.0,0.0,0.0,40.4183,100.0,15.0093,14.0,32,900559
mnist-784-euclidean,euclidean,mod-vamana,1.0,1.0,32,64,1101,784,1,1101,60000,60000,edge_to_coverage,,15,,,,,,,,59486.149,59837.0,24251,60000,19955,46294,0.0,0.0,0.0,40.4183,100.0,15.0093,14.0,32,900559
mnist-784-euclidean,euclidean,mod-vamana,1.0,1.0,32,64,1101,784,1,1101,60000,60000,edge_to_coverage,,16,,,,,,,,59512.681,59891.0,24251,60000,18741,45225,0.0,0.0,0.0,40.4183,100.0,15.0093,14.0,32,900559
mnist-784-euclidean,euclidean,mod-vamana,1.0,1.0,32,64,1101,784,1,1101,60000,60000,edge_to_coverage,,17,,,,,,,,59532.106,59891.0,24251,60000,17788,44261,0.0,0.0,0.0,40.4183,100.0,15.0093,14.0,32,900559
mnist-784-euclidean,euclidean,mod-vamana,1.0,1.0,32,64,1101,784,1,1101,60000,60000,edge_to_coverage,,18,,,,,,,,59545.814,59891.0,24251,60000,17078,43391,0.0,0.0,0.0,40.4183,100.0,15.0093,14.0,32,900559
mnist-784-euclidean,euclidean,mod-vamana,1.0,1.0,32,64,1101,784,1,1101,60000,60000,edge_to_coverage,,19,,,,,,,,59556.292,59891.0,24251,60000,16483,42683,0.0,0.0,0.0,40.4183,100.0,15.0093,14.0,32,900559
mnist-784-euclidean,euclidean,mod-vamana,1.0,1.0,32,64,1101,784,1,1101,60000,60000,edge_to_coverage,,20,,,,,,,,59563.895,59891.0,24251,60000,16043,42079,0.0,0.0,0.0,40.4183,100.0,15.0093,14.0,32,900559
mnist-784-euclidean,euclidean,mod-vamana,1.0,1.0,32,64,1101,784,1,1101,60000,60000,edge_to_coverage,,21,,,,,,,,59569.484,59891.0,24251,60000,15693,41563,0.0,0.0,0.0,40.4183,100.0,15.0093,14.0,32,900559
mnist-784-euclidean,euclidean,mod-vamana,1.0,1.0,32,64,1101,784,1,1101,60000,60000,edge_to_coverage,,22,,,,,,,,59573.544,59891.0,24251,60000,15433,41142,0.0,0.0,0.0,40.4183,100.0,15.0093,14.0,32,900559
mnist-784-euclidean,euclidean,mod-vamana,1.0,1.0,32,64,1101,784,1,1101,60000,60000,edge_to_coverage,,23,,,,,,,,59576.678,59891.0,24251,60000,15254,40817,0.0,0.0,0.0,40.4183,100.0,15.0093,14.0,32,900559
mnist-784-euclidean,euclidean,mod-vamana,1.0,1.0,32,64,1101,784,1,1101,60000,60000,edge_to_coverage,,24,,,,,,,,59578.94,59891.0,24251,60000,15130,40479,0.0,0.0,0.0,40.4183,100.0,15.0093,14.0,32,900559
mnist-784-euclidean,euclidean,mod-vamana,1.0,1.0,32,64,1101,784,1,1101,60000,60000,edge_to_coverage,,25,,,,,,,,59580.603,59891.0,24251,60000,15032,40254,0.0,0.0,0.0,40.4183,100.0,15.0093,14.0,32,900559
mnist-784-euclidean,euclidean,mod-vamana,1.0,1.0,32,64,1101,784,1,1101,60000,60000,edge_to_coverage,,26,,,,,,,,59581.709,59946.0,24251,60000,14970,40060,0.0,0.0,0.0,40.4183,100.0,15.0093,14.0,32,900559
mnist-784-euclidean,euclidean,mod-vamana,1.0,1.0,32,64,1101,784,1,1101,60000,60000,edge_to_coverage,,27,,,,,,,,59582.513,59946.0,24251,60000,14924,39900,0.0,0.0,0.0,40.4183,100.0,15.0093,14.0,32,900559
mnist-784-euclidean,euclidean,mod-vamana,1.0,1.0,32,64,1101,784,1,1101,60000,60000,edge_to_coverage,,28,,,,,,,,59583.05,59946.0,24251,60000,14895,39792,0.0,0.0,0.0,40.4183,100.0,15.0093,14.0,32,900559
mnist-784-euclidean,euclidean,mod-vamana,1.0,1.0,32,64,1101,784,1,1101,60000,60000,edge_to_coverage,,29,,,,,,,,59583.448,59946.0,24251,60000,14874,39690,0.0,0.0,0.0,40.4183,100.0,15.0093,14.0,32,900559
mnist-784-euclidean,euclidean,mod-vamana,1.0,1.0,32,64,1101,784,1,1101,60000,60000,edge_to_coverage,,30,,,,,,,,59583.808,59946.0,24251,60000,14853,39617,0.0,0.0,0.0,40.4183,100.0,15.0093,14.0,32,900559
mnist-784-euclidean,euclidean,mod-vamana,1.0,1.0,32,64,1101,784,1,1101,60000,60000,edge_to_coverage,,31,,,,,,,,59583.94,59946.0,24251,60000,14844,39577,0.0,0.0,0.0,40.4183,100.0,15.0093,14.0,32,900559
mnist-784-euclidean,euclidean,mod-vamana,1.0,1.0,32,64,1101,784,1,1101,60000,60000,edge_to_coverage,,32,,,,,,,,59584.0,59946.0,24251,60000,14842,39561,0.0,0.0,0.0,40.4183,100.0,15.0093,14.0,32,900559
