dataset,metric,method,gamma,alpha,R,L,S,dimensions,estimated coverage,coverage sample,sources,total points,sweep,coverage,edges,mean out degree,median out degree,min out degree,max out degree,median in degree,min in degree,max in degree,mean points covered,median points covered,min points covered,max points covered,sources below 99.5% coverage,sources below 100% coverage,build time (s),build wall (s),adjlist wall (s),graph min coverage,graph max coverage,graph avg out degree,graph median out degree,graph max out degree,graph total edges
coco_i2i-512-angular,euclidean,vamana,,1.0,32,64,,512,1,1164,113287,113287,coverage_to_degree,90.0,,4.383,4.0,1,32,4.0,1,417,,,,,,,0.0,0.0,0.0,0.0,100.0,14.7505,14.0,32,1671039
coco_i2i-512-angular,euclidean,vamana,,1.0,32,64,,512,1,1164,113287,113287,coverage_to_degree,90.5,,4.5,4.0,1,32,4.0,1,437,,,,,,,0.0,0.0,0.0,0.0,100.0,14.7505,14.0,32,1671039
coco_i2i-512-angular,euclidean,vamana,,1.0,32,64,,512,1,1164,113287,113287,coverage_to_degree,91.0,,4.626,4.0,1,32,4.0,1,463,,,,,,,0.0,0.0,0.0,0.0,100.0,14.7505,14.0,32,1671039
coco_i2i-512-angular,euclidean,vamana,,1.0,32,64,,512,1,1164,113287,113287,coverage_to_degree,91.5,,4.758,4.0,1,32,4.0,1,492,,,,,,,0.0,0.0,0.0,0.0,100.0,14.7505,14.0,32,1671039
coco_i2i-512-angular,euclidean,vamana,,1.0,32,64,,512,1,1164,113287,113287,coverage_to_degree,92.0,,4.877,4.0,1,32,4.0,1,515,,,,,,,0.0,0.0,0.0,0.0,100.0,14.7505,14.0,32,1671039
coco_i2i-512-angular,euclidean,vamana,,1.0,32,64,,512,1,1164,113287,113287,coverage_to_degree,92.5,,5.029,4.0,1,32,4.0,1,533,,,,,,,0.0,0.0,0.0,0.0,100.0,14.7505,14.0,32,1671039
coco_i2i-512-angular,euclidean,vamana,,1.0,32,64,,512,1,1164,113287,113287,coverage_to_degree,93.0,,5.195,4.0,1,32,5.0,1,566,,,,,,,0.0,0.0,0.0,0.0,100.0,14.7505,14.0,32,1671039
coco_i2i-512-angular,euclidean,vamana,,1.0,32,64,,512,1,1164,113287,113287,coverage_to_degree,93.5,,5.375,5.0,1,32,5.0,1,597,,,,,,,0.0,0.0,0.0,0.0,100.0,14.7505,14.0,32,1671039
coco_i2i-512-angular,euclidean,vamana,,1.0,32,64,,512,1,1164,113287,113287,coverage_to_degree,94.0,,5.573,5.0,1,32,5.0,1,654,,,,,,,0.0,0.0,0.0,0.0,100.0,14.7505,14.0,32,1671039
coco_i2i-512-angular,euclidean,vamana,,1.0,32,64,,512,1,1164,113287,113287,coverage_to_degree,94.5,,5.751,5.0,1,32,5.0,1,695,,,,,,,0.0,0.0,0.0,0.0,100.0,14.7505,14.0,32,1671039
coco_i2i-512-angular,euclidean,vamana,,1.0,32,64,,512,1,1164,113287,113287,coverage_to_degree,95.0,,5.988,5.0,1,32,5.0,1,735,,,,,,,0.0,0.0,0.0,0.0,100.0,14.7505,14.0,32,1671039
coco_i2i-512-angular,euclidean,vamana,,1.0,32,64,,512,1,1164,113287,113287,coverage_to_degree,95.5,,6.254,5.0,1,32,6.0,1,803,,,,,,,0.0,0.0,0.0,0.0,100.0,14.7505,14.0,32,1671039
coco_i2i-512-angular,euclidean,vamana,,1.0,32,64,,512,1,1164,113287,113287,coverage_to_degree,96.0,,6.556,6.0,1,32,6.0,1,870,,,,,,,0.0,0.0,0.0,0.0,100.0,14.7505,14.0,32,1671039
coco_i2i-512-angular,euclidean,vamana,,1.0,32,64,,512,1,1164,113287,113287,coverage_to_degree,96.5,,6.903,6.0,1,32,6.0,1,946,,,,,,,0.0,0.0,0.0,0.0,100.0,14.7505,14.0,32,1671039
coco_i2i-512-angular,euclidean,vamana,,1.0,32,64,,512,1,1164,113287,113287,coverage_to_degree,97.0,,7.306,6.0,1,32,6.0,1,1028,,,,,,,0.0,0.0,0.0,0.0,100.0,14.7505,14.0,32,1671039
coco_i2i-512-angular,euclidean,vamana,,1.0,32,64,,512,1,1164,113287,113287,coverage_to_degree,97.5,,7.701,7.0,1,32,7.0,1,1127,,,,,,,0.0,0.0,0.0,0.0,100.0,14.7505,14.0,32,1671039
coco_i2i-512-angular,euclidean,vamana,,1.0,32,64,,512,1,1164,113287,113287,coverage_to_degree,98.0,,8.268,7.0,1,32,7.0,1,1252,,,,,,,0.0,0.0,0.0,0.0,100.0,14.7505,14.0,32,1671039
coco_i2i-512-angular,euclidean,vamana,,1.0,32,64,,512,1,1164,113287,113287,coverage_to_degree,98.5,,8.992,8.0,1,32,8.0,1,1408,,,,,,,0.0,0.0,0.0,0.0,100.0,14.7505,14.0,32,1671039
coco_i2i-512-angular,euclidean,vamana,,1.0,32,64,,512,1,1164,113287,113287,coverage_to_degree,99.0,,9.972,9.0,1,32,9.0,1,1587,,,,,,,0.0,0.0,0.0,0.0,100.0,14.7505,14.0,32,1671039
coco_i2i-512-angular,euclidean,vamana,,1.0,32,64,,512,1,1164,113287,113287,coverage_to_degree,99.5,,11.479,10.0,1,32,10.0,1,1834,,,,,,,0.0,0.0,0.0,0.0,100.0,14.7505,14.0,32,1671039
coco_i2i-512-angular,euclidean,vamana,,1.0,32,64,,512,1,1164,113287,113287,coverage_to_degree,100.0,,13.915,13.0,1,32,12.0,1,2137,,,,,,,0.0,0.0,0.0,0.0,100.0,14.7505,14.0,32,1671039
coco_i2i-512-angular,euclidean,vamana,,1.0,32,64,,512,1,1164,113287,113287,edge_to_coverage,,1,,,,,,,,62856.83,64624.0,0,113287,113162,113273,0.0,0.0,0.0,0.0,100.0,14.7505,14.0,32,1671039
coco_i2i-512-angular,euclidean,vamana,,1.0,32,64,,512,1,1164,113287,113287,edge_to_coverage,,2,,,,,,,,84916.776,90124.0,0,113287,112482,113208,0.0,0.0,0.0,0.0,100.0,14.7505,14.0,32,1671039
coco_i2i-512-angular,euclidean,vamana,,1.0,32,64,,512,1,1164,113287,113287,edge_to_coverage,,3,,,,,,,,95174.079,100148.0,0,113287,110899,113025,0.0,0.0,0.0,0.0,100.0,14.7505,14.0,32,1671039
coco_i2i-512-angular,euclidean,vamana,,1.0,32,64,,512,1,1164,113287,113287,edge_to_coverage,,4,,,,,,,,100804.689,105112.0,0,113287,108252,112687,0.0,0.0,0.0,0.0,100.0,14.7505,14.0,32,1671039
coco_i2i-512-angular,euclidean,vamana,,1.0,32,64,,512,1,1164,113287,113287,edge_to_coverage,,5,,,,,,,,104155.411,107837.0,0,113287,104658,112182,0.0,0.0,0.0,0.0,100.0,14.7505,14.0,32,1671039
coco_i2i-512-angular,euclidean,vamana,,1.0,32,64,,512,1,1164,113287,113287,edge_to_coverage,,6,,,,,,,,106310.144,109394.0,0,113287,100425,111412,0.0,0.0,0.0,0.0,100.0,14.7505,14.0,32,1671039
coco_i2i-512-angular,euclidean,vamana,,1.0,32,64,,512,1,1164,113287,113287,edge_to_coverage,,7,,,,,,,,107760.441,110367.0,0,113287,95850,110470,0.0,0.0,0.0,0.0,100.0,14.7505,14.0,32,1671039
coco_i2i-512-angular,euclidean,vamana,,1.0,32,64,,512,1,1164,113287,113287,edge_to_coverage,,8,,,,,,,,108776.653,111049.0,0,113287,91170,109433,0.0,0.0,0.0,0.0,100.0,14.7505,14.0,32,1671039
coco_i2i-512-angular,euclidean,vamana,,1.0,32,64,,512,1,1164,113287,113287,edge_to_coverage,,9,,,,,,,,109499.289,111535.0,0,113287,86541,108280,0.0,0.0,0.0,0.0,100.0,14.7505,14.0,32,1671039
coco_i2i-512-angular,euclidean,vamana,,1.0,32,64,,512,1,1164,113287,113287,edge_to_coverage,,10,,,,,,,,110021.612,111827.0,0,113287,81988,107065,0.0,0.0,0.0,0.0,100.0,14.7505,14.0,32,1671039
coco_i2i-512-angular,euclidean,vamana,,1.0,32,64,,512,1,1164,113287,113287,edge_to_coverage,,11,,,,,,,,110406.471,112022.0,0,113287,77909,105837,0.0,0.0,0.0,0.0,100.0,14.7505,14.0,32,1671039
coco_i2i-512-angular,euclidean,vamana,,1.0,32,64,,512,1,1164,113287,113287,edge_to_coverage,,12,,,,,,,,110691.894,112216.0,0,113287,74045,104586,0.0,0.0,0.0,0.0,100.0,14.7505,14.0,32,1671039
coco_i2i-512-angular,euclidean,vamana,,1.0,32,64,,512,1,1164,113287,113287,edge_to_coverage,,13,,,,,,,,110905.601,112411.0,0,113287,70569,103372,0.0,0.0,0.0,0.0,100.0,14.7505,14.0,32,1671039
coco_i2i-512-angular,euclidean,vamana,,1.0,32,64,,512,1,1164,113287,113287,edge_to_coverage,,14,,,,,,,,111068.811,112508.0,0,113287,67519,102172,0.0,0.0,0.0,0.0,100.0,14.7505,14.0,32,1671039
coco_i2i-512-angular,euclidean,vamana,,1.0,32,64,,512,1,1164,113287,113287,edge_to_coverage,,15,,,,,,,,111191.963,112508.0,0,113287,64891,100966,0.0,0.0,0.0,0.0,100.0,14.7505,14.0,32,1671039
coco_i2i-512-angular,euclidean,vamana,,1.0,32,64,,512,1,1164,113287,113287,edge_to_coverage,,16,,,,,,,,111287.354,112606.0,0,113287,62660,99883,0.0,0.0,0.0,0.0,100.0,14.7505,14.0,32,1671039
coco_i2i-512-angular,euclidean,vamana,,1.0,32,64,,512,1,1164,113287,113287,edge_to_coverage,,17,,,,,,,,111361.076,112703.0,0,113287,60644,98935,0.0,0.0,0.0,0.0,100.0,14.7505,14.0,32,1671039
coco_i2i-512-angular,euclidean,vamana,,1.0,32,64,,512,1,1164,113287,113287,edge_to_coverage,,18,,,,,,,,111418.529,112703.0,0,113287,59010,98055,0.0,0.0,0.0,0.0,100.0,14.7505,14.0,32,1671039
coco_i2i-512-angular,euclidean,vamana,,1.0,32,64,,512,1,1164,113287,113287,edge_to_coverage,,19,,,,,,,,111461.924,112703.0,0,113287,57669,97240,0.0,0.0,0.0,0.0,100.0,14.7505,14.0,32,1671039
coco_i2i-512-angular,euclidean,vamana,,1.0,32,64,,512,1,1164,113287,113287,edge_to_coverage,,20,,,,,,,,111496.014,112800.0,0,113287,56428,96525,0.0,0.0,0.0,0.0,100.0,14.7505,14.0,32,1671039
coco_i2i-512-angular,euclidean,vamana,,1.0,32,64,,512,1,1164,113287,113287,edge_to_coverage,,21,,,,,,,,111522.387,112800.0,0,113287,55415,95834,0.0,0.0,0.0,0.0,100.0,14.7505,14.0,32,1671039
coco_i2i-512-angular,euclidean,vamana,,1.0,32,64,,512,1,1164,113287,113287,edge_to_coverage,,22,,,,,,,,111542.613,112800.0,0,113287,54587,95290,0.0,0.0,0.0,0.0,100.0,14.7505,14.0,32,1671039
coco_i2i-512-angular,euclidean,vamana,,1.0,32,64,,512,1,1164,113287,113287,edge_to_coverage,,23,,,,,,,,111558.848,112800.0,0,113287,53923,94770,0.0,0.0,0.0,0.0,100.0,14.7505,14.0,32,1671039
coco_i2i-512-angular,euclidean,vamana,,1.0,32,64,,512,1,1164,113287,113287,edge_to_coverage,,24,,,,,,,,111571.41,112800.0,0,113287,53369,94320,0.0,0.0,0.0,0.0,100.0,14.7505,14.0,32,1671039
coco_i2i-512-angular,euclidean,vamana,,1.0,32,64,,512,1,1164,113287,113287,edge_to_coverage,,25,,,,,,,,111580.804,112800.0,0,113287,52907,93893,0.0,0.0,0.0,0.0,100.0,14.7505,14.0,32,1671039
coco_i2i-512-angular,euclidean,vamana,,1.0,32,64,,512,1,1164,113287,113287,edge_to_coverage,,26,,,,,,,,111587.632,112800.0,0,113287,52537,93572,0.0,0.0,0.0,0.0,100.0,14.7505,14.0,32,1671039
coco_i2i-512-angular,euclidean,vamana,,1.0,32,64,,512,1,1164,113287,113287,edge_to_coverage,,27,,,,,,,,111592.969,112800.0,0,113287,52263,93311,0.0,0.0,0.0,0.0,100.0,14.7505,14.0,32,1671039
coco_i2i-512-angular,euclidean,vamana,,1.0,32,64,,512,1,1164,113287,113287,edge_to_coverage,,28,,,,,,,,111597.102,112800.0,0,113287,52046,93092,0.0,0.0,0.0,0.0,100.0,14.7505,14.0,32,1671039
coco_i2i-512-angular,euclidean,vamana,,1.0,32,64,,512,1,1164,113287,113287,edge_to_coverage,,29,,,,,,,,111599.904,112800.0,0,113287,51897,92920,0.0,0.0,0.0,0.0,100.0,14.7505,14.0,32,1671039
coco_i2i-512-angular,euclidean,vamana,,1.0,32,64,,512,1,1164,113287,113287,edge_to_coverage,,30,,,,,,,,111601.805,112898.0,0,113287,51781,92782,0.0,0.0,0.0,0.0,100.0,14.7505,14.0,32,1671039
coco_i2i-512-angular,euclidean,vamana,,1.0,32,64,,512,1,1164,113287,113287,edge_to_coverage,,31,,,,,,,,111602.895,112898.0,0,113287,51706,92695,0.0,0.0,0.0,0.0,100.0,14.7505,14.0,32,1671039
coco_i2i-512-angular,euclidean,vamana,,1.0,32,64,,512,1,1164,113287,113287,edge_to_coverage,,32,,,,,,,,111603.418,112898.0,0,113287,51677,92661,0.0,0.0,0.0,0.0,100.0,14.7505,14.0,32,1671039
coco_i2i-512-angular,euclidean,mod-vamana,0.9,1.0,32,64,1164,512,1,1164,113287,113287,coverage_to_degree,90.0,,4.083,4.0,1,32,4.0,1,423,,,,,,,0.0,0.0,0.0,0.0,100.0,7.4741,6.0,32,846723
coco_i2i-512-angular,euclidean,mod-vamana,0.9,1.0,32,64,1164,512,1,1164,113287,113287,coverage_to_degree,90.5,,4.171,4.0,1,32,4.0,1,448,,,,,,,0.0,0.0,0.0,0.0,100.0,7.4741,6.0,32,846723
coco_i2i-512-angular,euclidean,mod-vamana,0.9,1.0,32,64,1164,512,1,1164,113287,113287,coverage_to_degree,91.0,,4.262,4.0,1,32,4.0,1,459,,,,,,,0.0,0.0,0.0,0.0,100.0,7.4741,6.0,32,846723
coco_i2i-512-angular,euclidean,mod-vamana,0.9,1.0,32,64,1164,512,1,1164,113287,113287,coverage_to_degree,91.5,,4.354,4.0,1,32,4.0,1,470,,,,,,,0.0,0.0,0.0,0.0,100.0,7.4741,6.0,32,846723
coco_i2i-512-angular,euclidean,mod-vamana,0.9,1.0,32,64,1164,512,1,1164,113287,113287,coverage_to_degree,92.0,,4.433,4.0,1,32,4.0,1,482,,,,,,,0.0,0.0,0.0,0.0,100.0,7.4741,6.0,32,846723
coco_i2i-512-angular,euclidean,mod-vamana,0.9,1.0,32,64,1164,512,1,1164,113287,113287,coverage_to_degree,92.5,,4.532,4.0,1,32,4.0,1,504,,,,,,,0.0,0.0,0.0,0.0,100.0,7.4741,6.0,32,846723
coco_i2i-512-angular,euclidean,mod-vamana,0.9,1.0,32,64,1164,512,1,1164,113287,113287,coverage_to_degree,93.0,,4.636,4.0,1,32,4.0,1,518,,,,,,,0.0,0.0,0.0,0.0,100.0,7.4741,6.0,32,846723
coco_i2i-512-angular,euclidean,mod-vamana,0.9,1.0,32,64,1164,512,1,1164,113287,113287,coverage_to_degree,93.5,,4.744,4.0,1,32,4.0,1,533,,,,,,,0.0,0.0,0.0,0.0,100.0,7.4741,6.0,32,846723
coco_i2i-512-angular,euclidean,mod-vamana,0.9,1.0,32,64,1164,512,1,1164,113287,113287,coverage_to_degree,94.0,,4.86,4.0,1,32,4.0,1,552,,,,,,,0.0,0.0,0.0,0.0,100.0,7.4741,6.0,32,846723
coco_i2i-512-angular,euclidean,mod-vamana,0.9,1.0,32,64,1164,512,1,1164,113287,113287,coverage_to_degree,94.5,,4.96,4.0,1,32,4.0,1,561,,,,,,,0.0,0.0,0.0,0.0,100.0,7.4741,6.0,32,846723
coco_i2i-512-angular,euclidean,mod-vamana,0.9,1.0,32,64,1164,512,1,1164,113287,113287,coverage_to_degree,95.0,,5.09,4.0,1,32,4.0,1,583,,,,,,,0.0,0.0,0.0,0.0,100.0,7.4741,6.0,32,846723
coco_i2i-512-angular,euclidean,mod-vamana,0.9,1.0,32,64,1164,512,1,1164,113287,113287,coverage_to_degree,95.5,,5.227,4.0,1,32,4.0,1,613,,,,,,,0.0,0.0,0.0,0.0,100.0,7.4741,6.0,32,846723
coco_i2i-512-angular,euclidean,mod-vamana,0.9,1.0,32,64,1164,512,1,1164,113287,113287,coverage_to_degree,96.0,,5.375,5.0,1,32,4.0,1,632,,,,,,,0.0,0.0,0.0,0.0,100.0,7.4741,6.0,32,846723
coco_i2i-512-angular,euclidean,mod-vamana,0.9,1.0,32,64,1164,512,1,1164,113287,113287,coverage_to_degree,96.5,,5.538,5.0,1,32,4.0,1,657,,,,,,,0.0,0.0,0.0,0.0,100.0,7.4741,6.0,32,846723
coco_i2i-512-angular,euclidean,mod-vamana,0.9,1.0,32,64,1164,512,1,1164,113287,113287,coverage_to_degree,97.0,,5.714,5.0,1,32,5.0,1,693,,,,,,,0.0,0.0,0.0,0.0,100.0,7.4741,6.0,32,846723
coco_i2i-512-angular,euclidean,mod-vamana,0.9,1.0,32,64,1164,512,1,1164,113287,113287,coverage_to_degree,97.5,,5.876,5.0,1,32,5.0,1,713,,,,,,,0.0,0.0,0.0,0.0,100.0,7.4741,6.0,32,846723
coco_i2i-512-angular,euclidean,mod-vamana,0.9,1.0,32,64,1164,512,1,1164,113287,113287,coverage_to_degree,98.0,,6.091,5.0,1,32,5.0,1,746,,,,,,,0.0,0.0,0.0,0.0,100.0,7.4741,6.0,32,846723
coco_i2i-512-angular,euclidean,mod-vamana,0.9,1.0,32,64,1164,512,1,1164,113287,113287,coverage_to_degree,98.5,,6.339,5.0,1,32,5.0,1,772,,,,,,,0.0,0.0,0.0,0.0,100.0,7.4741,6.0,32,846723
coco_i2i-512-angular,euclidean,mod-vamana,0.9,1.0,32,64,1164,512,1,1164,113287,113287,coverage_to_degree,99.0,,6.628,5.0,1,32,5.0,1,807,,,,,,,0.0,0.0,0.0,0.0,100.0,7.4741,6.0,32,846723
coco_i2i-512-angular,euclidean,mod-vamana,0.9,1.0,32,64,1164,512,1,1164,113287,113287,coverage_to_degree,99.5,,6.988,6.0,1,32,5.0,1,842,,,,,,,0.0,0.0,0.0,0.0,100.0,7.4741,6.0,32,846723
coco_i2i-512-angular,euclidean,mod-vamana,0.9,1.0,32,64,1164,512,1,1164,113287,113287,coverage_to_degree,100.0,,7.392,6.0,1,32,6.0,1,869,,,,,,,0.0,0.0,0.0,0.0,100.0,7.4741,6.0,32,846723
coco_i2i-512-angular,euclidean,mod-vamana,0.9,1.0,32,64,1164,512,1,1164,113287,113287,edge_to_coverage,,1,,,,,,,,64018.372,66181.0,0,113287,113158,113274,0.0,0.0,0.0,0.0,100.0,7.4741,6.0,32,846723
coco_i2i-512-angular,euclidean,mod-vamana,0.9,1.0,32,64,1164,512,1,1164,113287,113287,edge_to_coverage,,2,,,,,,,,86042.719,91486.0,0,113287,112779,113241,0.0,0.0,0.0,0.0,100.0,7.4741,6.0,32,846723
coco_i2i-512-angular,euclidean,mod-vamana,0.9,1.0,32,64,1164,512,1,1164,113287,113287,edge_to_coverage,,3,,,,,,,,95923.293,101121.0,0,113287,112092,113192,0.0,0.0,0.0,0.0,100.0,7.4741,6.0,32,846723
coco_i2i-512-angular,euclidean,mod-vamana,0.9,1.0,32,64,1164,512,1,1164,113287,113287,edge_to_coverage,,4,,,,,,,,100989.488,104528.0,0,113287,111122,113098,0.0,0.0,0.0,0.0,100.0,7.4741,6.0,32,846723
coco_i2i-512-angular,euclidean,mod-vamana,0.9,1.0,32,64,1164,512,1,1164,113287,113287,edge_to_coverage,,5,,,,,,,,103813.817,106280.0,0,113287,109907,112969,0.0,0.0,0.0,0.0,100.0,7.4741,6.0,32,846723
coco_i2i-512-angular,euclidean,mod-vamana,0.9,1.0,32,64,1164,512,1,1164,113287,113287,edge_to_coverage,,6,,,,,,,,105484.368,107253.0,0,113287,108671,112817,0.0,0.0,0.0,0.0,100.0,7.4741,6.0,32,846723
coco_i2i-512-angular,euclidean,mod-vamana,0.9,1.0,32,64,1164,512,1,1164,113287,113287,edge_to_coverage,,7,,,,,,,,106516.347,107934.0,0,113287,107483,112658,0.0,0.0,0.0,0.0,100.0,7.4741,6.0,32,846723
coco_i2i-512-angular,euclidean,mod-vamana,0.9,1.0,32,64,1164,512,1,1164,113287,113287,edge_to_coverage,,8,,,,,,,,107178.911,108421.0,0,113287,106260,112489,0.0,0.0,0.0,0.0,100.0,7.4741,6.0,32,846723
coco_i2i-512-angular,euclidean,mod-vamana,0.9,1.0,32,64,1164,512,1,1164,113287,113287,edge_to_coverage,,9,,,,,,,,107613.068,108713.0,0,113287,105147,112320,0.0,0.0,0.0,0.0,100.0,7.4741,6.0,32,846723
coco_i2i-512-angular,euclidean,mod-vamana,0.9,1.0,32,64,1164,512,1,1164,113287,113287,edge_to_coverage,,10,,,,,,,,107902.93,109005.0,0,113287,104173,112149,0.0,0.0,0.0,0.0,100.0,7.4741,6.0,32,846723
coco_i2i-512-angular,euclidean,mod-vamana,0.9,1.0,32,64,1164,512,1,1164,113287,113287,edge_to_coverage,,11,,,,,,,,108103.698,109199.0,0,113287,103280,111977,0.0,0.0,0.0,0.0,100.0,7.4741,6.0,32,846723
coco_i2i-512-angular,euclidean,mod-vamana,0.9,1.0,32,64,1164,512,1,1164,113287,113287,edge_to_coverage,,12,,,,,,,,108243.209,109297.0,0,113287,102480,111793,0.0,0.0,0.0,0.0,100.0,7.4741,6.0,32,846723
coco_i2i-512-angular,euclidean,mod-vamana,0.9,1.0,32,64,1164,512,1,1164,113287,113287,edge_to_coverage,,13,,,,,,,,108343.523,109394.0,0,113287,101809,111656,0.0,0.0,0.0,0.0,100.0,7.4741,6.0,32,846723
coco_i2i-512-angular,euclidean,mod-vamana,0.9,1.0,32,64,1164,512,1,1164,113287,113287,edge_to_coverage,,14,,,,,,,,108414.909,109491.0,0,113287,101234,111509,0.0,0.0,0.0,0.0,100.0,7.4741,6.0,32,846723
coco_i2i-512-angular,euclidean,mod-vamana,0.9,1.0,32,64,1164,512,1,1164,113287,113287,edge_to_coverage,,15,,,,,,,,108465.291,109589.0,0,113287,100695,111389,0.0,0.0,0.0,0.0,100.0,7.4741,6.0,32,846723
coco_i2i-512-angular,euclidean,mod-vamana,0.9,1.0,32,64,1164,512,1,1164,113287,113287,edge_to_coverage,,16,,,,,,,,108503.651,109589.0,0,113287,100247,111267,0.0,0.0,0.0,0.0,100.0,7.4741,6.0,32,846723
coco_i2i-512-angular,euclidean,mod-vamana,0.9,1.0,32,64,1164,512,1,1164,113287,113287,edge_to_coverage,,17,,,,,,,,108530.944,109589.0,0,113287,99894,111156,0.0,0.0,0.0,0.0,100.0,7.4741,6.0,32,846723
coco_i2i-512-angular,euclidean,mod-vamana,0.9,1.0,32,64,1164,512,1,1164,113287,113287,edge_to_coverage,,18,,,,,,,,108552.374,109686.0,0,113287,99565,111064,0.0,0.0,0.0,0.0,100.0,7.4741,6.0,32,846723
coco_i2i-512-angular,euclidean,mod-vamana,0.9,1.0,32,64,1164,512,1,1164,113287,113287,edge_to_coverage,,19,,,,,,,,108567.81,109686.0,0,113287,99316,110978,0.0,0.0,0.0,0.0,100.0,7.4741,6.0,32,846723
coco_i2i-512-angular,euclidean,mod-vamana,0.9,1.0,32,64,1164,512,1,1164,113287,113287,edge_to_coverage,,20,,,,,,,,108578.71,109686.0,0,113287,99087,110909,0.0,0.0,0.0,0.0,100.0,7.4741,6.0,32,846723
coco_i2i-512-angular,euclidean,mod-vamana,0.9,1.0,32,64,1164,512,1,1164,113287,113287,edge_to_coverage,,21,,,,,,,,108587.623,109686.0,0,113287,98894,110844,0.0,0.0,0.0,0.0,100.0,7.4741,6.0,32,846723
coco_i2i-512-angular,euclidean,mod-vamana,0.9,1.0,32,64,1164,512,1,1164,113287,113287,edge_to_coverage,,22,,,,,,,,108594.101,109686.0,0,113287,98734,110788,0.0,0.0,0.0,0.0,100.0,7.4741,6.0,32,846723
coco_i2i-512-angular,euclidean,mod-vamana,0.9,1.0,32,64,1164,512,1,1164,113287,113287,edge_to_coverage,,23,,,,,,,,108598.898,109686.0,0,113287,98606,110731,0.0,0.0,0.0,0.0,100.0,7.4741,6.0,32,846723
coco_i2i-512-angular,euclidean,mod-vamana,0.9,1.0,32,64,1164,512,1,1164,113287,113287,edge_to_coverage,,24,,,,,,,,108602.704,109686.0,0,113287,98497,110685,0.0,0.0,0.0,0.0,100.0,7.4741,6.0,32,846723
coco_i2i-512-angular,euclidean,mod-vamana,0.9,1.0,32,64,1164,512,1,1164,113287,113287,edge_to_coverage,,25,,,,,,,,108605.575,109686.0,0,113287,98414,110654,0.0,0.0,0.0,0.0,100.0,7.4741,6.0,32,846723
coco_i2i-512-angular,euclidean,mod-vamana,0.9,1.0,32,64,1164,512,1,1164,113287,113287,edge_to_coverage,,26,,,,,,,,108607.773,109686.0,0,113287,98353,110612,0.0,0.0,0.0,0.0,100.0,7.4741,6.0,32,846723
coco_i2i-512-angular,euclidean,mod-vamana,0.9,1.0,32,64,1164,512,1,1164,113287,113287,edge_to_coverage,,27,,,,,,,,108609.29,109686.0,0,113287,98289,110595,0.0,0.0,0.0,0.0,100.0,7.4741,6.0,32,846723
coco_i2i-512-angular,euclidean,mod-vamana,0.9,1.0,32,64,1164,512,1,1164,113287,113287,edge_to_coverage,,28,,,,,,,,108610.279,109686.0,0,113287,98241,110568,0.0,0.0,0.0,0.0,100.0,7.4741,6.0,32,846723
coco_i2i-512-angular,euclidean,mod-vamana,0.9,1.0,32,64,1164,512,1,1164,113287,113287,edge_to_coverage,,29,,,,,,,,108611.14,109686.0,0,113287,98205,110551,0.0,0.0,0.0,0.0,100.0,7.4741,6.0,32,846723
coco_i2i-512-angular,euclidean,mod-vamana,0.9,1.0,32,64,1164,512,1,1164,113287,113287,edge_to_coverage,,30,,,,,,,,108611.659,109686.0,0,113287,98181,110536,0.0,0.0,0.0,0.0,100.0,7.4741,6.0,32,846723
coco_i2i-512-angular,euclidean,mod-vamana,0.9,1.0,32,64,1164,512,1,1164,113287,113287,edge_to_coverage,,31,,,,,,,,108612.077,109686.0,0,113287,98168,110526,0.0,0.0,0.0,0.0,100.0,7.4741,6.0,32,846723
coco_i2i-512-angular,euclidean,mod-vamana,0.9,1.0,32,64,1164,512,1,1164,113287,113287,edge_to_coverage,,32,,,,,,,,108612.246,109686.0,0,113287,98162,110520,0.0,0.0,0.0,0.0,100.0,7.4741,6.0,32,846723
coco_i2i-512-angular,euclidean,mod-vamana,0.91,1.0,32,64,1164,512,1,1164,113287,113287,coverage_to_degree,90.0,,4.115,4.0,1,32,4.0,1,420,,,,,,,0.0,0.0,0.0,0.0,100.0,7.8003,6.0,32,883668
coco_i2i-512-angular,euclidean,mod-vamana,0.91,1.0,32,64,1164,512,1,1164,113287,113287,coverage_to_degree,90.5,,4.214,4.0,1,32,4.0,1,446,,,,,,,0.0,0.0,0.0,0.0,100.0,7.8003,6.0,32,883668
coco_i2i-512-angular,euclidean,mod-vamana,0.91,1.0,32,64,1164,512,1,1164,113287,113287,coverage_to_degree,91.0,,4.313,4.0,1,32,4.0,1,471,,,,,,,0.0,0.0,0.0,0.0,100.0,7.8003,6.0,32,883668
coco_i2i-512-angular,euclidean,mod-vamana,0.91,1.0,32,64,1164,512,1,1164,113287,113287,coverage_to_degree,91.5,,4.415,4.0,1,32,4.0,1,487,,,,,,,0.0,0.0,0.0,0.0,100.0,7.8003,6.0,32,883668
coco_i2i-512-angular,euclidean,mod-vamana,0.91,1.0,32,64,1164,512,1,1164,113287,113287,coverage_to_degree,92.0,,4.502,4.0,1,32,4.0,1,494,,,,,,,0.0,0.0,0.0,0.0,100.0,7.8003,6.0,32,883668
coco_i2i-512-angular,euclidean,mod-vamana,0.91,1.0,32,64,1164,512,1,1164,113287,113287,coverage_to_degree,92.5,,4.609,4.0,1,32,4.0,1,512,,,,,,,0.0,0.0,0.0,0.0,100.0,7.8003,6.0,32,883668
coco_i2i-512-angular,euclidean,mod-vamana,0.91,1.0,32,64,1164,512,1,1164,113287,113287,coverage_to_degree,93.0,,4.722,4.0,1,32,4.0,1,534,,,,,,,0.0,0.0,0.0,0.0,100.0,7.8003,6.0,32,883668
coco_i2i-512-angular,euclidean,mod-vamana,0.91,1.0,32,64,1164,512,1,1164,113287,113287,coverage_to_degree,93.5,,4.838,4.0,1,32,4.0,1,556,,,,,,,0.0,0.0,0.0,0.0,100.0,7.8003,6.0,32,883668
coco_i2i-512-angular,euclidean,mod-vamana,0.91,1.0,32,64,1164,512,1,1164,113287,113287,coverage_to_degree,94.0,,4.962,4.0,1,32,4.0,1,578,,,,,,,0.0,0.0,0.0,0.0,100.0,7.8003,6.0,32,883668
coco_i2i-512-angular,euclidean,mod-vamana,0.91,1.0,32,64,1164,512,1,1164,113287,113287,coverage_to_degree,94.5,,5.069,4.0,1,32,4.0,1,594,,,,,,,0.0,0.0,0.0,0.0,100.0,7.8003,6.0,32,883668
coco_i2i-512-angular,euclidean,mod-vamana,0.91,1.0,32,64,1164,512,1,1164,113287,113287,coverage_to_degree,95.0,,5.208,4.0,1,32,4.0,1,625,,,,,,,0.0,0.0,0.0,0.0,100.0,7.8003,6.0,32,883668
coco_i2i-512-angular,euclidean,mod-vamana,0.91,1.0,32,64,1164,512,1,1164,113287,113287,coverage_to_degree,95.5,,5.355,5.0,1,32,4.0,1,664,,,,,,,0.0,0.0,0.0,0.0,100.0,7.8003,6.0,32,883668
coco_i2i-512-angular,euclidean,mod-vamana,0.91,1.0,32,64,1164,512,1,1164,113287,113287,coverage_to_degree,96.0,,5.513,5.0,1,32,4.0,1,685,,,,,,,0.0,0.0,0.0,0.0,100.0,7.8003,6.0,32,883668
coco_i2i-512-angular,euclidean,mod-vamana,0.91,1.0,32,64,1164,512,1,1164,113287,113287,coverage_to_degree,96.5,,5.689,5.0,1,32,5.0,1,706,,,,,,,0.0,0.0,0.0,0.0,100.0,7.8003,6.0,32,883668
coco_i2i-512-angular,euclidean,mod-vamana,0.91,1.0,32,64,1164,512,1,1164,113287,113287,coverage_to_degree,97.0,,5.879,5.0,1,32,5.0,1,745,,,,,,,0.0,0.0,0.0,0.0,100.0,7.8003,6.0,32,883668
coco_i2i-512-angular,euclidean,mod-vamana,0.91,1.0,32,64,1164,512,1,1164,113287,113287,coverage_to_degree,97.5,,6.054,5.0,1,32,5.0,1,769,,,,,,,0.0,0.0,0.0,0.0,100.0,7.8003,6.0,32,883668
coco_i2i-512-angular,euclidean,mod-vamana,0.91,1.0,32,64,1164,512,1,1164,113287,113287,coverage_to_degree,98.0,,6.286,5.0,1,32,5.0,1,807,,,,,,,0.0,0.0,0.0,0.0,100.0,7.8003,6.0,32,883668
coco_i2i-512-angular,euclidean,mod-vamana,0.91,1.0,32,64,1164,512,1,1164,113287,113287,coverage_to_degree,98.5,,6.554,5.0,1,32,5.0,1,845,,,,,,,0.0,0.0,0.0,0.0,100.0,7.8003,6.0,32,883668
coco_i2i-512-angular,euclidean,mod-vamana,0.91,1.0,32,64,1164,512,1,1164,113287,113287,coverage_to_degree,99.0,,6.869,6.0,1,32,5.0,1,865,,,,,,,0.0,0.0,0.0,0.0,100.0,7.8003,6.0,32,883668
coco_i2i-512-angular,euclidean,mod-vamana,0.91,1.0,32,64,1164,512,1,1164,113287,113287,coverage_to_degree,99.5,,7.263,6.0,1,32,6.0,1,906,,,,,,,0.0,0.0,0.0,0.0,100.0,7.8003,6.0,32,883668
coco_i2i-512-angular,euclidean,mod-vamana,0.91,1.0,32,64,1164,512,1,1164,113287,113287,coverage_to_degree,100.0,,7.706,6.0,1,32,6.0,1,941,,,,,,,0.0,0.0,0.0,0.0,100.0,7.8003,6.0,32,883668
coco_i2i-512-angular,euclidean,mod-vamana,0.91,1.0,32,64,1164,512,1,1164,113287,113287,edge_to_coverage,,1,,,,,,,,63993.086,66084.0,0,113287,113159,113273,0.0,0.0,0.0,0.0,100.0,7.8003,6.0,32,883668
coco_i2i-512-angular,euclidean,mod-vamana,0.91,1.0,32,64,1164,512,1,1164,113287,113287,edge_to_coverage,,2,,,,,,,,86041.392,91486.0,0,113287,112768,113238,0.0,0.0,0.0,0.0,100.0,7.8003,6.0,32,883668
coco_i2i-512-angular,euclidean,mod-vamana,0.91,1.0,32,64,1164,512,1,1164,113287,113287,edge_to_coverage,,3,,,,,,,,95977.29,101219.0,0,113287,112053,113185,0.0,0.0,0.0,0.0,100.0,7.8003,6.0,32,883668
coco_i2i-512-angular,euclidean,mod-vamana,0.91,1.0,32,64,1164,512,1,1164,113287,113287,edge_to_coverage,,4,,,,,,,,101119.204,104917.0,0,113287,111008,113091,0.0,0.0,0.0,0.0,100.0,7.8003,6.0,32,883668
coco_i2i-512-angular,euclidean,mod-vamana,0.91,1.0,32,64,1164,512,1,1164,113287,113287,edge_to_coverage,,5,,,,,,,,104002.11,106572.0,0,113287,109709,112938,0.0,0.0,0.0,0.0,100.0,7.8003,6.0,32,883668
coco_i2i-512-angular,euclidean,mod-vamana,0.91,1.0,32,64,1164,512,1,1164,113287,113287,edge_to_coverage,,6,,,,,,,,105724.683,107642.0,0,113287,108384,112770,0.0,0.0,0.0,0.0,100.0,7.8003,6.0,32,883668
coco_i2i-512-angular,euclidean,mod-vamana,0.91,1.0,32,64,1164,512,1,1164,113287,113287,edge_to_coverage,,7,,,,,,,,106800.864,108323.0,0,113287,107097,112597,0.0,0.0,0.0,0.0,100.0,7.8003,6.0,32,883668
coco_i2i-512-angular,euclidean,mod-vamana,0.91,1.0,32,64,1164,512,1,1164,113287,113287,edge_to_coverage,,8,,,,,,,,107497.392,108713.0,0,113287,105788,112413,0.0,0.0,0.0,0.0,100.0,7.8003,6.0,32,883668
coco_i2i-512-angular,euclidean,mod-vamana,0.91,1.0,32,64,1164,512,1,1164,113287,113287,edge_to_coverage,,9,,,,,,,,107953.501,109102.0,0,113287,104617,112226,0.0,0.0,0.0,0.0,100.0,7.8003,6.0,32,883668
coco_i2i-512-angular,euclidean,mod-vamana,0.91,1.0,32,64,1164,512,1,1164,113287,113287,edge_to_coverage,,10,,,,,,,,108260.34,109297.0,0,113287,103526,112047,0.0,0.0,0.0,0.0,100.0,7.8003,6.0,32,883668
coco_i2i-512-angular,euclidean,mod-vamana,0.91,1.0,32,64,1164,512,1,1164,113287,113287,edge_to_coverage,,11,,,,,,,,108474.223,109491.0,0,113287,102519,111837,0.0,0.0,0.0,0.0,100.0,7.8003,6.0,32,883668
coco_i2i-512-angular,euclidean,mod-vamana,0.91,1.0,32,64,1164,512,1,1164,113287,113287,edge_to_coverage,,12,,,,,,,,108620.251,109686.0,0,113287,101647,111635,0.0,0.0,0.0,0.0,100.0,7.8003,6.0,32,883668
coco_i2i-512-angular,euclidean,mod-vamana,0.91,1.0,32,64,1164,512,1,1164,113287,113287,edge_to_coverage,,13,,,,,,,,108728.019,109783.0,0,113287,100885,111471,0.0,0.0,0.0,0.0,100.0,7.8003,6.0,32,883668
coco_i2i-512-angular,euclidean,mod-vamana,0.91,1.0,32,64,1164,512,1,1164,113287,113287,edge_to_coverage,,14,,,,,,,,108804.848,109783.0,0,113287,100236,111305,0.0,0.0,0.0,0.0,100.0,7.8003,6.0,32,883668
coco_i2i-512-angular,euclidean,mod-vamana,0.91,1.0,32,64,1164,512,1,1164,113287,113287,edge_to_coverage,,15,,,,,,,,108861.658,109881.0,0,113287,99650,111180,0.0,0.0,0.0,0.0,100.0,7.8003,6.0,32,883668
coco_i2i-512-angular,euclidean,mod-vamana,0.91,1.0,32,64,1164,512,1,1164,113287,113287,edge_to_coverage,,16,,,,,,,,108902.264,109978.0,0,113287,99181,111044,0.0,0.0,0.0,0.0,100.0,7.8003,6.0,32,883668
coco_i2i-512-angular,euclidean,mod-vamana,0.91,1.0,32,64,1164,512,1,1164,113287,113287,edge_to_coverage,,17,,,,,,,,108933.379,109978.0,0,113287,98739,110926,0.0,0.0,0.0,0.0,100.0,7.8003,6.0,32,883668
coco_i2i-512-angular,euclidean,mod-vamana,0.91,1.0,32,64,1164,512,1,1164,113287,113287,edge_to_coverage,,18,,,,,,,,108955.927,109978.0,0,113287,98375,110814,0.0,0.0,0.0,0.0,100.0,7.8003,6.0,32,883668
coco_i2i-512-angular,euclidean,mod-vamana,0.91,1.0,32,64,1164,512,1,1164,113287,113287,edge_to_coverage,,19,,,,,,,,108972.783,109978.0,0,113287,98103,110709,0.0,0.0,0.0,0.0,100.0,7.8003,6.0,32,883668
coco_i2i-512-angular,euclidean,mod-vamana,0.91,1.0,32,64,1164,512,1,1164,113287,113287,edge_to_coverage,,20,,,,,,,,108985.411,110075.0,0,113287,97833,110623,0.0,0.0,0.0,0.0,100.0,7.8003,6.0,32,883668
coco_i2i-512-angular,euclidean,mod-vamana,0.91,1.0,32,64,1164,512,1,1164,113287,113287,edge_to_coverage,,21,,,,,,,,108995.399,110075.0,0,113287,97626,110548,0.0,0.0,0.0,0.0,100.0,7.8003,6.0,32,883668
coco_i2i-512-angular,euclidean,mod-vamana,0.91,1.0,32,64,1164,512,1,1164,113287,113287,edge_to_coverage,,22,,,,,,,,109001.999,110075.0,0,113287,97452,110490,0.0,0.0,0.0,0.0,100.0,7.8003,6.0,32,883668
coco_i2i-512-angular,euclidean,mod-vamana,0.91,1.0,32,64,1164,512,1,1164,113287,113287,edge_to_coverage,,23,,,,,,,,109007.072,110075.0,0,113287,97299,110434,0.0,0.0,0.0,0.0,100.0,7.8003,6.0,32,883668
coco_i2i-512-angular,euclidean,mod-vamana,0.91,1.0,32,64,1164,512,1,1164,113287,113287,edge_to_coverage,,24,,,,,,,,109011.414,110075.0,0,113287,97177,110374,0.0,0.0,0.0,0.0,100.0,7.8003,6.0,32,883668
coco_i2i-512-angular,euclidean,mod-vamana,0.91,1.0,32,64,1164,512,1,1164,113287,113287,edge_to_coverage,,25,,,,,,,,109014.452,110075.0,0,113287,97087,110339,0.0,0.0,0.0,0.0,100.0,7.8003,6.0,32,883668
coco_i2i-512-angular,euclidean,mod-vamana,0.91,1.0,32,64,1164,512,1,1164,113287,113287,edge_to_coverage,,26,,,,,,,,109016.917,110075.0,0,113287,97012,110296,0.0,0.0,0.0,0.0,100.0,7.8003,6.0,32,883668
coco_i2i-512-angular,euclidean,mod-vamana,0.91,1.0,32,64,1164,512,1,1164,113287,113287,edge_to_coverage,,27,,,,,,,,109018.477,110075.0,0,113287,96941,110267,0.0,0.0,0.0,0.0,100.0,7.8003,6.0,32,883668
coco_i2i-512-angular,euclidean,mod-vamana,0.91,1.0,32,64,1164,512,1,1164,113287,113287,edge_to_coverage,,28,,,,,,,,109019.853,110075.0,0,113287,96890,110241,0.0,0.0,0.0,0.0,100.0,7.8003,6.0,32,883668
coco_i2i-512-angular,euclidean,mod-vamana,0.91,1.0,32,64,1164,512,1,1164,113287,113287,edge_to_coverage,,29,,,,,,,,109020.768,110075.0,0,113287,96853,110219,0.0,0.0,0.0,0.0,100.0,7.8003,6.0,32,883668
coco_i2i-512-angular,euclidean,mod-vamana,0.91,1.0,32,64,1164,512,1,1164,113287,113287,edge_to_coverage,,30,,,,,,,,109021.353,110075.0,0,113287,96825,110202,0.0,0.0,0.0,0.0,100.0,7.8003,6.0,32,883668
coco_i2i-512-angular,euclidean,mod-vamana,0.91,1.0,32,64,1164,512,1,1164,113287,113287,edge_to_coverage,,31,,,,,,,,109021.779,110075.0,0,113287,96813,110192,0.0,0.0,0.0,0.0,100.0,7.8003,6.0,32,883668
coco_i2i-512-angular,euclidean,mod-vamana,0.91,1.0,32,64,1164,512,1,1164,113287,113287,edge_to_coverage,,32,,,,,,,,109021.912,110075.0,0,113287,96804,110189,0.0,0.0,0.0,0.0,100.0,7.8003,6.0,32,883668
coco_i2i-512-angular,euclidean,mod-vamana,0.92,1.0,32,64,1164,512,1,1164,113287,113287,coverage_to_degree,90.0,,4.133,4.0,1,32,4.0,1,404,,,,,,,0.0,0.0,0.0,0.0,100.0,8.1255,6.0,32,920518
coco_i2i-512-angular,euclidean,mod-vamana,0.92,1.0,32,64,1164,512,1,1164,113287,113287,coverage_to_degree,90.5,,4.237,4.0,1,32,4.0,1,423,,,,,,,0.0,0.0,0.0,0.0,100.0,8.1255,6.0,32,920518
coco_i2i-512-angular,euclidean,mod-vamana,0.92,1.0,32,64,1164,512,1,1164,113287,113287,coverage_to_degree,91.0,,4.344,4.0,1,32,4.0,1,451,,,,,,,0.0,0.0,0.0,0.0,100.0,8.1255,6.0,32,920518
coco_i2i-512-angular,euclidean,mod-vamana,0.92,1.0,32,64,1164,512,1,1164,113287,113287,coverage_to_degree,91.5,,4.455,4.0,1,32,4.0,1,472,,,,,,,0.0,0.0,0.0,0.0,100.0,8.1255,6.0,32,920518
coco_i2i-512-angular,euclidean,mod-vamana,0.92,1.0,32,64,1164,512,1,1164,113287,113287,coverage_to_degree,92.0,,4.551,4.0,1,32,4.0,1,495,,,,,,,0.0,0.0,0.0,0.0,100.0,8.1255,6.0,32,920518
coco_i2i-512-angular,euclidean,mod-vamana,0.92,1.0,32,64,1164,512,1,1164,113287,113287,coverage_to_degree,92.5,,4.669,4.0,1,32,4.0,1,520,,,,,,,0.0,0.0,0.0,0.0,100.0,8.1255,6.0,32,920518
coco_i2i-512-angular,euclidean,mod-vamana,0.92,1.0,32,64,1164,512,1,1164,113287,113287,coverage_to_degree,93.0,,4.791,4.0,1,32,4.0,1,539,,,,,,,0.0,0.0,0.0,0.0,100.0,8.1255,6.0,32,920518
coco_i2i-512-angular,euclidean,mod-vamana,0.92,1.0,32,64,1164,512,1,1164,113287,113287,coverage_to_degree,93.5,,4.917,4.0,1,32,4.0,1,559,,,,,,,0.0,0.0,0.0,0.0,100.0,8.1255,6.0,32,920518
coco_i2i-512-angular,euclidean,mod-vamana,0.92,1.0,32,64,1164,512,1,1164,113287,113287,coverage_to_degree,94.0,,5.05,4.0,1,32,4.0,1,570,,,,,,,0.0,0.0,0.0,0.0,100.0,8.1255,6.0,32,920518
coco_i2i-512-angular,euclidean,mod-vamana,0.92,1.0,32,64,1164,512,1,1164,113287,113287,coverage_to_degree,94.5,,5.166,4.0,1,32,4.0,1,591,,,,,,,0.0,0.0,0.0,0.0,100.0,8.1255,6.0,32,920518
coco_i2i-512-angular,euclidean,mod-vamana,0.92,1.0,32,64,1164,512,1,1164,113287,113287,coverage_to_degree,95.0,,5.314,5.0,1,32,4.0,1,620,,,,,,,0.0,0.0,0.0,0.0,100.0,8.1255,6.0,32,920518
coco_i2i-512-angular,euclidean,mod-vamana,0.92,1.0,32,64,1164,512,1,1164,113287,113287,coverage_to_degree,95.5,,5.471,5.0,1,32,5.0,1,650,,,,,,,0.0,0.0,0.0,0.0,100.0,8.1255,6.0,32,920518
coco_i2i-512-angular,euclidean,mod-vamana,0.92,1.0,32,64,1164,512,1,1164,113287,113287,coverage_to_degree,96.0,,5.64,5.0,1,32,5.0,1,678,,,,,,,0.0,0.0,0.0,0.0,100.0,8.1255,6.0,32,920518
coco_i2i-512-angular,euclidean,mod-vamana,0.92,1.0,32,64,1164,512,1,1164,113287,113287,coverage_to_degree,96.5,,5.827,5.0,1,32,5.0,1,709,,,,,,,0.0,0.0,0.0,0.0,100.0,8.1255,6.0,32,920518
coco_i2i-512-angular,euclidean,mod-vamana,0.92,1.0,32,64,1164,512,1,1164,113287,113287,coverage_to_degree,97.0,,6.03,5.0,1,32,5.0,1,740,,,,,,,0.0,0.0,0.0,0.0,100.0,8.1255,6.0,32,920518
coco_i2i-512-angular,euclidean,mod-vamana,0.92,1.0,32,64,1164,512,1,1164,113287,113287,coverage_to_degree,97.5,,6.219,5.0,1,32,5.0,1,765,,,,,,,0.0,0.0,0.0,0.0,100.0,8.1255,6.0,32,920518
coco_i2i-512-angular,euclidean,mod-vamana,0.92,1.0,32,64,1164,512,1,1164,113287,113287,coverage_to_degree,98.0,,6.472,5.0,1,32,5.0,1,811,,,,,,,0.0,0.0,0.0,0.0,100.0,8.1255,6.0,32,920518
coco_i2i-512-angular,euclidean,mod-vamana,0.92,1.0,32,64,1164,512,1,1164,113287,113287,coverage_to_degree,98.5,,6.762,6.0,1,32,5.0,1,847,,,,,,,0.0,0.0,0.0,0.0,100.0,8.1255,6.0,32,920518
coco_i2i-512-angular,euclidean,mod-vamana,0.92,1.0,32,64,1164,512,1,1164,113287,113287,coverage_to_degree,99.0,,7.105,6.0,1,32,6.0,1,893,,,,,,,0.0,0.0,0.0,0.0,100.0,8.1255,6.0,32,920518
coco_i2i-512-angular,euclidean,mod-vamana,0.92,1.0,32,64,1164,512,1,1164,113287,113287,coverage_to_degree,99.5,,7.533,6.0,1,32,6.0,1,949,,,,,,,0.0,0.0,0.0,0.0,100.0,8.1255,6.0,32,920518
coco_i2i-512-angular,euclidean,mod-vamana,0.92,1.0,32,64,1164,512,1,1164,113287,113287,coverage_to_degree,100.0,,8.021,6.0,1,32,6.0,1,985,,,,,,,0.0,0.0,0.0,0.0,100.0,8.1255,6.0,32,920518
coco_i2i-512-angular,euclidean,mod-vamana,0.92,1.0,32,64,1164,512,1,1164,113287,113287,edge_to_coverage,,1,,,,,,,,63938.882,66084.0,0,113287,113157,113272,0.0,0.0,0.0,0.0,100.0,8.1255,6.0,32,920518
coco_i2i-512-angular,euclidean,mod-vamana,0.92,1.0,32,64,1164,512,1,1164,113287,113287,edge_to_coverage,,2,,,,,,,,86015.388,91389.0,0,113287,112753,113234,0.0,0.0,0.0,0.0,100.0,8.1255,6.0,32,920518
coco_i2i-512-angular,euclidean,mod-vamana,0.92,1.0,32,64,1164,512,1,1164,113287,113287,edge_to_coverage,,3,,,,,,,,96013.443,101219.0,0,113287,111991,113179,0.0,0.0,0.0,0.0,100.0,8.1255,6.0,32,920518
coco_i2i-512-angular,euclidean,mod-vamana,0.92,1.0,32,64,1164,512,1,1164,113287,113287,edge_to_coverage,,4,,,,,,,,101220.294,105209.0,0,113287,110883,113085,0.0,0.0,0.0,0.0,100.0,8.1255,6.0,32,920518
coco_i2i-512-angular,euclidean,mod-vamana,0.92,1.0,32,64,1164,512,1,1164,113287,113287,edge_to_coverage,,5,,,,,,,,104149.689,106961.0,0,113287,109531,112924,0.0,0.0,0.0,0.0,100.0,8.1255,6.0,32,920518
coco_i2i-512-angular,euclidean,mod-vamana,0.92,1.0,32,64,1164,512,1,1164,113287,113287,edge_to_coverage,,6,,,,,,,,105919.178,107934.0,0,113287,108085,112748,0.0,0.0,0.0,0.0,100.0,8.1255,6.0,32,920518
coco_i2i-512-angular,euclidean,mod-vamana,0.92,1.0,32,64,1164,512,1,1164,113287,113287,edge_to_coverage,,7,,,,,,,,107020.425,108615.0,0,113287,106673,112548,0.0,0.0,0.0,0.0,100.0,8.1255,6.0,32,920518
coco_i2i-512-angular,euclidean,mod-vamana,0.92,1.0,32,64,1164,512,1,1164,113287,113287,edge_to_coverage,,8,,,,,,,,107747.795,109005.0,0,113287,105286,112349,0.0,0.0,0.0,0.0,100.0,8.1255,6.0,32,920518
coco_i2i-512-angular,euclidean,mod-vamana,0.92,1.0,32,64,1164,512,1,1164,113287,113287,edge_to_coverage,,9,,,,,,,,108226.118,109394.0,0,113287,104032,112146,0.0,0.0,0.0,0.0,100.0,8.1255,6.0,32,920518
coco_i2i-512-angular,euclidean,mod-vamana,0.92,1.0,32,64,1164,512,1,1164,113287,113287,edge_to_coverage,,10,,,,,,,,108550.929,109589.0,0,113287,102832,111960,0.0,0.0,0.0,0.0,100.0,8.1255,6.0,32,920518
coco_i2i-512-angular,euclidean,mod-vamana,0.92,1.0,32,64,1164,512,1,1164,113287,113287,edge_to_coverage,,11,,,,,,,,108778.386,109783.0,0,113287,101722,111739,0.0,0.0,0.0,0.0,100.0,8.1255,6.0,32,920518
coco_i2i-512-angular,euclidean,mod-vamana,0.92,1.0,32,64,1164,512,1,1164,113287,113287,edge_to_coverage,,12,,,,,,,,108936.109,109978.0,0,113287,100737,111528,0.0,0.0,0.0,0.0,100.0,8.1255,6.0,32,920518
coco_i2i-512-angular,euclidean,mod-vamana,0.92,1.0,32,64,1164,512,1,1164,113287,113287,edge_to_coverage,,13,,,,,,,,109051.438,110075.0,0,113287,99898,111340,0.0,0.0,0.0,0.0,100.0,8.1255,6.0,32,920518
coco_i2i-512-angular,euclidean,mod-vamana,0.92,1.0,32,64,1164,512,1,1164,113287,113287,edge_to_coverage,,14,,,,,,,,109133.275,110173.0,0,113287,99176,111153,0.0,0.0,0.0,0.0,100.0,8.1255,6.0,32,920518
coco_i2i-512-angular,euclidean,mod-vamana,0.92,1.0,32,64,1164,512,1,1164,113287,113287,edge_to_coverage,,15,,,,,,,,109192.915,110173.0,0,113287,98548,111002,0.0,0.0,0.0,0.0,100.0,8.1255,6.0,32,920518
coco_i2i-512-angular,euclidean,mod-vamana,0.92,1.0,32,64,1164,512,1,1164,113287,113287,edge_to_coverage,,16,,,,,,,,109238.395,110270.0,0,113287,98012,110876,0.0,0.0,0.0,0.0,100.0,8.1255,6.0,32,920518
coco_i2i-512-angular,euclidean,mod-vamana,0.92,1.0,32,64,1164,512,1,1164,113287,113287,edge_to_coverage,,17,,,,,,,,109271.1,110270.0,0,113287,97532,110734,0.0,0.0,0.0,0.0,100.0,8.1255,6.0,32,920518
coco_i2i-512-angular,euclidean,mod-vamana,0.92,1.0,32,64,1164,512,1,1164,113287,113287,edge_to_coverage,,18,,,,,,,,109296.141,110270.0,0,113287,97119,110607,0.0,0.0,0.0,0.0,100.0,8.1255,6.0,32,920518
coco_i2i-512-angular,euclidean,mod-vamana,0.92,1.0,32,64,1164,512,1,1164,113287,113287,edge_to_coverage,,19,,,,,,,,109314.298,110367.0,0,113287,96805,110495,0.0,0.0,0.0,0.0,100.0,8.1255,6.0,32,920518
coco_i2i-512-angular,euclidean,mod-vamana,0.92,1.0,32,64,1164,512,1,1164,113287,113287,edge_to_coverage,,20,,,,,,,,109327.929,110367.0,0,113287,96541,110403,0.0,0.0,0.0,0.0,100.0,8.1255,6.0,32,920518
coco_i2i-512-angular,euclidean,mod-vamana,0.92,1.0,32,64,1164,512,1,1164,113287,113287,edge_to_coverage,,21,,,,,,,,109339.112,110367.0,0,113287,96315,110316,0.0,0.0,0.0,0.0,100.0,8.1255,6.0,32,920518
coco_i2i-512-angular,euclidean,mod-vamana,0.92,1.0,32,64,1164,512,1,1164,113287,113287,edge_to_coverage,,22,,,,,,,,109346.677,110367.0,0,113287,96125,110242,0.0,0.0,0.0,0.0,100.0,8.1255,6.0,32,920518
coco_i2i-512-angular,euclidean,mod-vamana,0.92,1.0,32,64,1164,512,1,1164,113287,113287,edge_to_coverage,,23,,,,,,,,109352.379,110367.0,0,113287,95971,110182,0.0,0.0,0.0,0.0,100.0,8.1255,6.0,32,920518
coco_i2i-512-angular,euclidean,mod-vamana,0.92,1.0,32,64,1164,512,1,1164,113287,113287,edge_to_coverage,,24,,,,,,,,109356.966,110367.0,0,113287,95823,110120,0.0,0.0,0.0,0.0,100.0,8.1255,6.0,32,920518
coco_i2i-512-angular,euclidean,mod-vamana,0.92,1.0,32,64,1164,512,1,1164,113287,113287,edge_to_coverage,,25,,,,,,,,109360.238,110367.0,0,113287,95720,110073,0.0,0.0,0.0,0.0,100.0,8.1255,6.0,32,920518
coco_i2i-512-angular,euclidean,mod-vamana,0.92,1.0,32,64,1164,512,1,1164,113287,113287,edge_to_coverage,,26,,,,,,,,109362.972,110367.0,0,113287,95640,110023,0.0,0.0,0.0,0.0,100.0,8.1255,6.0,32,920518
coco_i2i-512-angular,euclidean,mod-vamana,0.92,1.0,32,64,1164,512,1,1164,113287,113287,edge_to_coverage,,27,,,,,,,,109365.0,110367.0,0,113287,95568,109990,0.0,0.0,0.0,0.0,100.0,8.1255,6.0,32,920518
coco_i2i-512-angular,euclidean,mod-vamana,0.92,1.0,32,64,1164,512,1,1164,113287,113287,edge_to_coverage,,28,,,,,,,,109366.46,110367.0,0,113287,95512,109957,0.0,0.0,0.0,0.0,100.0,8.1255,6.0,32,920518
coco_i2i-512-angular,euclidean,mod-vamana,0.92,1.0,32,64,1164,512,1,1164,113287,113287,edge_to_coverage,,29,,,,,,,,109367.417,110367.0,0,113287,95474,109934,0.0,0.0,0.0,0.0,100.0,8.1255,6.0,32,920518
coco_i2i-512-angular,euclidean,mod-vamana,0.92,1.0,32,64,1164,512,1,1164,113287,113287,edge_to_coverage,,30,,,,,,,,109368.106,110367.0,0,113287,95448,109914,0.0,0.0,0.0,0.0,100.0,8.1255,6.0,32,920518
coco_i2i-512-angular,euclidean,mod-vamana,0.92,1.0,32,64,1164,512,1,1164,113287,113287,edge_to_coverage,,31,,,,,,,,109368.57,110367.0,0,113287,95428,109902,0.0,0.0,0.0,0.0,100.0,8.1255,6.0,32,920518
coco_i2i-512-angular,euclidean,mod-vamana,0.92,1.0,32,64,1164,512,1,1164,113287,113287,edge_to_coverage,,32,,,,,,,,109368.742,110367.0,0,113287,95418,109895,0.0,0.0,0.0,0.0,100.0,8.1255,6.0,32,920518
coco_i2i-512-angular,euclidean,mod-vamana,0.93,1.0,32,64,1164,512,1,1164,113287,113287,coverage_to_degree,90.0,,4.148,4.0,1,32,4.0,1,419,,,,,,,0.0,0.0,0.0,0.0,100.0,8.5169,7.0,32,964853
coco_i2i-512-angular,euclidean,mod-vamana,0.93,1.0,32,64,1164,512,1,1164,113287,113287,coverage_to_degree,90.5,,4.254,4.0,1,32,4.0,1,441,,,,,,,0.0,0.0,0.0,0.0,100.0,8.5169,7.0,32,964853
coco_i2i-512-angular,euclidean,mod-vamana,0.93,1.0,32,64,1164,512,1,1164,113287,113287,coverage_to_degree,91.0,,4.366,4.0,1,32,4.0,1,459,,,,,,,0.0,0.0,0.0,0.0,100.0,8.5169,7.0,32,964853
coco_i2i-512-angular,euclidean,mod-vamana,0.93,1.0,32,64,1164,512,1,1164,113287,113287,coverage_to_degree,91.5,,4.485,4.0,1,32,4.0,1,479,,,,,,,0.0,0.0,0.0,0.0,100.0,8.5169,7.0,32,964853
coco_i2i-512-angular,euclidean,mod-vamana,0.93,1.0,32,64,1164,512,1,1164,113287,113287,coverage_to_degree,92.0,,4.589,4.0,1,32,4.0,1,504,,,,,,,0.0,0.0,0.0,0.0,100.0,8.5169,7.0,32,964853
coco_i2i-512-angular,euclidean,mod-vamana,0.93,1.0,32,64,1164,512,1,1164,113287,113287,coverage_to_degree,92.5,,4.719,4.0,1,32,4.0,1,535,,,,,,,0.0,0.0,0.0,0.0,100.0,8.5169,7.0,32,964853
coco_i2i-512-angular,euclidean,mod-vamana,0.93,1.0,32,64,1164,512,1,1164,113287,113287,coverage_to_degree,93.0,,4.856,4.0,1,32,4.0,1,557,,,,,,,0.0,0.0,0.0,0.0,100.0,8.5169,7.0,32,964853
coco_i2i-512-angular,euclidean,mod-vamana,0.93,1.0,32,64,1164,512,1,1164,113287,113287,coverage_to_degree,93.5,,4.996,4.0,1,32,4.0,1,595,,,,,,,0.0,0.0,0.0,0.0,100.0,8.5169,7.0,32,964853
coco_i2i-512-angular,euclidean,mod-vamana,0.93,1.0,32,64,1164,512,1,1164,113287,113287,coverage_to_degree,94.0,,5.142,4.0,1,32,4.0,1,622,,,,,,,0.0,0.0,0.0,0.0,100.0,8.5169,7.0,32,964853
coco_i2i-512-angular,euclidean,mod-vamana,0.93,1.0,32,64,1164,512,1,1164,113287,113287,coverage_to_degree,94.5,,5.268,5.0,1,32,4.0,1,645,,,,,,,0.0,0.0,0.0,0.0,100.0,8.5169,7.0,32,964853
coco_i2i-512-angular,euclidean,mod-vamana,0.93,1.0,32,64,1164,512,1,1164,113287,113287,coverage_to_degree,95.0,,5.428,5.0,1,32,5.0,1,681,,,,,,,0.0,0.0,0.0,0.0,100.0,8.5169,7.0,32,964853
coco_i2i-512-angular,euclidean,mod-vamana,0.93,1.0,32,64,1164,512,1,1164,113287,113287,coverage_to_degree,95.5,,5.598,5.0,1,32,5.0,1,709,,,,,,,0.0,0.0,0.0,0.0,100.0,8.5169,7.0,32,964853
coco_i2i-512-angular,euclidean,mod-vamana,0.93,1.0,32,64,1164,512,1,1164,113287,113287,coverage_to_degree,96.0,,5.781,5.0,1,32,5.0,1,733,,,,,,,0.0,0.0,0.0,0.0,100.0,8.5169,7.0,32,964853
coco_i2i-512-angular,euclidean,mod-vamana,0.93,1.0,32,64,1164,512,1,1164,113287,113287,coverage_to_degree,96.5,,5.984,5.0,1,32,5.0,1,767,,,,,,,0.0,0.0,0.0,0.0,100.0,8.5169,7.0,32,964853
coco_i2i-512-angular,euclidean,mod-vamana,0.93,1.0,32,64,1164,512,1,1164,113287,113287,coverage_to_degree,97.0,,6.204,5.0,1,32,5.0,1,815,,,,,,,0.0,0.0,0.0,0.0,100.0,8.5169,7.0,32,964853
coco_i2i-512-angular,euclidean,mod-vamana,0.93,1.0,32,64,1164,512,1,1164,113287,113287,coverage_to_degree,97.5,,6.409,5.0,1,32,5.0,1,849,,,,,,,0.0,0.0,0.0,0.0,100.0,8.5169,7.0,32,964853
coco_i2i-512-angular,euclidean,mod-vamana,0.93,1.0,32,64,1164,512,1,1164,113287,113287,coverage_to_degree,98.0,,6.685,6.0,1,32,5.0,1,893,,,,,,,0.0,0.0,0.0,0.0,100.0,8.5169,7.0,32,964853
coco_i2i-512-angular,euclidean,mod-vamana,0.93,1.0,32,64,1164,512,1,1164,113287,113287,coverage_to_degree,98.5,,7.004,6.0,1,32,6.0,1,945,,,,,,,0.0,0.0,0.0,0.0,100.0,8.5169,7.0,32,964853
coco_i2i-512-angular,euclidean,mod-vamana,0.93,1.0,32,64,1164,512,1,1164,113287,113287,coverage_to_degree,99.0,,7.38,6.0,1,32,6.0,1,999,,,,,,,0.0,0.0,0.0,0.0,100.0,8.5169,7.0,32,964853
coco_i2i-512-angular,euclidean,mod-vamana,0.93,1.0,32,64,1164,512,1,1164,113287,113287,coverage_to_degree,99.5,,7.857,7.0,1,32,6.0,1,1046,,,,,,,0.0,0.0,0.0,0.0,100.0,8.5169,7.0,32,964853
coco_i2i-512-angular,euclidean,mod-vamana,0.93,1.0,32,64,1164,512,1,1164,113287,113287,coverage_to_degree,100.0,,8.401,7.0,1,32,7.0,1,1090,,,,,,,0.0,0.0,0.0,0.0,100.0,8.5169,7.0,32,964853
coco_i2i-512-angular,euclidean,mod-vamana,0.93,1.0,32,64,1164,512,1,1164,113287,113287,edge_to_coverage,,1,,,,,,,,63891.98,65987.0,0,113287,113160,113274,0.0,0.0,0.0,0.0,100.0,8.5169,7.0,32,964853
coco_i2i-512-angular,euclidean,mod-vamana,0.93,1.0,32,64,1164,512,1,1164,113287,113287,edge_to_coverage,,2,,,,,,,,85979.692,91389.0,0,113287,112727,113236,0.0,0.0,0.0,0.0,100.0,8.5169,7.0,32,964853
coco_i2i-512-angular,euclidean,mod-vamana,0.93,1.0,32,64,1164,512,1,1164,113287,113287,edge_to_coverage,,3,,,,,,,,96036.864,101219.0,0,113287,111916,113171,0.0,0.0,0.0,0.0,100.0,8.5169,7.0,32,964853
coco_i2i-512-angular,euclidean,mod-vamana,0.93,1.0,32,64,1164,512,1,1164,113287,113287,edge_to_coverage,,4,,,,,,,,101304.672,105501.0,0,113287,110746,113067,0.0,0.0,0.0,0.0,100.0,8.5169,7.0,32,964853
coco_i2i-512-angular,euclidean,mod-vamana,0.93,1.0,32,64,1164,512,1,1164,113287,113287,edge_to_coverage,,5,,,,,,,,104299.861,107253.0,0,113287,109281,112903,0.0,0.0,0.0,0.0,100.0,8.5169,7.0,32,964853
coco_i2i-512-angular,euclidean,mod-vamana,0.93,1.0,32,64,1164,512,1,1164,113287,113287,edge_to_coverage,,6,,,,,,,,106117.235,108323.0,0,113287,107706,112711,0.0,0.0,0.0,0.0,100.0,8.5169,7.0,32,964853
coco_i2i-512-angular,euclidean,mod-vamana,0.93,1.0,32,64,1164,512,1,1164,113287,113287,edge_to_coverage,,7,,,,,,,,107258.805,108907.0,0,113287,106147,112511,0.0,0.0,0.0,0.0,100.0,8.5169,7.0,32,964853
coco_i2i-512-angular,euclidean,mod-vamana,0.93,1.0,32,64,1164,512,1,1164,113287,113287,edge_to_coverage,,8,,,,,,,,108014.807,109394.0,0,113287,104663,112284,0.0,0.0,0.0,0.0,100.0,8.5169,7.0,32,964853
coco_i2i-512-angular,euclidean,mod-vamana,0.93,1.0,32,64,1164,512,1,1164,113287,113287,edge_to_coverage,,9,,,,,,,,108523.68,109686.0,0,113287,103275,112072,0.0,0.0,0.0,0.0,100.0,8.5169,7.0,32,964853
coco_i2i-512-angular,euclidean,mod-vamana,0.93,1.0,32,64,1164,512,1,1164,113287,113287,edge_to_coverage,,10,,,,,,,,108867.005,109978.0,0,113287,101907,111858,0.0,0.0,0.0,0.0,100.0,8.5169,7.0,32,964853
coco_i2i-512-angular,euclidean,mod-vamana,0.93,1.0,32,64,1164,512,1,1164,113287,113287,edge_to_coverage,,11,,,,,,,,109107.789,110173.0,0,113287,100714,111618,0.0,0.0,0.0,0.0,100.0,8.5169,7.0,32,964853
coco_i2i-512-angular,euclidean,mod-vamana,0.93,1.0,32,64,1164,512,1,1164,113287,113287,edge_to_coverage,,12,,,,,,,,109277.38,110270.0,0,113287,99623,111382,0.0,0.0,0.0,0.0,100.0,8.5169,7.0,32,964853
coco_i2i-512-angular,euclidean,mod-vamana,0.93,1.0,32,64,1164,512,1,1164,113287,113287,edge_to_coverage,,13,,,,,,,,109399.346,110367.0,0,113287,98632,111192,0.0,0.0,0.0,0.0,100.0,8.5169,7.0,32,964853
coco_i2i-512-angular,euclidean,mod-vamana,0.93,1.0,32,64,1164,512,1,1164,113287,113287,edge_to_coverage,,14,,,,,,,,109491.349,110465.0,0,113287,97858,110969,0.0,0.0,0.0,0.0,100.0,8.5169,7.0,32,964853
coco_i2i-512-angular,euclidean,mod-vamana,0.93,1.0,32,64,1164,512,1,1164,113287,113287,edge_to_coverage,,15,,,,,,,,109556.086,110562.0,0,113287,97115,110774,0.0,0.0,0.0,0.0,100.0,8.5169,7.0,32,964853
coco_i2i-512-angular,euclidean,mod-vamana,0.93,1.0,32,64,1164,512,1,1164,113287,113287,edge_to_coverage,,16,,,,,,,,109604.497,110562.0,0,113287,96499,110618,0.0,0.0,0.0,0.0,100.0,8.5169,7.0,32,964853
coco_i2i-512-angular,euclidean,mod-vamana,0.93,1.0,32,64,1164,512,1,1164,113287,113287,edge_to_coverage,,17,,,,,,,,109640.45,110659.0,0,113287,95984,110471,0.0,0.0,0.0,0.0,100.0,8.5169,7.0,32,964853
coco_i2i-512-angular,euclidean,mod-vamana,0.93,1.0,32,64,1164,512,1,1164,113287,113287,edge_to_coverage,,18,,,,,,,,109668.016,110659.0,0,113287,95516,110327,0.0,0.0,0.0,0.0,100.0,8.5169,7.0,32,964853
coco_i2i-512-angular,euclidean,mod-vamana,0.93,1.0,32,64,1164,512,1,1164,113287,113287,edge_to_coverage,,19,,,,,,,,109687.571,110659.0,0,113287,95124,110181,0.0,0.0,0.0,0.0,100.0,8.5169,7.0,32,964853
coco_i2i-512-angular,euclidean,mod-vamana,0.93,1.0,32,64,1164,512,1,1164,113287,113287,edge_to_coverage,,20,,,,,,,,109702.448,110659.0,0,113287,94803,110074,0.0,0.0,0.0,0.0,100.0,8.5169,7.0,32,964853
coco_i2i-512-angular,euclidean,mod-vamana,0.93,1.0,32,64,1164,512,1,1164,113287,113287,edge_to_coverage,,21,,,,,,,,109713.675,110757.0,0,113287,94553,109996,0.0,0.0,0.0,0.0,100.0,8.5169,7.0,32,964853
coco_i2i-512-angular,euclidean,mod-vamana,0.93,1.0,32,64,1164,512,1,1164,113287,113287,edge_to_coverage,,22,,,,,,,,109722.358,110757.0,0,113287,94332,109906,0.0,0.0,0.0,0.0,100.0,8.5169,7.0,32,964853
coco_i2i-512-angular,euclidean,mod-vamana,0.93,1.0,32,64,1164,512,1,1164,113287,113287,edge_to_coverage,,23,,,,,,,,109728.904,110757.0,0,113287,94163,109822,0.0,0.0,0.0,0.0,100.0,8.5169,7.0,32,964853
coco_i2i-512-angular,euclidean,mod-vamana,0.93,1.0,32,64,1164,512,1,1164,113287,113287,edge_to_coverage,,24,,,,,,,,109733.794,110757.0,0,113287,93994,109754,0.0,0.0,0.0,0.0,100.0,8.5169,7.0,32,964853
coco_i2i-512-angular,euclidean,mod-vamana,0.93,1.0,32,64,1164,512,1,1164,113287,113287,edge_to_coverage,,25,,,,,,,,109737.53,110757.0,0,113287,93852,109695,0.0,0.0,0.0,0.0,100.0,8.5169,7.0,32,964853
coco_i2i-512-angular,euclidean,mod-vamana,0.93,1.0,32,64,1164,512,1,1164,113287,113287,edge_to_coverage,,26,,,,,,,,109740.605,110757.0,0,113287,93741,109643,0.0,0.0,0.0,0.0,100.0,8.5169,7.0,32,964853
coco_i2i-512-angular,euclidean,mod-vamana,0.93,1.0,32,64,1164,512,1,1164,113287,113287,edge_to_coverage,,27,,,,,,,,109742.606,110757.0,0,113287,93661,109605,0.0,0.0,0.0,0.0,100.0,8.5169,7.0,32,964853
coco_i2i-512-angular,euclidean,mod-vamana,0.93,1.0,32,64,1164,512,1,1164,113287,113287,edge_to_coverage,,28,,,,,,,,109744.149,110757.0,0,113287,93597,109569,0.0,0.0,0.0,0.0,100.0,8.5169,7.0,32,964853
coco_i2i-512-angular,euclidean,mod-vamana,0.93,1.0,32,64,1164,512,1,1164,113287,113287,edge_to_coverage,,29,,,,,,,,109745.264,110757.0,0,113287,93557,109540,0.0,0.0,0.0,0.0,100.0,8.5169,7.0,32,964853
coco_i2i-512-angular,euclidean,mod-vamana,0.93,1.0,32,64,1164,512,1,1164,113287,113287,edge_to_coverage,,30,,,,,,,,109746.131,110757.0,0,113287,93520,109521,0.0,0.0,0.0,0.0,100.0,8.5169,7.0,32,964853
coco_i2i-512-angular,euclidean,mod-vamana,0.93,1.0,32,64,1164,512,1,1164,113287,113287,edge_to_coverage,,31,,,,,,,,109746.591,110757.0,0,113287,93499,109507,0.0,0.0,0.0,0.0,100.0,8.5169,7.0,32,964853
coco_i2i-512-angular,euclidean,mod-vamana,0.93,1.0,32,64,1164,512,1,1164,113287,113287,edge_to_coverage,,32,,,,,,,,109746.856,110757.0,0,113287,93489,109490,0.0,0.0,0.0,0.0,100.0,8.5169,7.0,32,964853
coco_i2i-512-angular,euclidean,mod-vamana,0.94,1.0,32,64,1164,512,1,1164,113287,113287,coverage_to_degree,90.0,,4.162,4.0,1,32,4.0,1,400,,,,,,,0.0,0.0,0.0,0.0,100.0,8.972,7.0,32,1016415
coco_i2i-512-angular,euclidean,mod-vamana,0.94,1.0,32,64,1164,512,1,1164,113287,113287,coverage_to_degree,90.5,,4.27,4.0,1,32,4.0,1,425,,,,,,,0.0,0.0,0.0,0.0,100.0,8.972,7.0,32,1016415
coco_i2i-512-angular,euclidean,mod-vamana,0.94,1.0,32,64,1164,512,1,1164,113287,113287,coverage_to_degree,91.0,,4.385,4.0,1,32,4.0,1,447,,,,,,,0.0,0.0,0.0,0.0,100.0,8.972,7.0,32,1016415
coco_i2i-512-angular,euclidean,mod-vamana,0.94,1.0,32,64,1164,512,1,1164,113287,113287,coverage_to_degree,91.5,,4.507,4.0,1,32,4.0,1,484,,,,,,,0.0,0.0,0.0,0.0,100.0,8.972,7.0,32,1016415
coco_i2i-512-angular,euclidean,mod-vamana,0.94,1.0,32,64,1164,512,1,1164,113287,113287,coverage_to_degree,92.0,,4.615,4.0,1,32,4.0,1,504,,,,,,,0.0,0.0,0.0,0.0,100.0,8.972,7.0,32,1016415
coco_i2i-512-angular,euclidean,mod-vamana,0.94,1.0,32,64,1164,512,1,1164,113287,113287,coverage_to_degree,92.5,,4.753,4.0,1,32,4.0,1,532,,,,,,,0.0,0.0,0.0,0.0,100.0,8.972,7.0,32,1016415
coco_i2i-512-angular,euclidean,mod-vamana,0.94,1.0,32,64,1164,512,1,1164,113287,113287,coverage_to_degree,93.0,,4.901,4.0,1,32,4.0,1,562,,,,,,,0.0,0.0,0.0,0.0,100.0,8.972,7.0,32,1016415
coco_i2i-512-angular,euclidean,mod-vamana,0.94,1.0,32,64,1164,512,1,1164,113287,113287,coverage_to_degree,93.5,,5.056,4.0,1,32,4.0,1,594,,,,,,,0.0,0.0,0.0,0.0,100.0,8.972,7.0,32,1016415
coco_i2i-512-angular,euclidean,mod-vamana,0.94,1.0,32,64,1164,512,1,1164,113287,113287,coverage_to_degree,94.0,,5.22,5.0,1,32,4.0,1,625,,,,,,,0.0,0.0,0.0,0.0,100.0,8.972,7.0,32,1016415
coco_i2i-512-angular,euclidean,mod-vamana,0.94,1.0,32,64,1164,512,1,1164,113287,113287,coverage_to_degree,94.5,,5.362,5.0,1,32,5.0,1,647,,,,,,,0.0,0.0,0.0,0.0,100.0,8.972,7.0,32,1016415
coco_i2i-512-angular,euclidean,mod-vamana,0.94,1.0,32,64,1164,512,1,1164,113287,113287,coverage_to_degree,95.0,,5.539,5.0,1,32,5.0,1,686,,,,,,,0.0,0.0,0.0,0.0,100.0,8.972,7.0,32,1016415
coco_i2i-512-angular,euclidean,mod-vamana,0.94,1.0,32,64,1164,512,1,1164,113287,113287,coverage_to_degree,95.5,,5.724,5.0,1,32,5.0,1,726,,,,,,,0.0,0.0,0.0,0.0,100.0,8.972,7.0,32,1016415
coco_i2i-512-angular,euclidean,mod-vamana,0.94,1.0,32,64,1164,512,1,1164,113287,113287,coverage_to_degree,96.0,,5.926,5.0,1,32,5.0,1,765,,,,,,,0.0,0.0,0.0,0.0,100.0,8.972,7.0,32,1016415
coco_i2i-512-angular,euclidean,mod-vamana,0.94,1.0,32,64,1164,512,1,1164,113287,113287,coverage_to_degree,96.5,,6.147,5.0,1,32,5.0,1,806,,,,,,,0.0,0.0,0.0,0.0,100.0,8.972,7.0,32,1016415
coco_i2i-512-angular,euclidean,mod-vamana,0.94,1.0,32,64,1164,512,1,1164,113287,113287,coverage_to_degree,97.0,,6.387,6.0,1,32,5.0,1,852,,,,,,,0.0,0.0,0.0,0.0,100.0,8.972,7.0,32,1016415
coco_i2i-512-angular,euclidean,mod-vamana,0.94,1.0,32,64,1164,512,1,1164,113287,113287,coverage_to_degree,97.5,,6.612,6.0,1,32,5.0,1,891,,,,,,,0.0,0.0,0.0,0.0,100.0,8.972,7.0,32,1016415
coco_i2i-512-angular,euclidean,mod-vamana,0.94,1.0,32,64,1164,512,1,1164,113287,113287,coverage_to_degree,98.0,,6.916,6.0,1,32,6.0,1,946,,,,,,,0.0,0.0,0.0,0.0,100.0,8.972,7.0,32,1016415
coco_i2i-512-angular,euclidean,mod-vamana,0.94,1.0,32,64,1164,512,1,1164,113287,113287,coverage_to_degree,98.5,,7.268,6.0,1,32,6.0,1,1010,,,,,,,0.0,0.0,0.0,0.0,100.0,8.972,7.0,32,1016415
coco_i2i-512-angular,euclidean,mod-vamana,0.94,1.0,32,64,1164,512,1,1164,113287,113287,coverage_to_degree,99.0,,7.685,7.0,1,32,6.0,1,1085,,,,,,,0.0,0.0,0.0,0.0,100.0,8.972,7.0,32,1016415
coco_i2i-512-angular,euclidean,mod-vamana,0.94,1.0,32,64,1164,512,1,1164,113287,113287,coverage_to_degree,99.5,,8.22,7.0,1,32,7.0,1,1147,,,,,,,0.0,0.0,0.0,0.0,100.0,8.972,7.0,32,1016415
coco_i2i-512-angular,euclidean,mod-vamana,0.94,1.0,32,64,1164,512,1,1164,113287,113287,coverage_to_degree,100.0,,8.837,7.0,1,32,7.0,1,1206,,,,,,,0.0,0.0,0.0,0.0,100.0,8.972,7.0,32,1016415
coco_i2i-512-angular,euclidean,mod-vamana,0.94,1.0,32,64,1164,512,1,1164,113287,113287,edge_to_coverage,,1,,,,,,,,63854.586,65987.0,0,113287,113158,113273,0.0,0.0,0.0,0.0,100.0,8.972,7.0,32,1016415
coco_i2i-512-angular,euclidean,mod-vamana,0.94,1.0,32,64,1164,512,1,1164,113287,113287,edge_to_coverage,,2,,,,,,,,85938.021,91291.0,0,113287,112698,113233,0.0,0.0,0.0,0.0,100.0,8.972,7.0,32,1016415
coco_i2i-512-angular,euclidean,mod-vamana,0.94,1.0,32,64,1164,512,1,1164,113287,113287,edge_to_coverage,,3,,,,,,,,96023.614,101121.0,0,113287,111837,113166,0.0,0.0,0.0,0.0,100.0,8.972,7.0,32,1016415
coco_i2i-512-angular,euclidean,mod-vamana,0.94,1.0,32,64,1164,512,1,1164,113287,113287,edge_to_coverage,,4,,,,,,,,101357.269,105696.0,0,113287,110551,113059,0.0,0.0,0.0,0.0,100.0,8.972,7.0,32,1016415
coco_i2i-512-angular,euclidean,mod-vamana,0.94,1.0,32,64,1164,512,1,1164,113287,113287,edge_to_coverage,,5,,,,,,,,104397.037,107642.0,0,113287,109007,112877,0.0,0.0,0.0,0.0,100.0,8.972,7.0,32,1016415
coco_i2i-512-angular,euclidean,mod-vamana,0.94,1.0,32,64,1164,512,1,1164,113287,113287,edge_to_coverage,,6,,,,,,,,106276.776,108615.0,0,113287,107246,112671,0.0,0.0,0.0,0.0,100.0,8.972,7.0,32,1016415
coco_i2i-512-angular,euclidean,mod-vamana,0.94,1.0,32,64,1164,512,1,1164,113287,113287,edge_to_coverage,,7,,,,,,,,107459.963,109297.0,0,113287,105566,112442,0.0,0.0,0.0,0.0,100.0,8.972,7.0,32,1016415
coco_i2i-512-angular,euclidean,mod-vamana,0.94,1.0,32,64,1164,512,1,1164,113287,113287,edge_to_coverage,,8,,,,,,,,108250.059,109686.0,0,113287,103972,112189,0.0,0.0,0.0,0.0,100.0,8.972,7.0,32,1016415
coco_i2i-512-angular,euclidean,mod-vamana,0.94,1.0,32,64,1164,512,1,1164,113287,113287,edge_to_coverage,,9,,,,,,,,108786.24,110075.0,0,113287,102391,111936,0.0,0.0,0.0,0.0,100.0,8.972,7.0,32,1016415
coco_i2i-512-angular,euclidean,mod-vamana,0.94,1.0,32,64,1164,512,1,1164,113287,113287,edge_to_coverage,,10,,,,,,,,109149.403,110270.0,0,113287,100916,111706,0.0,0.0,0.0,0.0,100.0,8.972,7.0,32,1016415
coco_i2i-512-angular,euclidean,mod-vamana,0.94,1.0,32,64,1164,512,1,1164,113287,113287,edge_to_coverage,,11,,,,,,,,109407.164,110465.0,0,113287,99548,111426,0.0,0.0,0.0,0.0,100.0,8.972,7.0,32,1016415
coco_i2i-512-angular,euclidean,mod-vamana,0.94,1.0,32,64,1164,512,1,1164,113287,113287,edge_to_coverage,,12,,,,,,,,109588.031,110562.0,0,113287,98359,111201,0.0,0.0,0.0,0.0,100.0,8.972,7.0,32,1016415
coco_i2i-512-angular,euclidean,mod-vamana,0.94,1.0,32,64,1164,512,1,1164,113287,113287,edge_to_coverage,,13,,,,,,,,109718.618,110757.0,0,113287,97267,110949,0.0,0.0,0.0,0.0,100.0,8.972,7.0,32,1016415
coco_i2i-512-angular,euclidean,mod-vamana,0.94,1.0,32,64,1164,512,1,1164,113287,113287,edge_to_coverage,,14,,,,,,,,109815.615,110757.0,0,113287,96344,110719,0.0,0.0,0.0,0.0,100.0,8.972,7.0,32,1016415
coco_i2i-512-angular,euclidean,mod-vamana,0.94,1.0,32,64,1164,512,1,1164,113287,113287,edge_to_coverage,,15,,,,,,,,109886.588,110854.0,0,113287,95550,110493,0.0,0.0,0.0,0.0,100.0,8.972,7.0,32,1016415
coco_i2i-512-angular,euclidean,mod-vamana,0.94,1.0,32,64,1164,512,1,1164,113287,113287,edge_to_coverage,,16,,,,,,,,109939.257,110951.0,0,113287,94831,110288,0.0,0.0,0.0,0.0,100.0,8.972,7.0,32,1016415
coco_i2i-512-angular,euclidean,mod-vamana,0.94,1.0,32,64,1164,512,1,1164,113287,113287,edge_to_coverage,,17,,,,,,,,109978.714,110951.0,0,113287,94207,110112,0.0,0.0,0.0,0.0,100.0,8.972,7.0,32,1016415
coco_i2i-512-angular,euclidean,mod-vamana,0.94,1.0,32,64,1164,512,1,1164,113287,113287,edge_to_coverage,,18,,,,,,,,110008.121,110951.0,0,113287,93696,109961,0.0,0.0,0.0,0.0,100.0,8.972,7.0,32,1016415
coco_i2i-512-angular,euclidean,mod-vamana,0.94,1.0,32,64,1164,512,1,1164,113287,113287,edge_to_coverage,,19,,,,,,,,110029.967,111049.0,0,113287,93251,109804,0.0,0.0,0.0,0.0,100.0,8.972,7.0,32,1016415
coco_i2i-512-angular,euclidean,mod-vamana,0.94,1.0,32,64,1164,512,1,1164,113287,113287,edge_to_coverage,,20,,,,,,,,110046.745,111049.0,0,113287,92853,109676,0.0,0.0,0.0,0.0,100.0,8.972,7.0,32,1016415
coco_i2i-512-angular,euclidean,mod-vamana,0.94,1.0,32,64,1164,512,1,1164,113287,113287,edge_to_coverage,,21,,,,,,,,110060.159,111049.0,0,113287,92540,109565,0.0,0.0,0.0,0.0,100.0,8.972,7.0,32,1016415
coco_i2i-512-angular,euclidean,mod-vamana,0.94,1.0,32,64,1164,512,1,1164,113287,113287,edge_to_coverage,,22,,,,,,,,110069.732,111049.0,0,113287,92272,109447,0.0,0.0,0.0,0.0,100.0,8.972,7.0,32,1016415
coco_i2i-512-angular,euclidean,mod-vamana,0.94,1.0,32,64,1164,512,1,1164,113287,113287,edge_to_coverage,,23,,,,,,,,110077.221,111049.0,0,113287,92072,109361,0.0,0.0,0.0,0.0,100.0,8.972,7.0,32,1016415
coco_i2i-512-angular,euclidean,mod-vamana,0.94,1.0,32,64,1164,512,1,1164,113287,113287,edge_to_coverage,,24,,,,,,,,110082.747,111049.0,0,113287,91903,109278,0.0,0.0,0.0,0.0,100.0,8.972,7.0,32,1016415
coco_i2i-512-angular,euclidean,mod-vamana,0.94,1.0,32,64,1164,512,1,1164,113287,113287,edge_to_coverage,,25,,,,,,,,110087.036,111049.0,0,113287,91737,109203,0.0,0.0,0.0,0.0,100.0,8.972,7.0,32,1016415
coco_i2i-512-angular,euclidean,mod-vamana,0.94,1.0,32,64,1164,512,1,1164,113287,113287,edge_to_coverage,,26,,,,,,,,110090.141,111049.0,0,113287,91620,109148,0.0,0.0,0.0,0.0,100.0,8.972,7.0,32,1016415
coco_i2i-512-angular,euclidean,mod-vamana,0.94,1.0,32,64,1164,512,1,1164,113287,113287,edge_to_coverage,,27,,,,,,,,110092.522,111049.0,0,113287,91522,109099,0.0,0.0,0.0,0.0,100.0,8.972,7.0,32,1016415
coco_i2i-512-angular,euclidean,mod-vamana,0.94,1.0,32,64,1164,512,1,1164,113287,113287,edge_to_coverage,,28,,,,,,,,110094.491,111049.0,0,113287,91446,109060,0.0,0.0,0.0,0.0,100.0,8.972,7.0,32,1016415
coco_i2i-512-angular,euclidean,mod-vamana,0.94,1.0,32,64,1164,512,1,1164,113287,113287,edge_to_coverage,,29,,,,,,,,110095.656,111049.0,0,113287,91402,109027,0.0,0.0,0.0,0.0,100.0,8.972,7.0,32,1016415
coco_i2i-512-angular,euclidean,mod-vamana,0.94,1.0,32,64,1164,512,1,1164,113287,113287,edge_to_coverage,,30,,,,,,,,110096.737,111049.0,0,113287,91368,108995,0.0,0.0,0.0,0.0,100.0,8.972,7.0,32,1016415
coco_i2i-512-angular,euclidean,mod-vamana,0.94,1.0,32,64,1164,512,1,1164,113287,113287,edge_to_coverage,,31,,,,,,,,110097.252,111049.0,0,113287,91342,108979,0.0,0.0,0.0,0.0,100.0,8.972,7.0,32,1016415
coco_i2i-512-angular,euclidean,mod-vamana,0.94,1.0,32,64,1164,512,1,1164,113287,113287,edge_to_coverage,,32,,,,,,,,110097.583,111049.0,0,113287,91324,108967,0.0,0.0,0.0,0.0,100.0,8.972,7.0,32,1016415
coco_i2i-512-angular,euclidean,mod-vamana,0.95,1.0,32,64,1164,512,1,1164,113287,113287,coverage_to_degree,90.0,,4.18,4.0,1,32,4.0,1,373,,,,,,,0.0,0.0,0.0,0.0,100.0,9.4514,8.0,32,1070716
coco_i2i-512-angular,euclidean,mod-vamana,0.95,1.0,32,64,1164,512,1,1164,113287,113287,coverage_to_degree,90.5,,4.289,4.0,1,32,4.0,1,397,,,,,,,0.0,0.0,0.0,0.0,100.0,9.4514,8.0,32,1070716
coco_i2i-512-angular,euclidean,mod-vamana,0.95,1.0,32,64,1164,512,1,1164,113287,113287,coverage_to_degree,91.0,,4.405,4.0,1,32,4.0,1,422,,,,,,,0.0,0.0,0.0,0.0,100.0,9.4514,8.0,32,1070716
coco_i2i-512-angular,euclidean,mod-vamana,0.95,1.0,32,64,1164,512,1,1164,113287,113287,coverage_to_degree,91.5,,4.528,4.0,1,32,4.0,1,446,,,,,,,0.0,0.0,0.0,0.0,100.0,9.4514,8.0,32,1070716
coco_i2i-512-angular,euclidean,mod-vamana,0.95,1.0,32,64,1164,512,1,1164,113287,113287,coverage_to_degree,92.0,,4.638,4.0,1,32,4.0,1,471,,,,,,,0.0,0.0,0.0,0.0,100.0,9.4514,8.0,32,1070716
coco_i2i-512-angular,euclidean,mod-vamana,0.95,1.0,32,64,1164,512,1,1164,113287,113287,coverage_to_degree,92.5,,4.777,4.0,1,32,4.0,1,508,,,,,,,0.0,0.0,0.0,0.0,100.0,9.4514,8.0,32,1070716
coco_i2i-512-angular,euclidean,mod-vamana,0.95,1.0,32,64,1164,512,1,1164,113287,113287,coverage_to_degree,93.0,,4.93,4.0,1,32,4.0,1,539,,,,,,,0.0,0.0,0.0,0.0,100.0,9.4514,8.0,32,1070716
coco_i2i-512-angular,euclidean,mod-vamana,0.95,1.0,32,64,1164,512,1,1164,113287,113287,coverage_to_degree,93.5,,5.094,4.0,1,32,4.0,1,569,,,,,,,0.0,0.0,0.0,0.0,100.0,9.4514,8.0,32,1070716
coco_i2i-512-angular,euclidean,mod-vamana,0.95,1.0,32,64,1164,512,1,1164,113287,113287,coverage_to_degree,94.0,,5.272,5.0,1,32,4.0,1,610,,,,,,,0.0,0.0,0.0,0.0,100.0,9.4514,8.0,32,1070716
coco_i2i-512-angular,euclidean,mod-vamana,0.95,1.0,32,64,1164,512,1,1164,113287,113287,coverage_to_degree,94.5,,5.429,5.0,1,32,5.0,1,629,,,,,,,0.0,0.0,0.0,0.0,100.0,9.4514,8.0,32,1070716
coco_i2i-512-angular,euclidean,mod-vamana,0.95,1.0,32,64,1164,512,1,1164,113287,113287,coverage_to_degree,95.0,,5.627,5.0,1,32,5.0,1,674,,,,,,,0.0,0.0,0.0,0.0,100.0,9.4514,8.0,32,1070716
coco_i2i-512-angular,euclidean,mod-vamana,0.95,1.0,32,64,1164,512,1,1164,113287,113287,coverage_to_degree,95.5,,5.836,5.0,1,32,5.0,1,717,,,,,,,0.0,0.0,0.0,0.0,100.0,9.4514,8.0,32,1070716
coco_i2i-512-angular,euclidean,mod-vamana,0.95,1.0,32,64,1164,512,1,1164,113287,113287,coverage_to_degree,96.0,,6.062,5.0,1,32,5.0,1,765,,,,,,,0.0,0.0,0.0,0.0,100.0,9.4514,8.0,32,1070716
coco_i2i-512-angular,euclidean,mod-vamana,0.95,1.0,32,64,1164,512,1,1164,113287,113287,coverage_to_degree,96.5,,6.305,5.0,1,32,5.0,1,801,,,,,,,0.0,0.0,0.0,0.0,100.0,9.4514,8.0,32,1070716
coco_i2i-512-angular,euclidean,mod-vamana,0.95,1.0,32,64,1164,512,1,1164,113287,113287,coverage_to_degree,97.0,,6.569,6.0,1,32,5.0,1,854,,,,,,,0.0,0.0,0.0,0.0,100.0,9.4514,8.0,32,1070716
coco_i2i-512-angular,euclidean,mod-vamana,0.95,1.0,32,64,1164,512,1,1164,113287,113287,coverage_to_degree,97.5,,6.814,6.0,1,32,6.0,1,898,,,,,,,0.0,0.0,0.0,0.0,100.0,9.4514,8.0,32,1070716
coco_i2i-512-angular,euclidean,mod-vamana,0.95,1.0,32,64,1164,512,1,1164,113287,113287,coverage_to_degree,98.0,,7.148,6.0,1,32,6.0,1,961,,,,,,,0.0,0.0,0.0,0.0,100.0,9.4514,8.0,32,1070716
coco_i2i-512-angular,euclidean,mod-vamana,0.95,1.0,32,64,1164,512,1,1164,113287,113287,coverage_to_degree,98.5,,7.536,6.0,1,32,6.0,1,1018,,,,,,,0.0,0.0,0.0,0.0,100.0,9.4514,8.0,32,1070716
coco_i2i-512-angular,euclidean,mod-vamana,0.95,1.0,32,64,1164,512,1,1164,113287,113287,coverage_to_degree,99.0,,7.996,7.0,1,32,7.0,1,1109,,,,,,,0.0,0.0,0.0,0.0,100.0,9.4514,8.0,32,1070716
coco_i2i-512-angular,euclidean,mod-vamana,0.95,1.0,32,64,1164,512,1,1164,113287,113287,coverage_to_degree,99.5,,8.596,7.0,1,32,7.0,1,1187,,,,,,,0.0,0.0,0.0,0.0,100.0,9.4514,8.0,32,1070716
coco_i2i-512-angular,euclidean,mod-vamana,0.95,1.0,32,64,1164,512,1,1164,113287,113287,coverage_to_degree,100.0,,9.297,8.0,1,32,7.0,1,1267,,,,,,,0.0,0.0,0.0,0.0,100.0,9.4514,8.0,32,1070716
coco_i2i-512-angular,euclidean,mod-vamana,0.95,1.0,32,64,1164,512,1,1164,113287,113287,edge_to_coverage,,1,,,,,,,,63760.564,65792.0,0,113287,113155,113272,0.0,0.0,0.0,0.0,100.0,9.4514,8.0,32,1070716
coco_i2i-512-angular,euclidean,mod-vamana,0.95,1.0,32,64,1164,512,1,1164,113287,113287,edge_to_coverage,,2,,,,,,,,85884.736,91194.0,0,113287,112673,113230,0.0,0.0,0.0,0.0,100.0,9.4514,8.0,32,1070716
coco_i2i-512-angular,euclidean,mod-vamana,0.95,1.0,32,64,1164,512,1,1164,113287,113287,edge_to_coverage,,3,,,,,,,,95996.53,101024.0,0,113287,111748,113155,0.0,0.0,0.0,0.0,100.0,9.4514,8.0,32,1070716
coco_i2i-512-angular,euclidean,mod-vamana,0.95,1.0,32,64,1164,512,1,1164,113287,113287,edge_to_coverage,,4,,,,,,,,101398.116,105793.0,0,113287,110366,113046,0.0,0.0,0.0,0.0,100.0,9.4514,8.0,32,1070716
coco_i2i-512-angular,euclidean,mod-vamana,0.95,1.0,32,64,1164,512,1,1164,113287,113287,edge_to_coverage,,5,,,,,,,,104488.959,107934.0,0,113287,108672,112849,0.0,0.0,0.0,0.0,100.0,9.4514,8.0,32,1070716
coco_i2i-512-angular,euclidean,mod-vamana,0.95,1.0,32,64,1164,512,1,1164,113287,113287,edge_to_coverage,,6,,,,,,,,106411.762,109005.0,0,113287,106763,112629,0.0,0.0,0.0,0.0,100.0,9.4514,8.0,32,1070716
coco_i2i-512-angular,euclidean,mod-vamana,0.95,1.0,32,64,1164,512,1,1164,113287,113287,edge_to_coverage,,7,,,,,,,,107634.996,109589.0,0,113287,104916,112369,0.0,0.0,0.0,0.0,100.0,9.4514,8.0,32,1070716
coco_i2i-512-angular,euclidean,mod-vamana,0.95,1.0,32,64,1164,512,1,1164,113287,113287,edge_to_coverage,,8,,,,,,,,108457.449,110075.0,0,113287,103101,112088,0.0,0.0,0.0,0.0,100.0,9.4514,8.0,32,1070716
coco_i2i-512-angular,euclidean,mod-vamana,0.95,1.0,32,64,1164,512,1,1164,113287,113287,edge_to_coverage,,9,,,,,,,,109017.424,110367.0,0,113287,101364,111812,0.0,0.0,0.0,0.0,100.0,9.4514,8.0,32,1070716
coco_i2i-512-angular,euclidean,mod-vamana,0.95,1.0,32,64,1164,512,1,1164,113287,113287,edge_to_coverage,,10,,,,,,,,109404.827,110562.0,0,113287,99713,111515,0.0,0.0,0.0,0.0,100.0,9.4514,8.0,32,1070716
coco_i2i-512-angular,euclidean,mod-vamana,0.95,1.0,32,64,1164,512,1,1164,113287,113287,edge_to_coverage,,11,,,,,,,,109677.954,110757.0,0,113287,98214,111229,0.0,0.0,0.0,0.0,100.0,9.4514,8.0,32,1070716
coco_i2i-512-angular,euclidean,mod-vamana,0.95,1.0,32,64,1164,512,1,1164,113287,113287,edge_to_coverage,,12,,,,,,,,109870.76,110951.0,0,113287,96817,110967,0.0,0.0,0.0,0.0,100.0,9.4514,8.0,32,1070716
coco_i2i-512-angular,euclidean,mod-vamana,0.95,1.0,32,64,1164,512,1,1164,113287,113287,edge_to_coverage,,13,,,,,,,,110013.63,111049.0,0,113287,95581,110685,0.0,0.0,0.0,0.0,100.0,9.4514,8.0,32,1070716
coco_i2i-512-angular,euclidean,mod-vamana,0.95,1.0,32,64,1164,512,1,1164,113287,113287,edge_to_coverage,,14,,,,,,,,110118.909,111146.0,0,113287,94526,110435,0.0,0.0,0.0,0.0,100.0,9.4514,8.0,32,1070716
coco_i2i-512-angular,euclidean,mod-vamana,0.95,1.0,32,64,1164,512,1,1164,113287,113287,edge_to_coverage,,15,,,,,,,,110197.423,111146.0,0,113287,93614,110191,0.0,0.0,0.0,0.0,100.0,9.4514,8.0,32,1070716
coco_i2i-512-angular,euclidean,mod-vamana,0.95,1.0,32,64,1164,512,1,1164,113287,113287,edge_to_coverage,,16,,,,,,,,110255.706,111243.0,0,113287,92804,109932,0.0,0.0,0.0,0.0,100.0,9.4514,8.0,32,1070716
coco_i2i-512-angular,euclidean,mod-vamana,0.95,1.0,32,64,1164,512,1,1164,113287,113287,edge_to_coverage,,17,,,,,,,,110299.793,111243.0,0,113287,92078,109717,0.0,0.0,0.0,0.0,100.0,9.4514,8.0,32,1070716
coco_i2i-512-angular,euclidean,mod-vamana,0.95,1.0,32,64,1164,512,1,1164,113287,113287,edge_to_coverage,,18,,,,,,,,110331.993,111243.0,0,113287,91502,109530,0.0,0.0,0.0,0.0,100.0,9.4514,8.0,32,1070716
coco_i2i-512-angular,euclidean,mod-vamana,0.95,1.0,32,64,1164,512,1,1164,113287,113287,edge_to_coverage,,19,,,,,,,,110356.484,111340.0,0,113287,90994,109347,0.0,0.0,0.0,0.0,100.0,9.4514,8.0,32,1070716
coco_i2i-512-angular,euclidean,mod-vamana,0.95,1.0,32,64,1164,512,1,1164,113287,113287,edge_to_coverage,,20,,,,,,,,110375.029,111340.0,0,113287,90532,109212,0.0,0.0,0.0,0.0,100.0,9.4514,8.0,32,1070716
coco_i2i-512-angular,euclidean,mod-vamana,0.95,1.0,32,64,1164,512,1,1164,113287,113287,edge_to_coverage,,21,,,,,,,,110389.236,111340.0,0,113287,90163,109060,0.0,0.0,0.0,0.0,100.0,9.4514,8.0,32,1070716
coco_i2i-512-angular,euclidean,mod-vamana,0.95,1.0,32,64,1164,512,1,1164,113287,113287,edge_to_coverage,,22,,,,,,,,110400.765,111340.0,0,113287,89854,108935,0.0,0.0,0.0,0.0,100.0,9.4514,8.0,32,1070716
coco_i2i-512-angular,euclidean,mod-vamana,0.95,1.0,32,64,1164,512,1,1164,113287,113287,edge_to_coverage,,23,,,,,,,,110408.67,111340.0,0,113287,89613,108840,0.0,0.0,0.0,0.0,100.0,9.4514,8.0,32,1070716
coco_i2i-512-angular,euclidean,mod-vamana,0.95,1.0,32,64,1164,512,1,1164,113287,113287,edge_to_coverage,,24,,,,,,,,110414.733,111340.0,0,113287,89387,108730,0.0,0.0,0.0,0.0,100.0,9.4514,8.0,32,1070716
coco_i2i-512-angular,euclidean,mod-vamana,0.95,1.0,32,64,1164,512,1,1164,113287,113287,edge_to_coverage,,25,,,,,,,,110419.482,111340.0,0,113287,89222,108649,0.0,0.0,0.0,0.0,100.0,9.4514,8.0,32,1070716
coco_i2i-512-angular,euclidean,mod-vamana,0.95,1.0,32,64,1164,512,1,1164,113287,113287,edge_to_coverage,,26,,,,,,,,110423.197,111340.0,0,113287,89079,108574,0.0,0.0,0.0,0.0,100.0,9.4514,8.0,32,1070716
coco_i2i-512-angular,euclidean,mod-vamana,0.95,1.0,32,64,1164,512,1,1164,113287,113287,edge_to_coverage,,27,,,,,,,,110425.848,111438.0,0,113287,88959,108513,0.0,0.0,0.0,0.0,100.0,9.4514,8.0,32,1070716
coco_i2i-512-angular,euclidean,mod-vamana,0.95,1.0,32,64,1164,512,1,1164,113287,113287,edge_to_coverage,,28,,,,,,,,110427.76,111438.0,0,113287,88891,108465,0.0,0.0,0.0,0.0,100.0,9.4514,8.0,32,1070716
coco_i2i-512-angular,euclidean,mod-vamana,0.95,1.0,32,64,1164,512,1,1164,113287,113287,edge_to_coverage,,29,,,,,,,,110429.148,111438.0,0,113287,88832,108422,0.0,0.0,0.0,0.0,100.0,9.4514,8.0,32,1070716
coco_i2i-512-angular,euclidean,mod-vamana,0.95,1.0,32,64,1164,512,1,1164,113287,113287,edge_to_coverage,,30,,,,,,,,110430.27,111438.0,0,113287,88794,108389,0.0,0.0,0.0,0.0,100.0,9.4514,8.0,32,1070716
coco_i2i-512-angular,euclidean,mod-vamana,0.95,1.0,32,64,1164,512,1,1164,113287,113287,edge_to_coverage,,31,,,,,,,,110430.889,111438.0,0,113287,88753,108361,0.0,0.0,0.0,0.0,100.0,9.4514,8.0,32,1070716
coco_i2i-512-angular,euclidean,mod-vamana,0.95,1.0,32,64,1164,512,1,1164,113287,113287,edge_to_coverage,,32,,,,,,,,110431.337,111438.0,0,113287,88730,108355,0.0,0.0,0.0,0.0,100.0,9.4514,8.0,32,1070716
coco_i2i-512-angular,euclidean,mod-vamana,0.96,1.0,32,64,1164,512,1,1164,113287,113287,coverage_to_degree,90.0,,4.202,4.0,1,32,4.0,1,379,,,,,,,0.0,0.0,0.0,0.0,100.0,10.0585,8.0,32,1139494
coco_i2i-512-angular,euclidean,mod-vamana,0.96,1.0,32,64,1164,512,1,1164,113287,113287,coverage_to_degree,90.5,,4.312,4.0,1,32,4.0,1,399,,,,,,,0.0,0.0,0.0,0.0,100.0,10.0585,8.0,32,1139494
coco_i2i-512-angular,euclidean,mod-vamana,0.96,1.0,32,64,1164,512,1,1164,113287,113287,coverage_to_degree,91.0,,4.429,4.0,1,32,4.0,1,421,,,,,,,0.0,0.0,0.0,0.0,100.0,10.0585,8.0,32,1139494
coco_i2i-512-angular,euclidean,mod-vamana,0.96,1.0,32,64,1164,512,1,1164,113287,113287,coverage_to_degree,91.5,,4.554,4.0,1,32,4.0,1,448,,,,,,,0.0,0.0,0.0,0.0,100.0,10.0585,8.0,32,1139494
coco_i2i-512-angular,euclidean,mod-vamana,0.96,1.0,32,64,1164,512,1,1164,113287,113287,coverage_to_degree,92.0,,4.665,4.0,1,32,4.0,1,476,,,,,,,0.0,0.0,0.0,0.0,100.0,10.0585,8.0,32,1139494
coco_i2i-512-angular,euclidean,mod-vamana,0.96,1.0,32,64,1164,512,1,1164,113287,113287,coverage_to_degree,92.5,,4.805,4.0,1,32,4.0,1,501,,,,,,,0.0,0.0,0.0,0.0,100.0,10.0585,8.0,32,1139494
coco_i2i-512-angular,euclidean,mod-vamana,0.96,1.0,32,64,1164,512,1,1164,113287,113287,coverage_to_degree,93.0,,4.961,4.0,1,32,4.0,1,546,,,,,,,0.0,0.0,0.0,0.0,100.0,10.0585,8.0,32,1139494
coco_i2i-512-angular,euclidean,mod-vamana,0.96,1.0,32,64,1164,512,1,1164,113287,113287,coverage_to_degree,93.5,,5.128,4.0,1,32,4.0,1,586,,,,,,,0.0,0.0,0.0,0.0,100.0,10.0585,8.0,32,1139494
coco_i2i-512-angular,euclidean,mod-vamana,0.96,1.0,32,64,1164,512,1,1164,113287,113287,coverage_to_degree,94.0,,5.312,5.0,1,32,5.0,1,621,,,,,,,0.0,0.0,0.0,0.0,100.0,10.0585,8.0,32,1139494
coco_i2i-512-angular,euclidean,mod-vamana,0.96,1.0,32,64,1164,512,1,1164,113287,113287,coverage_to_degree,94.5,,5.478,5.0,1,32,5.0,1,667,,,,,,,0.0,0.0,0.0,0.0,100.0,10.0585,8.0,32,1139494
coco_i2i-512-angular,euclidean,mod-vamana,0.96,1.0,32,64,1164,512,1,1164,113287,113287,coverage_to_degree,95.0,,5.694,5.0,1,32,5.0,1,725,,,,,,,0.0,0.0,0.0,0.0,100.0,10.0585,8.0,32,1139494
coco_i2i-512-angular,euclidean,mod-vamana,0.96,1.0,32,64,1164,512,1,1164,113287,113287,coverage_to_degree,95.5,,5.929,5.0,1,32,5.0,1,780,,,,,,,0.0,0.0,0.0,0.0,100.0,10.0585,8.0,32,1139494
coco_i2i-512-angular,euclidean,mod-vamana,0.96,1.0,32,64,1164,512,1,1164,113287,113287,coverage_to_degree,96.0,,6.185,5.0,1,32,5.0,1,840,,,,,,,0.0,0.0,0.0,0.0,100.0,10.0585,8.0,32,1139494
coco_i2i-512-angular,euclidean,mod-vamana,0.96,1.0,32,64,1164,512,1,1164,113287,113287,coverage_to_degree,96.5,,6.462,6.0,1,32,5.0,1,912,,,,,,,0.0,0.0,0.0,0.0,100.0,10.0585,8.0,32,1139494
coco_i2i-512-angular,euclidean,mod-vamana,0.96,1.0,32,64,1164,512,1,1164,113287,113287,coverage_to_degree,97.0,,6.76,6.0,1,32,6.0,1,978,,,,,,,0.0,0.0,0.0,0.0,100.0,10.0585,8.0,32,1139494
coco_i2i-512-angular,euclidean,mod-vamana,0.96,1.0,32,64,1164,512,1,1164,113287,113287,coverage_to_degree,97.5,,7.036,6.0,1,32,6.0,1,1020,,,,,,,0.0,0.0,0.0,0.0,100.0,10.0585,8.0,32,1139494
coco_i2i-512-angular,euclidean,mod-vamana,0.96,1.0,32,64,1164,512,1,1164,113287,113287,coverage_to_degree,98.0,,7.411,6.0,1,32,6.0,1,1095,,,,,,,0.0,0.0,0.0,0.0,100.0,10.0585,8.0,32,1139494
coco_i2i-512-angular,euclidean,mod-vamana,0.96,1.0,32,64,1164,512,1,1164,113287,113287,coverage_to_degree,98.5,,7.849,7.0,1,32,7.0,1,1174,,,,,,,0.0,0.0,0.0,0.0,100.0,10.0585,8.0,32,1139494
coco_i2i-512-angular,euclidean,mod-vamana,0.96,1.0,32,64,1164,512,1,1164,113287,113287,coverage_to_degree,99.0,,8.374,7.0,1,32,7.0,1,1269,,,,,,,0.0,0.0,0.0,0.0,100.0,10.0585,8.0,32,1139494
coco_i2i-512-angular,euclidean,mod-vamana,0.96,1.0,32,64,1164,512,1,1164,113287,113287,coverage_to_degree,99.5,,9.061,8.0,1,32,7.0,1,1376,,,,,,,0.0,0.0,0.0,0.0,100.0,10.0585,8.0,32,1139494
coco_i2i-512-angular,euclidean,mod-vamana,0.96,1.0,32,64,1164,512,1,1164,113287,113287,coverage_to_degree,100.0,,9.872,8.0,1,32,8.0,1,1468,,,,,,,0.0,0.0,0.0,0.0,100.0,10.0585,8.0,32,1139494
coco_i2i-512-angular,euclidean,mod-vamana,0.96,1.0,32,64,1164,512,1,1164,113287,113287,edge_to_coverage,,1,,,,,,,,63676.107,65695.0,0,113287,113158,113272,0.0,0.0,0.0,0.0,100.0,10.0585,8.0,32,1139494
coco_i2i-512-angular,euclidean,mod-vamana,0.96,1.0,32,64,1164,512,1,1164,113287,113287,edge_to_coverage,,2,,,,,,,,85808.137,91097.0,0,113287,112627,113226,0.0,0.0,0.0,0.0,100.0,10.0585,8.0,32,1139494
coco_i2i-512-angular,euclidean,mod-vamana,0.96,1.0,32,64,1164,512,1,1164,113287,113287,edge_to_coverage,,3,,,,,,,,95957.871,101024.0,0,113287,111643,113141,0.0,0.0,0.0,0.0,100.0,10.0585,8.0,32,1139494
coco_i2i-512-angular,euclidean,mod-vamana,0.96,1.0,32,64,1164,512,1,1164,113287,113287,edge_to_coverage,,4,,,,,,,,101407.55,105793.0,0,113287,110125,113009,0.0,0.0,0.0,0.0,100.0,10.0585,8.0,32,1139494
coco_i2i-512-angular,euclidean,mod-vamana,0.96,1.0,32,64,1164,512,1,1164,113287,113287,edge_to_coverage,,5,,,,,,,,104548.688,108129.0,0,113287,108275,112788,0.0,0.0,0.0,0.0,100.0,10.0585,8.0,32,1139494
coco_i2i-512-angular,euclidean,mod-vamana,0.96,1.0,32,64,1164,512,1,1164,113287,113287,edge_to_coverage,,6,,,,,,,,106521.217,109297.0,0,113287,106117,112560,0.0,0.0,0.0,0.0,100.0,10.0585,8.0,32,1139494
coco_i2i-512-angular,euclidean,mod-vamana,0.96,1.0,32,64,1164,512,1,1164,113287,113287,edge_to_coverage,,7,,,,,,,,107794.966,109978.0,0,113287,104029,112250,0.0,0.0,0.0,0.0,100.0,10.0585,8.0,32,1139494
coco_i2i-512-angular,euclidean,mod-vamana,0.96,1.0,32,64,1164,512,1,1164,113287,113287,edge_to_coverage,,8,,,,,,,,108655.957,110367.0,0,113287,101909,111964,0.0,0.0,0.0,0.0,100.0,10.0585,8.0,32,1139494
coco_i2i-512-angular,euclidean,mod-vamana,0.96,1.0,32,64,1164,512,1,1164,113287,113287,edge_to_coverage,,9,,,,,,,,109248.882,110659.0,0,113287,99947,111606,0.0,0.0,0.0,0.0,100.0,10.0585,8.0,32,1139494
coco_i2i-512-angular,euclidean,mod-vamana,0.96,1.0,32,64,1164,512,1,1164,113287,113287,edge_to_coverage,,10,,,,,,,,109661.061,110951.0,0,113287,98071,111279,0.0,0.0,0.0,0.0,100.0,10.0585,8.0,32,1139494
coco_i2i-512-angular,euclidean,mod-vamana,0.96,1.0,32,64,1164,512,1,1164,113287,113287,edge_to_coverage,,11,,,,,,,,109954.43,111146.0,0,113287,96316,110937,0.0,0.0,0.0,0.0,100.0,10.0585,8.0,32,1139494
coco_i2i-512-angular,euclidean,mod-vamana,0.96,1.0,32,64,1164,512,1,1164,113287,113287,edge_to_coverage,,12,,,,,,,,110166.21,111243.0,0,113287,94698,110609,0.0,0.0,0.0,0.0,100.0,10.0585,8.0,32,1139494
coco_i2i-512-angular,euclidean,mod-vamana,0.96,1.0,32,64,1164,512,1,1164,113287,113287,edge_to_coverage,,13,,,,,,,,110318.386,111340.0,0,113287,93248,110315,0.0,0.0,0.0,0.0,100.0,10.0585,8.0,32,1139494
coco_i2i-512-angular,euclidean,mod-vamana,0.96,1.0,32,64,1164,512,1,1164,113287,113287,edge_to_coverage,,14,,,,,,,,110431.736,111438.0,0,113287,91999,109986,0.0,0.0,0.0,0.0,100.0,10.0585,8.0,32,1139494
coco_i2i-512-angular,euclidean,mod-vamana,0.96,1.0,32,64,1164,512,1,1164,113287,113287,edge_to_coverage,,15,,,,,,,,110517.151,111438.0,0,113287,90910,109688,0.0,0.0,0.0,0.0,100.0,10.0585,8.0,32,1139494
coco_i2i-512-angular,euclidean,mod-vamana,0.96,1.0,32,64,1164,512,1,1164,113287,113287,edge_to_coverage,,16,,,,,,,,110579.593,111535.0,0,113287,89957,109408,0.0,0.0,0.0,0.0,100.0,10.0585,8.0,32,1139494
coco_i2i-512-angular,euclidean,mod-vamana,0.96,1.0,32,64,1164,512,1,1164,113287,113287,edge_to_coverage,,17,,,,,,,,110627.474,111535.0,0,113287,89129,109135,0.0,0.0,0.0,0.0,100.0,10.0585,8.0,32,1139494
coco_i2i-512-angular,euclidean,mod-vamana,0.96,1.0,32,64,1164,512,1,1164,113287,113287,edge_to_coverage,,18,,,,,,,,110663.216,111632.0,0,113287,88451,108897,0.0,0.0,0.0,0.0,100.0,10.0585,8.0,32,1139494
coco_i2i-512-angular,euclidean,mod-vamana,0.96,1.0,32,64,1164,512,1,1164,113287,113287,edge_to_coverage,,19,,,,,,,,110690.853,111632.0,0,113287,87816,108695,0.0,0.0,0.0,0.0,100.0,10.0585,8.0,32,1139494
coco_i2i-512-angular,euclidean,mod-vamana,0.96,1.0,32,64,1164,512,1,1164,113287,113287,edge_to_coverage,,20,,,,,,,,110710.583,111632.0,0,113287,87333,108499,0.0,0.0,0.0,0.0,100.0,10.0585,8.0,32,1139494
coco_i2i-512-angular,euclidean,mod-vamana,0.96,1.0,32,64,1164,512,1,1164,113287,113287,edge_to_coverage,,21,,,,,,,,110726.666,111632.0,0,113287,86875,108324,0.0,0.0,0.0,0.0,100.0,10.0585,8.0,32,1139494
coco_i2i-512-angular,euclidean,mod-vamana,0.96,1.0,32,64,1164,512,1,1164,113287,113287,edge_to_coverage,,22,,,,,,,,110739.095,111730.0,0,113287,86508,108166,0.0,0.0,0.0,0.0,100.0,10.0585,8.0,32,1139494
coco_i2i-512-angular,euclidean,mod-vamana,0.96,1.0,32,64,1164,512,1,1164,113287,113287,edge_to_coverage,,23,,,,,,,,110748.724,111730.0,0,113287,86181,108034,0.0,0.0,0.0,0.0,100.0,10.0585,8.0,32,1139494
coco_i2i-512-angular,euclidean,mod-vamana,0.96,1.0,32,64,1164,512,1,1164,113287,113287,edge_to_coverage,,24,,,,,,,,110756.006,111730.0,0,113287,85914,107929,0.0,0.0,0.0,0.0,100.0,10.0585,8.0,32,1139494
coco_i2i-512-angular,euclidean,mod-vamana,0.96,1.0,32,64,1164,512,1,1164,113287,113287,edge_to_coverage,,25,,,,,,,,110761.414,111730.0,0,113287,85712,107821,0.0,0.0,0.0,0.0,100.0,10.0585,8.0,32,1139494
coco_i2i-512-angular,euclidean,mod-vamana,0.96,1.0,32,64,1164,512,1,1164,113287,113287,edge_to_coverage,,26,,,,,,,,110765.319,111730.0,0,113287,85540,107740,0.0,0.0,0.0,0.0,100.0,10.0585,8.0,32,1139494
coco_i2i-512-angular,euclidean,mod-vamana,0.96,1.0,32,64,1164,512,1,1164,113287,113287,edge_to_coverage,,27,,,,,,,,110768.422,111730.0,0,113287,85402,107679,0.0,0.0,0.0,0.0,100.0,10.0585,8.0,32,1139494
coco_i2i-512-angular,euclidean,mod-vamana,0.96,1.0,32,64,1164,512,1,1164,113287,113287,edge_to_coverage,,28,,,,,,,,110770.634,111730.0,0,113287,85297,107608,0.0,0.0,0.0,0.0,100.0,10.0585,8.0,32,1139494
coco_i2i-512-angular,euclidean,mod-vamana,0.96,1.0,32,64,1164,512,1,1164,113287,113287,edge_to_coverage,,29,,,,,,,,110772.205,111730.0,0,113287,85228,107567,0.0,0.0,0.0,0.0,100.0,10.0585,8.0,32,1139494
coco_i2i-512-angular,euclidean,mod-vamana,0.96,1.0,32,64,1164,512,1,1164,113287,113287,edge_to_coverage,,30,,,,,,,,110773.494,111730.0,0,113287,85174,107535,0.0,0.0,0.0,0.0,100.0,10.0585,8.0,32,1139494
coco_i2i-512-angular,euclidean,mod-vamana,0.96,1.0,32,64,1164,512,1,1164,113287,113287,edge_to_coverage,,31,,,,,,,,110774.228,111730.0,0,113287,85133,107502,0.0,0.0,0.0,0.0,100.0,10.0585,8.0,32,1139494
coco_i2i-512-angular,euclidean,mod-vamana,0.96,1.0,32,64,1164,512,1,1164,113287,113287,edge_to_coverage,,32,,,,,,,,110774.596,111730.0,0,113287,85114,107487,0.0,0.0,0.0,0.0,100.0,10.0585,8.0,32,1139494
coco_i2i-512-angular,euclidean,mod-vamana,0.97,1.0,32,64,1164,512,1,1164,113287,113287,coverage_to_degree,90.0,,4.231,4.0,1,32,4.0,1,390,,,,,,,0.0,0.0,0.0,0.0,100.0,10.8006,9.0,32,1223566
coco_i2i-512-angular,euclidean,mod-vamana,0.97,1.0,32,64,1164,512,1,1164,113287,113287,coverage_to_degree,90.5,,4.342,4.0,1,32,4.0,1,417,,,,,,,0.0,0.0,0.0,0.0,100.0,10.8006,9.0,32,1223566
coco_i2i-512-angular,euclidean,mod-vamana,0.97,1.0,32,64,1164,512,1,1164,113287,113287,coverage_to_degree,91.0,,4.46,4.0,1,32,4.0,1,439,,,,,,,0.0,0.0,0.0,0.0,100.0,10.8006,9.0,32,1223566
coco_i2i-512-angular,euclidean,mod-vamana,0.97,1.0,32,64,1164,512,1,1164,113287,113287,coverage_to_degree,91.5,,4.586,4.0,1,32,4.0,1,466,,,,,,,0.0,0.0,0.0,0.0,100.0,10.8006,9.0,32,1223566
coco_i2i-512-angular,euclidean,mod-vamana,0.97,1.0,32,64,1164,512,1,1164,113287,113287,coverage_to_degree,92.0,,4.698,4.0,1,32,4.0,1,494,,,,,,,0.0,0.0,0.0,0.0,100.0,10.8006,9.0,32,1223566
coco_i2i-512-angular,euclidean,mod-vamana,0.97,1.0,32,64,1164,512,1,1164,113287,113287,coverage_to_degree,92.5,,4.84,4.0,1,32,4.0,1,520,,,,,,,0.0,0.0,0.0,0.0,100.0,10.8006,9.0,32,1223566
coco_i2i-512-angular,euclidean,mod-vamana,0.97,1.0,32,64,1164,512,1,1164,113287,113287,coverage_to_degree,93.0,,4.998,4.0,1,32,4.0,1,561,,,,,,,0.0,0.0,0.0,0.0,100.0,10.8006,9.0,32,1223566
coco_i2i-512-angular,euclidean,mod-vamana,0.97,1.0,32,64,1164,512,1,1164,113287,113287,coverage_to_degree,93.5,,5.167,4.0,1,32,4.0,1,598,,,,,,,0.0,0.0,0.0,0.0,100.0,10.8006,9.0,32,1223566
coco_i2i-512-angular,euclidean,mod-vamana,0.97,1.0,32,64,1164,512,1,1164,113287,113287,coverage_to_degree,94.0,,5.353,5.0,1,32,5.0,1,627,,,,,,,0.0,0.0,0.0,0.0,100.0,10.8006,9.0,32,1223566
coco_i2i-512-angular,euclidean,mod-vamana,0.97,1.0,32,64,1164,512,1,1164,113287,113287,coverage_to_degree,94.5,,5.521,5.0,1,32,5.0,1,676,,,,,,,0.0,0.0,0.0,0.0,100.0,10.8006,9.0,32,1223566
coco_i2i-512-angular,euclidean,mod-vamana,0.97,1.0,32,64,1164,512,1,1164,113287,113287,coverage_to_degree,95.0,,5.743,5.0,1,32,5.0,1,725,,,,,,,0.0,0.0,0.0,0.0,100.0,10.8006,9.0,32,1223566
coco_i2i-512-angular,euclidean,mod-vamana,0.97,1.0,32,64,1164,512,1,1164,113287,113287,coverage_to_degree,95.5,,5.99,5.0,1,32,5.0,1,785,,,,,,,0.0,0.0,0.0,0.0,100.0,10.8006,9.0,32,1223566
coco_i2i-512-angular,euclidean,mod-vamana,0.97,1.0,32,64,1164,512,1,1164,113287,113287,coverage_to_degree,96.0,,6.268,5.0,1,32,5.0,1,866,,,,,,,0.0,0.0,0.0,0.0,100.0,10.8006,9.0,32,1223566
coco_i2i-512-angular,euclidean,mod-vamana,0.97,1.0,32,64,1164,512,1,1164,113287,113287,coverage_to_degree,96.5,,6.58,6.0,1,32,6.0,1,924,,,,,,,0.0,0.0,0.0,0.0,100.0,10.8006,9.0,32,1223566
coco_i2i-512-angular,euclidean,mod-vamana,0.97,1.0,32,64,1164,512,1,1164,113287,113287,coverage_to_degree,97.0,,6.927,6.0,1,32,6.0,1,997,,,,,,,0.0,0.0,0.0,0.0,100.0,10.8006,9.0,32,1223566
coco_i2i-512-angular,euclidean,mod-vamana,0.97,1.0,32,64,1164,512,1,1164,113287,113287,coverage_to_degree,97.5,,7.247,6.0,1,32,6.0,1,1071,,,,,,,0.0,0.0,0.0,0.0,100.0,10.8006,9.0,32,1223566
coco_i2i-512-angular,euclidean,mod-vamana,0.97,1.0,32,64,1164,512,1,1164,113287,113287,coverage_to_degree,98.0,,7.679,7.0,1,32,6.0,1,1162,,,,,,,0.0,0.0,0.0,0.0,100.0,10.8006,9.0,32,1223566
coco_i2i-512-angular,euclidean,mod-vamana,0.97,1.0,32,64,1164,512,1,1164,113287,113287,coverage_to_degree,98.5,,8.183,7.0,1,32,7.0,1,1276,,,,,,,0.0,0.0,0.0,0.0,100.0,10.8006,9.0,32,1223566
coco_i2i-512-angular,euclidean,mod-vamana,0.97,1.0,32,64,1164,512,1,1164,113287,113287,coverage_to_degree,99.0,,8.792,8.0,1,32,7.0,1,1399,,,,,,,0.0,0.0,0.0,0.0,100.0,10.8006,9.0,32,1223566
coco_i2i-512-angular,euclidean,mod-vamana,0.97,1.0,32,64,1164,512,1,1164,113287,113287,coverage_to_degree,99.5,,9.595,8.0,1,32,8.0,1,1537,,,,,,,0.0,0.0,0.0,0.0,100.0,10.8006,9.0,32,1223566
coco_i2i-512-angular,euclidean,mod-vamana,0.97,1.0,32,64,1164,512,1,1164,113287,113287,coverage_to_degree,100.0,,10.57,9.0,1,32,9.0,1,1671,,,,,,,0.0,0.0,0.0,0.0,100.0,10.8006,9.0,32,1223566
coco_i2i-512-angular,euclidean,mod-vamana,0.97,1.0,32,64,1164,512,1,1164,113287,113287,edge_to_coverage,,1,,,,,,,,63586.463,65597.0,0,113287,113157,113271,0.0,0.0,0.0,0.0,100.0,10.8006,9.0,32,1223566
coco_i2i-512-angular,euclidean,mod-vamana,0.97,1.0,32,64,1164,512,1,1164,113287,113287,edge_to_coverage,,2,,,,,,,,85697.215,90999.0,0,113287,112579,113222,0.0,0.0,0.0,0.0,100.0,10.8006,9.0,32,1223566
coco_i2i-512-angular,euclidean,mod-vamana,0.97,1.0,32,64,1164,512,1,1164,113287,113287,edge_to_coverage,,3,,,,,,,,95872.989,100829.0,0,113287,111498,113133,0.0,0.0,0.0,0.0,100.0,10.8006,9.0,32,1223566
coco_i2i-512-angular,euclidean,mod-vamana,0.97,1.0,32,64,1164,512,1,1164,113287,113287,edge_to_coverage,,4,,,,,,,,101359.257,105696.0,0,113287,109829,112988,0.0,0.0,0.0,0.0,100.0,10.8006,9.0,32,1223566
coco_i2i-512-angular,euclidean,mod-vamana,0.97,1.0,32,64,1164,512,1,1164,113287,113287,edge_to_coverage,,5,,,,,,,,104554.5,108226.0,0,113287,107762,112742,0.0,0.0,0.0,0.0,100.0,10.8006,9.0,32,1223566
coco_i2i-512-angular,euclidean,mod-vamana,0.97,1.0,32,64,1164,512,1,1164,113287,113287,edge_to_coverage,,6,,,,,,,,106572.813,109589.0,0,113287,105385,112456,0.0,0.0,0.0,0.0,100.0,10.8006,9.0,32,1223566
coco_i2i-512-angular,euclidean,mod-vamana,0.97,1.0,32,64,1164,512,1,1164,113287,113287,edge_to_coverage,,7,,,,,,,,107886.402,110270.0,0,113287,102914,112113,0.0,0.0,0.0,0.0,100.0,10.8006,9.0,32,1223566
coco_i2i-512-angular,euclidean,mod-vamana,0.97,1.0,32,64,1164,512,1,1164,113287,113287,edge_to_coverage,,8,,,,,,,,108787.01,110757.0,0,113287,100433,111767,0.0,0.0,0.0,0.0,100.0,10.8006,9.0,32,1223566
coco_i2i-512-angular,euclidean,mod-vamana,0.97,1.0,32,64,1164,512,1,1164,113287,113287,edge_to_coverage,,9,,,,,,,,109411.445,111049.0,0,113287,98087,111372,0.0,0.0,0.0,0.0,100.0,10.8006,9.0,32,1223566
coco_i2i-512-angular,euclidean,mod-vamana,0.97,1.0,32,64,1164,512,1,1164,113287,113287,edge_to_coverage,,10,,,,,,,,109849.813,111243.0,0,113287,95851,110953,0.0,0.0,0.0,0.0,100.0,10.8006,9.0,32,1223566
coco_i2i-512-angular,euclidean,mod-vamana,0.97,1.0,32,64,1164,512,1,1164,113287,113287,edge_to_coverage,,11,,,,,,,,110164.43,111438.0,0,113287,93708,110553,0.0,0.0,0.0,0.0,100.0,10.8006,9.0,32,1223566
coco_i2i-512-angular,euclidean,mod-vamana,0.97,1.0,32,64,1164,512,1,1164,113287,113287,edge_to_coverage,,12,,,,,,,,110394.956,111535.0,0,113287,91868,110183,0.0,0.0,0.0,0.0,100.0,10.8006,9.0,32,1223566
coco_i2i-512-angular,euclidean,mod-vamana,0.97,1.0,32,64,1164,512,1,1164,113287,113287,edge_to_coverage,,13,,,,,,,,110561.452,111632.0,0,113287,90065,109780,0.0,0.0,0.0,0.0,100.0,10.8006,9.0,32,1223566
coco_i2i-512-angular,euclidean,mod-vamana,0.97,1.0,32,64,1164,512,1,1164,113287,113287,edge_to_coverage,,14,,,,,,,,110686.62,111730.0,0,113287,88577,109388,0.0,0.0,0.0,0.0,100.0,10.8006,9.0,32,1223566
coco_i2i-512-angular,euclidean,mod-vamana,0.97,1.0,32,64,1164,512,1,1164,113287,113287,edge_to_coverage,,15,,,,,,,,110778.856,111827.0,0,113287,87271,109059,0.0,0.0,0.0,0.0,100.0,10.8006,9.0,32,1223566
coco_i2i-512-angular,euclidean,mod-vamana,0.97,1.0,32,64,1164,512,1,1164,113287,113287,edge_to_coverage,,16,,,,,,,,110848.763,111827.0,0,113287,86089,108719,0.0,0.0,0.0,0.0,100.0,10.8006,9.0,32,1223566
coco_i2i-512-angular,euclidean,mod-vamana,0.97,1.0,32,64,1164,512,1,1164,113287,113287,edge_to_coverage,,17,,,,,,,,110901.642,111924.0,0,113287,85078,108422,0.0,0.0,0.0,0.0,100.0,10.8006,9.0,32,1223566
coco_i2i-512-angular,euclidean,mod-vamana,0.97,1.0,32,64,1164,512,1,1164,113287,113287,edge_to_coverage,,18,,,,,,,,110942.357,111924.0,0,113287,84185,108132,0.0,0.0,0.0,0.0,100.0,10.8006,9.0,32,1223566
coco_i2i-512-angular,euclidean,mod-vamana,0.97,1.0,32,64,1164,512,1,1164,113287,113287,edge_to_coverage,,19,,,,,,,,110973.604,111924.0,0,113287,83417,107830,0.0,0.0,0.0,0.0,100.0,10.8006,9.0,32,1223566
coco_i2i-512-angular,euclidean,mod-vamana,0.97,1.0,32,64,1164,512,1,1164,113287,113287,edge_to_coverage,,20,,,,,,,,110997.17,111924.0,0,113287,82837,107577,0.0,0.0,0.0,0.0,100.0,10.8006,9.0,32,1223566
coco_i2i-512-angular,euclidean,mod-vamana,0.97,1.0,32,64,1164,512,1,1164,113287,113287,edge_to_coverage,,21,,,,,,,,111014.936,112022.0,0,113287,82327,107392,0.0,0.0,0.0,0.0,100.0,10.8006,9.0,32,1223566
coco_i2i-512-angular,euclidean,mod-vamana,0.97,1.0,32,64,1164,512,1,1164,113287,113287,edge_to_coverage,,22,,,,,,,,111028.705,112022.0,0,113287,81874,107175,0.0,0.0,0.0,0.0,100.0,10.8006,9.0,32,1223566
coco_i2i-512-angular,euclidean,mod-vamana,0.97,1.0,32,64,1164,512,1,1164,113287,113287,edge_to_coverage,,23,,,,,,,,111039.633,112022.0,0,113287,81486,106986,0.0,0.0,0.0,0.0,100.0,10.8006,9.0,32,1223566
coco_i2i-512-angular,euclidean,mod-vamana,0.97,1.0,32,64,1164,512,1,1164,113287,113287,edge_to_coverage,,24,,,,,,,,111048.153,112022.0,0,113287,81202,106833,0.0,0.0,0.0,0.0,100.0,10.8006,9.0,32,1223566
coco_i2i-512-angular,euclidean,mod-vamana,0.97,1.0,32,64,1164,512,1,1164,113287,113287,edge_to_coverage,,25,,,,,,,,111054.215,112022.0,0,113287,80945,106703,0.0,0.0,0.0,0.0,100.0,10.8006,9.0,32,1223566
coco_i2i-512-angular,euclidean,mod-vamana,0.97,1.0,32,64,1164,512,1,1164,113287,113287,edge_to_coverage,,26,,,,,,,,111058.885,112022.0,0,113287,80739,106600,0.0,0.0,0.0,0.0,100.0,10.8006,9.0,32,1223566
coco_i2i-512-angular,euclidean,mod-vamana,0.97,1.0,32,64,1164,512,1,1164,113287,113287,edge_to_coverage,,27,,,,,,,,111062.345,112022.0,0,113287,80573,106528,0.0,0.0,0.0,0.0,100.0,10.8006,9.0,32,1223566
coco_i2i-512-angular,euclidean,mod-vamana,0.97,1.0,32,64,1164,512,1,1164,113287,113287,edge_to_coverage,,28,,,,,,,,111064.891,112022.0,0,113287,80438,106445,0.0,0.0,0.0,0.0,100.0,10.8006,9.0,32,1223566
coco_i2i-512-angular,euclidean,mod-vamana,0.97,1.0,32,64,1164,512,1,1164,113287,113287,edge_to_coverage,,29,,,,,,,,111066.715,112022.0,0,113287,80337,106383,0.0,0.0,0.0,0.0,100.0,10.8006,9.0,32,1223566
coco_i2i-512-angular,euclidean,mod-vamana,0.97,1.0,32,64,1164,512,1,1164,113287,113287,edge_to_coverage,,30,,,,,,,,111068.087,112022.0,0,113287,80275,106331,0.0,0.0,0.0,0.0,100.0,10.8006,9.0,32,1223566
coco_i2i-512-angular,euclidean,mod-vamana,0.97,1.0,32,64,1164,512,1,1164,113287,113287,edge_to_coverage,,31,,,,,,,,111068.882,112022.0,0,113287,80230,106285,0.0,0.0,0.0,0.0,100.0,10.8006,9.0,32,1223566
coco_i2i-512-angular,euclidean,mod-vamana,0.97,1.0,32,64,1164,512,1,1164,113287,113287,edge_to_coverage,,32,,,,,,,,111069.363,112022.0,0,113287,80206,106265,0.0,0.0,0.0,0.0,100.0,10.8006,9.0,32,1223566
coco_i2i-512-angular,euclidean,mod-vamana,0.98,1.0,32,64,1164,512,1,1164,113287,113287,coverage_to_degree,90.0,,4.264,4.0,1,32,4.0,1,360,,,,,,,0.0,0.0,0.0,0.0,100.0,11.6615,10.0,32,1321100
coco_i2i-512-angular,euclidean,mod-vamana,0.98,1.0,32,64,1164,512,1,1164,113287,113287,coverage_to_degree,90.5,,4.376,4.0,1,32,4.0,1,385,,,,,,,0.0,0.0,0.0,0.0,100.0,11.6615,10.0,32,1321100
coco_i2i-512-angular,euclidean,mod-vamana,0.98,1.0,32,64,1164,512,1,1164,113287,113287,coverage_to_degree,91.0,,4.495,4.0,1,32,4.0,1,416,,,,,,,0.0,0.0,0.0,0.0,100.0,11.6615,10.0,32,1321100
coco_i2i-512-angular,euclidean,mod-vamana,0.98,1.0,32,64,1164,512,1,1164,113287,113287,coverage_to_degree,91.5,,4.622,4.0,1,32,4.0,1,440,,,,,,,0.0,0.0,0.0,0.0,100.0,11.6615,10.0,32,1321100
coco_i2i-512-angular,euclidean,mod-vamana,0.98,1.0,32,64,1164,512,1,1164,113287,113287,coverage_to_degree,92.0,,4.735,4.0,1,32,4.0,1,462,,,,,,,0.0,0.0,0.0,0.0,100.0,11.6615,10.0,32,1321100
coco_i2i-512-angular,euclidean,mod-vamana,0.98,1.0,32,64,1164,512,1,1164,113287,113287,coverage_to_degree,92.5,,4.88,4.0,1,32,4.0,1,495,,,,,,,0.0,0.0,0.0,0.0,100.0,11.6615,10.0,32,1321100
coco_i2i-512-angular,euclidean,mod-vamana,0.98,1.0,32,64,1164,512,1,1164,113287,113287,coverage_to_degree,93.0,,5.038,4.0,1,32,4.0,1,528,,,,,,,0.0,0.0,0.0,0.0,100.0,11.6615,10.0,32,1321100
coco_i2i-512-angular,euclidean,mod-vamana,0.98,1.0,32,64,1164,512,1,1164,113287,113287,coverage_to_degree,93.5,,5.211,4.0,1,32,5.0,1,563,,,,,,,0.0,0.0,0.0,0.0,100.0,11.6615,10.0,32,1321100
coco_i2i-512-angular,euclidean,mod-vamana,0.98,1.0,32,64,1164,512,1,1164,113287,113287,coverage_to_degree,94.0,,5.4,5.0,1,32,5.0,1,597,,,,,,,0.0,0.0,0.0,0.0,100.0,11.6615,10.0,32,1321100
coco_i2i-512-angular,euclidean,mod-vamana,0.98,1.0,32,64,1164,512,1,1164,113287,113287,coverage_to_degree,94.5,,5.571,5.0,1,32,5.0,1,637,,,,,,,0.0,0.0,0.0,0.0,100.0,11.6615,10.0,32,1321100
coco_i2i-512-angular,euclidean,mod-vamana,0.98,1.0,32,64,1164,512,1,1164,113287,113287,coverage_to_degree,95.0,,5.797,5.0,1,32,5.0,1,686,,,,,,,0.0,0.0,0.0,0.0,100.0,11.6615,10.0,32,1321100
coco_i2i-512-angular,euclidean,mod-vamana,0.98,1.0,32,64,1164,512,1,1164,113287,113287,coverage_to_degree,95.5,,6.051,5.0,1,32,5.0,1,745,,,,,,,0.0,0.0,0.0,0.0,100.0,11.6615,10.0,32,1321100
coco_i2i-512-angular,euclidean,mod-vamana,0.98,1.0,32,64,1164,512,1,1164,113287,113287,coverage_to_degree,96.0,,6.339,6.0,1,32,5.0,1,811,,,,,,,0.0,0.0,0.0,0.0,100.0,11.6615,10.0,32,1321100
coco_i2i-512-angular,euclidean,mod-vamana,0.98,1.0,32,64,1164,512,1,1164,113287,113287,coverage_to_degree,96.5,,6.667,6.0,1,32,6.0,1,891,,,,,,,0.0,0.0,0.0,0.0,100.0,11.6615,10.0,32,1321100
coco_i2i-512-angular,euclidean,mod-vamana,0.98,1.0,32,64,1164,512,1,1164,113287,113287,coverage_to_degree,97.0,,7.046,6.0,1,32,6.0,1,974,,,,,,,0.0,0.0,0.0,0.0,100.0,11.6615,10.0,32,1321100
coco_i2i-512-angular,euclidean,mod-vamana,0.98,1.0,32,64,1164,512,1,1164,113287,113287,coverage_to_degree,97.5,,7.408,7.0,1,32,6.0,1,1049,,,,,,,0.0,0.0,0.0,0.0,100.0,11.6615,10.0,32,1321100
coco_i2i-512-angular,euclidean,mod-vamana,0.98,1.0,32,64,1164,512,1,1164,113287,113287,coverage_to_degree,98.0,,7.911,7.0,1,32,7.0,1,1149,,,,,,,0.0,0.0,0.0,0.0,100.0,11.6615,10.0,32,1321100
coco_i2i-512-angular,euclidean,mod-vamana,0.98,1.0,32,64,1164,512,1,1164,113287,113287,coverage_to_degree,98.5,,8.504,8.0,1,32,7.0,1,1270,,,,,,,0.0,0.0,0.0,0.0,100.0,11.6615,10.0,32,1321100
coco_i2i-512-angular,euclidean,mod-vamana,0.98,1.0,32,64,1164,512,1,1164,113287,113287,coverage_to_degree,99.0,,9.225,8.0,1,32,8.0,1,1410,,,,,,,0.0,0.0,0.0,0.0,100.0,11.6615,10.0,32,1321100
coco_i2i-512-angular,euclidean,mod-vamana,0.98,1.0,32,64,1164,512,1,1164,113287,113287,coverage_to_degree,99.5,,10.181,9.0,1,32,9.0,1,1591,,,,,,,0.0,0.0,0.0,0.0,100.0,11.6615,10.0,32,1321100
coco_i2i-512-angular,euclidean,mod-vamana,0.98,1.0,32,64,1164,512,1,1164,113287,113287,coverage_to_degree,100.0,,11.371,10.0,1,32,9.0,1,1763,,,,,,,0.0,0.0,0.0,0.0,100.0,11.6615,10.0,32,1321100
coco_i2i-512-angular,euclidean,mod-vamana,0.98,1.0,32,64,1164,512,1,1164,113287,113287,edge_to_coverage,,1,,,,,,,,63410.193,65403.0,0,113287,113157,113271,0.0,0.0,0.0,0.0,100.0,11.6615,10.0,32,1321100
coco_i2i-512-angular,euclidean,mod-vamana,0.98,1.0,32,64,1164,512,1,1164,113287,113287,edge_to_coverage,,2,,,,,,,,85538.095,90805.0,0,113287,112540,113216,0.0,0.0,0.0,0.0,100.0,11.6615,10.0,32,1321100
coco_i2i-512-angular,euclidean,mod-vamana,0.98,1.0,32,64,1164,512,1,1164,113287,113287,edge_to_coverage,,3,,,,,,,,95739.605,100732.0,0,113287,111281,113122,0.0,0.0,0.0,0.0,100.0,11.6615,10.0,32,1321100
coco_i2i-512-angular,euclidean,mod-vamana,0.98,1.0,32,64,1164,512,1,1164,113287,113287,edge_to_coverage,,4,,,,,,,,101280.263,105598.0,0,113287,109392,112937,0.0,0.0,0.0,0.0,100.0,11.6615,10.0,32,1321100
coco_i2i-512-angular,euclidean,mod-vamana,0.98,1.0,32,64,1164,512,1,1164,113287,113287,edge_to_coverage,,5,,,,,,,,104539.195,108129.0,0,113287,106951,112665,0.0,0.0,0.0,0.0,100.0,11.6615,10.0,32,1321100
coco_i2i-512-angular,euclidean,mod-vamana,0.98,1.0,32,64,1164,512,1,1164,113287,113287,edge_to_coverage,,6,,,,,,,,106601.986,109589.0,0,113287,104191,112320,0.0,0.0,0.0,0.0,100.0,11.6615,10.0,32,1321100
coco_i2i-512-angular,euclidean,mod-vamana,0.98,1.0,32,64,1164,512,1,1164,113287,113287,edge_to_coverage,,7,,,,,,,,107954.853,110562.0,0,113287,101240,111920,0.0,0.0,0.0,0.0,100.0,11.6615,10.0,32,1321100
coco_i2i-512-angular,euclidean,mod-vamana,0.98,1.0,32,64,1164,512,1,1164,113287,113287,edge_to_coverage,,8,,,,,,,,108894.337,111049.0,0,113287,98280,111502,0.0,0.0,0.0,0.0,100.0,11.6615,10.0,32,1321100
coco_i2i-512-angular,euclidean,mod-vamana,0.98,1.0,32,64,1164,512,1,1164,113287,113287,edge_to_coverage,,9,,,,,,,,109550.328,111340.0,0,113287,95404,111028,0.0,0.0,0.0,0.0,100.0,11.6615,10.0,32,1321100
coco_i2i-512-angular,euclidean,mod-vamana,0.98,1.0,32,64,1164,512,1,1164,113287,113287,edge_to_coverage,,10,,,,,,,,110015.207,111535.0,0,113287,92752,110537,0.0,0.0,0.0,0.0,100.0,11.6615,10.0,32,1321100
coco_i2i-512-angular,euclidean,mod-vamana,0.98,1.0,32,64,1164,512,1,1164,113287,113287,edge_to_coverage,,11,,,,,,,,110355.755,111730.0,0,113287,90197,110042,0.0,0.0,0.0,0.0,100.0,11.6615,10.0,32,1321100
coco_i2i-512-angular,euclidean,mod-vamana,0.98,1.0,32,64,1164,512,1,1164,113287,113287,edge_to_coverage,,12,,,,,,,,110602.12,111827.0,0,113287,87846,109561,0.0,0.0,0.0,0.0,100.0,11.6615,10.0,32,1321100
coco_i2i-512-angular,euclidean,mod-vamana,0.98,1.0,32,64,1164,512,1,1164,113287,113287,edge_to_coverage,,13,,,,,,,,110782.19,111924.0,0,113287,85737,109090,0.0,0.0,0.0,0.0,100.0,11.6615,10.0,32,1321100
coco_i2i-512-angular,euclidean,mod-vamana,0.98,1.0,32,64,1164,512,1,1164,113287,113287,edge_to_coverage,,14,,,,,,,,110921.215,112022.0,0,113287,83914,108599,0.0,0.0,0.0,0.0,100.0,11.6615,10.0,32,1321100
coco_i2i-512-angular,euclidean,mod-vamana,0.98,1.0,32,64,1164,512,1,1164,113287,113287,edge_to_coverage,,15,,,,,,,,111023.918,112119.0,0,113287,82241,108165,0.0,0.0,0.0,0.0,100.0,11.6615,10.0,32,1321100
coco_i2i-512-angular,euclidean,mod-vamana,0.98,1.0,32,64,1164,512,1,1164,113287,113287,edge_to_coverage,,16,,,,,,,,111102.467,112119.0,0,113287,80880,107739,0.0,0.0,0.0,0.0,100.0,11.6615,10.0,32,1321100
coco_i2i-512-angular,euclidean,mod-vamana,0.98,1.0,32,64,1164,512,1,1164,113287,113287,edge_to_coverage,,17,,,,,,,,111162.156,112216.0,0,113287,79624,107381,0.0,0.0,0.0,0.0,100.0,11.6615,10.0,32,1321100
coco_i2i-512-angular,euclidean,mod-vamana,0.98,1.0,32,64,1164,512,1,1164,113287,113287,edge_to_coverage,,18,,,,,,,,111207.89,112216.0,0,113287,78522,107002,0.0,0.0,0.0,0.0,100.0,11.6615,10.0,32,1321100
coco_i2i-512-angular,euclidean,mod-vamana,0.98,1.0,32,64,1164,512,1,1164,113287,113287,edge_to_coverage,,19,,,,,,,,111242.607,112216.0,0,113287,77552,106646,0.0,0.0,0.0,0.0,100.0,11.6615,10.0,32,1321100
coco_i2i-512-angular,euclidean,mod-vamana,0.98,1.0,32,64,1164,512,1,1164,113287,113287,edge_to_coverage,,20,,,,,,,,111269.558,112314.0,0,113287,76778,106328,0.0,0.0,0.0,0.0,100.0,11.6615,10.0,32,1321100
coco_i2i-512-angular,euclidean,mod-vamana,0.98,1.0,32,64,1164,512,1,1164,113287,113287,edge_to_coverage,,21,,,,,,,,111290.208,112314.0,0,113287,76133,106020,0.0,0.0,0.0,0.0,100.0,11.6615,10.0,32,1321100
coco_i2i-512-angular,euclidean,mod-vamana,0.98,1.0,32,64,1164,512,1,1164,113287,113287,edge_to_coverage,,22,,,,,,,,111306.315,112314.0,0,113287,75598,105766,0.0,0.0,0.0,0.0,100.0,11.6615,10.0,32,1321100
coco_i2i-512-angular,euclidean,mod-vamana,0.98,1.0,32,64,1164,512,1,1164,113287,113287,edge_to_coverage,,23,,,,,,,,111318.694,112314.0,0,113287,75129,105533,0.0,0.0,0.0,0.0,100.0,11.6615,10.0,32,1321100
coco_i2i-512-angular,euclidean,mod-vamana,0.98,1.0,32,64,1164,512,1,1164,113287,113287,edge_to_coverage,,24,,,,,,,,111328.131,112314.0,0,113287,74725,105313,0.0,0.0,0.0,0.0,100.0,11.6615,10.0,32,1321100
coco_i2i-512-angular,euclidean,mod-vamana,0.98,1.0,32,64,1164,512,1,1164,113287,113287,edge_to_coverage,,25,,,,,,,,111335.228,112314.0,0,113287,74403,105129,0.0,0.0,0.0,0.0,100.0,11.6615,10.0,32,1321100
coco_i2i-512-angular,euclidean,mod-vamana,0.98,1.0,32,64,1164,512,1,1164,113287,113287,edge_to_coverage,,26,,,,,,,,111340.758,112314.0,0,113287,74136,104988,0.0,0.0,0.0,0.0,100.0,11.6615,10.0,32,1321100
coco_i2i-512-angular,euclidean,mod-vamana,0.98,1.0,32,64,1164,512,1,1164,113287,113287,edge_to_coverage,,27,,,,,,,,111344.766,112314.0,0,113287,73956,104862,0.0,0.0,0.0,0.0,100.0,11.6615,10.0,32,1321100
coco_i2i-512-angular,euclidean,mod-vamana,0.98,1.0,32,64,1164,512,1,1164,113287,113287,edge_to_coverage,,28,,,,,,,,111347.542,112314.0,0,113287,73816,104764,0.0,0.0,0.0,0.0,100.0,11.6615,10.0,32,1321100
coco_i2i-512-angular,euclidean,mod-vamana,0.98,1.0,32,64,1164,512,1,1164,113287,113287,edge_to_coverage,,29,,,,,,,,111349.734,112314.0,0,113287,73688,104678,0.0,0.0,0.0,0.0,100.0,11.6615,10.0,32,1321100
coco_i2i-512-angular,euclidean,mod-vamana,0.98,1.0,32,64,1164,512,1,1164,113287,113287,edge_to_coverage,,30,,,,,,,,111351.22,112314.0,0,113287,73625,104615,0.0,0.0,0.0,0.0,100.0,11.6615,10.0,32,1321100
coco_i2i-512-angular,euclidean,mod-vamana,0.98,1.0,32,64,1164,512,1,1164,113287,113287,edge_to_coverage,,31,,,,,,,,111352.253,112314.0,0,113287,73577,104567,0.0,0.0,0.0,0.0,100.0,11.6615,10.0,32,1321100
coco_i2i-512-angular,euclidean,mod-vamana,0.98,1.0,32,64,1164,512,1,1164,113287,113287,edge_to_coverage,,32,,,,,,,,111352.776,112314.0,0,113287,73553,104544,0.0,0.0,0.0,0.0,100.0,11.6615,10.0,32,1321100
coco_i2i-512-angular,euclidean,mod-vamana,0.99,1.0,32,64,1164,512,1,1164,113287,113287,coverage_to_degree,90.0,,4.31,4.0,1,32,4.0,1,370,,,,,,,0.0,0.0,0.0,0.0,100.0,12.8982,11.0,32,1461202
coco_i2i-512-angular,euclidean,mod-vamana,0.99,1.0,32,64,1164,512,1,1164,113287,113287,coverage_to_degree,90.5,,4.424,4.0,1,32,4.0,1,391,,,,,,,0.0,0.0,0.0,0.0,100.0,12.8982,11.0,32,1461202
coco_i2i-512-angular,euclidean,mod-vamana,0.99,1.0,32,64,1164,512,1,1164,113287,113287,coverage_to_degree,91.0,,4.545,4.0,1,32,4.0,1,411,,,,,,,0.0,0.0,0.0,0.0,100.0,12.8982,11.0,32,1461202
coco_i2i-512-angular,euclidean,mod-vamana,0.99,1.0,32,64,1164,512,1,1164,113287,113287,coverage_to_degree,91.5,,4.675,4.0,1,32,4.0,1,432,,,,,,,0.0,0.0,0.0,0.0,100.0,12.8982,11.0,32,1461202
coco_i2i-512-angular,euclidean,mod-vamana,0.99,1.0,32,64,1164,512,1,1164,113287,113287,coverage_to_degree,92.0,,4.791,4.0,1,32,4.0,1,449,,,,,,,0.0,0.0,0.0,0.0,100.0,12.8982,11.0,32,1461202
coco_i2i-512-angular,euclidean,mod-vamana,0.99,1.0,32,64,1164,512,1,1164,113287,113287,coverage_to_degree,92.5,,4.938,4.0,1,32,4.0,1,480,,,,,,,0.0,0.0,0.0,0.0,100.0,12.8982,11.0,32,1461202
coco_i2i-512-angular,euclidean,mod-vamana,0.99,1.0,32,64,1164,512,1,1164,113287,113287,coverage_to_degree,93.0,,5.1,4.0,1,32,5.0,1,508,,,,,,,0.0,0.0,0.0,0.0,100.0,12.8982,11.0,32,1461202
coco_i2i-512-angular,euclidean,mod-vamana,0.99,1.0,32,64,1164,512,1,1164,113287,113287,coverage_to_degree,93.5,,5.274,5.0,1,32,5.0,1,529,,,,,,,0.0,0.0,0.0,0.0,100.0,12.8982,11.0,32,1461202
coco_i2i-512-angular,euclidean,mod-vamana,0.99,1.0,32,64,1164,512,1,1164,113287,113287,coverage_to_degree,94.0,,5.467,5.0,1,32,5.0,1,570,,,,,,,0.0,0.0,0.0,0.0,100.0,12.8982,11.0,32,1461202
coco_i2i-512-angular,euclidean,mod-vamana,0.99,1.0,32,64,1164,512,1,1164,113287,113287,coverage_to_degree,94.5,,5.64,5.0,1,32,5.0,1,600,,,,,,,0.0,0.0,0.0,0.0,100.0,12.8982,11.0,32,1461202
coco_i2i-512-angular,euclidean,mod-vamana,0.99,1.0,32,64,1164,512,1,1164,113287,113287,coverage_to_degree,95.0,,5.869,5.0,1,32,5.0,1,640,,,,,,,0.0,0.0,0.0,0.0,100.0,12.8982,11.0,32,1461202
coco_i2i-512-angular,euclidean,mod-vamana,0.99,1.0,32,64,1164,512,1,1164,113287,113287,coverage_to_degree,95.5,,6.128,5.0,1,32,5.0,1,694,,,,,,,0.0,0.0,0.0,0.0,100.0,12.8982,11.0,32,1461202
coco_i2i-512-angular,euclidean,mod-vamana,0.99,1.0,32,64,1164,512,1,1164,113287,113287,coverage_to_degree,96.0,,6.423,6.0,1,32,6.0,1,753,,,,,,,0.0,0.0,0.0,0.0,100.0,12.8982,11.0,32,1461202
coco_i2i-512-angular,euclidean,mod-vamana,0.99,1.0,32,64,1164,512,1,1164,113287,113287,coverage_to_degree,96.5,,6.759,6.0,1,32,6.0,1,827,,,,,,,0.0,0.0,0.0,0.0,100.0,12.8982,11.0,32,1461202
coco_i2i-512-angular,euclidean,mod-vamana,0.99,1.0,32,64,1164,512,1,1164,113287,113287,coverage_to_degree,97.0,,7.15,6.0,1,32,6.0,1,918,,,,,,,0.0,0.0,0.0,0.0,100.0,12.8982,11.0,32,1461202
coco_i2i-512-angular,euclidean,mod-vamana,0.99,1.0,32,64,1164,512,1,1164,113287,113287,coverage_to_degree,97.5,,7.528,7.0,1,32,7.0,1,998,,,,,,,0.0,0.0,0.0,0.0,100.0,12.8982,11.0,32,1461202
coco_i2i-512-angular,euclidean,mod-vamana,0.99,1.0,32,64,1164,512,1,1164,113287,113287,coverage_to_degree,98.0,,8.076,7.0,1,32,7.0,1,1113,,,,,,,0.0,0.0,0.0,0.0,100.0,12.8982,11.0,32,1461202
coco_i2i-512-angular,euclidean,mod-vamana,0.99,1.0,32,64,1164,512,1,1164,113287,113287,coverage_to_degree,98.5,,8.767,8.0,1,32,8.0,1,1230,,,,,,,0.0,0.0,0.0,0.0,100.0,12.8982,11.0,32,1461202
coco_i2i-512-angular,euclidean,mod-vamana,0.99,1.0,32,64,1164,512,1,1164,113287,113287,coverage_to_degree,99.0,,9.665,9.0,1,32,8.0,1,1382,,,,,,,0.0,0.0,0.0,0.0,100.0,12.8982,11.0,32,1461202
coco_i2i-512-angular,euclidean,mod-vamana,0.99,1.0,32,64,1164,512,1,1164,113287,113287,coverage_to_degree,99.5,,10.9,10.0,1,32,9.0,1,1599,,,,,,,0.0,0.0,0.0,0.0,100.0,12.8982,11.0,32,1461202
coco_i2i-512-angular,euclidean,mod-vamana,0.99,1.0,32,64,1164,512,1,1164,113287,113287,coverage_to_degree,100.0,,12.485,11.0,1,32,11.0,1,1840,,,,,,,0.0,0.0,0.0,0.0,100.0,12.8982,11.0,32,1461202
coco_i2i-512-angular,euclidean,mod-vamana,0.99,1.0,32,64,1164,512,1,1164,113287,113287,edge_to_coverage,,1,,,,,,,,63227.692,65111.0,0,113287,113159,113271,0.0,0.0,0.0,0.0,100.0,12.8982,11.0,32,1461202
coco_i2i-512-angular,euclidean,mod-vamana,0.99,1.0,32,64,1164,512,1,1164,113287,113287,edge_to_coverage,,2,,,,,,,,85334.272,90513.0,0,113287,112472,113213,0.0,0.0,0.0,0.0,100.0,12.8982,11.0,32,1461202
coco_i2i-512-angular,euclidean,mod-vamana,0.99,1.0,32,64,1164,512,1,1164,113287,113287,edge_to_coverage,,3,,,,,,,,95541.086,100537.0,0,113287,111009,113075,0.0,0.0,0.0,0.0,100.0,12.8982,11.0,32,1461202
coco_i2i-512-angular,euclidean,mod-vamana,0.99,1.0,32,64,1164,512,1,1164,113287,113287,edge_to_coverage,,4,,,,,,,,101122.422,105404.0,0,113287,108736,112847,0.0,0.0,0.0,0.0,100.0,12.8982,11.0,32,1461202
coco_i2i-512-angular,euclidean,mod-vamana,0.99,1.0,32,64,1164,512,1,1164,113287,113287,edge_to_coverage,,5,,,,,,,,104422.476,108031.0,0,113287,105674,112530,0.0,0.0,0.0,0.0,100.0,12.8982,11.0,32,1461202
coco_i2i-512-angular,euclidean,mod-vamana,0.99,1.0,32,64,1164,512,1,1164,113287,113287,edge_to_coverage,,6,,,,,,,,106525.468,109589.0,0,113287,102113,112050,0.0,0.0,0.0,0.0,100.0,12.8982,11.0,32,1461202
coco_i2i-512-angular,euclidean,mod-vamana,0.99,1.0,32,64,1164,512,1,1164,113287,113287,edge_to_coverage,,7,,,,,,,,107925.211,110562.0,0,113287,98281,111527,0.0,0.0,0.0,0.0,100.0,12.8982,11.0,32,1461202
coco_i2i-512-angular,euclidean,mod-vamana,0.99,1.0,32,64,1164,512,1,1164,113287,113287,edge_to_coverage,,8,,,,,,,,108897.884,111146.0,0,113287,94535,110966,0.0,0.0,0.0,0.0,100.0,12.8982,11.0,32,1461202
coco_i2i-512-angular,euclidean,mod-vamana,0.99,1.0,32,64,1164,512,1,1164,113287,113287,edge_to_coverage,,9,,,,,,,,109588.44,111535.0,0,113287,90734,110371,0.0,0.0,0.0,0.0,100.0,12.8982,11.0,32,1461202
coco_i2i-512-angular,euclidean,mod-vamana,0.99,1.0,32,64,1164,512,1,1164,113287,113287,edge_to_coverage,,10,,,,,,,,110086.126,111827.0,0,113287,87179,109654,0.0,0.0,0.0,0.0,100.0,12.8982,11.0,32,1461202
coco_i2i-512-angular,euclidean,mod-vamana,0.99,1.0,32,64,1164,512,1,1164,113287,113287,edge_to_coverage,,11,,,,,,,,110447.768,112022.0,0,113287,83841,108952,0.0,0.0,0.0,0.0,100.0,12.8982,11.0,32,1461202
coco_i2i-512-angular,euclidean,mod-vamana,0.99,1.0,32,64,1164,512,1,1164,113287,113287,edge_to_coverage,,12,,,,,,,,110712.818,112216.0,0,113287,80746,108270,0.0,0.0,0.0,0.0,100.0,12.8982,11.0,32,1461202
coco_i2i-512-angular,euclidean,mod-vamana,0.99,1.0,32,64,1164,512,1,1164,113287,113287,edge_to_coverage,,13,,,,,,,,110909.358,112314.0,0,113287,78000,107601,0.0,0.0,0.0,0.0,100.0,12.8982,11.0,32,1461202
coco_i2i-512-angular,euclidean,mod-vamana,0.99,1.0,32,64,1164,512,1,1164,113287,113287,edge_to_coverage,,14,,,,,,,,111060.629,112314.0,0,113287,75426,106944,0.0,0.0,0.0,0.0,100.0,12.8982,11.0,32,1461202
coco_i2i-512-angular,euclidean,mod-vamana,0.99,1.0,32,64,1164,512,1,1164,113287,113287,edge_to_coverage,,15,,,,,,,,111174.602,112411.0,0,113287,73298,106312,0.0,0.0,0.0,0.0,100.0,12.8982,11.0,32,1461202
coco_i2i-512-angular,euclidean,mod-vamana,0.99,1.0,32,64,1164,512,1,1164,113287,113287,edge_to_coverage,,16,,,,,,,,111262.039,112411.0,0,113287,71427,105710,0.0,0.0,0.0,0.0,100.0,12.8982,11.0,32,1461202
coco_i2i-512-angular,euclidean,mod-vamana,0.99,1.0,32,64,1164,512,1,1164,113287,113287,edge_to_coverage,,17,,,,,,,,111328.836,112508.0,0,113287,69792,105179,0.0,0.0,0.0,0.0,100.0,12.8982,11.0,32,1461202
coco_i2i-512-angular,euclidean,mod-vamana,0.99,1.0,32,64,1164,512,1,1164,113287,113287,edge_to_coverage,,18,,,,,,,,111379.602,112508.0,0,113287,68383,104684,0.0,0.0,0.0,0.0,100.0,12.8982,11.0,32,1461202
coco_i2i-512-angular,euclidean,mod-vamana,0.99,1.0,32,64,1164,512,1,1164,113287,113287,edge_to_coverage,,19,,,,,,,,111418.247,112508.0,0,113287,67219,104181,0.0,0.0,0.0,0.0,100.0,12.8982,11.0,32,1461202
coco_i2i-512-angular,euclidean,mod-vamana,0.99,1.0,32,64,1164,512,1,1164,113287,113287,edge_to_coverage,,20,,,,,,,,111448.448,112606.0,0,113287,66185,103703,0.0,0.0,0.0,0.0,100.0,12.8982,11.0,32,1461202
coco_i2i-512-angular,euclidean,mod-vamana,0.99,1.0,32,64,1164,512,1,1164,113287,113287,edge_to_coverage,,21,,,,,,,,111471.946,112606.0,0,113287,65302,103302,0.0,0.0,0.0,0.0,100.0,12.8982,11.0,32,1461202
coco_i2i-512-angular,euclidean,mod-vamana,0.99,1.0,32,64,1164,512,1,1164,113287,113287,edge_to_coverage,,22,,,,,,,,111489.734,112606.0,0,113287,64613,102930,0.0,0.0,0.0,0.0,100.0,12.8982,11.0,32,1461202
coco_i2i-512-angular,euclidean,mod-vamana,0.99,1.0,32,64,1164,512,1,1164,113287,113287,edge_to_coverage,,23,,,,,,,,111504.298,112606.0,0,113287,64038,102635,0.0,0.0,0.0,0.0,100.0,12.8982,11.0,32,1461202
coco_i2i-512-angular,euclidean,mod-vamana,0.99,1.0,32,64,1164,512,1,1164,113287,113287,edge_to_coverage,,24,,,,,,,,111515.247,112606.0,0,113287,63565,102332,0.0,0.0,0.0,0.0,100.0,12.8982,11.0,32,1461202
coco_i2i-512-angular,euclidean,mod-vamana,0.99,1.0,32,64,1164,512,1,1164,113287,113287,edge_to_coverage,,25,,,,,,,,111523.548,112606.0,0,113287,63197,102080,0.0,0.0,0.0,0.0,100.0,12.8982,11.0,32,1461202
coco_i2i-512-angular,euclidean,mod-vamana,0.99,1.0,32,64,1164,512,1,1164,113287,113287,edge_to_coverage,,26,,,,,,,,111530.081,112606.0,0,113287,62854,101856,0.0,0.0,0.0,0.0,100.0,12.8982,11.0,32,1461202
coco_i2i-512-angular,euclidean,mod-vamana,0.99,1.0,32,64,1164,512,1,1164,113287,113287,edge_to_coverage,,27,,,,,,,,111534.71,112606.0,0,113287,62612,101675,0.0,0.0,0.0,0.0,100.0,12.8982,11.0,32,1461202
coco_i2i-512-angular,euclidean,mod-vamana,0.99,1.0,32,64,1164,512,1,1164,113287,113287,edge_to_coverage,,28,,,,,,,,111538.345,112606.0,0,113287,62425,101523,0.0,0.0,0.0,0.0,100.0,12.8982,11.0,32,1461202
coco_i2i-512-angular,euclidean,mod-vamana,0.99,1.0,32,64,1164,512,1,1164,113287,113287,edge_to_coverage,,29,,,,,,,,111540.833,112606.0,0,113287,62279,101403,0.0,0.0,0.0,0.0,100.0,12.8982,11.0,32,1461202
coco_i2i-512-angular,euclidean,mod-vamana,0.99,1.0,32,64,1164,512,1,1164,113287,113287,edge_to_coverage,,30,,,,,,,,111542.257,112606.0,0,113287,62190,101312,0.0,0.0,0.0,0.0,100.0,12.8982,11.0,32,1461202
coco_i2i-512-angular,euclidean,mod-vamana,0.99,1.0,32,64,1164,512,1,1164,113287,113287,edge_to_coverage,,31,,,,,,,,111543.254,112606.0,0,113287,62129,101256,0.0,0.0,0.0,0.0,100.0,12.8982,11.0,32,1461202
coco_i2i-512-angular,euclidean,mod-vamana,0.99,1.0,32,64,1164,512,1,1164,113287,113287,edge_to_coverage,,32,,,,,,,,111543.858,112606.0,0,113287,62091,101224,0.0,0.0,0.0,0.0,100.0,12.8982,11.0,32,1461202
coco_i2i-512-angular,euclidean,mod-vamana,1.0,1.0,32,64,1164,512,1,1164,113287,113287,coverage_to_degree,90.0,,4.377,4.0,1,32,4.0,1,392,,,,,,,0.0,0.0,0.0,0.0,100.0,14.6208,14.0,32,1656352
coco_i2i-512-angular,euclidean,mod-vamana,1.0,1.0,32,64,1164,512,1,1164,113287,113287,coverage_to_degree,90.5,,4.494,4.0,1,32,4.0,1,415,,,,,,,0.0,0.0,0.0,0.0,100.0,14.6208,14.0,32,1656352
coco_i2i-512-angular,euclidean,mod-vamana,1.0,1.0,32,64,1164,512,1,1164,113287,113287,coverage_to_degree,91.0,,4.62,4.0,1,32,4.0,1,440,,,,,,,0.0,0.0,0.0,0.0,100.0,14.6208,14.0,32,1656352
coco_i2i-512-angular,euclidean,mod-vamana,1.0,1.0,32,64,1164,512,1,1164,113287,113287,coverage_to_degree,91.5,,4.752,4.0,1,32,4.0,1,462,,,,,,,0.0,0.0,0.0,0.0,100.0,14.6208,14.0,32,1656352
coco_i2i-512-angular,euclidean,mod-vamana,1.0,1.0,32,64,1164,512,1,1164,113287,113287,coverage_to_degree,92.0,,4.871,4.0,1,32,4.0,1,488,,,,,,,0.0,0.0,0.0,0.0,100.0,14.6208,14.0,32,1656352
coco_i2i-512-angular,euclidean,mod-vamana,1.0,1.0,32,64,1164,512,1,1164,113287,113287,coverage_to_degree,92.5,,5.022,4.0,1,32,4.0,1,514,,,,,,,0.0,0.0,0.0,0.0,100.0,14.6208,14.0,32,1656352
coco_i2i-512-angular,euclidean,mod-vamana,1.0,1.0,32,64,1164,512,1,1164,113287,113287,coverage_to_degree,93.0,,5.188,4.0,1,32,5.0,1,542,,,,,,,0.0,0.0,0.0,0.0,100.0,14.6208,14.0,32,1656352
coco_i2i-512-angular,euclidean,mod-vamana,1.0,1.0,32,64,1164,512,1,1164,113287,113287,coverage_to_degree,93.5,,5.367,5.0,1,32,5.0,1,578,,,,,,,0.0,0.0,0.0,0.0,100.0,14.6208,14.0,32,1656352
coco_i2i-512-angular,euclidean,mod-vamana,1.0,1.0,32,64,1164,512,1,1164,113287,113287,coverage_to_degree,94.0,,5.566,5.0,1,32,5.0,1,633,,,,,,,0.0,0.0,0.0,0.0,100.0,14.6208,14.0,32,1656352
coco_i2i-512-angular,euclidean,mod-vamana,1.0,1.0,32,64,1164,512,1,1164,113287,113287,coverage_to_degree,94.5,,5.744,5.0,1,32,5.0,1,669,,,,,,,0.0,0.0,0.0,0.0,100.0,14.6208,14.0,32,1656352
coco_i2i-512-angular,euclidean,mod-vamana,1.0,1.0,32,64,1164,512,1,1164,113287,113287,coverage_to_degree,95.0,,5.98,5.0,1,32,5.0,1,724,,,,,,,0.0,0.0,0.0,0.0,100.0,14.6208,14.0,32,1656352
coco_i2i-512-angular,euclidean,mod-vamana,1.0,1.0,32,64,1164,512,1,1164,113287,113287,coverage_to_degree,95.5,,6.245,5.0,1,32,6.0,1,785,,,,,,,0.0,0.0,0.0,0.0,100.0,14.6208,14.0,32,1656352
coco_i2i-512-angular,euclidean,mod-vamana,1.0,1.0,32,64,1164,512,1,1164,113287,113287,coverage_to_degree,96.0,,6.546,6.0,1,32,6.0,1,848,,,,,,,0.0,0.0,0.0,0.0,100.0,14.6208,14.0,32,1656352
coco_i2i-512-angular,euclidean,mod-vamana,1.0,1.0,32,64,1164,512,1,1164,113287,113287,coverage_to_degree,96.5,,6.892,6.0,1,32,6.0,1,930,,,,,,,0.0,0.0,0.0,0.0,100.0,14.6208,14.0,32,1656352
coco_i2i-512-angular,euclidean,mod-vamana,1.0,1.0,32,64,1164,512,1,1164,113287,113287,coverage_to_degree,97.0,,7.294,6.0,1,32,6.0,1,1005,,,,,,,0.0,0.0,0.0,0.0,100.0,14.6208,14.0,32,1656352
coco_i2i-512-angular,euclidean,mod-vamana,1.0,1.0,32,64,1164,512,1,1164,113287,113287,coverage_to_degree,97.5,,7.686,7.0,1,32,7.0,1,1110,,,,,,,0.0,0.0,0.0,0.0,100.0,14.6208,14.0,32,1656352
coco_i2i-512-angular,euclidean,mod-vamana,1.0,1.0,32,64,1164,512,1,1164,113287,113287,coverage_to_degree,98.0,,8.253,7.0,1,32,7.0,1,1237,,,,,,,0.0,0.0,0.0,0.0,100.0,14.6208,14.0,32,1656352
coco_i2i-512-angular,euclidean,mod-vamana,1.0,1.0,32,64,1164,512,1,1164,113287,113287,coverage_to_degree,98.5,,8.973,8.0,1,32,8.0,1,1378,,,,,,,0.0,0.0,0.0,0.0,100.0,14.6208,14.0,32,1656352
coco_i2i-512-angular,euclidean,mod-vamana,1.0,1.0,32,64,1164,512,1,1164,113287,113287,coverage_to_degree,99.0,,9.953,9.0,1,32,9.0,1,1556,,,,,,,0.0,0.0,0.0,0.0,100.0,14.6208,14.0,32,1656352
coco_i2i-512-angular,euclidean,mod-vamana,1.0,1.0,32,64,1164,512,1,1164,113287,113287,coverage_to_degree,99.5,,11.454,10.0,1,32,10.0,1,1793,,,,,,,0.0,0.0,0.0,0.0,100.0,14.6208,14.0,32,1656352
coco_i2i-512-angular,euclidean,mod-vamana,1.0,1.0,32,64,1164,512,1,1164,113287,113287,coverage_to_degree,100.0,,13.843,13.0,1,32,12.0,1,2087,,,,,,,0.0,0.0,0.0,0.0,100.0,14.6208,14.0,32,1656352
coco_i2i-512-angular,euclidean,mod-vamana,1.0,1.0,32,64,1164,512,1,1164,113287,113287,edge_to_coverage,,1,,,,,,,,62899.414,64722.0,0,113287,113161,113273,0.0,0.0,0.0,0.0,100.0,14.6208,14.0,32,1656352
coco_i2i-512-angular,euclidean,mod-vamana,1.0,1.0,32,64,1164,512,1,1164,113287,113287,edge_to_coverage,,2,,,,,,,,84956.968,90124.0,0,113287,112474,113209,0.0,0.0,0.0,0.0,100.0,14.6208,14.0,32,1656352
coco_i2i-512-angular,euclidean,mod-vamana,1.0,1.0,32,64,1164,512,1,1164,113287,113287,edge_to_coverage,,3,,,,,,,,95209.745,100148.0,0,113287,110879,113017,0.0,0.0,0.0,0.0,100.0,14.6208,14.0,32,1656352
coco_i2i-512-angular,euclidean,mod-vamana,1.0,1.0,32,64,1164,512,1,1164,113287,113287,edge_to_coverage,,4,,,,,,,,100840.041,105112.0,0,113287,108239,112692,0.0,0.0,0.0,0.0,100.0,14.6208,14.0,32,1656352
coco_i2i-512-angular,euclidean,mod-vamana,1.0,1.0,32,64,1164,512,1,1164,113287,113287,edge_to_coverage,,5,,,,,,,,104184.393,107837.0,0,113287,104577,112189,0.0,0.0,0.0,0.0,100.0,14.6208,14.0,32,1656352
coco_i2i-512-angular,euclidean,mod-vamana,1.0,1.0,32,64,1164,512,1,1164,113287,113287,edge_to_coverage,,6,,,,,,,,106333.821,109394.0,0,113287,100350,111442,0.0,0.0,0.0,0.0,100.0,14.6208,14.0,32,1656352
coco_i2i-512-angular,euclidean,mod-vamana,1.0,1.0,32,64,1164,512,1,1164,113287,113287,edge_to_coverage,,7,,,,,,,,107778.404,110367.0,0,113287,95742,110556,0.0,0.0,0.0,0.0,100.0,14.6208,14.0,32,1656352
coco_i2i-512-angular,euclidean,mod-vamana,1.0,1.0,32,64,1164,512,1,1164,113287,113287,edge_to_coverage,,8,,,,,,,,108790.778,111049.0,0,113287,91027,109543,0.0,0.0,0.0,0.0,100.0,14.6208,14.0,32,1656352
coco_i2i-512-angular,euclidean,mod-vamana,1.0,1.0,32,64,1164,512,1,1164,113287,113287,edge_to_coverage,,9,,,,,,,,109513.546,111535.0,0,113287,86360,108470,0.0,0.0,0.0,0.0,100.0,14.6208,14.0,32,1656352
coco_i2i-512-angular,euclidean,mod-vamana,1.0,1.0,32,64,1164,512,1,1164,113287,113287,edge_to_coverage,,10,,,,,,,,110032.496,111827.0,0,113287,81863,107308,0.0,0.0,0.0,0.0,100.0,14.6208,14.0,32,1656352
coco_i2i-512-angular,euclidean,mod-vamana,1.0,1.0,32,64,1164,512,1,1164,113287,113287,edge_to_coverage,,11,,,,,,,,110417.102,112119.0,0,113287,77762,106113,0.0,0.0,0.0,0.0,100.0,14.6208,14.0,32,1656352
coco_i2i-512-angular,euclidean,mod-vamana,1.0,1.0,32,64,1164,512,1,1164,113287,113287,edge_to_coverage,,12,,,,,,,,110702.035,112216.0,0,113287,73975,104927,0.0,0.0,0.0,0.0,100.0,14.6208,14.0,32,1656352
coco_i2i-512-angular,euclidean,mod-vamana,1.0,1.0,32,64,1164,512,1,1164,113287,113287,edge_to_coverage,,13,,,,,,,,110913.966,112411.0,0,113287,70504,103722,0.0,0.0,0.0,0.0,100.0,14.6208,14.0,32,1656352
coco_i2i-512-angular,euclidean,mod-vamana,1.0,1.0,32,64,1164,512,1,1164,113287,113287,edge_to_coverage,,14,,,,,,,,111077.485,112508.0,0,113287,67470,102567,0.0,0.0,0.0,0.0,100.0,14.6208,14.0,32,1656352
coco_i2i-512-angular,euclidean,mod-vamana,1.0,1.0,32,64,1164,512,1,1164,113287,113287,edge_to_coverage,,15,,,,,,,,111201.076,112508.0,0,113287,64847,101427,0.0,0.0,0.0,0.0,100.0,14.6208,14.0,32,1656352
coco_i2i-512-angular,euclidean,mod-vamana,1.0,1.0,32,64,1164,512,1,1164,113287,113287,edge_to_coverage,,16,,,,,,,,111295.656,112606.0,0,113287,62580,100395,0.0,0.0,0.0,0.0,100.0,14.6208,14.0,32,1656352
coco_i2i-512-angular,euclidean,mod-vamana,1.0,1.0,32,64,1164,512,1,1164,113287,113287,edge_to_coverage,,17,,,,,,,,111369.576,112703.0,0,113287,60580,99508,0.0,0.0,0.0,0.0,100.0,14.6208,14.0,32,1656352
coco_i2i-512-angular,euclidean,mod-vamana,1.0,1.0,32,64,1164,512,1,1164,113287,113287,edge_to_coverage,,18,,,,,,,,111426.416,112703.0,0,113287,58994,98634,0.0,0.0,0.0,0.0,100.0,14.6208,14.0,32,1656352
coco_i2i-512-angular,euclidean,mod-vamana,1.0,1.0,32,64,1164,512,1,1164,113287,113287,edge_to_coverage,,19,,,,,,,,111469.662,112703.0,0,113287,57605,97870,0.0,0.0,0.0,0.0,100.0,14.6208,14.0,32,1656352
coco_i2i-512-angular,euclidean,mod-vamana,1.0,1.0,32,64,1164,512,1,1164,113287,113287,edge_to_coverage,,20,,,,,,,,111503.137,112800.0,0,113287,56401,97142,0.0,0.0,0.0,0.0,100.0,14.6208,14.0,32,1656352
coco_i2i-512-angular,euclidean,mod-vamana,1.0,1.0,32,64,1164,512,1,1164,113287,113287,edge_to_coverage,,21,,,,,,,,111529.448,112800.0,0,113287,55375,96485,0.0,0.0,0.0,0.0,100.0,14.6208,14.0,32,1656352
coco_i2i-512-angular,euclidean,mod-vamana,1.0,1.0,32,64,1164,512,1,1164,113287,113287,edge_to_coverage,,22,,,,,,,,111550.026,112800.0,0,113287,54543,95926,0.0,0.0,0.0,0.0,100.0,14.6208,14.0,32,1656352
coco_i2i-512-angular,euclidean,mod-vamana,1.0,1.0,32,64,1164,512,1,1164,113287,113287,edge_to_coverage,,23,,,,,,,,111566.048,112800.0,0,113287,53880,95429,0.0,0.0,0.0,0.0,100.0,14.6208,14.0,32,1656352
coco_i2i-512-angular,euclidean,mod-vamana,1.0,1.0,32,64,1164,512,1,1164,113287,113287,edge_to_coverage,,24,,,,,,,,111578.817,112800.0,0,113287,53349,94970,0.0,0.0,0.0,0.0,100.0,14.6208,14.0,32,1656352
coco_i2i-512-angular,euclidean,mod-vamana,1.0,1.0,32,64,1164,512,1,1164,113287,113287,edge_to_coverage,,25,,,,,,,,111588.151,112800.0,0,113287,52883,94596,0.0,0.0,0.0,0.0,100.0,14.6208,14.0,32,1656352
coco_i2i-512-angular,euclidean,mod-vamana,1.0,1.0,32,64,1164,512,1,1164,113287,113287,edge_to_coverage,,26,,,,,,,,111595.281,112800.0,0,113287,52500,94277,0.0,0.0,0.0,0.0,100.0,14.6208,14.0,32,1656352
coco_i2i-512-angular,euclidean,mod-vamana,1.0,1.0,32,64,1164,512,1,1164,113287,113287,edge_to_coverage,,27,,,,,,,,111600.689,112800.0,0,113287,52227,94018,0.0,0.0,0.0,0.0,100.0,14.6208,14.0,32,1656352
coco_i2i-512-angular,euclidean,mod-vamana,1.0,1.0,32,64,1164,512,1,1164,113287,113287,edge_to_coverage,,28,,,,,,,,111604.87,112800.0,0,113287,52004,93794,0.0,0.0,0.0,0.0,100.0,14.6208,14.0,32,1656352
coco_i2i-512-angular,euclidean,mod-vamana,1.0,1.0,32,64,1164,512,1,1164,113287,113287,edge_to_coverage,,29,,,,,,,,111607.691,112800.0,0,113287,51849,93613,0.0,0.0,0.0,0.0,100.0,14.6208,14.0,32,1656352
coco_i2i-512-angular,euclidean,mod-vamana,1.0,1.0,32,64,1164,512,1,1164,113287,113287,edge_to_coverage,,30,,,,,,,,111609.732,112898.0,0,113287,51729,93495,0.0,0.0,0.0,0.0,100.0,14.6208,14.0,32,1656352
coco_i2i-512-angular,euclidean,mod-vamana,1.0,1.0,32,64,1164,512,1,1164,113287,113287,edge_to_coverage,,31,,,,,,,,111610.842,112898.0,0,113287,51662,93403,0.0,0.0,0.0,0.0,100.0,14.6208,14.0,32,1656352
coco_i2i-512-angular,euclidean,mod-vamana,1.0,1.0,32,64,1164,512,1,1164,113287,113287,edge_to_coverage,,32,,,,,,,,111611.388,112898.0,0,113287,51625,93367,0.0,0.0,0.0,0.0,100.0,14.6208,14.0,32,1656352
