dataset,metric,method,gamma,alpha,R,L,S,dimensions,estimated coverage,coverage sample,sources,total points,sweep,coverage,edges,mean out degree,median out degree,min out degree,max out degree,median in degree,min in degree,max in degree,mean points covered,median points covered,min points covered,max points covered,sources below 99.5% coverage,sources below 100% coverage,build time (s),build wall (s),adjlist wall (s),graph min coverage,graph max coverage,graph avg out degree,graph median out degree,graph max out degree,graph total edges
glove25-25-angular,euclidean,vamana,,1.0,32,64,,25,1,1399,1183514,1183514,coverage_to_degree,90.0,,2.621,2.0,1,29,3.0,1,47,,,,,,,0.0,0.0,0.0,31.308,100.0,14.5729,13.0,32,17247191
glove25-25-angular,euclidean,vamana,,1.0,32,64,,25,1,1399,1183514,1183514,coverage_to_degree,90.5,,2.677,2.0,1,29,3.0,1,47,,,,,,,0.0,0.0,0.0,31.308,100.0,14.5729,13.0,32,17247191
glove25-25-angular,euclidean,vamana,,1.0,32,64,,25,1,1399,1183514,1183514,coverage_to_degree,91.0,,2.738,2.0,1,29,3.0,1,47,,,,,,,0.0,0.0,0.0,31.308,100.0,14.5729,13.0,32,17247191
glove25-25-angular,euclidean,vamana,,1.0,32,64,,25,1,1399,1183514,1183514,coverage_to_degree,91.5,,2.804,2.0,1,29,3.0,1,50,,,,,,,0.0,0.0,0.0,31.308,100.0,14.5729,13.0,32,17247191
glove25-25-angular,euclidean,vamana,,1.0,32,64,,25,1,1399,1183514,1183514,coverage_to_degree,92.0,,2.875,2.0,1,29,3.0,1,55,,,,,,,0.0,0.0,0.0,31.308,100.0,14.5729,13.0,32,17247191
glove25-25-angular,euclidean,vamana,,1.0,32,64,,25,1,1399,1183514,1183514,coverage_to_degree,92.5,,2.952,3.0,1,29,3.0,1,58,,,,,,,0.0,0.0,0.0,31.308,100.0,14.5729,13.0,32,17247191
glove25-25-angular,euclidean,vamana,,1.0,32,64,,25,1,1399,1183514,1183514,coverage_to_degree,93.0,,3.037,3.0,1,29,3.0,1,63,,,,,,,0.0,0.0,0.0,31.308,100.0,14.5729,13.0,32,17247191
glove25-25-angular,euclidean,vamana,,1.0,32,64,,25,1,1399,1183514,1183514,coverage_to_degree,93.5,,3.13,3.0,1,29,3.0,1,67,,,,,,,0.0,0.0,0.0,31.308,100.0,14.5729,13.0,32,17247191
glove25-25-angular,euclidean,vamana,,1.0,32,64,,25,1,1399,1183514,1183514,coverage_to_degree,94.0,,3.234,3.0,1,30,3.0,1,77,,,,,,,0.0,0.0,0.0,31.308,100.0,14.5729,13.0,32,17247191
glove25-25-angular,euclidean,vamana,,1.0,32,64,,25,1,1399,1183514,1183514,coverage_to_degree,94.5,,3.35,3.0,1,30,3.0,1,83,,,,,,,0.0,0.0,0.0,31.308,100.0,14.5729,13.0,32,17247191
glove25-25-angular,euclidean,vamana,,1.0,32,64,,25,1,1399,1183514,1183514,coverage_to_degree,95.0,,3.482,3.0,1,30,3.0,1,86,,,,,,,0.0,0.0,0.0,31.308,100.0,14.5729,13.0,32,17247191
glove25-25-angular,euclidean,vamana,,1.0,32,64,,25,1,1399,1183514,1183514,coverage_to_degree,95.5,,3.632,3.0,1,30,3.0,1,90,,,,,,,0.0,0.0,0.0,31.308,100.0,14.5729,13.0,32,17247191
glove25-25-angular,euclidean,vamana,,1.0,32,64,,25,1,1399,1183514,1183514,coverage_to_degree,96.0,,3.808,3.0,1,32,3.0,1,108,,,,,,,0.0,0.0,0.0,31.308,100.0,14.5729,13.0,32,17247191
glove25-25-angular,euclidean,vamana,,1.0,32,64,,25,1,1399,1183514,1183514,coverage_to_degree,96.5,,4.015,3.0,1,32,4.0,1,125,,,,,,,0.0,0.0,0.0,31.308,100.0,14.5729,13.0,32,17247191
glove25-25-angular,euclidean,vamana,,1.0,32,64,,25,1,1399,1183514,1183514,coverage_to_degree,97.0,,4.267,4.0,1,32,4.0,1,142,,,,,,,0.0,0.0,0.0,31.308,100.0,14.5729,13.0,32,17247191
glove25-25-angular,euclidean,vamana,,1.0,32,64,,25,1,1399,1183514,1183514,coverage_to_degree,97.5,,4.581,4.0,1,32,4.0,1,172,,,,,,,0.0,0.0,0.0,31.308,100.0,14.5729,13.0,32,17247191
glove25-25-angular,euclidean,vamana,,1.0,32,64,,25,1,1399,1183514,1183514,coverage_to_degree,98.0,,4.993,4.0,1,32,4.0,1,202,,,,,,,0.0,0.0,0.0,31.308,100.0,14.5729,13.0,32,17247191
glove25-25-angular,euclidean,vamana,,1.0,32,64,,25,1,1399,1183514,1183514,coverage_to_degree,98.5,,5.565,5.0,1,32,5.0,1,251,,,,,,,0.0,0.0,0.0,31.308,100.0,14.5729,13.0,32,17247191
glove25-25-angular,euclidean,vamana,,1.0,32,64,,25,1,1399,1183514,1183514,coverage_to_degree,99.0,,6.453,6.0,1,32,6.0,1,345,,,,,,,0.0,0.0,0.0,31.308,100.0,14.5729,13.0,32,17247191
glove25-25-angular,euclidean,vamana,,1.0,32,64,,25,1,1399,1183514,1183514,coverage_to_degree,99.5,,8.171,7.0,1,32,7.0,1,518,,,,,,,0.0,0.0,0.0,31.308,100.0,14.5729,13.0,32,17247191
glove25-25-angular,euclidean,vamana,,1.0,32,64,,25,1,1399,1183514,1183514,coverage_to_degree,100.0,,12.766,12.0,1,32,11.0,1,857,,,,,,,0.0,0.0,0.0,31.308,100.0,14.5729,13.0,32,17247191
glove25-25-angular,euclidean,vamana,,1.0,32,64,,25,1,1399,1183514,1183514,edge_to_coverage,,1,,,,,,,,807730.698,894192.0,0,1183514,1129897,1169584,0.0,0.0,0.0,31.308,100.0,14.5729,13.0,32,17247191
glove25-25-angular,euclidean,vamana,,1.0,32,64,,25,1,1399,1183514,1183514,edge_to_coverage,,2,,,,,,,,1019889.99,1092995.0,0,1183514,1063134,1155144,0.0,0.0,0.0,31.308,100.0,14.5729,13.0,32,17247191
glove25-25-angular,euclidean,vamana,,1.0,32,64,,25,1,1399,1183514,1183514,edge_to_coverage,,3,,,,,,,,1097752.376,1143753.0,12690,1183514,985395,1139922,0.0,0.0,0.0,31.308,100.0,14.5729,13.0,32,17247191
glove25-25-angular,euclidean,vamana,,1.0,32,64,,25,1,1399,1183514,1183514,edge_to_coverage,,4,,,,,,,,1132649.256,1162365.0,21995,1183514,898739,1123149,0.0,0.0,0.0,31.308,100.0,14.5729,13.0,32,17247191
glove25-25-angular,euclidean,vamana,,1.0,32,64,,25,1,1399,1183514,1183514,edge_to_coverage,,5,,,,,,,,1150596.979,1169978.0,22841,1183514,808296,1104330,0.0,0.0,0.0,31.308,100.0,14.5729,13.0,32,17247191
glove25-25-angular,euclidean,vamana,,1.0,32,64,,25,1,1399,1183514,1183514,edge_to_coverage,,6,,,,,,,,1160770.666,1175054.0,67678,1183514,718240,1083801,0.0,0.0,0.0,31.308,100.0,14.5729,13.0,32,17247191
glove25-25-angular,euclidean,vamana,,1.0,32,64,,25,1,1399,1183514,1183514,edge_to_coverage,,7,,,,,,,,1166981.354,1176746.0,99825,1183514,633680,1061818,0.0,0.0,0.0,31.308,100.0,14.5729,13.0,32,17247191
glove25-25-angular,euclidean,vamana,,1.0,32,64,,25,1,1399,1183514,1183514,edge_to_coverage,,8,,,,,,,,1170950.859,1178438.0,221645,1183514,557021,1039321,0.0,0.0,0.0,31.308,100.0,14.5729,13.0,32,17247191
glove25-25-angular,euclidean,vamana,,1.0,32,64,,25,1,1399,1183514,1183514,edge_to_coverage,,9,,,,,,,,1173589.659,1179284.0,221645,1183514,488593,1016390,0.0,0.0,0.0,31.308,100.0,14.5729,13.0,32,17247191
glove25-25-angular,euclidean,vamana,,1.0,32,64,,25,1,1399,1183514,1183514,edge_to_coverage,,10,,,,,,,,1175411.466,1180130.0,314701,1183514,429327,994051,0.0,0.0,0.0,31.308,100.0,14.5729,13.0,32,17247191
glove25-25-angular,euclidean,vamana,,1.0,32,64,,25,1,1399,1183514,1183514,edge_to_coverage,,11,,,,,,,,1176696.721,1180976.0,370535,1183514,378935,972244,0.0,0.0,0.0,31.308,100.0,14.5729,13.0,32,17247191
glove25-25-angular,euclidean,vamana,,1.0,32,64,,25,1,1399,1183514,1183514,edge_to_coverage,,12,,,,,,,,1177617.124,1180976.0,370535,1183514,336409,951444,0.0,0.0,0.0,31.308,100.0,14.5729,13.0,32,17247191
glove25-25-angular,euclidean,vamana,,1.0,32,64,,25,1,1399,1183514,1183514,edge_to_coverage,,13,,,,,,,,1178289.588,1180976.0,370535,1183514,301299,931705,0.0,0.0,0.0,31.308,100.0,14.5729,13.0,32,17247191
glove25-25-angular,euclidean,vamana,,1.0,32,64,,25,1,1399,1183514,1183514,edge_to_coverage,,14,,,,,,,,1178786.031,1181822.0,370535,1183514,272574,913324,0.0,0.0,0.0,31.308,100.0,14.5729,13.0,32,17247191
glove25-25-angular,euclidean,vamana,,1.0,32,64,,25,1,1399,1183514,1183514,edge_to_coverage,,15,,,,,,,,1179156.596,1181822.0,370535,1183514,249168,896215,0.0,0.0,0.0,31.308,100.0,14.5729,13.0,32,17247191
glove25-25-angular,euclidean,vamana,,1.0,32,64,,25,1,1399,1183514,1183514,edge_to_coverage,,16,,,,,,,,1179438.075,1181822.0,370535,1183514,230617,880438,0.0,0.0,0.0,31.308,100.0,14.5729,13.0,32,17247191
glove25-25-angular,euclidean,vamana,,1.0,32,64,,25,1,1399,1183514,1183514,edge_to_coverage,,17,,,,,,,,1179651.746,1181822.0,370535,1183514,215796,866158,0.0,0.0,0.0,31.308,100.0,14.5729,13.0,32,17247191
glove25-25-angular,euclidean,vamana,,1.0,32,64,,25,1,1399,1183514,1183514,edge_to_coverage,,18,,,,,,,,1179814.886,1181822.0,370535,1183514,203887,853248,0.0,0.0,0.0,31.308,100.0,14.5729,13.0,32,17247191
glove25-25-angular,euclidean,vamana,,1.0,32,64,,25,1,1399,1183514,1183514,edge_to_coverage,,19,,,,,,,,1179939.614,1181822.0,370535,1183514,194727,841750,0.0,0.0,0.0,31.308,100.0,14.5729,13.0,32,17247191
glove25-25-angular,euclidean,vamana,,1.0,32,64,,25,1,1399,1183514,1183514,edge_to_coverage,,20,,,,,,,,1180034.874,1181822.0,370535,1183514,187594,831624,0.0,0.0,0.0,31.308,100.0,14.5729,13.0,32,17247191
glove25-25-angular,euclidean,vamana,,1.0,32,64,,25,1,1399,1183514,1183514,edge_to_coverage,,21,,,,,,,,1180107.639,1182668.0,370535,1183514,182219,822800,0.0,0.0,0.0,31.308,100.0,14.5729,13.0,32,17247191
glove25-25-angular,euclidean,vamana,,1.0,32,64,,25,1,1399,1183514,1183514,edge_to_coverage,,22,,,,,,,,1180164.297,1182668.0,370535,1183514,178253,814998,0.0,0.0,0.0,31.308,100.0,14.5729,13.0,32,17247191
glove25-25-angular,euclidean,vamana,,1.0,32,64,,25,1,1399,1183514,1183514,edge_to_coverage,,23,,,,,,,,1180207.941,1182668.0,370535,1183514,175119,808325,0.0,0.0,0.0,31.308,100.0,14.5729,13.0,32,17247191
glove25-25-angular,euclidean,vamana,,1.0,32,64,,25,1,1399,1183514,1183514,edge_to_coverage,,24,,,,,,,,1180241.376,1182668.0,370535,1183514,172805,802559,0.0,0.0,0.0,31.308,100.0,14.5729,13.0,32,17247191
glove25-25-angular,euclidean,vamana,,1.0,32,64,,25,1,1399,1183514,1183514,edge_to_coverage,,25,,,,,,,,1180266.488,1182668.0,370535,1183514,171120,797668,0.0,0.0,0.0,31.308,100.0,14.5729,13.0,32,17247191
glove25-25-angular,euclidean,vamana,,1.0,32,64,,25,1,1399,1183514,1183514,edge_to_coverage,,26,,,,,,,,1180285.439,1182668.0,370535,1183514,169893,793648,0.0,0.0,0.0,31.308,100.0,14.5729,13.0,32,17247191
glove25-25-angular,euclidean,vamana,,1.0,32,64,,25,1,1399,1183514,1183514,edge_to_coverage,,27,,,,,,,,1180299.319,1182668.0,370535,1183514,168973,790365,0.0,0.0,0.0,31.308,100.0,14.5729,13.0,32,17247191
glove25-25-angular,euclidean,vamana,,1.0,32,64,,25,1,1399,1183514,1183514,edge_to_coverage,,28,,,,,,,,1180309.371,1182668.0,370535,1183514,168364,787787,0.0,0.0,0.0,31.308,100.0,14.5729,13.0,32,17247191
glove25-25-angular,euclidean,vamana,,1.0,32,64,,25,1,1399,1183514,1183514,edge_to_coverage,,29,,,,,,,,1180316.949,1182668.0,370535,1183514,167948,785807,0.0,0.0,0.0,31.308,100.0,14.5729,13.0,32,17247191
glove25-25-angular,euclidean,vamana,,1.0,32,64,,25,1,1399,1183514,1183514,edge_to_coverage,,30,,,,,,,,1180322.01,1182668.0,370535,1183514,167680,784413,0.0,0.0,0.0,31.308,100.0,14.5729,13.0,32,17247191
glove25-25-angular,euclidean,vamana,,1.0,32,64,,25,1,1399,1183514,1183514,edge_to_coverage,,31,,,,,,,,1180324.973,1182668.0,370535,1183514,167502,783529,0.0,0.0,0.0,31.308,100.0,14.5729,13.0,32,17247191
glove25-25-angular,euclidean,vamana,,1.0,32,64,,25,1,1399,1183514,1183514,edge_to_coverage,,32,,,,,,,,1180326.43,1182668.0,370535,1183514,167423,783085,0.0,0.0,0.0,31.308,100.0,14.5729,13.0,32,17247191
glove25-25-angular,euclidean,mod-vamana,0.9,1.0,32,64,1399,25,1,1399,1183514,1183514,coverage_to_degree,90.0,,2.525,2.0,1,28,2.0,1,116,,,,,,,0.0,0.0,0.0,29.4496,100.0,4.5423,3.0,32,5375858
glove25-25-angular,euclidean,mod-vamana,0.9,1.0,32,64,1399,25,1,1399,1183514,1183514,coverage_to_degree,90.5,,2.569,2.0,1,28,2.0,1,123,,,,,,,0.0,0.0,0.0,29.4496,100.0,4.5423,3.0,32,5375858
glove25-25-angular,euclidean,mod-vamana,0.9,1.0,32,64,1399,25,1,1399,1183514,1183514,coverage_to_degree,91.0,,2.613,2.0,1,28,2.0,1,128,,,,,,,0.0,0.0,0.0,29.4496,100.0,4.5423,3.0,32,5375858
glove25-25-angular,euclidean,mod-vamana,0.9,1.0,32,64,1399,25,1,1399,1183514,1183514,coverage_to_degree,91.5,,2.658,2.0,1,28,2.0,1,131,,,,,,,0.0,0.0,0.0,29.4496,100.0,4.5423,3.0,32,5375858
glove25-25-angular,euclidean,mod-vamana,0.9,1.0,32,64,1399,25,1,1399,1183514,1183514,coverage_to_degree,92.0,,2.705,2.0,1,28,3.0,1,136,,,,,,,0.0,0.0,0.0,29.4496,100.0,4.5423,3.0,32,5375858
glove25-25-angular,euclidean,mod-vamana,0.9,1.0,32,64,1399,25,1,1399,1183514,1183514,coverage_to_degree,92.5,,2.754,2.0,1,28,3.0,1,141,,,,,,,0.0,0.0,0.0,29.4496,100.0,4.5423,3.0,32,5375858
glove25-25-angular,euclidean,mod-vamana,0.9,1.0,32,64,1399,25,1,1399,1183514,1183514,coverage_to_degree,93.0,,2.807,2.0,1,28,3.0,1,145,,,,,,,0.0,0.0,0.0,29.4496,100.0,4.5423,3.0,32,5375858
glove25-25-angular,euclidean,mod-vamana,0.9,1.0,32,64,1399,25,1,1399,1183514,1183514,coverage_to_degree,93.5,,2.863,2.0,1,28,3.0,1,149,,,,,,,0.0,0.0,0.0,29.4496,100.0,4.5423,3.0,32,5375858
glove25-25-angular,euclidean,mod-vamana,0.9,1.0,32,64,1399,25,1,1399,1183514,1183514,coverage_to_degree,94.0,,2.924,2.0,1,28,3.0,1,160,,,,,,,0.0,0.0,0.0,29.4496,100.0,4.5423,3.0,32,5375858
glove25-25-angular,euclidean,mod-vamana,0.9,1.0,32,64,1399,25,1,1399,1183514,1183514,coverage_to_degree,94.5,,2.99,2.0,1,29,3.0,1,166,,,,,,,0.0,0.0,0.0,29.4496,100.0,4.5423,3.0,32,5375858
glove25-25-angular,euclidean,mod-vamana,0.9,1.0,32,64,1399,25,1,1399,1183514,1183514,coverage_to_degree,95.0,,3.06,2.0,1,30,3.0,1,173,,,,,,,0.0,0.0,0.0,29.4496,100.0,4.5423,3.0,32,5375858
glove25-25-angular,euclidean,mod-vamana,0.9,1.0,32,64,1399,25,1,1399,1183514,1183514,coverage_to_degree,95.5,,3.137,3.0,1,31,3.0,1,180,,,,,,,0.0,0.0,0.0,29.4496,100.0,4.5423,3.0,32,5375858
glove25-25-angular,euclidean,mod-vamana,0.9,1.0,32,64,1399,25,1,1399,1183514,1183514,coverage_to_degree,96.0,,3.221,3.0,1,31,3.0,1,190,,,,,,,0.0,0.0,0.0,29.4496,100.0,4.5423,3.0,32,5375858
glove25-25-angular,euclidean,mod-vamana,0.9,1.0,32,64,1399,25,1,1399,1183514,1183514,coverage_to_degree,96.5,,3.312,3.0,1,32,3.0,1,197,,,,,,,0.0,0.0,0.0,29.4496,100.0,4.5423,3.0,32,5375858
glove25-25-angular,euclidean,mod-vamana,0.9,1.0,32,64,1399,25,1,1399,1183514,1183514,coverage_to_degree,97.0,,3.415,3.0,1,32,3.0,1,200,,,,,,,0.0,0.0,0.0,29.4496,100.0,4.5423,3.0,32,5375858
glove25-25-angular,euclidean,mod-vamana,0.9,1.0,32,64,1399,25,1,1399,1183514,1183514,coverage_to_degree,97.5,,3.529,3.0,1,32,3.0,1,205,,,,,,,0.0,0.0,0.0,29.4496,100.0,4.5423,3.0,32,5375858
glove25-25-angular,euclidean,mod-vamana,0.9,1.0,32,64,1399,25,1,1399,1183514,1183514,coverage_to_degree,98.0,,3.658,3.0,1,32,3.0,1,212,,,,,,,0.0,0.0,0.0,29.4496,100.0,4.5423,3.0,32,5375858
glove25-25-angular,euclidean,mod-vamana,0.9,1.0,32,64,1399,25,1,1399,1183514,1183514,coverage_to_degree,98.5,,3.807,3.0,1,32,3.0,1,223,,,,,,,0.0,0.0,0.0,29.4496,100.0,4.5423,3.0,32,5375858
glove25-25-angular,euclidean,mod-vamana,0.9,1.0,32,64,1399,25,1,1399,1183514,1183514,coverage_to_degree,99.0,,3.986,3.0,1,32,3.0,1,242,,,,,,,0.0,0.0,0.0,29.4496,100.0,4.5423,3.0,32,5375858
glove25-25-angular,euclidean,mod-vamana,0.9,1.0,32,64,1399,25,1,1399,1183514,1183514,coverage_to_degree,99.5,,4.213,3.0,1,32,3.0,1,254,,,,,,,0.0,0.0,0.0,29.4496,100.0,4.5423,3.0,32,5375858
glove25-25-angular,euclidean,mod-vamana,0.9,1.0,32,64,1399,25,1,1399,1183514,1183514,coverage_to_degree,100.0,,4.488,3.0,1,32,3.0,1,271,,,,,,,0.0,0.0,0.0,29.4496,100.0,4.5423,3.0,32,5375858
glove25-25-angular,euclidean,mod-vamana,0.9,1.0,32,64,1399,25,1,1399,1183514,1183514,edge_to_coverage,,1,,,,,,,,826799.553,925493.0,0,1183514,1117204,1167049,0.0,0.0,0.0,29.4496,100.0,4.5423,3.0,32,5375858
glove25-25-angular,euclidean,mod-vamana,0.9,1.0,32,64,1399,25,1,1399,1183514,1183514,edge_to_coverage,,2,,,,,,,,1019832.11,1092995.0,0,1183514,1101036,1164776,0.0,0.0,0.0,29.4496,100.0,4.5423,3.0,32,5375858
glove25-25-angular,euclidean,mod-vamana,0.9,1.0,32,64,1399,25,1,1399,1183514,1183514,edge_to_coverage,,3,,,,,,,,1086951.706,1121758.0,4230,1183514,1089995,1163590,0.0,0.0,0.0,29.4496,100.0,4.5423,3.0,32,5375858
glove25-25-angular,euclidean,mod-vamana,0.9,1.0,32,64,1399,25,1,1399,1183514,1183514,edge_to_coverage,,4,,,,,,,,1114749.707,1133602.0,38069,1183514,1080057,1162356,0.0,0.0,0.0,29.4496,100.0,4.5423,3.0,32,5375858
glove25-25-angular,euclidean,mod-vamana,0.9,1.0,32,64,1399,25,1,1399,1183514,1183514,edge_to_coverage,,5,,,,,,,,1127729.015,1139523.0,60910,1183514,1070758,1161143,0.0,0.0,0.0,29.4496,100.0,4.5423,3.0,32,5375858
glove25-25-angular,euclidean,mod-vamana,0.9,1.0,32,64,1399,25,1,1399,1183514,1183514,edge_to_coverage,,6,,,,,,,,1134310.374,1143753.0,183576,1183514,1061924,1159938,0.0,0.0,0.0,29.4496,100.0,4.5423,3.0,32,5375858
glove25-25-angular,euclidean,mod-vamana,0.9,1.0,32,64,1399,25,1,1399,1183514,1183514,edge_to_coverage,,7,,,,,,,,1137866.462,1146291.0,221645,1183514,1053902,1158764,0.0,0.0,0.0,29.4496,100.0,4.5423,3.0,32,5375858
glove25-25-angular,euclidean,mod-vamana,0.9,1.0,32,64,1399,25,1,1399,1183514,1183514,edge_to_coverage,,8,,,,,,,,1139900.457,1147983.0,221645,1183514,1046551,1157685,0.0,0.0,0.0,29.4496,100.0,4.5423,3.0,32,5375858
glove25-25-angular,euclidean,mod-vamana,0.9,1.0,32,64,1399,25,1,1399,1183514,1183514,edge_to_coverage,,9,,,,,,,,1141103.874,1148829.0,348540,1183514,1039839,1156700,0.0,0.0,0.0,29.4496,100.0,4.5423,3.0,32,5375858
glove25-25-angular,euclidean,mod-vamana,0.9,1.0,32,64,1399,25,1,1399,1183514,1183514,edge_to_coverage,,10,,,,,,,,1141848.929,1149675.0,348540,1183514,1034097,1155742,0.0,0.0,0.0,29.4496,100.0,4.5423,3.0,32,5375858
glove25-25-angular,euclidean,mod-vamana,0.9,1.0,32,64,1399,25,1,1399,1183514,1183514,edge_to_coverage,,11,,,,,,,,1142316.863,1150521.0,348540,1183514,1028921,1154810,0.0,0.0,0.0,29.4496,100.0,4.5423,3.0,32,5375858
glove25-25-angular,euclidean,mod-vamana,0.9,1.0,32,64,1399,25,1,1399,1183514,1183514,edge_to_coverage,,12,,,,,,,,1142618.385,1150521.0,348540,1183514,1024365,1154010,0.0,0.0,0.0,29.4496,100.0,4.5423,3.0,32,5375858
glove25-25-angular,euclidean,mod-vamana,0.9,1.0,32,64,1399,25,1,1399,1183514,1183514,edge_to_coverage,,13,,,,,,,,1142822.155,1150521.0,348540,1183514,1020479,1153184,0.0,0.0,0.0,29.4496,100.0,4.5423,3.0,32,5375858
glove25-25-angular,euclidean,mod-vamana,0.9,1.0,32,64,1399,25,1,1399,1183514,1183514,edge_to_coverage,,14,,,,,,,,1142957.47,1151367.0,348540,1183514,1017332,1152460,0.0,0.0,0.0,29.4496,100.0,4.5423,3.0,32,5375858
glove25-25-angular,euclidean,mod-vamana,0.9,1.0,32,64,1399,25,1,1399,1183514,1183514,edge_to_coverage,,15,,,,,,,,1143050.659,1151367.0,348540,1183514,1014646,1151753,0.0,0.0,0.0,29.4496,100.0,4.5423,3.0,32,5375858
glove25-25-angular,euclidean,mod-vamana,0.9,1.0,32,64,1399,25,1,1399,1183514,1183514,edge_to_coverage,,16,,,,,,,,1143116.451,1151367.0,348540,1183514,1012363,1151138,0.0,0.0,0.0,29.4496,100.0,4.5423,3.0,32,5375858
glove25-25-angular,euclidean,mod-vamana,0.9,1.0,32,64,1399,25,1,1399,1183514,1183514,edge_to_coverage,,17,,,,,,,,1143162.983,1151367.0,348540,1183514,1010523,1150498,0.0,0.0,0.0,29.4496,100.0,4.5423,3.0,32,5375858
glove25-25-angular,euclidean,mod-vamana,0.9,1.0,32,64,1399,25,1,1399,1183514,1183514,edge_to_coverage,,18,,,,,,,,1143195.197,1151367.0,348540,1183514,1009001,1149928,0.0,0.0,0.0,29.4496,100.0,4.5423,3.0,32,5375858
glove25-25-angular,euclidean,mod-vamana,0.9,1.0,32,64,1399,25,1,1399,1183514,1183514,edge_to_coverage,,19,,,,,,,,1143218.378,1151367.0,348540,1183514,1007892,1149447,0.0,0.0,0.0,29.4496,100.0,4.5423,3.0,32,5375858
glove25-25-angular,euclidean,mod-vamana,0.9,1.0,32,64,1399,25,1,1399,1183514,1183514,edge_to_coverage,,20,,,,,,,,1143235.165,1151367.0,348540,1183514,1006986,1149033,0.0,0.0,0.0,29.4496,100.0,4.5423,3.0,32,5375858
glove25-25-angular,euclidean,mod-vamana,0.9,1.0,32,64,1399,25,1,1399,1183514,1183514,edge_to_coverage,,21,,,,,,,,1143247.335,1151367.0,348540,1183514,1006323,1148663,0.0,0.0,0.0,29.4496,100.0,4.5423,3.0,32,5375858
glove25-25-angular,euclidean,mod-vamana,0.9,1.0,32,64,1399,25,1,1399,1183514,1183514,edge_to_coverage,,22,,,,,,,,1143256.496,1151367.0,348540,1183514,1005821,1148348,0.0,0.0,0.0,29.4496,100.0,4.5423,3.0,32,5375858
glove25-25-angular,euclidean,mod-vamana,0.9,1.0,32,64,1399,25,1,1399,1183514,1183514,edge_to_coverage,,23,,,,,,,,1143262.752,1151367.0,348540,1183514,1005418,1148059,0.0,0.0,0.0,29.4496,100.0,4.5423,3.0,32,5375858
glove25-25-angular,euclidean,mod-vamana,0.9,1.0,32,64,1399,25,1,1399,1183514,1183514,edge_to_coverage,,24,,,,,,,,1143267.065,1151367.0,348540,1183514,1005113,1147816,0.0,0.0,0.0,29.4496,100.0,4.5423,3.0,32,5375858
glove25-25-angular,euclidean,mod-vamana,0.9,1.0,32,64,1399,25,1,1399,1183514,1183514,edge_to_coverage,,25,,,,,,,,1143270.374,1151367.0,348540,1183514,1004914,1147620,0.0,0.0,0.0,29.4496,100.0,4.5423,3.0,32,5375858
glove25-25-angular,euclidean,mod-vamana,0.9,1.0,32,64,1399,25,1,1399,1183514,1183514,edge_to_coverage,,26,,,,,,,,1143272.803,1151367.0,348540,1183514,1004756,1147444,0.0,0.0,0.0,29.4496,100.0,4.5423,3.0,32,5375858
glove25-25-angular,euclidean,mod-vamana,0.9,1.0,32,64,1399,25,1,1399,1183514,1183514,edge_to_coverage,,27,,,,,,,,1143274.183,1151367.0,348540,1183514,1004663,1147317,0.0,0.0,0.0,29.4496,100.0,4.5423,3.0,32,5375858
glove25-25-angular,euclidean,mod-vamana,0.9,1.0,32,64,1399,25,1,1399,1183514,1183514,edge_to_coverage,,28,,,,,,,,1143275.256,1151367.0,348540,1183514,1004596,1147226,0.0,0.0,0.0,29.4496,100.0,4.5423,3.0,32,5375858
glove25-25-angular,euclidean,mod-vamana,0.9,1.0,32,64,1399,25,1,1399,1183514,1183514,edge_to_coverage,,29,,,,,,,,1143275.859,1151367.0,348540,1183514,1004546,1147151,0.0,0.0,0.0,29.4496,100.0,4.5423,3.0,32,5375858
glove25-25-angular,euclidean,mod-vamana,0.9,1.0,32,64,1399,25,1,1399,1183514,1183514,edge_to_coverage,,30,,,,,,,,1143276.241,1151367.0,348540,1183514,1004519,1147098,0.0,0.0,0.0,29.4496,100.0,4.5423,3.0,32,5375858
glove25-25-angular,euclidean,mod-vamana,0.9,1.0,32,64,1399,25,1,1399,1183514,1183514,edge_to_coverage,,31,,,,,,,,1143276.379,1151367.0,348540,1183514,1004509,1147075,0.0,0.0,0.0,29.4496,100.0,4.5423,3.0,32,5375858
glove25-25-angular,euclidean,mod-vamana,0.9,1.0,32,64,1399,25,1,1399,1183514,1183514,edge_to_coverage,,32,,,,,,,,1143276.44,1151367.0,348540,1183514,1004508,1147061,0.0,0.0,0.0,29.4496,100.0,4.5423,3.0,32,5375858
glove25-25-angular,euclidean,mod-vamana,0.91,1.0,32,64,1399,25,1,1399,1183514,1183514,coverage_to_degree,90.0,,2.538,2.0,1,28,2.0,1,87,,,,,,,0.0,0.0,0.0,38.2416,100.0,4.7252,3.0,32,5592330
glove25-25-angular,euclidean,mod-vamana,0.91,1.0,32,64,1399,25,1,1399,1183514,1183514,coverage_to_degree,90.5,,2.587,2.0,1,28,3.0,1,97,,,,,,,0.0,0.0,0.0,38.2416,100.0,4.7252,3.0,32,5592330
glove25-25-angular,euclidean,mod-vamana,0.91,1.0,32,64,1399,25,1,1399,1183514,1183514,coverage_to_degree,91.0,,2.638,2.0,1,28,3.0,1,103,,,,,,,0.0,0.0,0.0,38.2416,100.0,4.7252,3.0,32,5592330
glove25-25-angular,euclidean,mod-vamana,0.91,1.0,32,64,1399,25,1,1399,1183514,1183514,coverage_to_degree,91.5,,2.689,2.0,1,28,3.0,1,107,,,,,,,0.0,0.0,0.0,38.2416,100.0,4.7252,3.0,32,5592330
glove25-25-angular,euclidean,mod-vamana,0.91,1.0,32,64,1399,25,1,1399,1183514,1183514,coverage_to_degree,92.0,,2.74,2.0,1,28,3.0,1,115,,,,,,,0.0,0.0,0.0,38.2416,100.0,4.7252,3.0,32,5592330
glove25-25-angular,euclidean,mod-vamana,0.91,1.0,32,64,1399,25,1,1399,1183514,1183514,coverage_to_degree,92.5,,2.793,2.0,1,28,3.0,1,123,,,,,,,0.0,0.0,0.0,38.2416,100.0,4.7252,3.0,32,5592330
glove25-25-angular,euclidean,mod-vamana,0.91,1.0,32,64,1399,25,1,1399,1183514,1183514,coverage_to_degree,93.0,,2.849,2.0,1,28,3.0,1,129,,,,,,,0.0,0.0,0.0,38.2416,100.0,4.7252,3.0,32,5592330
glove25-25-angular,euclidean,mod-vamana,0.91,1.0,32,64,1399,25,1,1399,1183514,1183514,coverage_to_degree,93.5,,2.908,2.0,1,28,3.0,1,135,,,,,,,0.0,0.0,0.0,38.2416,100.0,4.7252,3.0,32,5592330
glove25-25-angular,euclidean,mod-vamana,0.91,1.0,32,64,1399,25,1,1399,1183514,1183514,coverage_to_degree,94.0,,2.972,2.0,1,28,3.0,1,143,,,,,,,0.0,0.0,0.0,38.2416,100.0,4.7252,3.0,32,5592330
glove25-25-angular,euclidean,mod-vamana,0.91,1.0,32,64,1399,25,1,1399,1183514,1183514,coverage_to_degree,94.5,,3.041,2.0,1,30,3.0,1,152,,,,,,,0.0,0.0,0.0,38.2416,100.0,4.7252,3.0,32,5592330
glove25-25-angular,euclidean,mod-vamana,0.91,1.0,32,64,1399,25,1,1399,1183514,1183514,coverage_to_degree,95.0,,3.115,3.0,1,32,3.0,1,158,,,,,,,0.0,0.0,0.0,38.2416,100.0,4.7252,3.0,32,5592330
glove25-25-angular,euclidean,mod-vamana,0.91,1.0,32,64,1399,25,1,1399,1183514,1183514,coverage_to_degree,95.5,,3.196,3.0,1,32,3.0,1,162,,,,,,,0.0,0.0,0.0,38.2416,100.0,4.7252,3.0,32,5592330
glove25-25-angular,euclidean,mod-vamana,0.91,1.0,32,64,1399,25,1,1399,1183514,1183514,coverage_to_degree,96.0,,3.286,3.0,1,32,3.0,1,168,,,,,,,0.0,0.0,0.0,38.2416,100.0,4.7252,3.0,32,5592330
glove25-25-angular,euclidean,mod-vamana,0.91,1.0,32,64,1399,25,1,1399,1183514,1183514,coverage_to_degree,96.5,,3.384,3.0,1,32,3.0,1,177,,,,,,,0.0,0.0,0.0,38.2416,100.0,4.7252,3.0,32,5592330
glove25-25-angular,euclidean,mod-vamana,0.91,1.0,32,64,1399,25,1,1399,1183514,1183514,coverage_to_degree,97.0,,3.494,3.0,1,32,3.0,1,186,,,,,,,0.0,0.0,0.0,38.2416,100.0,4.7252,3.0,32,5592330
glove25-25-angular,euclidean,mod-vamana,0.91,1.0,32,64,1399,25,1,1399,1183514,1183514,coverage_to_degree,97.5,,3.616,3.0,1,32,3.0,1,192,,,,,,,0.0,0.0,0.0,38.2416,100.0,4.7252,3.0,32,5592330
glove25-25-angular,euclidean,mod-vamana,0.91,1.0,32,64,1399,25,1,1399,1183514,1183514,coverage_to_degree,98.0,,3.755,3.0,1,32,3.0,1,204,,,,,,,0.0,0.0,0.0,38.2416,100.0,4.7252,3.0,32,5592330
glove25-25-angular,euclidean,mod-vamana,0.91,1.0,32,64,1399,25,1,1399,1183514,1183514,coverage_to_degree,98.5,,3.918,3.0,1,32,3.0,1,213,,,,,,,0.0,0.0,0.0,38.2416,100.0,4.7252,3.0,32,5592330
glove25-25-angular,euclidean,mod-vamana,0.91,1.0,32,64,1399,25,1,1399,1183514,1183514,coverage_to_degree,99.0,,4.112,3.0,1,32,3.0,1,228,,,,,,,0.0,0.0,0.0,38.2416,100.0,4.7252,3.0,32,5592330
glove25-25-angular,euclidean,mod-vamana,0.91,1.0,32,64,1399,25,1,1399,1183514,1183514,coverage_to_degree,99.5,,4.361,3.0,1,32,3.0,1,246,,,,,,,0.0,0.0,0.0,38.2416,100.0,4.7252,3.0,32,5592330
glove25-25-angular,euclidean,mod-vamana,0.91,1.0,32,64,1399,25,1,1399,1183514,1183514,coverage_to_degree,100.0,,4.665,3.0,1,32,3.0,1,264,,,,,,,0.0,0.0,0.0,38.2416,100.0,4.7252,3.0,32,5592330
glove25-25-angular,euclidean,mod-vamana,0.91,1.0,32,64,1399,25,1,1399,1183514,1183514,edge_to_coverage,,1,,,,,,,,825947.712,923801.0,0,1183514,1117075,1166896,0.0,0.0,0.0,38.2416,100.0,4.7252,3.0,32,5592330
glove25-25-angular,euclidean,mod-vamana,0.91,1.0,32,64,1399,25,1,1399,1183514,1183514,edge_to_coverage,,2,,,,,,,,1020511.05,1096379.0,0,1183514,1100315,1164566,0.0,0.0,0.0,38.2416,100.0,4.7252,3.0,32,5592330
glove25-25-angular,euclidean,mod-vamana,0.91,1.0,32,64,1399,25,1,1399,1183514,1183514,edge_to_coverage,,3,,,,,,,,1088577.312,1125142.0,8460,1183514,1088476,1163293,0.0,0.0,0.0,38.2416,100.0,4.7252,3.0,32,5592330
glove25-25-angular,euclidean,mod-vamana,0.91,1.0,32,64,1399,25,1,1399,1183514,1183514,edge_to_coverage,,4,,,,,,,,1117136.751,1136140.0,8460,1183514,1077624,1162003,0.0,0.0,0.0,38.2416,100.0,4.7252,3.0,32,5592330
glove25-25-angular,euclidean,mod-vamana,0.91,1.0,32,64,1399,25,1,1399,1183514,1183514,edge_to_coverage,,5,,,,,,,,1130572.862,1142061.0,49912,1183514,1067451,1160628,0.0,0.0,0.0,38.2416,100.0,4.7252,3.0,32,5592330
glove25-25-angular,euclidean,mod-vamana,0.91,1.0,32,64,1399,25,1,1399,1183514,1183514,edge_to_coverage,,6,,,,,,,,1137404.367,1146291.0,67678,1183514,1057749,1159389,0.0,0.0,0.0,38.2416,100.0,4.7252,3.0,32,5592330
glove25-25-angular,euclidean,mod-vamana,0.91,1.0,32,64,1399,25,1,1399,1183514,1183514,edge_to_coverage,,7,,,,,,,,1141135.902,1148829.0,68524,1183514,1048882,1158157,0.0,0.0,0.0,38.2416,100.0,4.7252,3.0,32,5592330
glove25-25-angular,euclidean,mod-vamana,0.91,1.0,32,64,1399,25,1,1399,1183514,1183514,edge_to_coverage,,8,,,,,,,,1143289.034,1150521.0,164964,1183514,1040674,1156968,0.0,0.0,0.0,38.2416,100.0,4.7252,3.0,32,5592330
glove25-25-angular,euclidean,mod-vamana,0.91,1.0,32,64,1399,25,1,1399,1183514,1183514,edge_to_coverage,,9,,,,,,,,1144565.78,1151367.0,280017,1183514,1033202,1155843,0.0,0.0,0.0,38.2416,100.0,4.7252,3.0,32,5592330
glove25-25-angular,euclidean,mod-vamana,0.91,1.0,32,64,1399,25,1,1399,1183514,1183514,edge_to_coverage,,10,,,,,,,,1145354.762,1152213.0,356154,1183514,1026743,1154758,0.0,0.0,0.0,38.2416,100.0,4.7252,3.0,32,5592330
glove25-25-angular,euclidean,mod-vamana,0.91,1.0,32,64,1399,25,1,1399,1183514,1183514,edge_to_coverage,,11,,,,,,,,1145852.421,1153059.0,452595,1183514,1021013,1153770,0.0,0.0,0.0,38.2416,100.0,4.7252,3.0,32,5592330
glove25-25-angular,euclidean,mod-vamana,0.91,1.0,32,64,1399,25,1,1399,1183514,1183514,edge_to_coverage,,12,,,,,,,,1146176.535,1153059.0,452595,1183514,1015974,1152822,0.0,0.0,0.0,38.2416,100.0,4.7252,3.0,32,5592330
glove25-25-angular,euclidean,mod-vamana,0.91,1.0,32,64,1399,25,1,1399,1183514,1183514,edge_to_coverage,,13,,,,,,,,1146396.565,1153905.0,452595,1183514,1011684,1151892,0.0,0.0,0.0,38.2416,100.0,4.7252,3.0,32,5592330
glove25-25-angular,euclidean,mod-vamana,0.91,1.0,32,64,1399,25,1,1399,1183514,1183514,edge_to_coverage,,14,,,,,,,,1146545.306,1153905.0,452595,1183514,1008110,1151066,0.0,0.0,0.0,38.2416,100.0,4.7252,3.0,32,5592330
glove25-25-angular,euclidean,mod-vamana,0.91,1.0,32,64,1399,25,1,1399,1183514,1183514,edge_to_coverage,,15,,,,,,,,1146648.203,1153905.0,452595,1183514,1005102,1150329,0.0,0.0,0.0,38.2416,100.0,4.7252,3.0,32,5592330
glove25-25-angular,euclidean,mod-vamana,0.91,1.0,32,64,1399,25,1,1399,1183514,1183514,edge_to_coverage,,16,,,,,,,,1146719.741,1153905.0,452595,1183514,1002601,1149627,0.0,0.0,0.0,38.2416,100.0,4.7252,3.0,32,5592330
glove25-25-angular,euclidean,mod-vamana,0.91,1.0,32,64,1399,25,1,1399,1183514,1183514,edge_to_coverage,,17,,,,,,,,1146770.863,1153905.0,452595,1183514,1000556,1148962,0.0,0.0,0.0,38.2416,100.0,4.7252,3.0,32,5592330
glove25-25-angular,euclidean,mod-vamana,0.91,1.0,32,64,1399,25,1,1399,1183514,1183514,edge_to_coverage,,18,,,,,,,,1146806.623,1153905.0,452595,1183514,998897,1148316,0.0,0.0,0.0,38.2416,100.0,4.7252,3.0,32,5592330
glove25-25-angular,euclidean,mod-vamana,0.91,1.0,32,64,1399,25,1,1399,1183514,1183514,edge_to_coverage,,19,,,,,,,,1146832.449,1153905.0,452595,1183514,997637,1147794,0.0,0.0,0.0,38.2416,100.0,4.7252,3.0,32,5592330
glove25-25-angular,euclidean,mod-vamana,0.91,1.0,32,64,1399,25,1,1399,1183514,1183514,edge_to_coverage,,20,,,,,,,,1146850.616,1153905.0,452595,1183514,996671,1147352,0.0,0.0,0.0,38.2416,100.0,4.7252,3.0,32,5592330
glove25-25-angular,euclidean,mod-vamana,0.91,1.0,32,64,1399,25,1,1399,1183514,1183514,edge_to_coverage,,21,,,,,,,,1146864.393,1153905.0,452595,1183514,995853,1146928,0.0,0.0,0.0,38.2416,100.0,4.7252,3.0,32,5592330
glove25-25-angular,euclidean,mod-vamana,0.91,1.0,32,64,1399,25,1,1399,1183514,1183514,edge_to_coverage,,22,,,,,,,,1146874.084,1153905.0,452595,1183514,995202,1146577,0.0,0.0,0.0,38.2416,100.0,4.7252,3.0,32,5592330
glove25-25-angular,euclidean,mod-vamana,0.91,1.0,32,64,1399,25,1,1399,1183514,1183514,edge_to_coverage,,23,,,,,,,,1146881.127,1153905.0,452595,1183514,994741,1146261,0.0,0.0,0.0,38.2416,100.0,4.7252,3.0,32,5592330
glove25-25-angular,euclidean,mod-vamana,0.91,1.0,32,64,1399,25,1,1399,1183514,1183514,edge_to_coverage,,24,,,,,,,,1146886.151,1153905.0,452595,1183514,994403,1145984,0.0,0.0,0.0,38.2416,100.0,4.7252,3.0,32,5592330
glove25-25-angular,euclidean,mod-vamana,0.91,1.0,32,64,1399,25,1,1399,1183514,1183514,edge_to_coverage,,25,,,,,,,,1146889.638,1153905.0,452595,1183514,994180,1145747,0.0,0.0,0.0,38.2416,100.0,4.7252,3.0,32,5592330
glove25-25-angular,euclidean,mod-vamana,0.91,1.0,32,64,1399,25,1,1399,1183514,1183514,edge_to_coverage,,26,,,,,,,,1146892.05,1153905.0,452595,1183514,993997,1145572,0.0,0.0,0.0,38.2416,100.0,4.7252,3.0,32,5592330
glove25-25-angular,euclidean,mod-vamana,0.91,1.0,32,64,1399,25,1,1399,1183514,1183514,edge_to_coverage,,27,,,,,,,,1146893.841,1153905.0,452595,1183514,993893,1145422,0.0,0.0,0.0,38.2416,100.0,4.7252,3.0,32,5592330
glove25-25-angular,euclidean,mod-vamana,0.91,1.0,32,64,1399,25,1,1399,1183514,1183514,edge_to_coverage,,28,,,,,,,,1146895.042,1153905.0,452595,1183514,993819,1145304,0.0,0.0,0.0,38.2416,100.0,4.7252,3.0,32,5592330
glove25-25-angular,euclidean,mod-vamana,0.91,1.0,32,64,1399,25,1,1399,1183514,1183514,edge_to_coverage,,29,,,,,,,,1146895.774,1153905.0,452595,1183514,993755,1145214,0.0,0.0,0.0,38.2416,100.0,4.7252,3.0,32,5592330
glove25-25-angular,euclidean,mod-vamana,0.91,1.0,32,64,1399,25,1,1399,1183514,1183514,edge_to_coverage,,30,,,,,,,,1146896.151,1153905.0,452595,1183514,993729,1145164,0.0,0.0,0.0,38.2416,100.0,4.7252,3.0,32,5592330
glove25-25-angular,euclidean,mod-vamana,0.91,1.0,32,64,1399,25,1,1399,1183514,1183514,edge_to_coverage,,31,,,,,,,,1146896.431,1153905.0,452595,1183514,993711,1145133,0.0,0.0,0.0,38.2416,100.0,4.7252,3.0,32,5592330
glove25-25-angular,euclidean,mod-vamana,0.91,1.0,32,64,1399,25,1,1399,1183514,1183514,edge_to_coverage,,32,,,,,,,,1146896.528,1153905.0,452595,1183514,993710,1145121,0.0,0.0,0.0,38.2416,100.0,4.7252,3.0,32,5592330
glove25-25-angular,euclidean,mod-vamana,0.92,1.0,32,64,1399,25,1,1399,1183514,1183514,coverage_to_degree,90.0,,2.543,2.0,1,28,3.0,1,82,,,,,,,0.0,0.0,0.0,29.4496,100.0,4.937,3.0,32,5842952
glove25-25-angular,euclidean,mod-vamana,0.92,1.0,32,64,1399,25,1,1399,1183514,1183514,coverage_to_degree,90.5,,2.596,2.0,1,28,3.0,1,90,,,,,,,0.0,0.0,0.0,29.4496,100.0,4.937,3.0,32,5842952
glove25-25-angular,euclidean,mod-vamana,0.92,1.0,32,64,1399,25,1,1399,1183514,1183514,coverage_to_degree,91.0,,2.651,2.0,1,28,3.0,1,95,,,,,,,0.0,0.0,0.0,29.4496,100.0,4.937,3.0,32,5842952
glove25-25-angular,euclidean,mod-vamana,0.92,1.0,32,64,1399,25,1,1399,1183514,1183514,coverage_to_degree,91.5,,2.709,2.0,1,28,3.0,1,102,,,,,,,0.0,0.0,0.0,29.4496,100.0,4.937,3.0,32,5842952
glove25-25-angular,euclidean,mod-vamana,0.92,1.0,32,64,1399,25,1,1399,1183514,1183514,coverage_to_degree,92.0,,2.768,2.0,1,28,3.0,1,112,,,,,,,0.0,0.0,0.0,29.4496,100.0,4.937,3.0,32,5842952
glove25-25-angular,euclidean,mod-vamana,0.92,1.0,32,64,1399,25,1,1399,1183514,1183514,coverage_to_degree,92.5,,2.827,2.0,1,28,3.0,1,121,,,,,,,0.0,0.0,0.0,29.4496,100.0,4.937,3.0,32,5842952
glove25-25-angular,euclidean,mod-vamana,0.92,1.0,32,64,1399,25,1,1399,1183514,1183514,coverage_to_degree,93.0,,2.889,2.0,1,31,3.0,1,125,,,,,,,0.0,0.0,0.0,29.4496,100.0,4.937,3.0,32,5842952
glove25-25-angular,euclidean,mod-vamana,0.92,1.0,32,64,1399,25,1,1399,1183514,1183514,coverage_to_degree,93.5,,2.953,2.0,1,31,3.0,1,134,,,,,,,0.0,0.0,0.0,29.4496,100.0,4.937,3.0,32,5842952
glove25-25-angular,euclidean,mod-vamana,0.92,1.0,32,64,1399,25,1,1399,1183514,1183514,coverage_to_degree,94.0,,3.021,2.0,1,31,3.0,1,143,,,,,,,0.0,0.0,0.0,29.4496,100.0,4.937,3.0,32,5842952
glove25-25-angular,euclidean,mod-vamana,0.92,1.0,32,64,1399,25,1,1399,1183514,1183514,coverage_to_degree,94.5,,3.094,3.0,1,31,3.0,1,151,,,,,,,0.0,0.0,0.0,29.4496,100.0,4.937,3.0,32,5842952
glove25-25-angular,euclidean,mod-vamana,0.92,1.0,32,64,1399,25,1,1399,1183514,1183514,coverage_to_degree,95.0,,3.173,3.0,1,31,3.0,1,156,,,,,,,0.0,0.0,0.0,29.4496,100.0,4.937,3.0,32,5842952
glove25-25-angular,euclidean,mod-vamana,0.92,1.0,32,64,1399,25,1,1399,1183514,1183514,coverage_to_degree,95.5,,3.26,3.0,1,31,3.0,1,162,,,,,,,0.0,0.0,0.0,29.4496,100.0,4.937,3.0,32,5842952
glove25-25-angular,euclidean,mod-vamana,0.92,1.0,32,64,1399,25,1,1399,1183514,1183514,coverage_to_degree,96.0,,3.355,3.0,1,32,3.0,1,166,,,,,,,0.0,0.0,0.0,29.4496,100.0,4.937,3.0,32,5842952
glove25-25-angular,euclidean,mod-vamana,0.92,1.0,32,64,1399,25,1,1399,1183514,1183514,coverage_to_degree,96.5,,3.461,3.0,1,32,3.0,1,169,,,,,,,0.0,0.0,0.0,29.4496,100.0,4.937,3.0,32,5842952
glove25-25-angular,euclidean,mod-vamana,0.92,1.0,32,64,1399,25,1,1399,1183514,1183514,coverage_to_degree,97.0,,3.579,3.0,1,32,3.0,1,177,,,,,,,0.0,0.0,0.0,29.4496,100.0,4.937,3.0,32,5842952
glove25-25-angular,euclidean,mod-vamana,0.92,1.0,32,64,1399,25,1,1399,1183514,1183514,coverage_to_degree,97.5,,3.712,3.0,1,32,3.0,1,191,,,,,,,0.0,0.0,0.0,29.4496,100.0,4.937,3.0,32,5842952
glove25-25-angular,euclidean,mod-vamana,0.92,1.0,32,64,1399,25,1,1399,1183514,1183514,coverage_to_degree,98.0,,3.864,3.0,1,32,3.0,1,200,,,,,,,0.0,0.0,0.0,29.4496,100.0,4.937,3.0,32,5842952
glove25-25-angular,euclidean,mod-vamana,0.92,1.0,32,64,1399,25,1,1399,1183514,1183514,coverage_to_degree,98.5,,4.041,3.0,1,32,3.0,1,211,,,,,,,0.0,0.0,0.0,29.4496,100.0,4.937,3.0,32,5842952
glove25-25-angular,euclidean,mod-vamana,0.92,1.0,32,64,1399,25,1,1399,1183514,1183514,coverage_to_degree,99.0,,4.254,3.0,1,32,3.0,1,226,,,,,,,0.0,0.0,0.0,29.4496,100.0,4.937,3.0,32,5842952
glove25-25-angular,euclidean,mod-vamana,0.92,1.0,32,64,1399,25,1,1399,1183514,1183514,coverage_to_degree,99.5,,4.53,3.0,1,32,3.0,1,248,,,,,,,0.0,0.0,0.0,29.4496,100.0,4.937,3.0,32,5842952
glove25-25-angular,euclidean,mod-vamana,0.92,1.0,32,64,1399,25,1,1399,1183514,1183514,coverage_to_degree,100.0,,4.869,3.0,1,32,3.0,1,266,,,,,,,0.0,0.0,0.0,29.4496,100.0,4.937,3.0,32,5842952
glove25-25-angular,euclidean,mod-vamana,0.92,1.0,32,64,1399,25,1,1399,1183514,1183514,edge_to_coverage,,1,,,,,,,,825096.928,922109.0,0,1183514,1117214,1166935,0.0,0.0,0.0,29.4496,100.0,4.937,3.0,32,5842952
glove25-25-angular,euclidean,mod-vamana,0.92,1.0,32,64,1399,25,1,1399,1183514,1183514,edge_to_coverage,,2,,,,,,,,1021100.844,1098917.0,0,1183514,1099343,1164530,0.0,0.0,0.0,29.4496,100.0,4.937,3.0,32,5842952
glove25-25-angular,euclidean,mod-vamana,0.92,1.0,32,64,1399,25,1,1399,1183514,1183514,edge_to_coverage,,3,,,,,,,,1090296.916,1127680.0,4230,1183514,1086679,1163204,0.0,0.0,0.0,29.4496,100.0,4.937,3.0,32,5842952
glove25-25-angular,euclidean,mod-vamana,0.92,1.0,32,64,1399,25,1,1399,1183514,1183514,edge_to_coverage,,4,,,,,,,,1119451.32,1139523.0,29609,1183514,1074903,1161838,0.0,0.0,0.0,29.4496,100.0,4.937,3.0,32,5842952
glove25-25-angular,euclidean,mod-vamana,0.92,1.0,32,64,1399,25,1,1399,1183514,1183514,edge_to_coverage,,5,,,,,,,,1133388.638,1145445.0,60910,1183514,1063702,1160360,0.0,0.0,0.0,29.4496,100.0,4.937,3.0,32,5842952
glove25-25-angular,euclidean,mod-vamana,0.92,1.0,32,64,1399,25,1,1399,1183514,1183514,edge_to_coverage,,6,,,,,,,,1140506.452,1148829.0,90519,1183514,1053054,1158970,0.0,0.0,0.0,29.4496,100.0,4.937,3.0,32,5842952
glove25-25-angular,euclidean,mod-vamana,0.92,1.0,32,64,1399,25,1,1399,1183514,1183514,edge_to_coverage,,7,,,,,,,,1144429.223,1151367.0,221645,1183514,1043049,1157578,0.0,0.0,0.0,29.4496,100.0,4.937,3.0,32,5842952
glove25-25-angular,euclidean,mod-vamana,0.92,1.0,32,64,1399,25,1,1399,1183514,1183514,edge_to_coverage,,8,,,,,,,,1146703.175,1153059.0,221645,1183514,1033834,1156316,0.0,0.0,0.0,29.4496,100.0,4.937,3.0,32,5842952
glove25-25-angular,euclidean,mod-vamana,0.92,1.0,32,64,1399,25,1,1399,1183514,1183514,edge_to_coverage,,9,,,,,,,,1148051.872,1154751.0,348540,1183514,1025539,1155022,0.0,0.0,0.0,29.4496,100.0,4.937,3.0,32,5842952
glove25-25-angular,euclidean,mod-vamana,0.92,1.0,32,64,1399,25,1,1399,1183514,1183514,edge_to_coverage,,10,,,,,,,,1148898.246,1154751.0,348540,1183514,1018327,1153839,0.0,0.0,0.0,29.4496,100.0,4.937,3.0,32,5842952
glove25-25-angular,euclidean,mod-vamana,0.92,1.0,32,64,1399,25,1,1399,1183514,1183514,edge_to_coverage,,11,,,,,,,,1149439.513,1155597.0,348540,1183514,1011948,1152725,0.0,0.0,0.0,29.4496,100.0,4.937,3.0,32,5842952
glove25-25-angular,euclidean,mod-vamana,0.92,1.0,32,64,1399,25,1,1399,1183514,1183514,edge_to_coverage,,12,,,,,,,,1149782.911,1156443.0,348540,1183514,1006343,1151682,0.0,0.0,0.0,29.4496,100.0,4.937,3.0,32,5842952
glove25-25-angular,euclidean,mod-vamana,0.92,1.0,32,64,1399,25,1,1399,1183514,1183514,edge_to_coverage,,13,,,,,,,,1150020.109,1156443.0,348540,1183514,1001474,1150645,0.0,0.0,0.0,29.4496,100.0,4.937,3.0,32,5842952
glove25-25-angular,euclidean,mod-vamana,0.92,1.0,32,64,1399,25,1,1399,1183514,1183514,edge_to_coverage,,14,,,,,,,,1150183.171,1156443.0,348540,1183514,997398,1149723,0.0,0.0,0.0,29.4496,100.0,4.937,3.0,32,5842952
glove25-25-angular,euclidean,mod-vamana,0.92,1.0,32,64,1399,25,1,1399,1183514,1183514,edge_to_coverage,,15,,,,,,,,1150294.49,1156443.0,348540,1183514,994004,1148896,0.0,0.0,0.0,29.4496,100.0,4.937,3.0,32,5842952
glove25-25-angular,euclidean,mod-vamana,0.92,1.0,32,64,1399,25,1,1399,1183514,1183514,edge_to_coverage,,16,,,,,,,,1150372.844,1156443.0,348540,1183514,991137,1148081,0.0,0.0,0.0,29.4496,100.0,4.937,3.0,32,5842952
glove25-25-angular,euclidean,mod-vamana,0.92,1.0,32,64,1399,25,1,1399,1183514,1183514,edge_to_coverage,,17,,,,,,,,1150428.588,1157289.0,348540,1183514,988858,1147329,0.0,0.0,0.0,29.4496,100.0,4.937,3.0,32,5842952
glove25-25-angular,euclidean,mod-vamana,0.92,1.0,32,64,1399,25,1,1399,1183514,1183514,edge_to_coverage,,18,,,,,,,,1150467.168,1157289.0,348540,1183514,986999,1146628,0.0,0.0,0.0,29.4496,100.0,4.937,3.0,32,5842952
glove25-25-angular,euclidean,mod-vamana,0.92,1.0,32,64,1399,25,1,1399,1183514,1183514,edge_to_coverage,,19,,,,,,,,1150495.692,1157289.0,348540,1183514,985506,1146009,0.0,0.0,0.0,29.4496,100.0,4.937,3.0,32,5842952
glove25-25-angular,euclidean,mod-vamana,0.92,1.0,32,64,1399,25,1,1399,1183514,1183514,edge_to_coverage,,20,,,,,,,,1150516.037,1157289.0,348540,1183514,984358,1145474,0.0,0.0,0.0,29.4496,100.0,4.937,3.0,32,5842952
glove25-25-angular,euclidean,mod-vamana,0.92,1.0,32,64,1399,25,1,1399,1183514,1183514,edge_to_coverage,,21,,,,,,,,1150530.713,1157289.0,348540,1183514,983461,1145017,0.0,0.0,0.0,29.4496,100.0,4.937,3.0,32,5842952
glove25-25-angular,euclidean,mod-vamana,0.92,1.0,32,64,1399,25,1,1399,1183514,1183514,edge_to_coverage,,22,,,,,,,,1150541.715,1157289.0,348540,1183514,982800,1144596,0.0,0.0,0.0,29.4496,100.0,4.937,3.0,32,5842952
glove25-25-angular,euclidean,mod-vamana,0.92,1.0,32,64,1399,25,1,1399,1183514,1183514,edge_to_coverage,,23,,,,,,,,1150549.516,1157289.0,348540,1183514,982297,1144234,0.0,0.0,0.0,29.4496,100.0,4.937,3.0,32,5842952
glove25-25-angular,euclidean,mod-vamana,0.92,1.0,32,64,1399,25,1,1399,1183514,1183514,edge_to_coverage,,24,,,,,,,,1150555.031,1157289.0,348540,1183514,981915,1143918,0.0,0.0,0.0,29.4496,100.0,4.937,3.0,32,5842952
glove25-25-angular,euclidean,mod-vamana,0.92,1.0,32,64,1399,25,1,1399,1183514,1183514,edge_to_coverage,,25,,,,,,,,1150559.089,1157289.0,348540,1183514,981647,1143665,0.0,0.0,0.0,29.4496,100.0,4.937,3.0,32,5842952
glove25-25-angular,euclidean,mod-vamana,0.92,1.0,32,64,1399,25,1,1399,1183514,1183514,edge_to_coverage,,26,,,,,,,,1150562.02,1157289.0,348540,1183514,981460,1143436,0.0,0.0,0.0,29.4496,100.0,4.937,3.0,32,5842952
glove25-25-angular,euclidean,mod-vamana,0.92,1.0,32,64,1399,25,1,1399,1183514,1183514,edge_to_coverage,,27,,,,,,,,1150563.966,1157289.0,348540,1183514,981323,1143253,0.0,0.0,0.0,29.4496,100.0,4.937,3.0,32,5842952
glove25-25-angular,euclidean,mod-vamana,0.92,1.0,32,64,1399,25,1,1399,1183514,1183514,edge_to_coverage,,28,,,,,,,,1150565.346,1157289.0,348540,1183514,981229,1143116,0.0,0.0,0.0,29.4496,100.0,4.937,3.0,32,5842952
glove25-25-angular,euclidean,mod-vamana,0.92,1.0,32,64,1399,25,1,1399,1183514,1183514,edge_to_coverage,,29,,,,,,,,1150566.208,1157289.0,348540,1183514,981176,1143027,0.0,0.0,0.0,29.4496,100.0,4.937,3.0,32,5842952
glove25-25-angular,euclidean,mod-vamana,0.92,1.0,32,64,1399,25,1,1399,1183514,1183514,edge_to_coverage,,30,,,,,,,,1150566.655,1157289.0,348540,1183514,981148,1142972,0.0,0.0,0.0,29.4496,100.0,4.937,3.0,32,5842952
glove25-25-angular,euclidean,mod-vamana,0.92,1.0,32,64,1399,25,1,1399,1183514,1183514,edge_to_coverage,,31,,,,,,,,1150566.983,1157289.0,348540,1183514,981126,1142930,0.0,0.0,0.0,29.4496,100.0,4.937,3.0,32,5842952
glove25-25-angular,euclidean,mod-vamana,0.92,1.0,32,64,1399,25,1,1399,1183514,1183514,edge_to_coverage,,32,,,,,,,,1150567.098,1157289.0,348540,1183514,981122,1142904,0.0,0.0,0.0,29.4496,100.0,4.937,3.0,32,5842952
glove25-25-angular,euclidean,mod-vamana,0.93,1.0,32,64,1399,25,1,1399,1183514,1183514,coverage_to_degree,90.0,,2.548,2.0,1,28,3.0,1,80,,,,,,,0.0,0.0,0.0,29.4496,100.0,5.187,4.0,32,6138830
glove25-25-angular,euclidean,mod-vamana,0.93,1.0,32,64,1399,25,1,1399,1183514,1183514,coverage_to_degree,90.5,,2.601,2.0,1,28,3.0,1,82,,,,,,,0.0,0.0,0.0,29.4496,100.0,5.187,4.0,32,6138830
glove25-25-angular,euclidean,mod-vamana,0.93,1.0,32,64,1399,25,1,1399,1183514,1183514,coverage_to_degree,91.0,,2.658,2.0,1,28,3.0,1,83,,,,,,,0.0,0.0,0.0,29.4496,100.0,5.187,4.0,32,6138830
glove25-25-angular,euclidean,mod-vamana,0.93,1.0,32,64,1399,25,1,1399,1183514,1183514,coverage_to_degree,91.5,,2.72,2.0,1,28,3.0,1,86,,,,,,,0.0,0.0,0.0,29.4496,100.0,5.187,4.0,32,6138830
glove25-25-angular,euclidean,mod-vamana,0.93,1.0,32,64,1399,25,1,1399,1183514,1183514,coverage_to_degree,92.0,,2.784,2.0,1,28,3.0,1,94,,,,,,,0.0,0.0,0.0,29.4496,100.0,5.187,4.0,32,6138830
glove25-25-angular,euclidean,mod-vamana,0.93,1.0,32,64,1399,25,1,1399,1183514,1183514,coverage_to_degree,92.5,,2.852,2.0,1,28,3.0,1,103,,,,,,,0.0,0.0,0.0,29.4496,100.0,5.187,4.0,32,6138830
glove25-25-angular,euclidean,mod-vamana,0.93,1.0,32,64,1399,25,1,1399,1183514,1183514,coverage_to_degree,93.0,,2.923,2.0,1,28,3.0,1,111,,,,,,,0.0,0.0,0.0,29.4496,100.0,5.187,4.0,32,6138830
glove25-25-angular,euclidean,mod-vamana,0.93,1.0,32,64,1399,25,1,1399,1183514,1183514,coverage_to_degree,93.5,,2.995,2.0,1,28,3.0,1,128,,,,,,,0.0,0.0,0.0,29.4496,100.0,5.187,4.0,32,6138830
glove25-25-angular,euclidean,mod-vamana,0.93,1.0,32,64,1399,25,1,1399,1183514,1183514,coverage_to_degree,94.0,,3.071,3.0,1,29,3.0,1,132,,,,,,,0.0,0.0,0.0,29.4496,100.0,5.187,4.0,32,6138830
glove25-25-angular,euclidean,mod-vamana,0.93,1.0,32,64,1399,25,1,1399,1183514,1183514,coverage_to_degree,94.5,,3.15,3.0,1,30,3.0,1,139,,,,,,,0.0,0.0,0.0,29.4496,100.0,5.187,4.0,32,6138830
glove25-25-angular,euclidean,mod-vamana,0.93,1.0,32,64,1399,25,1,1399,1183514,1183514,coverage_to_degree,95.0,,3.235,3.0,1,30,3.0,1,151,,,,,,,0.0,0.0,0.0,29.4496,100.0,5.187,4.0,32,6138830
glove25-25-angular,euclidean,mod-vamana,0.93,1.0,32,64,1399,25,1,1399,1183514,1183514,coverage_to_degree,95.5,,3.328,3.0,1,30,3.0,1,156,,,,,,,0.0,0.0,0.0,29.4496,100.0,5.187,4.0,32,6138830
glove25-25-angular,euclidean,mod-vamana,0.93,1.0,32,64,1399,25,1,1399,1183514,1183514,coverage_to_degree,96.0,,3.43,3.0,1,30,3.0,1,165,,,,,,,0.0,0.0,0.0,29.4496,100.0,5.187,4.0,32,6138830
glove25-25-angular,euclidean,mod-vamana,0.93,1.0,32,64,1399,25,1,1399,1183514,1183514,coverage_to_degree,96.5,,3.544,3.0,1,30,3.0,1,171,,,,,,,0.0,0.0,0.0,29.4496,100.0,5.187,4.0,32,6138830
glove25-25-angular,euclidean,mod-vamana,0.93,1.0,32,64,1399,25,1,1399,1183514,1183514,coverage_to_degree,97.0,,3.672,3.0,1,31,3.0,1,181,,,,,,,0.0,0.0,0.0,29.4496,100.0,5.187,4.0,32,6138830
glove25-25-angular,euclidean,mod-vamana,0.93,1.0,32,64,1399,25,1,1399,1183514,1183514,coverage_to_degree,97.5,,3.817,3.0,1,31,3.0,1,194,,,,,,,0.0,0.0,0.0,29.4496,100.0,5.187,4.0,32,6138830
glove25-25-angular,euclidean,mod-vamana,0.93,1.0,32,64,1399,25,1,1399,1183514,1183514,coverage_to_degree,98.0,,3.984,3.0,1,31,3.0,1,205,,,,,,,0.0,0.0,0.0,29.4496,100.0,5.187,4.0,32,6138830
glove25-25-angular,euclidean,mod-vamana,0.93,1.0,32,64,1399,25,1,1399,1183514,1183514,coverage_to_degree,98.5,,4.18,3.0,1,32,3.0,1,222,,,,,,,0.0,0.0,0.0,29.4496,100.0,5.187,4.0,32,6138830
glove25-25-angular,euclidean,mod-vamana,0.93,1.0,32,64,1399,25,1,1399,1183514,1183514,coverage_to_degree,99.0,,4.417,3.0,1,32,3.0,1,244,,,,,,,0.0,0.0,0.0,29.4496,100.0,5.187,4.0,32,6138830
glove25-25-angular,euclidean,mod-vamana,0.93,1.0,32,64,1399,25,1,1399,1183514,1183514,coverage_to_degree,99.5,,4.725,3.0,1,32,3.0,1,257,,,,,,,0.0,0.0,0.0,29.4496,100.0,5.187,4.0,32,6138830
glove25-25-angular,euclidean,mod-vamana,0.93,1.0,32,64,1399,25,1,1399,1183514,1183514,coverage_to_degree,100.0,,5.11,4.0,1,32,3.0,1,277,,,,,,,0.0,0.0,0.0,29.4496,100.0,5.187,4.0,32,6138830
glove25-25-angular,euclidean,mod-vamana,0.93,1.0,32,64,1399,25,1,1399,1183514,1183514,edge_to_coverage,,1,,,,,,,,824456.721,921263.0,0,1183514,1117024,1166785,0.0,0.0,0.0,29.4496,100.0,5.187,4.0,32,6138830
glove25-25-angular,euclidean,mod-vamana,0.93,1.0,32,64,1399,25,1,1399,1183514,1183514,edge_to_coverage,,2,,,,,,,,1021575.248,1101455.0,0,1183514,1098067,1164297,0.0,0.0,0.0,29.4496,100.0,5.187,4.0,32,6138830
glove25-25-angular,euclidean,mod-vamana,0.93,1.0,32,64,1399,25,1,1399,1183514,1183514,edge_to_coverage,,3,,,,,,,,1091789.683,1131064.0,4230,1183514,1084419,1162852,0.0,0.0,0.0,29.4496,100.0,5.187,4.0,32,6138830
glove25-25-angular,euclidean,mod-vamana,0.93,1.0,32,64,1399,25,1,1399,1183514,1183514,edge_to_coverage,,4,,,,,,,,1121710.713,1142061.0,9306,1183514,1071700,1161415,0.0,0.0,0.0,29.4496,100.0,5.187,4.0,32,6138830
glove25-25-angular,euclidean,mod-vamana,0.93,1.0,32,64,1399,25,1,1399,1183514,1183514,edge_to_coverage,,5,,,,,,,,1136072.231,1147983.0,64294,1183514,1059226,1159801,0.0,0.0,0.0,29.4496,100.0,5.187,4.0,32,6138830
glove25-25-angular,euclidean,mod-vamana,0.93,1.0,32,64,1399,25,1,1399,1183514,1183514,edge_to_coverage,,6,,,,,,,,1143539.323,1152213.0,90519,1183514,1047212,1158292,0.0,0.0,0.0,29.4496,100.0,5.187,4.0,32,6138830
glove25-25-angular,euclidean,mod-vamana,0.93,1.0,32,64,1399,25,1,1399,1183514,1183514,edge_to_coverage,,7,,,,,,,,1147675.951,1153905.0,215723,1183514,1035878,1156764,0.0,0.0,0.0,29.4496,100.0,5.187,4.0,32,6138830
glove25-25-angular,euclidean,mod-vamana,0.93,1.0,32,64,1399,25,1,1399,1183514,1183514,edge_to_coverage,,8,,,,,,,,1150088.677,1155597.0,260559,1183514,1025533,1155313,0.0,0.0,0.0,29.4496,100.0,5.187,4.0,32,6138830
glove25-25-angular,euclidean,mod-vamana,0.93,1.0,32,64,1399,25,1,1399,1183514,1183514,edge_to_coverage,,9,,,,,,,,1151525.089,1157289.0,348540,1183514,1016173,1153860,0.0,0.0,0.0,29.4496,100.0,5.187,4.0,32,6138830
glove25-25-angular,euclidean,mod-vamana,0.93,1.0,32,64,1399,25,1,1399,1183514,1183514,edge_to_coverage,,10,,,,,,,,1152425.823,1158135.0,348540,1183514,1007969,1152522,0.0,0.0,0.0,29.4496,100.0,5.187,4.0,32,6138830
glove25-25-angular,euclidean,mod-vamana,0.93,1.0,32,64,1399,25,1,1399,1183514,1183514,edge_to_coverage,,11,,,,,,,,1153009.521,1158981.0,348540,1183514,1000703,1151239,0.0,0.0,0.0,29.4496,100.0,5.187,4.0,32,6138830
glove25-25-angular,euclidean,mod-vamana,0.93,1.0,32,64,1399,25,1,1399,1183514,1183514,edge_to_coverage,,12,,,,,,,,1153388.16,1158981.0,348540,1183514,994365,1150091,0.0,0.0,0.0,29.4496,100.0,5.187,4.0,32,6138830
glove25-25-angular,euclidean,mod-vamana,0.93,1.0,32,64,1399,25,1,1399,1183514,1183514,edge_to_coverage,,13,,,,,,,,1153649.037,1158981.0,348540,1183514,988746,1148930,0.0,0.0,0.0,29.4496,100.0,5.187,4.0,32,6138830
glove25-25-angular,euclidean,mod-vamana,0.93,1.0,32,64,1399,25,1,1399,1183514,1183514,edge_to_coverage,,14,,,,,,,,1153826.044,1159827.0,348540,1183514,983976,1147887,0.0,0.0,0.0,29.4496,100.0,5.187,4.0,32,6138830
glove25-25-angular,euclidean,mod-vamana,0.93,1.0,32,64,1399,25,1,1399,1183514,1183514,edge_to_coverage,,15,,,,,,,,1153946.195,1159827.0,348540,1183514,980121,1146860,0.0,0.0,0.0,29.4496,100.0,5.187,4.0,32,6138830
glove25-25-angular,euclidean,mod-vamana,0.93,1.0,32,64,1399,25,1,1399,1183514,1183514,edge_to_coverage,,16,,,,,,,,1154031.926,1159827.0,348540,1183514,977034,1145932,0.0,0.0,0.0,29.4496,100.0,5.187,4.0,32,6138830
glove25-25-angular,euclidean,mod-vamana,0.93,1.0,32,64,1399,25,1,1399,1183514,1183514,edge_to_coverage,,17,,,,,,,,1154093.313,1159827.0,348540,1183514,974364,1145042,0.0,0.0,0.0,29.4496,100.0,5.187,4.0,32,6138830
glove25-25-angular,euclidean,mod-vamana,0.93,1.0,32,64,1399,25,1,1399,1183514,1183514,edge_to_coverage,,18,,,,,,,,1154136.13,1159827.0,348540,1183514,972233,1144264,0.0,0.0,0.0,29.4496,100.0,5.187,4.0,32,6138830
glove25-25-angular,euclidean,mod-vamana,0.93,1.0,32,64,1399,25,1,1399,1183514,1183514,edge_to_coverage,,19,,,,,,,,1154168.704,1159827.0,348540,1183514,970536,1143560,0.0,0.0,0.0,29.4496,100.0,5.187,4.0,32,6138830
glove25-25-angular,euclidean,mod-vamana,0.93,1.0,32,64,1399,25,1,1399,1183514,1183514,edge_to_coverage,,20,,,,,,,,1154190.614,1159827.0,348540,1183514,969226,1142965,0.0,0.0,0.0,29.4496,100.0,5.187,4.0,32,6138830
glove25-25-angular,euclidean,mod-vamana,0.93,1.0,32,64,1399,25,1,1399,1183514,1183514,edge_to_coverage,,21,,,,,,,,1154207.35,1159827.0,348540,1183514,968236,1142445,0.0,0.0,0.0,29.4496,100.0,5.187,4.0,32,6138830
glove25-25-angular,euclidean,mod-vamana,0.93,1.0,32,64,1399,25,1,1399,1183514,1183514,edge_to_coverage,,22,,,,,,,,1154219.605,1159827.0,348540,1183514,967463,1141968,0.0,0.0,0.0,29.4496,100.0,5.187,4.0,32,6138830
glove25-25-angular,euclidean,mod-vamana,0.93,1.0,32,64,1399,25,1,1399,1183514,1183514,edge_to_coverage,,23,,,,,,,,1154228.338,1159827.0,348540,1183514,966871,1141562,0.0,0.0,0.0,29.4496,100.0,5.187,4.0,32,6138830
glove25-25-angular,euclidean,mod-vamana,0.93,1.0,32,64,1399,25,1,1399,1183514,1183514,edge_to_coverage,,24,,,,,,,,1154234.308,1159827.0,348540,1183514,966439,1141212,0.0,0.0,0.0,29.4496,100.0,5.187,4.0,32,6138830
glove25-25-angular,euclidean,mod-vamana,0.93,1.0,32,64,1399,25,1,1399,1183514,1183514,edge_to_coverage,,25,,,,,,,,1154238.887,1159827.0,348540,1183514,966131,1140876,0.0,0.0,0.0,29.4496,100.0,5.187,4.0,32,6138830
glove25-25-angular,euclidean,mod-vamana,0.93,1.0,32,64,1399,25,1,1399,1183514,1183514,edge_to_coverage,,26,,,,,,,,1154242.275,1159827.0,348540,1183514,965927,1140645,0.0,0.0,0.0,29.4496,100.0,5.187,4.0,32,6138830
glove25-25-angular,euclidean,mod-vamana,0.93,1.0,32,64,1399,25,1,1399,1183514,1183514,edge_to_coverage,,27,,,,,,,,1154244.604,1159827.0,348540,1183514,965754,1140444,0.0,0.0,0.0,29.4496,100.0,5.187,4.0,32,6138830
glove25-25-angular,euclidean,mod-vamana,0.93,1.0,32,64,1399,25,1,1399,1183514,1183514,edge_to_coverage,,28,,,,,,,,1154246.081,1159827.0,348540,1183514,965641,1140278,0.0,0.0,0.0,29.4496,100.0,5.187,4.0,32,6138830
glove25-25-angular,euclidean,mod-vamana,0.93,1.0,32,64,1399,25,1,1399,1183514,1183514,edge_to_coverage,,29,,,,,,,,1154246.932,1159827.0,348540,1183514,965589,1140153,0.0,0.0,0.0,29.4496,100.0,5.187,4.0,32,6138830
glove25-25-angular,euclidean,mod-vamana,0.93,1.0,32,64,1399,25,1,1399,1183514,1183514,edge_to_coverage,,30,,,,,,,,1154247.465,1159827.0,348540,1183514,965550,1140078,0.0,0.0,0.0,29.4496,100.0,5.187,4.0,32,6138830
glove25-25-angular,euclidean,mod-vamana,0.93,1.0,32,64,1399,25,1,1399,1183514,1183514,edge_to_coverage,,31,,,,,,,,1154247.715,1159827.0,348540,1183514,965528,1140038,0.0,0.0,0.0,29.4496,100.0,5.187,4.0,32,6138830
glove25-25-angular,euclidean,mod-vamana,0.93,1.0,32,64,1399,25,1,1399,1183514,1183514,edge_to_coverage,,32,,,,,,,,1154247.825,1159827.0,348540,1183514,965520,1140017,0.0,0.0,0.0,29.4496,100.0,5.187,4.0,32,6138830
glove25-25-angular,euclidean,mod-vamana,0.94,1.0,32,64,1399,25,1,1399,1183514,1183514,coverage_to_degree,90.0,,2.554,2.0,1,29,3.0,1,90,,,,,,,0.0,0.0,0.0,29.4496,100.0,5.4848,4.0,32,6491365
glove25-25-angular,euclidean,mod-vamana,0.94,1.0,32,64,1399,25,1,1399,1183514,1183514,coverage_to_degree,90.5,,2.608,2.0,1,29,3.0,1,98,,,,,,,0.0,0.0,0.0,29.4496,100.0,5.4848,4.0,32,6491365
glove25-25-angular,euclidean,mod-vamana,0.94,1.0,32,64,1399,25,1,1399,1183514,1183514,coverage_to_degree,91.0,,2.665,2.0,1,29,3.0,1,105,,,,,,,0.0,0.0,0.0,29.4496,100.0,5.4848,4.0,32,6491365
glove25-25-angular,euclidean,mod-vamana,0.94,1.0,32,64,1399,25,1,1399,1183514,1183514,coverage_to_degree,91.5,,2.727,2.0,1,29,3.0,1,119,,,,,,,0.0,0.0,0.0,29.4496,100.0,5.4848,4.0,32,6491365
glove25-25-angular,euclidean,mod-vamana,0.94,1.0,32,64,1399,25,1,1399,1183514,1183514,coverage_to_degree,92.0,,2.794,2.0,1,29,3.0,1,128,,,,,,,0.0,0.0,0.0,29.4496,100.0,5.4848,4.0,32,6491365
glove25-25-angular,euclidean,mod-vamana,0.94,1.0,32,64,1399,25,1,1399,1183514,1183514,coverage_to_degree,92.5,,2.866,2.0,1,29,3.0,1,142,,,,,,,0.0,0.0,0.0,29.4496,100.0,5.4848,4.0,32,6491365
glove25-25-angular,euclidean,mod-vamana,0.94,1.0,32,64,1399,25,1,1399,1183514,1183514,coverage_to_degree,93.0,,2.944,2.0,1,29,3.0,1,154,,,,,,,0.0,0.0,0.0,29.4496,100.0,5.4848,4.0,32,6491365
glove25-25-angular,euclidean,mod-vamana,0.94,1.0,32,64,1399,25,1,1399,1183514,1183514,coverage_to_degree,93.5,,3.026,3.0,1,29,3.0,1,163,,,,,,,0.0,0.0,0.0,29.4496,100.0,5.4848,4.0,32,6491365
glove25-25-angular,euclidean,mod-vamana,0.94,1.0,32,64,1399,25,1,1399,1183514,1183514,coverage_to_degree,94.0,,3.114,3.0,1,29,3.0,1,174,,,,,,,0.0,0.0,0.0,29.4496,100.0,5.4848,4.0,32,6491365
glove25-25-angular,euclidean,mod-vamana,0.94,1.0,32,64,1399,25,1,1399,1183514,1183514,coverage_to_degree,94.5,,3.204,3.0,1,29,3.0,1,188,,,,,,,0.0,0.0,0.0,29.4496,100.0,5.4848,4.0,32,6491365
glove25-25-angular,euclidean,mod-vamana,0.94,1.0,32,64,1399,25,1,1399,1183514,1183514,coverage_to_degree,95.0,,3.299,3.0,1,29,3.0,1,197,,,,,,,0.0,0.0,0.0,29.4496,100.0,5.4848,4.0,32,6491365
glove25-25-angular,euclidean,mod-vamana,0.94,1.0,32,64,1399,25,1,1399,1183514,1183514,coverage_to_degree,95.5,,3.4,3.0,1,31,3.0,1,211,,,,,,,0.0,0.0,0.0,29.4496,100.0,5.4848,4.0,32,6491365
glove25-25-angular,euclidean,mod-vamana,0.94,1.0,32,64,1399,25,1,1399,1183514,1183514,coverage_to_degree,96.0,,3.511,3.0,1,31,3.0,1,220,,,,,,,0.0,0.0,0.0,29.4496,100.0,5.4848,4.0,32,6491365
glove25-25-angular,euclidean,mod-vamana,0.94,1.0,32,64,1399,25,1,1399,1183514,1183514,coverage_to_degree,96.5,,3.635,3.0,1,32,3.0,1,238,,,,,,,0.0,0.0,0.0,29.4496,100.0,5.4848,4.0,32,6491365
glove25-25-angular,euclidean,mod-vamana,0.94,1.0,32,64,1399,25,1,1399,1183514,1183514,coverage_to_degree,97.0,,3.776,3.0,1,32,3.0,1,245,,,,,,,0.0,0.0,0.0,29.4496,100.0,5.4848,4.0,32,6491365
glove25-25-angular,euclidean,mod-vamana,0.94,1.0,32,64,1399,25,1,1399,1183514,1183514,coverage_to_degree,97.5,,3.935,3.0,1,32,3.0,1,258,,,,,,,0.0,0.0,0.0,29.4496,100.0,5.4848,4.0,32,6491365
glove25-25-angular,euclidean,mod-vamana,0.94,1.0,32,64,1399,25,1,1399,1183514,1183514,coverage_to_degree,98.0,,4.119,3.0,1,32,3.0,1,279,,,,,,,0.0,0.0,0.0,29.4496,100.0,5.4848,4.0,32,6491365
glove25-25-angular,euclidean,mod-vamana,0.94,1.0,32,64,1399,25,1,1399,1183514,1183514,coverage_to_degree,98.5,,4.338,3.0,1,32,3.0,1,304,,,,,,,0.0,0.0,0.0,29.4496,100.0,5.4848,4.0,32,6491365
glove25-25-angular,euclidean,mod-vamana,0.94,1.0,32,64,1399,25,1,1399,1183514,1183514,coverage_to_degree,99.0,,4.605,4.0,1,32,3.0,1,326,,,,,,,0.0,0.0,0.0,29.4496,100.0,5.4848,4.0,32,6491365
glove25-25-angular,euclidean,mod-vamana,0.94,1.0,32,64,1399,25,1,1399,1183514,1183514,coverage_to_degree,99.5,,4.956,4.0,1,32,3.0,1,360,,,,,,,0.0,0.0,0.0,29.4496,100.0,5.4848,4.0,32,6491365
glove25-25-angular,euclidean,mod-vamana,0.94,1.0,32,64,1399,25,1,1399,1183514,1183514,coverage_to_degree,100.0,,5.396,4.0,1,32,4.0,1,390,,,,,,,0.0,0.0,0.0,29.4496,100.0,5.4848,4.0,32,6491365
glove25-25-angular,euclidean,mod-vamana,0.94,1.0,32,64,1399,25,1,1399,1183514,1183514,edge_to_coverage,,1,,,,,,,,823049.435,918725.0,0,1183514,1117165,1166822,0.0,0.0,0.0,29.4496,100.0,5.4848,4.0,32,6491365
glove25-25-angular,euclidean,mod-vamana,0.94,1.0,32,64,1399,25,1,1399,1183514,1183514,edge_to_coverage,,2,,,,,,,,1021938.97,1102301.0,0,1183514,1096937,1164142,0.0,0.0,0.0,29.4496,100.0,5.4848,4.0,32,6491365
glove25-25-angular,euclidean,mod-vamana,0.94,1.0,32,64,1399,25,1,1399,1183514,1183514,edge_to_coverage,,3,,,,,,,,1093121.455,1134448.0,4230,1183514,1082087,1162687,0.0,0.0,0.0,29.4496,100.0,5.4848,4.0,32,6491365
glove25-25-angular,euclidean,mod-vamana,0.94,1.0,32,64,1399,25,1,1399,1183514,1183514,edge_to_coverage,,4,,,,,,,,1123805.432,1145445.0,9306,1183514,1067813,1161108,0.0,0.0,0.0,29.4496,100.0,5.4848,4.0,32,6491365
glove25-25-angular,euclidean,mod-vamana,0.94,1.0,32,64,1399,25,1,1399,1183514,1183514,edge_to_coverage,,5,,,,,,,,1138685.575,1151367.0,60910,1183514,1053786,1159364,0.0,0.0,0.0,29.4496,100.0,5.4848,4.0,32,6491365
glove25-25-angular,euclidean,mod-vamana,0.94,1.0,32,64,1399,25,1,1399,1183514,1183514,edge_to_coverage,,6,,,,,,,,1146503.952,1154751.0,72754,1183514,1040271,1157671,0.0,0.0,0.0,29.4496,100.0,5.4848,4.0,32,6491365
glove25-25-angular,euclidean,mod-vamana,0.94,1.0,32,64,1399,25,1,1399,1183514,1183514,edge_to_coverage,,7,,,,,,,,1150856.465,1157289.0,118436,1183514,1027469,1156005,0.0,0.0,0.0,29.4496,100.0,5.4848,4.0,32,6491365
glove25-25-angular,euclidean,mod-vamana,0.94,1.0,32,64,1399,25,1,1399,1183514,1183514,edge_to_coverage,,8,,,,,,,,1153423.524,1158981.0,122666,1183514,1015668,1154329,0.0,0.0,0.0,29.4496,100.0,5.4848,4.0,32,6491365
glove25-25-angular,euclidean,mod-vamana,0.94,1.0,32,64,1399,25,1,1399,1183514,1183514,edge_to_coverage,,9,,,,,,,,1154972.293,1159827.0,125204,1183514,1004922,1152673,0.0,0.0,0.0,29.4496,100.0,5.4848,4.0,32,6491365
glove25-25-angular,euclidean,mod-vamana,0.94,1.0,32,64,1399,25,1,1399,1183514,1183514,edge_to_coverage,,10,,,,,,,,1155946.346,1160673.0,129434,1183514,995349,1151131,0.0,0.0,0.0,29.4496,100.0,5.4848,4.0,32,6491365
glove25-25-angular,euclidean,mod-vamana,0.94,1.0,32,64,1399,25,1,1399,1183514,1183514,edge_to_coverage,,11,,,,,,,,1156581.721,1161519.0,154813,1183514,986854,1149654,0.0,0.0,0.0,29.4496,100.0,5.4848,4.0,32,6491365
glove25-25-angular,euclidean,mod-vamana,0.94,1.0,32,64,1399,25,1,1399,1183514,1183514,edge_to_coverage,,12,,,,,,,,1156992.9,1161519.0,252945,1183514,979385,1148268,0.0,0.0,0.0,29.4496,100.0,5.4848,4.0,32,6491365
glove25-25-angular,euclidean,mod-vamana,0.94,1.0,32,64,1399,25,1,1399,1183514,1183514,edge_to_coverage,,13,,,,,,,,1157274.843,1162365.0,266481,1183514,972987,1146899,0.0,0.0,0.0,29.4496,100.0,5.4848,4.0,32,6491365
glove25-25-angular,euclidean,mod-vamana,0.94,1.0,32,64,1399,25,1,1399,1183514,1183514,edge_to_coverage,,14,,,,,,,,1157466.739,1162365.0,269865,1183514,967634,1145743,0.0,0.0,0.0,29.4496,100.0,5.4848,4.0,32,6491365
glove25-25-angular,euclidean,mod-vamana,0.94,1.0,32,64,1399,25,1,1399,1183514,1183514,edge_to_coverage,,15,,,,,,,,1157600.036,1162365.0,286784,1183514,963203,1144576,0.0,0.0,0.0,29.4496,100.0,5.4848,4.0,32,6491365
glove25-25-angular,euclidean,mod-vamana,0.94,1.0,32,64,1399,25,1,1399,1183514,1183514,edge_to_coverage,,16,,,,,,,,1157695.265,1162365.0,286784,1183514,959542,1143443,0.0,0.0,0.0,29.4496,100.0,5.4848,4.0,32,6491365
glove25-25-angular,euclidean,mod-vamana,0.94,1.0,32,64,1399,25,1,1399,1183514,1183514,edge_to_coverage,,17,,,,,,,,1157762.388,1162365.0,286784,1183514,956512,1142450,0.0,0.0,0.0,29.4496,100.0,5.4848,4.0,32,6491365
glove25-25-angular,euclidean,mod-vamana,0.94,1.0,32,64,1399,25,1,1399,1183514,1183514,edge_to_coverage,,18,,,,,,,,1157811.055,1162365.0,348540,1183514,954108,1141565,0.0,0.0,0.0,29.4496,100.0,5.4848,4.0,32,6491365
glove25-25-angular,euclidean,mod-vamana,0.94,1.0,32,64,1399,25,1,1399,1183514,1183514,edge_to_coverage,,19,,,,,,,,1157845.858,1162365.0,348540,1183514,952143,1140715,0.0,0.0,0.0,29.4496,100.0,5.4848,4.0,32,6491365
glove25-25-angular,euclidean,mod-vamana,0.94,1.0,32,64,1399,25,1,1399,1183514,1183514,edge_to_coverage,,20,,,,,,,,1157871.881,1163211.0,348540,1183514,950580,1139997,0.0,0.0,0.0,29.4496,100.0,5.4848,4.0,32,6491365
glove25-25-angular,euclidean,mod-vamana,0.94,1.0,32,64,1399,25,1,1399,1183514,1183514,edge_to_coverage,,21,,,,,,,,1157890.803,1163211.0,348540,1183514,949369,1139353,0.0,0.0,0.0,29.4496,100.0,5.4848,4.0,32,6491365
glove25-25-angular,euclidean,mod-vamana,0.94,1.0,32,64,1399,25,1,1399,1183514,1183514,edge_to_coverage,,22,,,,,,,,1157904.087,1163211.0,348540,1183514,948512,1138785,0.0,0.0,0.0,29.4496,100.0,5.4848,4.0,32,6491365
glove25-25-angular,euclidean,mod-vamana,0.94,1.0,32,64,1399,25,1,1399,1183514,1183514,edge_to_coverage,,23,,,,,,,,1157913.597,1163211.0,348540,1183514,947815,1138291,0.0,0.0,0.0,29.4496,100.0,5.4848,4.0,32,6491365
glove25-25-angular,euclidean,mod-vamana,0.94,1.0,32,64,1399,25,1,1399,1183514,1183514,edge_to_coverage,,24,,,,,,,,1157920.683,1163211.0,348540,1183514,947320,1137865,0.0,0.0,0.0,29.4496,100.0,5.4848,4.0,32,6491365
glove25-25-angular,euclidean,mod-vamana,0.94,1.0,32,64,1399,25,1,1399,1183514,1183514,edge_to_coverage,,25,,,,,,,,1157925.829,1163211.0,348540,1183514,946948,1137492,0.0,0.0,0.0,29.4496,100.0,5.4848,4.0,32,6491365
glove25-25-angular,euclidean,mod-vamana,0.94,1.0,32,64,1399,25,1,1399,1183514,1183514,edge_to_coverage,,26,,,,,,,,1157929.385,1163211.0,348540,1183514,946709,1137213,0.0,0.0,0.0,29.4496,100.0,5.4848,4.0,32,6491365
glove25-25-angular,euclidean,mod-vamana,0.94,1.0,32,64,1399,25,1,1399,1183514,1183514,edge_to_coverage,,27,,,,,,,,1157932.018,1163211.0,348540,1183514,946538,1136980,0.0,0.0,0.0,29.4496,100.0,5.4848,4.0,32,6491365
glove25-25-angular,euclidean,mod-vamana,0.94,1.0,32,64,1399,25,1,1399,1183514,1183514,edge_to_coverage,,28,,,,,,,,1157933.605,1163211.0,348540,1183514,946427,1136814,0.0,0.0,0.0,29.4496,100.0,5.4848,4.0,32,6491365
glove25-25-angular,euclidean,mod-vamana,0.94,1.0,32,64,1399,25,1,1399,1183514,1183514,edge_to_coverage,,29,,,,,,,,1157934.916,1163211.0,348540,1183514,946344,1136670,0.0,0.0,0.0,29.4496,100.0,5.4848,4.0,32,6491365
glove25-25-angular,euclidean,mod-vamana,0.94,1.0,32,64,1399,25,1,1399,1183514,1183514,edge_to_coverage,,30,,,,,,,,1157935.599,1163211.0,348540,1183514,946296,1136571,0.0,0.0,0.0,29.4496,100.0,5.4848,4.0,32,6491365
glove25-25-angular,euclidean,mod-vamana,0.94,1.0,32,64,1399,25,1,1399,1183514,1183514,edge_to_coverage,,31,,,,,,,,1157936.016,1163211.0,348540,1183514,946263,1136526,0.0,0.0,0.0,29.4496,100.0,5.4848,4.0,32,6491365
glove25-25-angular,euclidean,mod-vamana,0.94,1.0,32,64,1399,25,1,1399,1183514,1183514,edge_to_coverage,,32,,,,,,,,1157936.163,1163211.0,348540,1183514,946251,1136500,0.0,0.0,0.0,29.4496,100.0,5.4848,4.0,32,6491365
glove25-25-angular,euclidean,mod-vamana,0.95,1.0,32,64,1399,25,1,1399,1183514,1183514,coverage_to_degree,90.0,,2.557,2.0,1,27,3.0,1,73,,,,,,,0.0,0.0,0.0,42.2445,100.0,5.8454,4.0,32,6918162
glove25-25-angular,euclidean,mod-vamana,0.95,1.0,32,64,1399,25,1,1399,1183514,1183514,coverage_to_degree,90.5,,2.611,2.0,1,27,3.0,1,75,,,,,,,0.0,0.0,0.0,42.2445,100.0,5.8454,4.0,32,6918162
glove25-25-angular,euclidean,mod-vamana,0.95,1.0,32,64,1399,25,1,1399,1183514,1183514,coverage_to_degree,91.0,,2.669,2.0,1,27,3.0,1,79,,,,,,,0.0,0.0,0.0,42.2445,100.0,5.8454,4.0,32,6918162
glove25-25-angular,euclidean,mod-vamana,0.95,1.0,32,64,1399,25,1,1399,1183514,1183514,coverage_to_degree,91.5,,2.731,2.0,1,27,3.0,1,85,,,,,,,0.0,0.0,0.0,42.2445,100.0,5.8454,4.0,32,6918162
glove25-25-angular,euclidean,mod-vamana,0.95,1.0,32,64,1399,25,1,1399,1183514,1183514,coverage_to_degree,92.0,,2.798,2.0,1,27,3.0,1,93,,,,,,,0.0,0.0,0.0,42.2445,100.0,5.8454,4.0,32,6918162
glove25-25-angular,euclidean,mod-vamana,0.95,1.0,32,64,1399,25,1,1399,1183514,1183514,coverage_to_degree,92.5,,2.871,2.0,1,27,3.0,1,95,,,,,,,0.0,0.0,0.0,42.2445,100.0,5.8454,4.0,32,6918162
glove25-25-angular,euclidean,mod-vamana,0.95,1.0,32,64,1399,25,1,1399,1183514,1183514,coverage_to_degree,93.0,,2.951,2.0,1,28,3.0,1,105,,,,,,,0.0,0.0,0.0,42.2445,100.0,5.8454,4.0,32,6918162
glove25-25-angular,euclidean,mod-vamana,0.95,1.0,32,64,1399,25,1,1399,1183514,1183514,coverage_to_degree,93.5,,3.038,3.0,1,30,3.0,1,119,,,,,,,0.0,0.0,0.0,42.2445,100.0,5.8454,4.0,32,6918162
glove25-25-angular,euclidean,mod-vamana,0.95,1.0,32,64,1399,25,1,1399,1183514,1183514,coverage_to_degree,94.0,,3.135,3.0,1,30,3.0,1,133,,,,,,,0.0,0.0,0.0,42.2445,100.0,5.8454,4.0,32,6918162
glove25-25-angular,euclidean,mod-vamana,0.95,1.0,32,64,1399,25,1,1399,1183514,1183514,coverage_to_degree,94.5,,3.239,3.0,1,30,3.0,1,147,,,,,,,0.0,0.0,0.0,42.2445,100.0,5.8454,4.0,32,6918162
glove25-25-angular,euclidean,mod-vamana,0.95,1.0,32,64,1399,25,1,1399,1183514,1183514,coverage_to_degree,95.0,,3.349,3.0,1,30,3.0,1,161,,,,,,,0.0,0.0,0.0,42.2445,100.0,5.8454,4.0,32,6918162
glove25-25-angular,euclidean,mod-vamana,0.95,1.0,32,64,1399,25,1,1399,1183514,1183514,coverage_to_degree,95.5,,3.465,3.0,1,32,3.0,1,175,,,,,,,0.0,0.0,0.0,42.2445,100.0,5.8454,4.0,32,6918162
glove25-25-angular,euclidean,mod-vamana,0.95,1.0,32,64,1399,25,1,1399,1183514,1183514,coverage_to_degree,96.0,,3.589,3.0,1,32,3.0,1,189,,,,,,,0.0,0.0,0.0,42.2445,100.0,5.8454,4.0,32,6918162
glove25-25-angular,euclidean,mod-vamana,0.95,1.0,32,64,1399,25,1,1399,1183514,1183514,coverage_to_degree,96.5,,3.726,3.0,1,32,3.0,1,208,,,,,,,0.0,0.0,0.0,42.2445,100.0,5.8454,4.0,32,6918162
glove25-25-angular,euclidean,mod-vamana,0.95,1.0,32,64,1399,25,1,1399,1183514,1183514,coverage_to_degree,97.0,,3.881,3.0,1,32,3.0,1,239,,,,,,,0.0,0.0,0.0,42.2445,100.0,5.8454,4.0,32,6918162
glove25-25-angular,euclidean,mod-vamana,0.95,1.0,32,64,1399,25,1,1399,1183514,1183514,coverage_to_degree,97.5,,4.058,3.0,1,32,3.0,1,257,,,,,,,0.0,0.0,0.0,42.2445,100.0,5.8454,4.0,32,6918162
glove25-25-angular,euclidean,mod-vamana,0.95,1.0,32,64,1399,25,1,1399,1183514,1183514,coverage_to_degree,98.0,,4.265,3.0,1,32,3.0,1,276,,,,,,,0.0,0.0,0.0,42.2445,100.0,5.8454,4.0,32,6918162
glove25-25-angular,euclidean,mod-vamana,0.95,1.0,32,64,1399,25,1,1399,1183514,1183514,coverage_to_degree,98.5,,4.513,4.0,1,32,3.0,1,301,,,,,,,0.0,0.0,0.0,42.2445,100.0,5.8454,4.0,32,6918162
glove25-25-angular,euclidean,mod-vamana,0.95,1.0,32,64,1399,25,1,1399,1183514,1183514,coverage_to_degree,99.0,,4.819,4.0,1,32,3.0,1,330,,,,,,,0.0,0.0,0.0,42.2445,100.0,5.8454,4.0,32,6918162
glove25-25-angular,euclidean,mod-vamana,0.95,1.0,32,64,1399,25,1,1399,1183514,1183514,coverage_to_degree,99.5,,5.224,4.0,1,32,4.0,1,365,,,,,,,0.0,0.0,0.0,42.2445,100.0,5.8454,4.0,32,6918162
glove25-25-angular,euclidean,mod-vamana,0.95,1.0,32,64,1399,25,1,1399,1183514,1183514,coverage_to_degree,100.0,,5.741,4.0,1,32,4.0,1,393,,,,,,,0.0,0.0,0.0,42.2445,100.0,5.8454,4.0,32,6918162
glove25-25-angular,euclidean,mod-vamana,0.95,1.0,32,64,1399,25,1,1399,1183514,1183514,edge_to_coverage,,1,,,,,,,,822233.45,917033.0,0,1183514,1117063,1166632,0.0,0.0,0.0,42.2445,100.0,5.8454,4.0,32,6918162
glove25-25-angular,euclidean,mod-vamana,0.95,1.0,32,64,1399,25,1,1399,1183514,1183514,edge_to_coverage,,2,,,,,,,,1022261.136,1102301.0,0,1183514,1094762,1163782,0.0,0.0,0.0,42.2445,100.0,5.8454,4.0,32,6918162
glove25-25-angular,euclidean,mod-vamana,0.95,1.0,32,64,1399,25,1,1399,1183514,1183514,edge_to_coverage,,3,,,,,,,,1094523.659,1138678.0,4230,1183514,1078130,1162122,0.0,0.0,0.0,42.2445,100.0,5.8454,4.0,32,6918162
glove25-25-angular,euclidean,mod-vamana,0.95,1.0,32,64,1399,25,1,1399,1183514,1183514,edge_to_coverage,,4,,,,,,,,1125887.44,1148829.0,9306,1183514,1061726,1160381,0.0,0.0,0.0,42.2445,100.0,5.8454,4.0,32,6918162
glove25-25-angular,euclidean,mod-vamana,0.95,1.0,32,64,1399,25,1,1399,1183514,1183514,edge_to_coverage,,5,,,,,,,,1141286.846,1154751.0,22841,1183514,1045563,1158475,0.0,0.0,0.0,42.2445,100.0,5.8454,4.0,32,6918162
glove25-25-angular,euclidean,mod-vamana,0.95,1.0,32,64,1399,25,1,1399,1183514,1183514,edge_to_coverage,,6,,,,,,,,1149467.936,1158135.0,67678,1183514,1030054,1156575,0.0,0.0,0.0,42.2445,100.0,5.8454,4.0,32,6918162
glove25-25-angular,euclidean,mod-vamana,0.95,1.0,32,64,1399,25,1,1399,1183514,1183514,edge_to_coverage,,7,,,,,,,,1154061.893,1159827.0,134509,1183514,1015068,1154629,0.0,0.0,0.0,42.2445,100.0,5.8454,4.0,32,6918162
glove25-25-angular,euclidean,mod-vamana,0.95,1.0,32,64,1399,25,1,1399,1183514,1183514,edge_to_coverage,,8,,,,,,,,1156792.15,1161519.0,160735,1183514,1001168,1152691,0.0,0.0,0.0,42.2445,100.0,5.8454,4.0,32,6918162
glove25-25-angular,euclidean,mod-vamana,0.95,1.0,32,64,1399,25,1,1399,1183514,1183514,edge_to_coverage,,9,,,,,,,,1158473.588,1163211.0,182730,1183514,988305,1150812,0.0,0.0,0.0,42.2445,100.0,5.8454,4.0,32,6918162
glove25-25-angular,euclidean,mod-vamana,0.95,1.0,32,64,1399,25,1,1399,1183514,1183514,edge_to_coverage,,10,,,,,,,,1159526.057,1164057.0,375611,1183514,977093,1149028,0.0,0.0,0.0,42.2445,100.0,5.8454,4.0,32,6918162
glove25-25-angular,euclidean,mod-vamana,0.95,1.0,32,64,1399,25,1,1399,1183514,1183514,edge_to_coverage,,11,,,,,,,,1160221.926,1164057.0,499969,1183514,967096,1147274,0.0,0.0,0.0,42.2445,100.0,5.8454,4.0,32,6918162
glove25-25-angular,euclidean,mod-vamana,0.95,1.0,32,64,1399,25,1,1399,1183514,1183514,edge_to_coverage,,12,,,,,,,,1160673.117,1164903.0,499969,1183514,958189,1145612,0.0,0.0,0.0,42.2445,100.0,5.8454,4.0,32,6918162
glove25-25-angular,euclidean,mod-vamana,0.95,1.0,32,64,1399,25,1,1399,1183514,1183514,edge_to_coverage,,13,,,,,,,,1160988.169,1164903.0,499969,1183514,950718,1144029,0.0,0.0,0.0,42.2445,100.0,5.8454,4.0,32,6918162
glove25-25-angular,euclidean,mod-vamana,0.95,1.0,32,64,1399,25,1,1399,1183514,1183514,edge_to_coverage,,14,,,,,,,,1161203.619,1165749.0,499969,1183514,944292,1142576,0.0,0.0,0.0,42.2445,100.0,5.8454,4.0,32,6918162
glove25-25-angular,euclidean,mod-vamana,0.95,1.0,32,64,1399,25,1,1399,1183514,1183514,edge_to_coverage,,15,,,,,,,,1161354.565,1165749.0,499969,1183514,939048,1141200,0.0,0.0,0.0,42.2445,100.0,5.8454,4.0,32,6918162
glove25-25-angular,euclidean,mod-vamana,0.95,1.0,32,64,1399,25,1,1399,1183514,1183514,edge_to_coverage,,16,,,,,,,,1161460.697,1165749.0,499969,1183514,934735,1139869,0.0,0.0,0.0,42.2445,100.0,5.8454,4.0,32,6918162
glove25-25-angular,euclidean,mod-vamana,0.95,1.0,32,64,1399,25,1,1399,1183514,1183514,edge_to_coverage,,17,,,,,,,,1161536.366,1165749.0,499969,1183514,931086,1138661,0.0,0.0,0.0,42.2445,100.0,5.8454,4.0,32,6918162
glove25-25-angular,euclidean,mod-vamana,0.95,1.0,32,64,1399,25,1,1399,1183514,1183514,edge_to_coverage,,18,,,,,,,,1161590.769,1165749.0,499969,1183514,928176,1137619,0.0,0.0,0.0,42.2445,100.0,5.8454,4.0,32,6918162
glove25-25-angular,euclidean,mod-vamana,0.95,1.0,32,64,1399,25,1,1399,1183514,1183514,edge_to_coverage,,19,,,,,,,,1161630.82,1165749.0,499969,1183514,925974,1136620,0.0,0.0,0.0,42.2445,100.0,5.8454,4.0,32,6918162
glove25-25-angular,euclidean,mod-vamana,0.95,1.0,32,64,1399,25,1,1399,1183514,1183514,edge_to_coverage,,20,,,,,,,,1161659.667,1165749.0,499969,1183514,924189,1135781,0.0,0.0,0.0,42.2445,100.0,5.8454,4.0,32,6918162
glove25-25-angular,euclidean,mod-vamana,0.95,1.0,32,64,1399,25,1,1399,1183514,1183514,edge_to_coverage,,21,,,,,,,,1161680.329,1165749.0,499969,1183514,922785,1134989,0.0,0.0,0.0,42.2445,100.0,5.8454,4.0,32,6918162
glove25-25-angular,euclidean,mod-vamana,0.95,1.0,32,64,1399,25,1,1399,1183514,1183514,edge_to_coverage,,22,,,,,,,,1161695.693,1165749.0,499969,1183514,921757,1134307,0.0,0.0,0.0,42.2445,100.0,5.8454,4.0,32,6918162
glove25-25-angular,euclidean,mod-vamana,0.95,1.0,32,64,1399,25,1,1399,1183514,1183514,edge_to_coverage,,23,,,,,,,,1161706.571,1165749.0,499969,1183514,921002,1133758,0.0,0.0,0.0,42.2445,100.0,5.8454,4.0,32,6918162
glove25-25-angular,euclidean,mod-vamana,0.95,1.0,32,64,1399,25,1,1399,1183514,1183514,edge_to_coverage,,24,,,,,,,,1161715.115,1165749.0,499969,1183514,920398,1133228,0.0,0.0,0.0,42.2445,100.0,5.8454,4.0,32,6918162
glove25-25-angular,euclidean,mod-vamana,0.95,1.0,32,64,1399,25,1,1399,1183514,1183514,edge_to_coverage,,25,,,,,,,,1161721.043,1165749.0,499969,1183514,919928,1132795,0.0,0.0,0.0,42.2445,100.0,5.8454,4.0,32,6918162
glove25-25-angular,euclidean,mod-vamana,0.95,1.0,32,64,1399,25,1,1399,1183514,1183514,edge_to_coverage,,26,,,,,,,,1161725.145,1165749.0,499969,1183514,919629,1132417,0.0,0.0,0.0,42.2445,100.0,5.8454,4.0,32,6918162
glove25-25-angular,euclidean,mod-vamana,0.95,1.0,32,64,1399,25,1,1399,1183514,1183514,edge_to_coverage,,27,,,,,,,,1161728.076,1165749.0,499969,1183514,919431,1132140,0.0,0.0,0.0,42.2445,100.0,5.8454,4.0,32,6918162
glove25-25-angular,euclidean,mod-vamana,0.95,1.0,32,64,1399,25,1,1399,1183514,1183514,edge_to_coverage,,28,,,,,,,,1161730.131,1165749.0,499969,1183514,919300,1131917,0.0,0.0,0.0,42.2445,100.0,5.8454,4.0,32,6918162
glove25-25-angular,euclidean,mod-vamana,0.95,1.0,32,64,1399,25,1,1399,1183514,1183514,edge_to_coverage,,29,,,,,,,,1161731.452,1165749.0,499969,1183514,919209,1131774,0.0,0.0,0.0,42.2445,100.0,5.8454,4.0,32,6918162
glove25-25-angular,euclidean,mod-vamana,0.95,1.0,32,64,1399,25,1,1399,1183514,1183514,edge_to_coverage,,30,,,,,,,,1161732.342,1165749.0,499969,1183514,919153,1131672,0.0,0.0,0.0,42.2445,100.0,5.8454,4.0,32,6918162
glove25-25-angular,euclidean,mod-vamana,0.95,1.0,32,64,1399,25,1,1399,1183514,1183514,edge_to_coverage,,31,,,,,,,,1161732.783,1165749.0,499969,1183514,919124,1131608,0.0,0.0,0.0,42.2445,100.0,5.8454,4.0,32,6918162
glove25-25-angular,euclidean,mod-vamana,0.95,1.0,32,64,1399,25,1,1399,1183514,1183514,edge_to_coverage,,32,,,,,,,,1161733.062,1165749.0,499969,1183514,919112,1131581,0.0,0.0,0.0,42.2445,100.0,5.8454,4.0,32,6918162
glove25-25-angular,euclidean,mod-vamana,0.96,1.0,32,64,1399,25,1,1399,1183514,1183514,coverage_to_degree,90.0,,2.564,2.0,1,25,3.0,1,88,,,,,,,0.0,0.0,0.0,29.4496,100.0,6.3151,4.0,32,7473980
glove25-25-angular,euclidean,mod-vamana,0.96,1.0,32,64,1399,25,1,1399,1183514,1183514,coverage_to_degree,90.5,,2.618,2.0,1,25,3.0,1,92,,,,,,,0.0,0.0,0.0,29.4496,100.0,6.3151,4.0,32,7473980
glove25-25-angular,euclidean,mod-vamana,0.96,1.0,32,64,1399,25,1,1399,1183514,1183514,coverage_to_degree,91.0,,2.675,2.0,1,28,3.0,1,96,,,,,,,0.0,0.0,0.0,29.4496,100.0,6.3151,4.0,32,7473980
glove25-25-angular,euclidean,mod-vamana,0.96,1.0,32,64,1399,25,1,1399,1183514,1183514,coverage_to_degree,91.5,,2.738,2.0,1,30,3.0,1,103,,,,,,,0.0,0.0,0.0,29.4496,100.0,6.3151,4.0,32,7473980
glove25-25-angular,euclidean,mod-vamana,0.96,1.0,32,64,1399,25,1,1399,1183514,1183514,coverage_to_degree,92.0,,2.806,2.0,1,30,3.0,1,112,,,,,,,0.0,0.0,0.0,29.4496,100.0,6.3151,4.0,32,7473980
glove25-25-angular,euclidean,mod-vamana,0.96,1.0,32,64,1399,25,1,1399,1183514,1183514,coverage_to_degree,92.5,,2.879,2.0,1,30,3.0,1,121,,,,,,,0.0,0.0,0.0,29.4496,100.0,6.3151,4.0,32,7473980
glove25-25-angular,euclidean,mod-vamana,0.96,1.0,32,64,1399,25,1,1399,1183514,1183514,coverage_to_degree,93.0,,2.96,2.0,1,30,3.0,1,142,,,,,,,0.0,0.0,0.0,29.4496,100.0,6.3151,4.0,32,7473980
glove25-25-angular,euclidean,mod-vamana,0.96,1.0,32,64,1399,25,1,1399,1183514,1183514,coverage_to_degree,93.5,,3.048,3.0,1,30,3.0,1,158,,,,,,,0.0,0.0,0.0,29.4496,100.0,6.3151,4.0,32,7473980
glove25-25-angular,euclidean,mod-vamana,0.96,1.0,32,64,1399,25,1,1399,1183514,1183514,coverage_to_degree,94.0,,3.146,3.0,1,30,3.0,1,175,,,,,,,0.0,0.0,0.0,29.4496,100.0,6.3151,4.0,32,7473980
glove25-25-angular,euclidean,mod-vamana,0.96,1.0,32,64,1399,25,1,1399,1183514,1183514,coverage_to_degree,94.5,,3.256,3.0,1,30,3.0,1,192,,,,,,,0.0,0.0,0.0,29.4496,100.0,6.3151,4.0,32,7473980
glove25-25-angular,euclidean,mod-vamana,0.96,1.0,32,64,1399,25,1,1399,1183514,1183514,coverage_to_degree,95.0,,3.378,3.0,1,30,3.0,1,211,,,,,,,0.0,0.0,0.0,29.4496,100.0,6.3151,4.0,32,7473980
glove25-25-angular,euclidean,mod-vamana,0.96,1.0,32,64,1399,25,1,1399,1183514,1183514,coverage_to_degree,95.5,,3.513,3.0,1,30,3.0,1,232,,,,,,,0.0,0.0,0.0,29.4496,100.0,6.3151,4.0,32,7473980
glove25-25-angular,euclidean,mod-vamana,0.96,1.0,32,64,1399,25,1,1399,1183514,1183514,coverage_to_degree,96.0,,3.66,3.0,1,32,3.0,1,258,,,,,,,0.0,0.0,0.0,29.4496,100.0,6.3151,4.0,32,7473980
glove25-25-angular,euclidean,mod-vamana,0.96,1.0,32,64,1399,25,1,1399,1183514,1183514,coverage_to_degree,96.5,,3.819,3.0,1,32,3.0,1,282,,,,,,,0.0,0.0,0.0,29.4496,100.0,6.3151,4.0,32,7473980
glove25-25-angular,euclidean,mod-vamana,0.96,1.0,32,64,1399,25,1,1399,1183514,1183514,coverage_to_degree,97.0,,3.996,3.0,1,32,3.0,1,303,,,,,,,0.0,0.0,0.0,29.4496,100.0,6.3151,4.0,32,7473980
glove25-25-angular,euclidean,mod-vamana,0.96,1.0,32,64,1399,25,1,1399,1183514,1183514,coverage_to_degree,97.5,,4.197,4.0,1,32,3.0,1,327,,,,,,,0.0,0.0,0.0,29.4496,100.0,6.3151,4.0,32,7473980
glove25-25-angular,euclidean,mod-vamana,0.96,1.0,32,64,1399,25,1,1399,1183514,1183514,coverage_to_degree,98.0,,4.433,4.0,1,32,3.0,1,360,,,,,,,0.0,0.0,0.0,29.4496,100.0,6.3151,4.0,32,7473980
glove25-25-angular,euclidean,mod-vamana,0.96,1.0,32,64,1399,25,1,1399,1183514,1183514,coverage_to_degree,98.5,,4.718,4.0,1,32,4.0,1,391,,,,,,,0.0,0.0,0.0,29.4496,100.0,6.3151,4.0,32,7473980
glove25-25-angular,euclidean,mod-vamana,0.96,1.0,32,64,1399,25,1,1399,1183514,1183514,coverage_to_degree,99.0,,5.077,4.0,1,32,4.0,1,431,,,,,,,0.0,0.0,0.0,29.4496,100.0,6.3151,4.0,32,7473980
glove25-25-angular,euclidean,mod-vamana,0.96,1.0,32,64,1399,25,1,1399,1183514,1183514,coverage_to_degree,99.5,,5.56,4.0,1,32,4.0,1,484,,,,,,,0.0,0.0,0.0,29.4496,100.0,6.3151,4.0,32,7473980
glove25-25-angular,euclidean,mod-vamana,0.96,1.0,32,64,1399,25,1,1399,1183514,1183514,coverage_to_degree,100.0,,6.187,4.0,1,32,4.0,1,542,,,,,,,0.0,0.0,0.0,29.4496,100.0,6.3151,4.0,32,7473980
glove25-25-angular,euclidean,mod-vamana,0.96,1.0,32,64,1399,25,1,1399,1183514,1183514,edge_to_coverage,,1,,,,,,,,820786.713,914495.0,0,1183514,1117457,1166541,0.0,0.0,0.0,29.4496,100.0,6.3151,4.0,32,7473980
glove25-25-angular,euclidean,mod-vamana,0.96,1.0,32,64,1399,25,1,1399,1183514,1183514,edge_to_coverage,,2,,,,,,,,1022386.522,1101455.0,0,1183514,1092876,1163519,0.0,0.0,0.0,29.4496,100.0,6.3151,4.0,32,7473980
glove25-25-angular,euclidean,mod-vamana,0.96,1.0,32,64,1399,25,1,1399,1183514,1183514,edge_to_coverage,,3,,,,,,,,1095660.787,1142061.0,4230,1183514,1073513,1161688,0.0,0.0,0.0,29.4496,100.0,6.3151,4.0,32,7473980
glove25-25-angular,euclidean,mod-vamana,0.96,1.0,32,64,1399,25,1,1399,1183514,1183514,edge_to_coverage,,4,,,,,,,,1127789.831,1153059.0,21995,1183514,1054288,1159705,0.0,0.0,0.0,29.4496,100.0,6.3151,4.0,32,7473980
glove25-25-angular,euclidean,mod-vamana,0.96,1.0,32,64,1399,25,1,1399,1183514,1183514,edge_to_coverage,,5,,,,,,,,1143712.449,1158135.0,22841,1183514,1035161,1157566,0.0,0.0,0.0,29.4496,100.0,6.3151,4.0,32,7473980
glove25-25-angular,euclidean,mod-vamana,0.96,1.0,32,64,1399,25,1,1399,1183514,1183514,edge_to_coverage,,6,,,,,,,,1152278.627,1161519.0,90519,1183514,1016525,1155341,0.0,0.0,0.0,29.4496,100.0,6.3151,4.0,32,7473980
glove25-25-angular,euclidean,mod-vamana,0.96,1.0,32,64,1399,25,1,1399,1183514,1183514,edge_to_coverage,,7,,,,,,,,1157156.717,1163211.0,134509,1183514,998409,1153037,0.0,0.0,0.0,29.4496,100.0,6.3151,4.0,32,7473980
glove25-25-angular,euclidean,mod-vamana,0.96,1.0,32,64,1399,25,1,1399,1183514,1183514,edge_to_coverage,,8,,,,,,,,1160093.034,1164903.0,221645,1183514,981599,1150772,0.0,0.0,0.0,29.4496,100.0,6.3151,4.0,32,7473980
glove25-25-angular,euclidean,mod-vamana,0.96,1.0,32,64,1399,25,1,1399,1183514,1183514,edge_to_coverage,,9,,,,,,,,1161904.668,1165749.0,286784,1183514,965955,1148525,0.0,0.0,0.0,29.4496,100.0,6.3151,4.0,32,7473980
glove25-25-angular,euclidean,mod-vamana,0.96,1.0,32,64,1399,25,1,1399,1183514,1183514,edge_to_coverage,,10,,,,,,,,1163060.129,1166595.0,348540,1183514,951980,1146310,0.0,0.0,0.0,29.4496,100.0,6.3151,4.0,32,7473980
glove25-25-angular,euclidean,mod-vamana,0.96,1.0,32,64,1399,25,1,1399,1183514,1183514,edge_to_coverage,,11,,,,,,,,1163824.876,1167441.0,348540,1183514,939907,1144160,0.0,0.0,0.0,29.4496,100.0,6.3151,4.0,32,7473980
glove25-25-angular,euclidean,mod-vamana,0.96,1.0,32,64,1399,25,1,1399,1183514,1183514,edge_to_coverage,,12,,,,,,,,1164329.252,1168287.0,348540,1183514,929221,1142130,0.0,0.0,0.0,29.4496,100.0,6.3151,4.0,32,7473980
glove25-25-angular,euclidean,mod-vamana,0.96,1.0,32,64,1399,25,1,1399,1183514,1183514,edge_to_coverage,,13,,,,,,,,1164676.178,1168287.0,348540,1183514,920047,1140170,0.0,0.0,0.0,29.4496,100.0,6.3151,4.0,32,7473980
glove25-25-angular,euclidean,mod-vamana,0.96,1.0,32,64,1399,25,1,1399,1183514,1183514,edge_to_coverage,,14,,,,,,,,1164921.796,1168287.0,348540,1183514,912129,1138335,0.0,0.0,0.0,29.4496,100.0,6.3151,4.0,32,7473980
glove25-25-angular,euclidean,mod-vamana,0.96,1.0,32,64,1399,25,1,1399,1183514,1183514,edge_to_coverage,,15,,,,,,,,1165090.81,1168287.0,348540,1183514,905765,1136658,0.0,0.0,0.0,29.4496,100.0,6.3151,4.0,32,7473980
glove25-25-angular,euclidean,mod-vamana,0.96,1.0,32,64,1399,25,1,1399,1183514,1183514,edge_to_coverage,,16,,,,,,,,1165211.671,1169132.0,348540,1183514,900463,1135073,0.0,0.0,0.0,29.4496,100.0,6.3151,4.0,32,7473980
glove25-25-angular,euclidean,mod-vamana,0.96,1.0,32,64,1399,25,1,1399,1183514,1183514,edge_to_coverage,,17,,,,,,,,1165298.057,1169132.0,348540,1183514,896248,1133620,0.0,0.0,0.0,29.4496,100.0,6.3151,4.0,32,7473980
glove25-25-angular,euclidean,mod-vamana,0.96,1.0,32,64,1399,25,1,1399,1183514,1183514,edge_to_coverage,,18,,,,,,,,1165361.817,1169132.0,348540,1183514,892822,1132283,0.0,0.0,0.0,29.4496,100.0,6.3151,4.0,32,7473980
glove25-25-angular,euclidean,mod-vamana,0.96,1.0,32,64,1399,25,1,1399,1183514,1183514,edge_to_coverage,,19,,,,,,,,1165407.224,1169132.0,348540,1183514,890072,1131085,0.0,0.0,0.0,29.4496,100.0,6.3151,4.0,32,7473980
glove25-25-angular,euclidean,mod-vamana,0.96,1.0,32,64,1399,25,1,1399,1183514,1183514,edge_to_coverage,,20,,,,,,,,1165440.566,1169132.0,348540,1183514,887784,1129984,0.0,0.0,0.0,29.4496,100.0,6.3151,4.0,32,7473980
glove25-25-angular,euclidean,mod-vamana,0.96,1.0,32,64,1399,25,1,1399,1183514,1183514,edge_to_coverage,,21,,,,,,,,1165464.741,1169132.0,348540,1183514,886132,1129001,0.0,0.0,0.0,29.4496,100.0,6.3151,4.0,32,7473980
glove25-25-angular,euclidean,mod-vamana,0.96,1.0,32,64,1399,25,1,1399,1183514,1183514,edge_to_coverage,,22,,,,,,,,1165482.563,1169132.0,348540,1183514,884893,1128182,0.0,0.0,0.0,29.4496,100.0,6.3151,4.0,32,7473980
glove25-25-angular,euclidean,mod-vamana,0.96,1.0,32,64,1399,25,1,1399,1183514,1183514,edge_to_coverage,,23,,,,,,,,1165495.833,1169132.0,348540,1183514,883954,1127443,0.0,0.0,0.0,29.4496,100.0,6.3151,4.0,32,7473980
glove25-25-angular,euclidean,mod-vamana,0.96,1.0,32,64,1399,25,1,1399,1183514,1183514,edge_to_coverage,,24,,,,,,,,1165505.876,1169132.0,348540,1183514,883236,1126823,0.0,0.0,0.0,29.4496,100.0,6.3151,4.0,32,7473980
glove25-25-angular,euclidean,mod-vamana,0.96,1.0,32,64,1399,25,1,1399,1183514,1183514,edge_to_coverage,,25,,,,,,,,1165512.904,1169132.0,348540,1183514,882726,1126295,0.0,0.0,0.0,29.4496,100.0,6.3151,4.0,32,7473980
glove25-25-angular,euclidean,mod-vamana,0.96,1.0,32,64,1399,25,1,1399,1183514,1183514,edge_to_coverage,,26,,,,,,,,1165517.699,1169132.0,348540,1183514,882373,1125815,0.0,0.0,0.0,29.4496,100.0,6.3151,4.0,32,7473980
glove25-25-angular,euclidean,mod-vamana,0.96,1.0,32,64,1399,25,1,1399,1183514,1183514,edge_to_coverage,,27,,,,,,,,1165521.236,1169132.0,348540,1183514,882079,1125452,0.0,0.0,0.0,29.4496,100.0,6.3151,4.0,32,7473980
glove25-25-angular,euclidean,mod-vamana,0.96,1.0,32,64,1399,25,1,1399,1183514,1183514,edge_to_coverage,,28,,,,,,,,1165523.614,1169132.0,348540,1183514,881934,1125168,0.0,0.0,0.0,29.4496,100.0,6.3151,4.0,32,7473980
glove25-25-angular,euclidean,mod-vamana,0.96,1.0,32,64,1399,25,1,1399,1183514,1183514,edge_to_coverage,,29,,,,,,,,1165525.283,1169132.0,348540,1183514,881825,1124965,0.0,0.0,0.0,29.4496,100.0,6.3151,4.0,32,7473980
glove25-25-angular,euclidean,mod-vamana,0.96,1.0,32,64,1399,25,1,1399,1183514,1183514,edge_to_coverage,,30,,,,,,,,1165526.311,1169132.0,348540,1183514,881755,1124822,0.0,0.0,0.0,29.4496,100.0,6.3151,4.0,32,7473980
glove25-25-angular,euclidean,mod-vamana,0.96,1.0,32,64,1399,25,1,1399,1183514,1183514,edge_to_coverage,,31,,,,,,,,1165526.922,1169132.0,348540,1183514,881707,1124743,0.0,0.0,0.0,29.4496,100.0,6.3151,4.0,32,7473980
glove25-25-angular,euclidean,mod-vamana,0.96,1.0,32,64,1399,25,1,1399,1183514,1183514,edge_to_coverage,,32,,,,,,,,1165527.178,1169132.0,348540,1183514,881688,1124701,0.0,0.0,0.0,29.4496,100.0,6.3151,4.0,32,7473980
glove25-25-angular,euclidean,mod-vamana,0.97,1.0,32,64,1399,25,1,1399,1183514,1183514,coverage_to_degree,90.0,,2.57,2.0,1,31,3.0,1,62,,,,,,,0.0,0.0,0.0,29.4496,100.0,6.9443,5.0,32,8218730
glove25-25-angular,euclidean,mod-vamana,0.97,1.0,32,64,1399,25,1,1399,1183514,1183514,coverage_to_degree,90.5,,2.624,2.0,1,31,3.0,1,62,,,,,,,0.0,0.0,0.0,29.4496,100.0,6.9443,5.0,32,8218730
glove25-25-angular,euclidean,mod-vamana,0.97,1.0,32,64,1399,25,1,1399,1183514,1183514,coverage_to_degree,91.0,,2.682,2.0,1,31,3.0,1,62,,,,,,,0.0,0.0,0.0,29.4496,100.0,6.9443,5.0,32,8218730
glove25-25-angular,euclidean,mod-vamana,0.97,1.0,32,64,1399,25,1,1399,1183514,1183514,coverage_to_degree,91.5,,2.744,2.0,1,31,3.0,1,68,,,,,,,0.0,0.0,0.0,29.4496,100.0,6.9443,5.0,32,8218730
glove25-25-angular,euclidean,mod-vamana,0.97,1.0,32,64,1399,25,1,1399,1183514,1183514,coverage_to_degree,92.0,,2.812,2.0,1,31,3.0,1,78,,,,,,,0.0,0.0,0.0,29.4496,100.0,6.9443,5.0,32,8218730
glove25-25-angular,euclidean,mod-vamana,0.97,1.0,32,64,1399,25,1,1399,1183514,1183514,coverage_to_degree,92.5,,2.886,2.0,1,31,3.0,1,82,,,,,,,0.0,0.0,0.0,29.4496,100.0,6.9443,5.0,32,8218730
glove25-25-angular,euclidean,mod-vamana,0.97,1.0,32,64,1399,25,1,1399,1183514,1183514,coverage_to_degree,93.0,,2.967,2.0,1,31,3.0,1,91,,,,,,,0.0,0.0,0.0,29.4496,100.0,6.9443,5.0,32,8218730
glove25-25-angular,euclidean,mod-vamana,0.97,1.0,32,64,1399,25,1,1399,1183514,1183514,coverage_to_degree,93.5,,3.055,3.0,1,31,3.0,1,101,,,,,,,0.0,0.0,0.0,29.4496,100.0,6.9443,5.0,32,8218730
glove25-25-angular,euclidean,mod-vamana,0.97,1.0,32,64,1399,25,1,1399,1183514,1183514,coverage_to_degree,94.0,,3.154,3.0,1,31,3.0,1,116,,,,,,,0.0,0.0,0.0,29.4496,100.0,6.9443,5.0,32,8218730
glove25-25-angular,euclidean,mod-vamana,0.97,1.0,32,64,1399,25,1,1399,1183514,1183514,coverage_to_degree,94.5,,3.265,3.0,1,31,3.0,1,132,,,,,,,0.0,0.0,0.0,29.4496,100.0,6.9443,5.0,32,8218730
glove25-25-angular,euclidean,mod-vamana,0.97,1.0,32,64,1399,25,1,1399,1183514,1183514,coverage_to_degree,95.0,,3.39,3.0,1,31,3.0,1,150,,,,,,,0.0,0.0,0.0,29.4496,100.0,6.9443,5.0,32,8218730
glove25-25-angular,euclidean,mod-vamana,0.97,1.0,32,64,1399,25,1,1399,1183514,1183514,coverage_to_degree,95.5,,3.532,3.0,1,31,3.0,1,173,,,,,,,0.0,0.0,0.0,29.4496,100.0,6.9443,5.0,32,8218730
glove25-25-angular,euclidean,mod-vamana,0.97,1.0,32,64,1399,25,1,1399,1183514,1183514,coverage_to_degree,96.0,,3.695,3.0,1,31,3.0,1,192,,,,,,,0.0,0.0,0.0,29.4496,100.0,6.9443,5.0,32,8218730
glove25-25-angular,euclidean,mod-vamana,0.97,1.0,32,64,1399,25,1,1399,1183514,1183514,coverage_to_degree,96.5,,3.882,3.0,1,32,3.0,1,226,,,,,,,0.0,0.0,0.0,29.4496,100.0,6.9443,5.0,32,8218730
glove25-25-angular,euclidean,mod-vamana,0.97,1.0,32,64,1399,25,1,1399,1183514,1183514,coverage_to_degree,97.0,,4.095,3.0,1,32,4.0,1,261,,,,,,,0.0,0.0,0.0,29.4496,100.0,6.9443,5.0,32,8218730
glove25-25-angular,euclidean,mod-vamana,0.97,1.0,32,64,1399,25,1,1399,1183514,1183514,coverage_to_degree,97.5,,4.335,4.0,1,32,4.0,1,302,,,,,,,0.0,0.0,0.0,29.4496,100.0,6.9443,5.0,32,8218730
glove25-25-angular,euclidean,mod-vamana,0.97,1.0,32,64,1399,25,1,1399,1183514,1183514,coverage_to_degree,98.0,,4.614,4.0,1,32,4.0,1,344,,,,,,,0.0,0.0,0.0,29.4496,100.0,6.9443,5.0,32,8218730
glove25-25-angular,euclidean,mod-vamana,0.97,1.0,32,64,1399,25,1,1399,1183514,1183514,coverage_to_degree,98.5,,4.953,4.0,1,32,4.0,1,399,,,,,,,0.0,0.0,0.0,29.4496,100.0,6.9443,5.0,32,8218730
glove25-25-angular,euclidean,mod-vamana,0.97,1.0,32,64,1399,25,1,1399,1183514,1183514,coverage_to_degree,99.0,,5.387,4.0,1,32,4.0,1,454,,,,,,,0.0,0.0,0.0,29.4496,100.0,6.9443,5.0,32,8218730
glove25-25-angular,euclidean,mod-vamana,0.97,1.0,32,64,1399,25,1,1399,1183514,1183514,coverage_to_degree,99.5,,5.985,5.0,1,32,4.0,1,528,,,,,,,0.0,0.0,0.0,29.4496,100.0,6.9443,5.0,32,8218730
glove25-25-angular,euclidean,mod-vamana,0.97,1.0,32,64,1399,25,1,1399,1183514,1183514,coverage_to_degree,100.0,,6.78,5.0,1,32,5.0,1,605,,,,,,,0.0,0.0,0.0,29.4496,100.0,6.9443,5.0,32,8218730
glove25-25-angular,euclidean,mod-vamana,0.97,1.0,32,64,1399,25,1,1399,1183514,1183514,edge_to_coverage,,1,,,,,,,,819461.441,911957.0,0,1183514,1117581,1166643,0.0,0.0,0.0,29.4496,100.0,6.9443,5.0,32,8218730
glove25-25-angular,euclidean,mod-vamana,0.97,1.0,32,64,1399,25,1,1399,1183514,1183514,edge_to_coverage,,2,,,,,,,,1022433.21,1100609.0,0,1183514,1088936,1163289,0.0,0.0,0.0,29.4496,100.0,6.9443,5.0,32,8218730
glove25-25-angular,euclidean,mod-vamana,0.97,1.0,32,64,1399,25,1,1399,1183514,1183514,edge_to_coverage,,3,,,,,,,,1096721.908,1145445.0,4230,1183514,1065749,1161220,0.0,0.0,0.0,29.4496,100.0,6.9443,5.0,32,8218730
glove25-25-angular,euclidean,mod-vamana,0.97,1.0,32,64,1399,25,1,1399,1183514,1183514,edge_to_coverage,,4,,,,,,,,1129597.103,1157289.0,31301,1183514,1042126,1158908,0.0,0.0,0.0,29.4496,100.0,6.9443,5.0,32,8218730
glove25-25-angular,euclidean,mod-vamana,0.97,1.0,32,64,1399,25,1,1399,1183514,1183514,edge_to_coverage,,5,,,,,,,,1146054.587,1162365.0,60910,1183514,1018229,1156345,0.0,0.0,0.0,29.4496,100.0,6.9443,5.0,32,8218730
glove25-25-angular,euclidean,mod-vamana,0.97,1.0,32,64,1399,25,1,1399,1183514,1183514,edge_to_coverage,,6,,,,,,,,1155013.517,1164903.0,67678,1183514,994746,1153658,0.0,0.0,0.0,29.4496,100.0,6.9443,5.0,32,8218730
glove25-25-angular,euclidean,mod-vamana,0.97,1.0,32,64,1399,25,1,1399,1183514,1183514,edge_to_coverage,,7,,,,,,,,1160207.866,1166595.0,95595,1183514,971616,1150872,0.0,0.0,0.0,29.4496,100.0,6.9443,5.0,32,8218730
glove25-25-angular,euclidean,mod-vamana,0.97,1.0,32,64,1399,25,1,1399,1183514,1183514,edge_to_coverage,,8,,,,,,,,1163356.156,1168287.0,221645,1183514,950168,1148100,0.0,0.0,0.0,29.4496,100.0,6.9443,5.0,32,8218730
glove25-25-angular,euclidean,mod-vamana,0.97,1.0,32,64,1399,25,1,1399,1183514,1183514,edge_to_coverage,,9,,,,,,,,1165332.396,1169132.0,259713,1183514,930215,1145254,0.0,0.0,0.0,29.4496,100.0,6.9443,5.0,32,8218730
glove25-25-angular,euclidean,mod-vamana,0.97,1.0,32,64,1399,25,1,1399,1183514,1183514,edge_to_coverage,,10,,,,,,,,1166602.656,1169978.0,348540,1183514,912411,1142452,0.0,0.0,0.0,29.4496,100.0,6.9443,5.0,32,8218730
glove25-25-angular,euclidean,mod-vamana,0.97,1.0,32,64,1399,25,1,1399,1183514,1183514,edge_to_coverage,,11,,,,,,,,1167454.957,1170824.0,348540,1183514,896763,1139755,0.0,0.0,0.0,29.4496,100.0,6.9443,5.0,32,8218730
glove25-25-angular,euclidean,mod-vamana,0.97,1.0,32,64,1399,25,1,1399,1183514,1183514,edge_to_coverage,,12,,,,,,,,1168028.274,1170824.0,348540,1183514,883121,1137040,0.0,0.0,0.0,29.4496,100.0,6.9443,5.0,32,8218730
glove25-25-angular,euclidean,mod-vamana,0.97,1.0,32,64,1399,25,1,1399,1183514,1183514,edge_to_coverage,,13,,,,,,,,1168424.868,1171670.0,348540,1183514,871508,1134538,0.0,0.0,0.0,29.4496,100.0,6.9443,5.0,32,8218730
glove25-25-angular,euclidean,mod-vamana,0.97,1.0,32,64,1399,25,1,1399,1183514,1183514,edge_to_coverage,,14,,,,,,,,1168705.781,1171670.0,348540,1183514,861621,1132170,0.0,0.0,0.0,29.4496,100.0,6.9443,5.0,32,8218730
glove25-25-angular,euclidean,mod-vamana,0.97,1.0,32,64,1399,25,1,1399,1183514,1183514,edge_to_coverage,,15,,,,,,,,1168902.535,1171670.0,348540,1183514,853640,1129913,0.0,0.0,0.0,29.4496,100.0,6.9443,5.0,32,8218730
glove25-25-angular,euclidean,mod-vamana,0.97,1.0,32,64,1399,25,1,1399,1183514,1183514,edge_to_coverage,,16,,,,,,,,1169043.29,1171670.0,348540,1183514,846951,1127786,0.0,0.0,0.0,29.4496,100.0,6.9443,5.0,32,8218730
glove25-25-angular,euclidean,mod-vamana,0.97,1.0,32,64,1399,25,1,1399,1183514,1183514,edge_to_coverage,,17,,,,,,,,1169144.992,1171670.0,348540,1183514,841537,1125793,0.0,0.0,0.0,29.4496,100.0,6.9443,5.0,32,8218730
glove25-25-angular,euclidean,mod-vamana,0.97,1.0,32,64,1399,25,1,1399,1183514,1183514,edge_to_coverage,,18,,,,,,,,1169218.665,1172516.0,348540,1183514,837288,1124102,0.0,0.0,0.0,29.4496,100.0,6.9443,5.0,32,8218730
glove25-25-angular,euclidean,mod-vamana,0.97,1.0,32,64,1399,25,1,1399,1183514,1183514,edge_to_coverage,,19,,,,,,,,1169273.38,1172516.0,348540,1183514,833843,1122523,0.0,0.0,0.0,29.4496,100.0,6.9443,5.0,32,8218730
glove25-25-angular,euclidean,mod-vamana,0.97,1.0,32,64,1399,25,1,1399,1183514,1183514,edge_to_coverage,,20,,,,,,,,1169312.693,1172516.0,348540,1183514,831192,1121118,0.0,0.0,0.0,29.4496,100.0,6.9443,5.0,32,8218730
glove25-25-angular,euclidean,mod-vamana,0.97,1.0,32,64,1399,25,1,1399,1183514,1183514,edge_to_coverage,,21,,,,,,,,1169341.954,1172516.0,348540,1183514,829205,1119901,0.0,0.0,0.0,29.4496,100.0,6.9443,5.0,32,8218730
glove25-25-angular,euclidean,mod-vamana,0.97,1.0,32,64,1399,25,1,1399,1183514,1183514,edge_to_coverage,,22,,,,,,,,1169363.545,1172516.0,348540,1183514,827646,1118740,0.0,0.0,0.0,29.4496,100.0,6.9443,5.0,32,8218730
glove25-25-angular,euclidean,mod-vamana,0.97,1.0,32,64,1399,25,1,1399,1183514,1183514,edge_to_coverage,,23,,,,,,,,1169379.358,1172516.0,348540,1183514,826528,1117750,0.0,0.0,0.0,29.4496,100.0,6.9443,5.0,32,8218730
glove25-25-angular,euclidean,mod-vamana,0.97,1.0,32,64,1399,25,1,1399,1183514,1183514,edge_to_coverage,,24,,,,,,,,1169391.313,1172516.0,348540,1183514,825601,1116901,0.0,0.0,0.0,29.4496,100.0,6.9443,5.0,32,8218730
glove25-25-angular,euclidean,mod-vamana,0.97,1.0,32,64,1399,25,1,1399,1183514,1183514,edge_to_coverage,,25,,,,,,,,1169399.923,1172516.0,348540,1183514,824974,1116178,0.0,0.0,0.0,29.4496,100.0,6.9443,5.0,32,8218730
glove25-25-angular,euclidean,mod-vamana,0.97,1.0,32,64,1399,25,1,1399,1183514,1183514,edge_to_coverage,,26,,,,,,,,1169406.357,1172516.0,348540,1183514,824552,1115571,0.0,0.0,0.0,29.4496,100.0,6.9443,5.0,32,8218730
glove25-25-angular,euclidean,mod-vamana,0.97,1.0,32,64,1399,25,1,1399,1183514,1183514,edge_to_coverage,,27,,,,,,,,1169410.691,1172516.0,348540,1183514,824220,1115079,0.0,0.0,0.0,29.4496,100.0,6.9443,5.0,32,8218730
glove25-25-angular,euclidean,mod-vamana,0.97,1.0,32,64,1399,25,1,1399,1183514,1183514,edge_to_coverage,,28,,,,,,,,1169413.755,1172516.0,348540,1183514,823974,1114713,0.0,0.0,0.0,29.4496,100.0,6.9443,5.0,32,8218730
glove25-25-angular,euclidean,mod-vamana,0.97,1.0,32,64,1399,25,1,1399,1183514,1183514,edge_to_coverage,,29,,,,,,,,1169415.697,1172516.0,348540,1183514,823839,1114466,0.0,0.0,0.0,29.4496,100.0,6.9443,5.0,32,8218730
glove25-25-angular,euclidean,mod-vamana,0.97,1.0,32,64,1399,25,1,1399,1183514,1183514,edge_to_coverage,,30,,,,,,,,1169417.094,1172516.0,348540,1183514,823754,1114260,0.0,0.0,0.0,29.4496,100.0,6.9443,5.0,32,8218730
glove25-25-angular,euclidean,mod-vamana,0.97,1.0,32,64,1399,25,1,1399,1183514,1183514,edge_to_coverage,,31,,,,,,,,1169418.042,1172516.0,348540,1183514,823688,1114150,0.0,0.0,0.0,29.4496,100.0,6.9443,5.0,32,8218730
glove25-25-angular,euclidean,mod-vamana,0.97,1.0,32,64,1399,25,1,1399,1183514,1183514,edge_to_coverage,,32,,,,,,,,1169418.418,1172516.0,348540,1183514,823661,1114087,0.0,0.0,0.0,29.4496,100.0,6.9443,5.0,32,8218730
glove25-25-angular,euclidean,mod-vamana,0.98,1.0,32,64,1399,25,1,1399,1183514,1183514,coverage_to_degree,90.0,,2.579,2.0,1,32,3.0,1,59,,,,,,,0.0,0.0,0.0,29.4496,100.0,7.8801,6.0,32,9326201
glove25-25-angular,euclidean,mod-vamana,0.98,1.0,32,64,1399,25,1,1399,1183514,1183514,coverage_to_degree,90.5,,2.633,2.0,1,32,3.0,1,61,,,,,,,0.0,0.0,0.0,29.4496,100.0,7.8801,6.0,32,9326201
glove25-25-angular,euclidean,mod-vamana,0.98,1.0,32,64,1399,25,1,1399,1183514,1183514,coverage_to_degree,91.0,,2.69,2.0,1,32,3.0,1,62,,,,,,,0.0,0.0,0.0,29.4496,100.0,7.8801,6.0,32,9326201
glove25-25-angular,euclidean,mod-vamana,0.98,1.0,32,64,1399,25,1,1399,1183514,1183514,coverage_to_degree,91.5,,2.754,2.0,1,32,3.0,1,75,,,,,,,0.0,0.0,0.0,29.4496,100.0,7.8801,6.0,32,9326201
glove25-25-angular,euclidean,mod-vamana,0.98,1.0,32,64,1399,25,1,1399,1183514,1183514,coverage_to_degree,92.0,,2.822,2.0,1,32,3.0,1,82,,,,,,,0.0,0.0,0.0,29.4496,100.0,7.8801,6.0,32,9326201
glove25-25-angular,euclidean,mod-vamana,0.98,1.0,32,64,1399,25,1,1399,1183514,1183514,coverage_to_degree,92.5,,2.896,2.0,1,32,3.0,1,88,,,,,,,0.0,0.0,0.0,29.4496,100.0,7.8801,6.0,32,9326201
glove25-25-angular,euclidean,mod-vamana,0.98,1.0,32,64,1399,25,1,1399,1183514,1183514,coverage_to_degree,93.0,,2.977,3.0,1,32,3.0,1,100,,,,,,,0.0,0.0,0.0,29.4496,100.0,7.8801,6.0,32,9326201
glove25-25-angular,euclidean,mod-vamana,0.98,1.0,32,64,1399,25,1,1399,1183514,1183514,coverage_to_degree,93.5,,3.066,3.0,1,32,3.0,1,112,,,,,,,0.0,0.0,0.0,29.4496,100.0,7.8801,6.0,32,9326201
glove25-25-angular,euclidean,mod-vamana,0.98,1.0,32,64,1399,25,1,1399,1183514,1183514,coverage_to_degree,94.0,,3.166,3.0,1,32,3.0,1,123,,,,,,,0.0,0.0,0.0,29.4496,100.0,7.8801,6.0,32,9326201
glove25-25-angular,euclidean,mod-vamana,0.98,1.0,32,64,1399,25,1,1399,1183514,1183514,coverage_to_degree,94.5,,3.277,3.0,1,32,3.0,1,140,,,,,,,0.0,0.0,0.0,29.4496,100.0,7.8801,6.0,32,9326201
glove25-25-angular,euclidean,mod-vamana,0.98,1.0,32,64,1399,25,1,1399,1183514,1183514,coverage_to_degree,95.0,,3.402,3.0,1,32,3.0,1,153,,,,,,,0.0,0.0,0.0,29.4496,100.0,7.8801,6.0,32,9326201
glove25-25-angular,euclidean,mod-vamana,0.98,1.0,32,64,1399,25,1,1399,1183514,1183514,coverage_to_degree,95.5,,3.545,3.0,1,32,3.0,1,171,,,,,,,0.0,0.0,0.0,29.4496,100.0,7.8801,6.0,32,9326201
glove25-25-angular,euclidean,mod-vamana,0.98,1.0,32,64,1399,25,1,1399,1183514,1183514,coverage_to_degree,96.0,,3.712,3.0,1,32,3.0,1,194,,,,,,,0.0,0.0,0.0,29.4496,100.0,7.8801,6.0,32,9326201
glove25-25-angular,euclidean,mod-vamana,0.98,1.0,32,64,1399,25,1,1399,1183514,1183514,coverage_to_degree,96.5,,3.908,3.0,1,32,4.0,1,219,,,,,,,0.0,0.0,0.0,29.4496,100.0,7.8801,6.0,32,9326201
glove25-25-angular,euclidean,mod-vamana,0.98,1.0,32,64,1399,25,1,1399,1183514,1183514,coverage_to_degree,97.0,,4.145,4.0,1,32,4.0,1,244,,,,,,,0.0,0.0,0.0,29.4496,100.0,7.8801,6.0,32,9326201
glove25-25-angular,euclidean,mod-vamana,0.98,1.0,32,64,1399,25,1,1399,1183514,1183514,coverage_to_degree,97.5,,4.433,4.0,1,32,4.0,1,291,,,,,,,0.0,0.0,0.0,29.4496,100.0,7.8801,6.0,32,9326201
glove25-25-angular,euclidean,mod-vamana,0.98,1.0,32,64,1399,25,1,1399,1183514,1183514,coverage_to_degree,98.0,,4.783,4.0,1,32,4.0,1,340,,,,,,,0.0,0.0,0.0,29.4496,100.0,7.8801,6.0,32,9326201
glove25-25-angular,euclidean,mod-vamana,0.98,1.0,32,64,1399,25,1,1399,1183514,1183514,coverage_to_degree,98.5,,5.211,4.0,1,32,4.0,1,388,,,,,,,0.0,0.0,0.0,29.4496,100.0,7.8801,6.0,32,9326201
glove25-25-angular,euclidean,mod-vamana,0.98,1.0,32,64,1399,25,1,1399,1183514,1183514,coverage_to_degree,99.0,,5.764,5.0,1,32,4.0,1,484,,,,,,,0.0,0.0,0.0,29.4496,100.0,7.8801,6.0,32,9326201
glove25-25-angular,euclidean,mod-vamana,0.98,1.0,32,64,1399,25,1,1399,1183514,1183514,coverage_to_degree,99.5,,6.553,5.0,1,32,5.0,1,585,,,,,,,0.0,0.0,0.0,29.4496,100.0,7.8801,6.0,32,9326201
glove25-25-angular,euclidean,mod-vamana,0.98,1.0,32,64,1399,25,1,1399,1183514,1183514,coverage_to_degree,100.0,,7.649,6.0,1,32,6.0,1,720,,,,,,,0.0,0.0,0.0,29.4496,100.0,7.8801,6.0,32,9326201
glove25-25-angular,euclidean,mod-vamana,0.98,1.0,32,64,1399,25,1,1399,1183514,1183514,edge_to_coverage,,1,,,,,,,,817571.368,908573.0,0,1183514,1118205,1166506,0.0,0.0,0.0,29.4496,100.0,7.8801,6.0,32,9326201
glove25-25-angular,euclidean,mod-vamana,0.98,1.0,32,64,1399,25,1,1399,1183514,1183514,edge_to_coverage,,2,,,,,,,,1022217.734,1099763.0,0,1183514,1082729,1162534,0.0,0.0,0.0,29.4496,100.0,7.8801,6.0,32,9326201
glove25-25-angular,euclidean,mod-vamana,0.98,1.0,32,64,1399,25,1,1399,1183514,1183514,edge_to_coverage,,3,,,,,,,,1097593.734,1146291.0,4230,1183514,1051845,1160006,0.0,0.0,0.0,29.4496,100.0,7.8801,6.0,32,9326201
glove25-25-angular,euclidean,mod-vamana,0.98,1.0,32,64,1399,25,1,1399,1183514,1183514,edge_to_coverage,,4,,,,,,,,1131142.584,1160673.0,21995,1183514,1019766,1157119,0.0,0.0,0.0,29.4496,100.0,7.8801,6.0,32,9326201
glove25-25-angular,euclidean,mod-vamana,0.98,1.0,32,64,1399,25,1,1399,1183514,1183514,edge_to_coverage,,5,,,,,,,,1148152.903,1165749.0,22841,1183514,987174,1153907,0.0,0.0,0.0,29.4496,100.0,7.8801,6.0,32,9326201
glove25-25-angular,euclidean,mod-vamana,0.98,1.0,32,64,1399,25,1,1399,1183514,1183514,edge_to_coverage,,6,,,,,,,,1157541.167,1169132.0,90519,1183514,954120,1150317,0.0,0.0,0.0,29.4496,100.0,7.8801,6.0,32,9326201
glove25-25-angular,euclidean,mod-vamana,0.98,1.0,32,64,1399,25,1,1399,1183514,1183514,edge_to_coverage,,7,,,,,,,,1163035.603,1170824.0,118436,1183514,922203,1146625,0.0,0.0,0.0,29.4496,100.0,7.8801,6.0,32,9326201
glove25-25-angular,euclidean,mod-vamana,0.98,1.0,32,64,1399,25,1,1399,1183514,1183514,edge_to_coverage,,8,,,,,,,,1166429.682,1171670.0,122666,1183514,892099,1142922,0.0,0.0,0.0,29.4496,100.0,7.8801,6.0,32,9326201
glove25-25-angular,euclidean,mod-vamana,0.98,1.0,32,64,1399,25,1,1399,1183514,1183514,edge_to_coverage,,9,,,,,,,,1168599.103,1172516.0,125204,1183514,864617,1139093,0.0,0.0,0.0,29.4496,100.0,7.8801,6.0,32,9326201
glove25-25-angular,euclidean,mod-vamana,0.98,1.0,32,64,1399,25,1,1399,1183514,1183514,edge_to_coverage,,10,,,,,,,,1170028.276,1173362.0,129434,1183514,840360,1135243,0.0,0.0,0.0,29.4496,100.0,7.8801,6.0,32,9326201
glove25-25-angular,euclidean,mod-vamana,0.98,1.0,32,64,1399,25,1,1399,1183514,1183514,edge_to_coverage,,11,,,,,,,,1170983.823,1174208.0,154813,1183514,818730,1131429,0.0,0.0,0.0,29.4496,100.0,7.8801,6.0,32,9326201
glove25-25-angular,euclidean,mod-vamana,0.98,1.0,32,64,1399,25,1,1399,1183514,1183514,edge_to_coverage,,12,,,,,,,,1171635.447,1174208.0,252945,1183514,800104,1127802,0.0,0.0,0.0,29.4496,100.0,7.8801,6.0,32,9326201
glove25-25-angular,euclidean,mod-vamana,0.98,1.0,32,64,1399,25,1,1399,1183514,1183514,edge_to_coverage,,13,,,,,,,,1172094.283,1175054.0,266481,1183514,784200,1124363,0.0,0.0,0.0,29.4496,100.0,7.8801,6.0,32,9326201
glove25-25-angular,euclidean,mod-vamana,0.98,1.0,32,64,1399,25,1,1399,1183514,1183514,edge_to_coverage,,14,,,,,,,,1172418.83,1175054.0,269865,1183514,771004,1121043,0.0,0.0,0.0,29.4496,100.0,7.8801,6.0,32,9326201
glove25-25-angular,euclidean,mod-vamana,0.98,1.0,32,64,1399,25,1,1399,1183514,1183514,edge_to_coverage,,15,,,,,,,,1172651.341,1175054.0,286784,1183514,760184,1117922,0.0,0.0,0.0,29.4496,100.0,7.8801,6.0,32,9326201
glove25-25-angular,euclidean,mod-vamana,0.98,1.0,32,64,1399,25,1,1399,1183514,1183514,edge_to_coverage,,16,,,,,,,,1172820.486,1175054.0,286784,1183514,751311,1115006,0.0,0.0,0.0,29.4496,100.0,7.8801,6.0,32,9326201
glove25-25-angular,euclidean,mod-vamana,0.98,1.0,32,64,1399,25,1,1399,1183514,1183514,edge_to_coverage,,17,,,,,,,,1172942.147,1175054.0,286784,1183514,744138,1112297,0.0,0.0,0.0,29.4496,100.0,7.8801,6.0,32,9326201
glove25-25-angular,euclidean,mod-vamana,0.98,1.0,32,64,1399,25,1,1399,1183514,1183514,edge_to_coverage,,18,,,,,,,,1173032.315,1175054.0,348540,1183514,738513,1109766,0.0,0.0,0.0,29.4496,100.0,7.8801,6.0,32,9326201
glove25-25-angular,euclidean,mod-vamana,0.98,1.0,32,64,1399,25,1,1399,1183514,1183514,edge_to_coverage,,19,,,,,,,,1173098.997,1175900.0,348540,1183514,734053,1107457,0.0,0.0,0.0,29.4496,100.0,7.8801,6.0,32,9326201
glove25-25-angular,euclidean,mod-vamana,0.98,1.0,32,64,1399,25,1,1399,1183514,1183514,edge_to_coverage,,20,,,,,,,,1173148.226,1175900.0,348540,1183514,730511,1105383,0.0,0.0,0.0,29.4496,100.0,7.8801,6.0,32,9326201
glove25-25-angular,euclidean,mod-vamana,0.98,1.0,32,64,1399,25,1,1399,1183514,1183514,edge_to_coverage,,21,,,,,,,,1173184.095,1175900.0,348540,1183514,727809,1103510,0.0,0.0,0.0,29.4496,100.0,7.8801,6.0,32,9326201
glove25-25-angular,euclidean,mod-vamana,0.98,1.0,32,64,1399,25,1,1399,1183514,1183514,edge_to_coverage,,22,,,,,,,,1173211.547,1175900.0,348540,1183514,725765,1101982,0.0,0.0,0.0,29.4496,100.0,7.8801,6.0,32,9326201
glove25-25-angular,euclidean,mod-vamana,0.98,1.0,32,64,1399,25,1,1399,1183514,1183514,edge_to_coverage,,23,,,,,,,,1173231.894,1175900.0,348540,1183514,724291,1100550,0.0,0.0,0.0,29.4496,100.0,7.8801,6.0,32,9326201
glove25-25-angular,euclidean,mod-vamana,0.98,1.0,32,64,1399,25,1,1399,1183514,1183514,edge_to_coverage,,24,,,,,,,,1173246.945,1175900.0,348540,1183514,723103,1099387,0.0,0.0,0.0,29.4496,100.0,7.8801,6.0,32,9326201
glove25-25-angular,euclidean,mod-vamana,0.98,1.0,32,64,1399,25,1,1399,1183514,1183514,edge_to_coverage,,25,,,,,,,,1173257.827,1175900.0,348540,1183514,722265,1098365,0.0,0.0,0.0,29.4496,100.0,7.8801,6.0,32,9326201
glove25-25-angular,euclidean,mod-vamana,0.98,1.0,32,64,1399,25,1,1399,1183514,1183514,edge_to_coverage,,26,,,,,,,,1173266.018,1175900.0,348540,1183514,721687,1097473,0.0,0.0,0.0,29.4496,100.0,7.8801,6.0,32,9326201
glove25-25-angular,euclidean,mod-vamana,0.98,1.0,32,64,1399,25,1,1399,1183514,1183514,edge_to_coverage,,27,,,,,,,,1173271.759,1175900.0,348540,1183514,721265,1096758,0.0,0.0,0.0,29.4496,100.0,7.8801,6.0,32,9326201
glove25-25-angular,euclidean,mod-vamana,0.98,1.0,32,64,1399,25,1,1399,1183514,1183514,edge_to_coverage,,28,,,,,,,,1173275.642,1175900.0,348540,1183514,721006,1096209,0.0,0.0,0.0,29.4496,100.0,7.8801,6.0,32,9326201
glove25-25-angular,euclidean,mod-vamana,0.98,1.0,32,64,1399,25,1,1399,1183514,1183514,edge_to_coverage,,29,,,,,,,,1173278.438,1175900.0,348540,1183514,720811,1095810,0.0,0.0,0.0,29.4496,100.0,7.8801,6.0,32,9326201
glove25-25-angular,euclidean,mod-vamana,0.98,1.0,32,64,1399,25,1,1399,1183514,1183514,edge_to_coverage,,30,,,,,,,,1173280.321,1175900.0,348540,1183514,720694,1095516,0.0,0.0,0.0,29.4496,100.0,7.8801,6.0,32,9326201
glove25-25-angular,euclidean,mod-vamana,0.98,1.0,32,64,1399,25,1,1399,1183514,1183514,edge_to_coverage,,31,,,,,,,,1173281.341,1175900.0,348540,1183514,720619,1095344,0.0,0.0,0.0,29.4496,100.0,7.8801,6.0,32,9326201
glove25-25-angular,euclidean,mod-vamana,0.98,1.0,32,64,1399,25,1,1399,1183514,1183514,edge_to_coverage,,32,,,,,,,,1173281.904,1175900.0,348540,1183514,720592,1095271,0.0,0.0,0.0,29.4496,100.0,7.8801,6.0,32,9326201
glove25-25-angular,euclidean,mod-vamana,0.99,1.0,32,64,1399,25,1,1399,1183514,1183514,coverage_to_degree,90.0,,2.589,2.0,1,31,3.0,1,55,,,,,,,0.0,0.0,0.0,31.308,100.0,9.5379,8.0,32,11288282
glove25-25-angular,euclidean,mod-vamana,0.99,1.0,32,64,1399,25,1,1399,1183514,1183514,coverage_to_degree,90.5,,2.644,2.0,1,31,3.0,1,59,,,,,,,0.0,0.0,0.0,31.308,100.0,9.5379,8.0,32,11288282
glove25-25-angular,euclidean,mod-vamana,0.99,1.0,32,64,1399,25,1,1399,1183514,1183514,coverage_to_degree,91.0,,2.703,2.0,1,31,3.0,1,62,,,,,,,0.0,0.0,0.0,31.308,100.0,9.5379,8.0,32,11288282
glove25-25-angular,euclidean,mod-vamana,0.99,1.0,32,64,1399,25,1,1399,1183514,1183514,coverage_to_degree,91.5,,2.766,2.0,1,31,3.0,1,69,,,,,,,0.0,0.0,0.0,31.308,100.0,9.5379,8.0,32,11288282
glove25-25-angular,euclidean,mod-vamana,0.99,1.0,32,64,1399,25,1,1399,1183514,1183514,coverage_to_degree,92.0,,2.835,2.0,1,31,3.0,1,74,,,,,,,0.0,0.0,0.0,31.308,100.0,9.5379,8.0,32,11288282
glove25-25-angular,euclidean,mod-vamana,0.99,1.0,32,64,1399,25,1,1399,1183514,1183514,coverage_to_degree,92.5,,2.91,2.0,1,31,3.0,1,79,,,,,,,0.0,0.0,0.0,31.308,100.0,9.5379,8.0,32,11288282
glove25-25-angular,euclidean,mod-vamana,0.99,1.0,32,64,1399,25,1,1399,1183514,1183514,coverage_to_degree,93.0,,2.992,3.0,1,32,3.0,1,88,,,,,,,0.0,0.0,0.0,31.308,100.0,9.5379,8.0,32,11288282
glove25-25-angular,euclidean,mod-vamana,0.99,1.0,32,64,1399,25,1,1399,1183514,1183514,coverage_to_degree,93.5,,3.082,3.0,1,32,3.0,1,100,,,,,,,0.0,0.0,0.0,31.308,100.0,9.5379,8.0,32,11288282
glove25-25-angular,euclidean,mod-vamana,0.99,1.0,32,64,1399,25,1,1399,1183514,1183514,coverage_to_degree,94.0,,3.183,3.0,1,32,3.0,1,107,,,,,,,0.0,0.0,0.0,31.308,100.0,9.5379,8.0,32,11288282
glove25-25-angular,euclidean,mod-vamana,0.99,1.0,32,64,1399,25,1,1399,1183514,1183514,coverage_to_degree,94.5,,3.296,3.0,1,32,3.0,1,115,,,,,,,0.0,0.0,0.0,31.308,100.0,9.5379,8.0,32,11288282
glove25-25-angular,euclidean,mod-vamana,0.99,1.0,32,64,1399,25,1,1399,1183514,1183514,coverage_to_degree,95.0,,3.422,3.0,1,32,3.0,1,126,,,,,,,0.0,0.0,0.0,31.308,100.0,9.5379,8.0,32,11288282
glove25-25-angular,euclidean,mod-vamana,0.99,1.0,32,64,1399,25,1,1399,1183514,1183514,coverage_to_degree,95.5,,3.567,3.0,1,32,3.0,1,143,,,,,,,0.0,0.0,0.0,31.308,100.0,9.5379,8.0,32,11288282
glove25-25-angular,euclidean,mod-vamana,0.99,1.0,32,64,1399,25,1,1399,1183514,1183514,coverage_to_degree,96.0,,3.735,3.0,1,32,3.0,1,165,,,,,,,0.0,0.0,0.0,31.308,100.0,9.5379,8.0,32,11288282
glove25-25-angular,euclidean,mod-vamana,0.99,1.0,32,64,1399,25,1,1399,1183514,1183514,coverage_to_degree,96.5,,3.934,3.0,1,32,4.0,1,193,,,,,,,0.0,0.0,0.0,31.308,100.0,9.5379,8.0,32,11288282
glove25-25-angular,euclidean,mod-vamana,0.99,1.0,32,64,1399,25,1,1399,1183514,1183514,coverage_to_degree,97.0,,4.176,4.0,1,32,4.0,1,216,,,,,,,0.0,0.0,0.0,31.308,100.0,9.5379,8.0,32,11288282
glove25-25-angular,euclidean,mod-vamana,0.99,1.0,32,64,1399,25,1,1399,1183514,1183514,coverage_to_degree,97.5,,4.477,4.0,1,32,4.0,1,254,,,,,,,0.0,0.0,0.0,31.308,100.0,9.5379,8.0,32,11288282
glove25-25-angular,euclidean,mod-vamana,0.99,1.0,32,64,1399,25,1,1399,1183514,1183514,coverage_to_degree,98.0,,4.868,4.0,1,32,4.0,1,312,,,,,,,0.0,0.0,0.0,31.308,100.0,9.5379,8.0,32,11288282
glove25-25-angular,euclidean,mod-vamana,0.99,1.0,32,64,1399,25,1,1399,1183514,1183514,coverage_to_degree,98.5,,5.402,5.0,1,32,5.0,1,390,,,,,,,0.0,0.0,0.0,31.308,100.0,9.5379,8.0,32,11288282
glove25-25-angular,euclidean,mod-vamana,0.99,1.0,32,64,1399,25,1,1399,1183514,1183514,coverage_to_degree,99.0,,6.169,5.0,1,32,5.0,1,490,,,,,,,0.0,0.0,0.0,31.308,100.0,9.5379,8.0,32,11288282
glove25-25-angular,euclidean,mod-vamana,0.99,1.0,32,64,1399,25,1,1399,1183514,1183514,coverage_to_degree,99.5,,7.346,6.0,1,32,6.0,1,683,,,,,,,0.0,0.0,0.0,31.308,100.0,9.5379,8.0,32,11288282
glove25-25-angular,euclidean,mod-vamana,0.99,1.0,32,64,1399,25,1,1399,1183514,1183514,coverage_to_degree,100.0,,9.141,7.0,1,32,7.0,1,916,,,,,,,0.0,0.0,0.0,31.308,100.0,9.5379,8.0,32,11288282
glove25-25-angular,euclidean,mod-vamana,0.99,1.0,32,64,1399,25,1,1399,1183514,1183514,edge_to_coverage,,1,,,,,,,,815081.564,904343.0,0,1183514,1119479,1166819,0.0,0.0,0.0,31.308,100.0,9.5379,8.0,32,11288282
glove25-25-angular,euclidean,mod-vamana,0.99,1.0,32,64,1399,25,1,1399,1183514,1183514,edge_to_coverage,,2,,,,,,,,1021838.509,1097225.0,0,1183514,1068969,1161360,0.0,0.0,0.0,31.308,100.0,9.5379,8.0,32,11288282
glove25-25-angular,euclidean,mod-vamana,0.99,1.0,32,64,1399,25,1,1399,1183514,1183514,edge_to_coverage,,3,,,,,,,,1098113.628,1145445.0,4230,1183514,1018260,1157607,0.0,0.0,0.0,31.308,100.0,9.5379,8.0,32,11288282
glove25-25-angular,euclidean,mod-vamana,0.99,1.0,32,64,1399,25,1,1399,1183514,1183514,edge_to_coverage,,4,,,,,,,,1132386.163,1163211.0,12690,1183514,963743,1153364,0.0,0.0,0.0,31.308,100.0,9.5379,8.0,32,11288282
glove25-25-angular,euclidean,mod-vamana,0.99,1.0,32,64,1399,25,1,1399,1183514,1183514,edge_to_coverage,,5,,,,,,,,1149896.352,1169978.0,22841,1183514,907494,1148396,0.0,0.0,0.0,31.308,100.0,9.5379,8.0,32,11288282
glove25-25-angular,euclidean,mod-vamana,0.99,1.0,32,64,1399,25,1,1399,1183514,1183514,edge_to_coverage,,6,,,,,,,,1159685.71,1173362.0,90519,1183514,851396,1142853,0.0,0.0,0.0,31.308,100.0,9.5379,8.0,32,11288282
glove25-25-angular,euclidean,mod-vamana,0.99,1.0,32,64,1399,25,1,1399,1183514,1183514,edge_to_coverage,,7,,,,,,,,1165540.389,1175054.0,99825,1183514,797942,1137007,0.0,0.0,0.0,31.308,100.0,9.5379,8.0,32,11288282
glove25-25-angular,euclidean,mod-vamana,0.99,1.0,32,64,1399,25,1,1399,1183514,1183514,edge_to_coverage,,8,,,,,,,,1169213.585,1175900.0,135355,1183514,748516,1130885,0.0,0.0,0.0,31.308,100.0,9.5379,8.0,32,11288282
glove25-25-angular,euclidean,mod-vamana,0.99,1.0,32,64,1399,25,1,1399,1183514,1183514,edge_to_coverage,,9,,,,,,,,1171606.136,1176746.0,221645,1183514,703829,1124514,0.0,0.0,0.0,31.308,100.0,9.5379,8.0,32,11288282
glove25-25-angular,euclidean,mod-vamana,0.99,1.0,32,64,1399,25,1,1399,1183514,1183514,edge_to_coverage,,10,,,,,,,,1173207.426,1176746.0,260559,1183514,664868,1118101,0.0,0.0,0.0,31.308,100.0,9.5379,8.0,32,11288282
glove25-25-angular,euclidean,mod-vamana,0.99,1.0,32,64,1399,25,1,1399,1183514,1183514,edge_to_coverage,,11,,,,,,,,1174303.764,1177592.0,370535,1183514,631490,1111580,0.0,0.0,0.0,31.308,100.0,9.5379,8.0,32,11288282
glove25-25-angular,euclidean,mod-vamana,0.99,1.0,32,64,1399,25,1,1399,1183514,1183514,edge_to_coverage,,12,,,,,,,,1175069.794,1177592.0,370535,1183514,602767,1105493,0.0,0.0,0.0,31.308,100.0,9.5379,8.0,32,11288282
glove25-25-angular,euclidean,mod-vamana,0.99,1.0,32,64,1399,25,1,1399,1183514,1183514,edge_to_coverage,,13,,,,,,,,1175612.184,1178438.0,370535,1183514,578866,1099482,0.0,0.0,0.0,31.308,100.0,9.5379,8.0,32,11288282
glove25-25-angular,euclidean,mod-vamana,0.99,1.0,32,64,1399,25,1,1399,1183514,1183514,edge_to_coverage,,14,,,,,,,,1176004.222,1178438.0,370535,1183514,559311,1093757,0.0,0.0,0.0,31.308,100.0,9.5379,8.0,32,11288282
glove25-25-angular,euclidean,mod-vamana,0.99,1.0,32,64,1399,25,1,1399,1183514,1183514,edge_to_coverage,,15,,,,,,,,1176291.176,1178438.0,370535,1183514,543294,1088320,0.0,0.0,0.0,31.308,100.0,9.5379,8.0,32,11288282
glove25-25-angular,euclidean,mod-vamana,0.99,1.0,32,64,1399,25,1,1399,1183514,1183514,edge_to_coverage,,16,,,,,,,,1176500.151,1178438.0,370535,1183514,530419,1083295,0.0,0.0,0.0,31.308,100.0,9.5379,8.0,32,11288282
glove25-25-angular,euclidean,mod-vamana,0.99,1.0,32,64,1399,25,1,1399,1183514,1183514,edge_to_coverage,,17,,,,,,,,1176654.961,1178438.0,370535,1183514,520134,1078780,0.0,0.0,0.0,31.308,100.0,9.5379,8.0,32,11288282
glove25-25-angular,euclidean,mod-vamana,0.99,1.0,32,64,1399,25,1,1399,1183514,1183514,edge_to_coverage,,18,,,,,,,,1176768.11,1179284.0,370535,1183514,512042,1074541,0.0,0.0,0.0,31.308,100.0,9.5379,8.0,32,11288282
glove25-25-angular,euclidean,mod-vamana,0.99,1.0,32,64,1399,25,1,1399,1183514,1183514,edge_to_coverage,,19,,,,,,,,1176854.55,1179284.0,370535,1183514,505713,1070706,0.0,0.0,0.0,31.308,100.0,9.5379,8.0,32,11288282
glove25-25-angular,euclidean,mod-vamana,0.99,1.0,32,64,1399,25,1,1399,1183514,1183514,edge_to_coverage,,20,,,,,,,,1176918.08,1179284.0,370535,1183514,500908,1067179,0.0,0.0,0.0,31.308,100.0,9.5379,8.0,32,11288282
glove25-25-angular,euclidean,mod-vamana,0.99,1.0,32,64,1399,25,1,1399,1183514,1183514,edge_to_coverage,,21,,,,,,,,1176966.212,1179284.0,370535,1183514,497164,1064023,0.0,0.0,0.0,31.308,100.0,9.5379,8.0,32,11288282
glove25-25-angular,euclidean,mod-vamana,0.99,1.0,32,64,1399,25,1,1399,1183514,1183514,edge_to_coverage,,22,,,,,,,,1177002.502,1179284.0,370535,1183514,494404,1061290,0.0,0.0,0.0,31.308,100.0,9.5379,8.0,32,11288282
glove25-25-angular,euclidean,mod-vamana,0.99,1.0,32,64,1399,25,1,1399,1183514,1183514,edge_to_coverage,,23,,,,,,,,1177030.342,1179284.0,370535,1183514,492231,1058907,0.0,0.0,0.0,31.308,100.0,9.5379,8.0,32,11288282
glove25-25-angular,euclidean,mod-vamana,0.99,1.0,32,64,1399,25,1,1399,1183514,1183514,edge_to_coverage,,24,,,,,,,,1177051.297,1179284.0,370535,1183514,490612,1056792,0.0,0.0,0.0,31.308,100.0,9.5379,8.0,32,11288282
glove25-25-angular,euclidean,mod-vamana,0.99,1.0,32,64,1399,25,1,1399,1183514,1183514,edge_to_coverage,,25,,,,,,,,1177066.992,1179284.0,370535,1183514,489407,1055049,0.0,0.0,0.0,31.308,100.0,9.5379,8.0,32,11288282
glove25-25-angular,euclidean,mod-vamana,0.99,1.0,32,64,1399,25,1,1399,1183514,1183514,edge_to_coverage,,26,,,,,,,,1177078.389,1179284.0,370535,1183514,488595,1053595,0.0,0.0,0.0,31.308,100.0,9.5379,8.0,32,11288282
glove25-25-angular,euclidean,mod-vamana,0.99,1.0,32,64,1399,25,1,1399,1183514,1183514,edge_to_coverage,,27,,,,,,,,1177086.157,1179284.0,370535,1183514,487999,1052395,0.0,0.0,0.0,31.308,100.0,9.5379,8.0,32,11288282
glove25-25-angular,euclidean,mod-vamana,0.99,1.0,32,64,1399,25,1,1399,1183514,1183514,edge_to_coverage,,28,,,,,,,,1177091.704,1179284.0,370535,1183514,487596,1051484,0.0,0.0,0.0,31.308,100.0,9.5379,8.0,32,11288282
glove25-25-angular,euclidean,mod-vamana,0.99,1.0,32,64,1399,25,1,1399,1183514,1183514,edge_to_coverage,,29,,,,,,,,1177095.835,1179284.0,370535,1183514,487300,1050761,0.0,0.0,0.0,31.308,100.0,9.5379,8.0,32,11288282
glove25-25-angular,euclidean,mod-vamana,0.99,1.0,32,64,1399,25,1,1399,1183514,1183514,edge_to_coverage,,30,,,,,,,,1177098.563,1179284.0,370535,1183514,487128,1050241,0.0,0.0,0.0,31.308,100.0,9.5379,8.0,32,11288282
glove25-25-angular,euclidean,mod-vamana,0.99,1.0,32,64,1399,25,1,1399,1183514,1183514,edge_to_coverage,,31,,,,,,,,1177100.207,1179284.0,370535,1183514,487034,1049922,0.0,0.0,0.0,31.308,100.0,9.5379,8.0,32,11288282
glove25-25-angular,euclidean,mod-vamana,0.99,1.0,32,64,1399,25,1,1399,1183514,1183514,edge_to_coverage,,32,,,,,,,,1177100.932,1179284.0,370535,1183514,486994,1049777,0.0,0.0,0.0,31.308,100.0,9.5379,8.0,32,11288282
glove25-25-angular,euclidean,mod-vamana,1.0,1.0,32,64,1399,25,1,1399,1183514,1183514,coverage_to_degree,90.0,,2.617,2.0,1,29,3.0,1,48,,,,,,,0.0,0.0,0.0,31.308,100.0,13.953,13.0,32,16513513
glove25-25-angular,euclidean,mod-vamana,1.0,1.0,32,64,1399,25,1,1399,1183514,1183514,coverage_to_degree,90.5,,2.673,2.0,1,29,3.0,1,48,,,,,,,0.0,0.0,0.0,31.308,100.0,13.953,13.0,32,16513513
glove25-25-angular,euclidean,mod-vamana,1.0,1.0,32,64,1399,25,1,1399,1183514,1183514,coverage_to_degree,91.0,,2.733,2.0,1,30,3.0,1,48,,,,,,,0.0,0.0,0.0,31.308,100.0,13.953,13.0,32,16513513
glove25-25-angular,euclidean,mod-vamana,1.0,1.0,32,64,1399,25,1,1399,1183514,1183514,coverage_to_degree,91.5,,2.799,2.0,1,30,3.0,1,48,,,,,,,0.0,0.0,0.0,31.308,100.0,13.953,13.0,32,16513513
glove25-25-angular,euclidean,mod-vamana,1.0,1.0,32,64,1399,25,1,1399,1183514,1183514,coverage_to_degree,92.0,,2.87,2.0,1,30,3.0,1,53,,,,,,,0.0,0.0,0.0,31.308,100.0,13.953,13.0,32,16513513
glove25-25-angular,euclidean,mod-vamana,1.0,1.0,32,64,1399,25,1,1399,1183514,1183514,coverage_to_degree,92.5,,2.947,3.0,1,30,3.0,1,58,,,,,,,0.0,0.0,0.0,31.308,100.0,13.953,13.0,32,16513513
glove25-25-angular,euclidean,mod-vamana,1.0,1.0,32,64,1399,25,1,1399,1183514,1183514,coverage_to_degree,93.0,,3.031,3.0,1,30,3.0,1,62,,,,,,,0.0,0.0,0.0,31.308,100.0,13.953,13.0,32,16513513
glove25-25-angular,euclidean,mod-vamana,1.0,1.0,32,64,1399,25,1,1399,1183514,1183514,coverage_to_degree,93.5,,3.124,3.0,1,30,3.0,1,66,,,,,,,0.0,0.0,0.0,31.308,100.0,13.953,13.0,32,16513513
glove25-25-angular,euclidean,mod-vamana,1.0,1.0,32,64,1399,25,1,1399,1183514,1183514,coverage_to_degree,94.0,,3.228,3.0,1,30,3.0,1,76,,,,,,,0.0,0.0,0.0,31.308,100.0,13.953,13.0,32,16513513
glove25-25-angular,euclidean,mod-vamana,1.0,1.0,32,64,1399,25,1,1399,1183514,1183514,coverage_to_degree,94.5,,3.343,3.0,1,30,3.0,1,79,,,,,,,0.0,0.0,0.0,31.308,100.0,13.953,13.0,32,16513513
glove25-25-angular,euclidean,mod-vamana,1.0,1.0,32,64,1399,25,1,1399,1183514,1183514,coverage_to_degree,95.0,,3.474,3.0,1,32,3.0,1,87,,,,,,,0.0,0.0,0.0,31.308,100.0,13.953,13.0,32,16513513
glove25-25-angular,euclidean,mod-vamana,1.0,1.0,32,64,1399,25,1,1399,1183514,1183514,coverage_to_degree,95.5,,3.624,3.0,1,32,3.0,1,93,,,,,,,0.0,0.0,0.0,31.308,100.0,13.953,13.0,32,16513513
glove25-25-angular,euclidean,mod-vamana,1.0,1.0,32,64,1399,25,1,1399,1183514,1183514,coverage_to_degree,96.0,,3.798,3.0,1,32,3.0,1,111,,,,,,,0.0,0.0,0.0,31.308,100.0,13.953,13.0,32,16513513
glove25-25-angular,euclidean,mod-vamana,1.0,1.0,32,64,1399,25,1,1399,1183514,1183514,coverage_to_degree,96.5,,4.004,3.0,1,32,4.0,1,127,,,,,,,0.0,0.0,0.0,31.308,100.0,13.953,13.0,32,16513513
glove25-25-angular,euclidean,mod-vamana,1.0,1.0,32,64,1399,25,1,1399,1183514,1183514,coverage_to_degree,97.0,,4.254,4.0,1,32,4.0,1,144,,,,,,,0.0,0.0,0.0,31.308,100.0,13.953,13.0,32,16513513
glove25-25-angular,euclidean,mod-vamana,1.0,1.0,32,64,1399,25,1,1399,1183514,1183514,coverage_to_degree,97.5,,4.567,4.0,1,32,4.0,1,174,,,,,,,0.0,0.0,0.0,31.308,100.0,13.953,13.0,32,16513513
glove25-25-angular,euclidean,mod-vamana,1.0,1.0,32,64,1399,25,1,1399,1183514,1183514,coverage_to_degree,98.0,,4.976,4.0,1,32,4.0,1,213,,,,,,,0.0,0.0,0.0,31.308,100.0,13.953,13.0,32,16513513
glove25-25-angular,euclidean,mod-vamana,1.0,1.0,32,64,1399,25,1,1399,1183514,1183514,coverage_to_degree,98.5,,5.545,5.0,1,32,5.0,1,267,,,,,,,0.0,0.0,0.0,31.308,100.0,13.953,13.0,32,16513513
glove25-25-angular,euclidean,mod-vamana,1.0,1.0,32,64,1399,25,1,1399,1183514,1183514,coverage_to_degree,99.0,,6.425,6.0,1,32,6.0,1,363,,,,,,,0.0,0.0,0.0,31.308,100.0,13.953,13.0,32,16513513
glove25-25-angular,euclidean,mod-vamana,1.0,1.0,32,64,1399,25,1,1399,1183514,1183514,coverage_to_degree,99.5,,8.128,7.0,1,32,7.0,1,545,,,,,,,0.0,0.0,0.0,31.308,100.0,13.953,13.0,32,16513513
glove25-25-angular,euclidean,mod-vamana,1.0,1.0,32,64,1399,25,1,1399,1183514,1183514,coverage_to_degree,100.0,,12.471,11.0,1,32,11.0,1,884,,,,,,,0.0,0.0,0.0,31.308,100.0,13.953,13.0,32,16513513
glove25-25-angular,euclidean,mod-vamana,1.0,1.0,32,64,1399,25,1,1399,1183514,1183514,edge_to_coverage,,1,,,,,,,,808549.474,895038.0,0,1183514,1128203,1168862,0.0,0.0,0.0,31.308,100.0,13.953,13.0,32,16513513
glove25-25-angular,euclidean,mod-vamana,1.0,1.0,32,64,1399,25,1,1399,1183514,1183514,edge_to_coverage,,2,,,,,,,,1020168.161,1093841.0,0,1183514,1061104,1155302,0.0,0.0,0.0,31.308,100.0,13.953,13.0,32,16513513
glove25-25-angular,euclidean,mod-vamana,1.0,1.0,32,64,1399,25,1,1399,1183514,1183514,edge_to_coverage,,3,,,,,,,,1097921.263,1143753.0,12690,1183514,983507,1141706,0.0,0.0,0.0,31.308,100.0,13.953,13.0,32,16513513
glove25-25-angular,euclidean,mod-vamana,1.0,1.0,32,64,1399,25,1,1399,1183514,1183514,edge_to_coverage,,4,,,,,,,,1132774.911,1162365.0,21995,1183514,896951,1126480,0.0,0.0,0.0,31.308,100.0,13.953,13.0,32,16513513
glove25-25-angular,euclidean,mod-vamana,1.0,1.0,32,64,1399,25,1,1399,1183514,1183514,edge_to_coverage,,5,,,,,,,,1150675.426,1170824.0,22841,1183514,806660,1109251,0.0,0.0,0.0,31.308,100.0,13.953,13.0,32,16513513
glove25-25-angular,euclidean,mod-vamana,1.0,1.0,32,64,1399,25,1,1399,1183514,1183514,edge_to_coverage,,6,,,,,,,,1160819.512,1175054.0,67678,1183514,717254,1090302,0.0,0.0,0.0,31.308,100.0,13.953,13.0,32,16513513
glove25-25-angular,euclidean,mod-vamana,1.0,1.0,32,64,1399,25,1,1399,1183514,1183514,edge_to_coverage,,7,,,,,,,,1167008.527,1176746.0,99825,1183514,633224,1070066,0.0,0.0,0.0,31.308,100.0,13.953,13.0,32,16513513
glove25-25-angular,euclidean,mod-vamana,1.0,1.0,32,64,1399,25,1,1399,1183514,1183514,edge_to_coverage,,8,,,,,,,,1170949.872,1178438.0,155659,1183514,557006,1049553,0.0,0.0,0.0,31.308,100.0,13.953,13.0,32,16513513
glove25-25-angular,euclidean,mod-vamana,1.0,1.0,32,64,1399,25,1,1399,1183514,1183514,edge_to_coverage,,9,,,,,,,,1173575.21,1179284.0,155659,1183514,489161,1028767,0.0,0.0,0.0,31.308,100.0,13.953,13.0,32,16513513
glove25-25-angular,euclidean,mod-vamana,1.0,1.0,32,64,1399,25,1,1399,1183514,1183514,edge_to_coverage,,10,,,,,,,,1175382.87,1180130.0,368844,1183514,430571,1008033,0.0,0.0,0.0,31.308,100.0,13.953,13.0,32,16513513
glove25-25-angular,euclidean,mod-vamana,1.0,1.0,32,64,1399,25,1,1399,1183514,1183514,edge_to_coverage,,11,,,,,,,,1176652.573,1180976.0,370535,1183514,380609,988045,0.0,0.0,0.0,31.308,100.0,13.953,13.0,32,16513513
glove25-25-angular,euclidean,mod-vamana,1.0,1.0,32,64,1399,25,1,1399,1183514,1183514,edge_to_coverage,,12,,,,,,,,1177563.594,1180976.0,370535,1183514,338592,968890,0.0,0.0,0.0,31.308,100.0,13.953,13.0,32,16513513
glove25-25-angular,euclidean,mod-vamana,1.0,1.0,32,64,1399,25,1,1399,1183514,1183514,edge_to_coverage,,13,,,,,,,,1178225.354,1180976.0,370535,1183514,304031,950980,0.0,0.0,0.0,31.308,100.0,13.953,13.0,32,16513513
glove25-25-angular,euclidean,mod-vamana,1.0,1.0,32,64,1399,25,1,1399,1183514,1183514,edge_to_coverage,,14,,,,,,,,1178714.406,1181822.0,370535,1183514,275640,934165,0.0,0.0,0.0,31.308,100.0,13.953,13.0,32,16513513
glove25-25-angular,euclidean,mod-vamana,1.0,1.0,32,64,1399,25,1,1399,1183514,1183514,edge_to_coverage,,15,,,,,,,,1179078.296,1181822.0,370535,1183514,252541,918425,0.0,0.0,0.0,31.308,100.0,13.953,13.0,32,16513513
glove25-25-angular,euclidean,mod-vamana,1.0,1.0,32,64,1399,25,1,1399,1183514,1183514,edge_to_coverage,,16,,,,,,,,1179354.378,1181822.0,370535,1183514,234133,903914,0.0,0.0,0.0,31.308,100.0,13.953,13.0,32,16513513
glove25-25-angular,euclidean,mod-vamana,1.0,1.0,32,64,1399,25,1,1399,1183514,1183514,edge_to_coverage,,17,,,,,,,,1179563.287,1181822.0,370535,1183514,219493,890920,0.0,0.0,0.0,31.308,100.0,13.953,13.0,32,16513513
glove25-25-angular,euclidean,mod-vamana,1.0,1.0,32,64,1399,25,1,1399,1183514,1183514,edge_to_coverage,,18,,,,,,,,1179722.979,1181822.0,370535,1183514,207778,879193,0.0,0.0,0.0,31.308,100.0,13.953,13.0,32,16513513
glove25-25-angular,euclidean,mod-vamana,1.0,1.0,32,64,1399,25,1,1399,1183514,1183514,edge_to_coverage,,19,,,,,,,,1179844.972,1181822.0,370535,1183514,198736,868547,0.0,0.0,0.0,31.308,100.0,13.953,13.0,32,16513513
glove25-25-angular,euclidean,mod-vamana,1.0,1.0,32,64,1399,25,1,1399,1183514,1183514,edge_to_coverage,,20,,,,,,,,1179937.335,1181822.0,370535,1183514,191815,859205,0.0,0.0,0.0,31.308,100.0,13.953,13.0,32,16513513
glove25-25-angular,euclidean,mod-vamana,1.0,1.0,32,64,1399,25,1,1399,1183514,1183514,edge_to_coverage,,21,,,,,,,,1180008.431,1181822.0,370535,1183514,186547,851028,0.0,0.0,0.0,31.308,100.0,13.953,13.0,32,16513513
glove25-25-angular,euclidean,mod-vamana,1.0,1.0,32,64,1399,25,1,1399,1183514,1183514,edge_to_coverage,,22,,,,,,,,1180063.666,1181822.0,370535,1183514,182524,843875,0.0,0.0,0.0,31.308,100.0,13.953,13.0,32,16513513
glove25-25-angular,euclidean,mod-vamana,1.0,1.0,32,64,1399,25,1,1399,1183514,1183514,edge_to_coverage,,23,,,,,,,,1180105.962,1181822.0,370535,1183514,179488,837719,0.0,0.0,0.0,31.308,100.0,13.953,13.0,32,16513513
glove25-25-angular,euclidean,mod-vamana,1.0,1.0,32,64,1399,25,1,1399,1183514,1183514,edge_to_coverage,,24,,,,,,,,1180137.836,1182668.0,370535,1183514,177205,832471,0.0,0.0,0.0,31.308,100.0,13.953,13.0,32,16513513
glove25-25-angular,euclidean,mod-vamana,1.0,1.0,32,64,1399,25,1,1399,1183514,1183514,edge_to_coverage,,25,,,,,,,,1180162.246,1182668.0,370535,1183514,175542,828005,0.0,0.0,0.0,31.308,100.0,13.953,13.0,32,16513513
glove25-25-angular,euclidean,mod-vamana,1.0,1.0,32,64,1399,25,1,1399,1183514,1183514,edge_to_coverage,,26,,,,,,,,1180180.211,1182668.0,370535,1183514,174372,824249,0.0,0.0,0.0,31.308,100.0,13.953,13.0,32,16513513
glove25-25-angular,euclidean,mod-vamana,1.0,1.0,32,64,1399,25,1,1399,1183514,1183514,edge_to_coverage,,27,,,,,,,,1180193.534,1182668.0,370535,1183514,173520,821288,0.0,0.0,0.0,31.308,100.0,13.953,13.0,32,16513513
glove25-25-angular,euclidean,mod-vamana,1.0,1.0,32,64,1399,25,1,1399,1183514,1183514,edge_to_coverage,,28,,,,,,,,1180203.576,1182668.0,370535,1183514,172931,818952,0.0,0.0,0.0,31.308,100.0,13.953,13.0,32,16513513
glove25-25-angular,euclidean,mod-vamana,1.0,1.0,32,64,1399,25,1,1399,1183514,1183514,edge_to_coverage,,29,,,,,,,,1180210.656,1182668.0,370535,1183514,172497,817133,0.0,0.0,0.0,31.308,100.0,13.953,13.0,32,16513513
glove25-25-angular,euclidean,mod-vamana,1.0,1.0,32,64,1399,25,1,1399,1183514,1183514,edge_to_coverage,,30,,,,,,,,1180215.318,1182668.0,370535,1183514,172234,815928,0.0,0.0,0.0,31.308,100.0,13.953,13.0,32,16513513
glove25-25-angular,euclidean,mod-vamana,1.0,1.0,32,64,1399,25,1,1399,1183514,1183514,edge_to_coverage,,31,,,,,,,,1180218.126,1182668.0,370535,1183514,172061,815114,0.0,0.0,0.0,31.308,100.0,13.953,13.0,32,16513513
glove25-25-angular,euclidean,mod-vamana,1.0,1.0,32,64,1399,25,1,1399,1183514,1183514,edge_to_coverage,,32,,,,,,,,1180219.562,1182668.0,370535,1183514,171988,814690,0.0,0.0,0.0,31.308,100.0,13.953,13.0,32,16513513
