dataset,metric,method,gamma,alpha,R,L,S,dimensions,estimated coverage,coverage sample,sources,total points,sweep,coverage,edges,mean out degree,median out degree,min out degree,max out degree,median in degree,min in degree,max in degree,mean points covered,median points covered,min points covered,max points covered,sources below 99.5% coverage,sources below 100% coverage,build time (s),build wall (s),adjlist wall (s),graph min coverage,graph max coverage,graph avg out degree,graph median out degree,graph max out degree,graph total edges
fashion_mnist-784-euclidean,euclidean,vamana,,1.0,32,64,,784,1,1101,60000,60000,coverage_to_degree,90.0,,2.923,2.0,1,24,3.0,1,250,,,,,,,0.0,0.0,0.0,22.615,100.0,11.4637,10.0,32,687823
fashion_mnist-784-euclidean,euclidean,vamana,,1.0,32,64,,784,1,1101,60000,60000,coverage_to_degree,90.5,,2.974,2.0,1,24,3.0,1,257,,,,,,,0.0,0.0,0.0,22.615,100.0,11.4637,10.0,32,687823
fashion_mnist-784-euclidean,euclidean,vamana,,1.0,32,64,,784,1,1101,60000,60000,coverage_to_degree,91.0,,3.017,2.0,1,27,3.0,1,264,,,,,,,0.0,0.0,0.0,22.615,100.0,11.4637,10.0,32,687823
fashion_mnist-784-euclidean,euclidean,vamana,,1.0,32,64,,784,1,1101,60000,60000,coverage_to_degree,91.5,,3.072,2.0,1,27,3.0,1,276,,,,,,,0.0,0.0,0.0,22.615,100.0,11.4637,10.0,32,687823
fashion_mnist-784-euclidean,euclidean,vamana,,1.0,32,64,,784,1,1101,60000,60000,coverage_to_degree,92.0,,3.121,3.0,1,27,3.0,1,287,,,,,,,0.0,0.0,0.0,22.615,100.0,11.4637,10.0,32,687823
fashion_mnist-784-euclidean,euclidean,vamana,,1.0,32,64,,784,1,1101,60000,60000,coverage_to_degree,92.5,,3.183,3.0,1,27,3.0,1,307,,,,,,,0.0,0.0,0.0,22.615,100.0,11.4637,10.0,32,687823
fashion_mnist-784-euclidean,euclidean,vamana,,1.0,32,64,,784,1,1101,60000,60000,coverage_to_degree,93.0,,3.24,3.0,1,30,3.0,1,316,,,,,,,0.0,0.0,0.0,22.615,100.0,11.4637,10.0,32,687823
fashion_mnist-784-euclidean,euclidean,vamana,,1.0,32,64,,784,1,1101,60000,60000,coverage_to_degree,93.5,,3.312,3.0,1,30,3.0,1,332,,,,,,,0.0,0.0,0.0,22.615,100.0,11.4637,10.0,32,687823
fashion_mnist-784-euclidean,euclidean,vamana,,1.0,32,64,,784,1,1101,60000,60000,coverage_to_degree,94.0,,3.378,3.0,1,30,3.0,1,346,,,,,,,0.0,0.0,0.0,22.615,100.0,11.4637,10.0,32,687823
fashion_mnist-784-euclidean,euclidean,vamana,,1.0,32,64,,784,1,1101,60000,60000,coverage_to_degree,94.5,,3.462,3.0,1,30,3.0,1,362,,,,,,,0.0,0.0,0.0,22.615,100.0,11.4637,10.0,32,687823
fashion_mnist-784-euclidean,euclidean,vamana,,1.0,32,64,,784,1,1101,60000,60000,coverage_to_degree,95.0,,3.543,3.0,1,30,3.0,1,380,,,,,,,0.0,0.0,0.0,22.615,100.0,11.4637,10.0,32,687823
fashion_mnist-784-euclidean,euclidean,vamana,,1.0,32,64,,784,1,1101,60000,60000,coverage_to_degree,95.5,,3.648,3.0,1,32,3.0,1,406,,,,,,,0.0,0.0,0.0,22.615,100.0,11.4637,10.0,32,687823
fashion_mnist-784-euclidean,euclidean,vamana,,1.0,32,64,,784,1,1101,60000,60000,coverage_to_degree,96.0,,3.749,3.0,1,32,4.0,1,424,,,,,,,0.0,0.0,0.0,22.615,100.0,11.4637,10.0,32,687823
fashion_mnist-784-euclidean,euclidean,vamana,,1.0,32,64,,784,1,1101,60000,60000,coverage_to_degree,96.5,,3.884,3.0,1,32,4.0,1,447,,,,,,,0.0,0.0,0.0,22.615,100.0,11.4637,10.0,32,687823
fashion_mnist-784-euclidean,euclidean,vamana,,1.0,32,64,,784,1,1101,60000,60000,coverage_to_degree,97.0,,4.018,3.0,1,32,4.0,1,464,,,,,,,0.0,0.0,0.0,22.615,100.0,11.4637,10.0,32,687823
fashion_mnist-784-euclidean,euclidean,vamana,,1.0,32,64,,784,1,1101,60000,60000,coverage_to_degree,97.5,,4.21,3.0,1,32,4.0,1,492,,,,,,,0.0,0.0,0.0,22.615,100.0,11.4637,10.0,32,687823
fashion_mnist-784-euclidean,euclidean,vamana,,1.0,32,64,,784,1,1101,60000,60000,coverage_to_degree,98.0,,4.407,4.0,1,32,4.0,1,518,,,,,,,0.0,0.0,0.0,22.615,100.0,11.4637,10.0,32,687823
fashion_mnist-784-euclidean,euclidean,vamana,,1.0,32,64,,784,1,1101,60000,60000,coverage_to_degree,98.5,,4.724,4.0,1,32,4.0,1,564,,,,,,,0.0,0.0,0.0,22.615,100.0,11.4637,10.0,32,687823
fashion_mnist-784-euclidean,euclidean,vamana,,1.0,32,64,,784,1,1101,60000,60000,coverage_to_degree,99.0,,5.099,4.0,1,32,5.0,1,607,,,,,,,0.0,0.0,0.0,22.615,100.0,11.4637,10.0,32,687823
fashion_mnist-784-euclidean,euclidean,vamana,,1.0,32,64,,784,1,1101,60000,60000,coverage_to_degree,99.5,,5.883,5.0,1,32,5.0,1,671,,,,,,,0.0,0.0,0.0,22.615,100.0,11.4637,10.0,32,687823
fashion_mnist-784-euclidean,euclidean,vamana,,1.0,32,64,,784,1,1101,60000,60000,coverage_to_degree,100.0,,8.361,7.0,1,32,7.0,1,844,,,,,,,0.0,0.0,0.0,22.615,100.0,11.4637,10.0,32,687823
fashion_mnist-784-euclidean,euclidean,vamana,,1.0,32,64,,784,1,1101,60000,60000,edge_to_coverage,,1,,,,,,,,35517.476,38474.0,0,60000,57017,58893,0.0,0.0,0.0,22.615,100.0,11.4637,10.0,32,687823
fashion_mnist-784-euclidean,euclidean,vamana,,1.0,32,64,,784,1,1101,60000,60000,edge_to_coverage,,2,,,,,,,,48204.432,54550.0,109,60000,51390,57031,0.0,0.0,0.0,22.615,100.0,11.4637,10.0,32,687823
fashion_mnist-784-euclidean,euclidean,vamana,,1.0,32,64,,784,1,1101,60000,60000,edge_to_coverage,,3,,,,,,,,53632.958,58256.0,327,60000,44328,54237,0.0,0.0,0.0,22.615,100.0,11.4637,10.0,32,687823
fashion_mnist-784-euclidean,euclidean,vamana,,1.0,32,64,,784,1,1101,60000,60000,edge_to_coverage,,4,,,,,,,,56272.721,59292.0,654,60000,37394,50835,0.0,0.0,0.0,22.615,100.0,11.4637,10.0,32,687823
fashion_mnist-784-euclidean,euclidean,vamana,,1.0,32,64,,784,1,1101,60000,60000,edge_to_coverage,,5,,,,,,,,57631.171,59673.0,926,60000,31211,47253,0.0,0.0,0.0,22.615,100.0,11.4637,10.0,32,687823
fashion_mnist-784-euclidean,euclidean,vamana,,1.0,32,64,,784,1,1101,60000,60000,edge_to_coverage,,6,,,,,,,,58360.367,59837.0,3760,60000,26098,43859,0.0,0.0,0.0,22.615,100.0,11.4637,10.0,32,687823
fashion_mnist-784-euclidean,euclidean,vamana,,1.0,32,64,,784,1,1101,60000,60000,edge_to_coverage,,7,,,,,,,,58789.186,59891.0,9428,60000,22088,40637,0.0,0.0,0.0,22.615,100.0,11.4637,10.0,32,687823
fashion_mnist-784-euclidean,euclidean,vamana,,1.0,32,64,,784,1,1101,60000,60000,edge_to_coverage,,8,,,,,,,,59044.491,59946.0,13569,60000,19010,37765,0.0,0.0,0.0,22.615,100.0,11.4637,10.0,32,687823
fashion_mnist-784-euclidean,euclidean,vamana,,1.0,32,64,,784,1,1101,60000,60000,edge_to_coverage,,9,,,,,,,,59204.206,59946.0,13569,60000,16576,35344,0.0,0.0,0.0,22.615,100.0,11.4637,10.0,32,687823
fashion_mnist-784-euclidean,euclidean,vamana,,1.0,32,64,,784,1,1101,60000,60000,edge_to_coverage,,10,,,,,,,,59309.607,59946.0,13569,60000,14891,33299,0.0,0.0,0.0,22.615,100.0,11.4637,10.0,32,687823
fashion_mnist-784-euclidean,euclidean,vamana,,1.0,32,64,,784,1,1101,60000,60000,edge_to_coverage,,11,,,,,,,,59377.179,59946.0,13569,60000,13546,31559,0.0,0.0,0.0,22.615,100.0,11.4637,10.0,32,687823
fashion_mnist-784-euclidean,euclidean,vamana,,1.0,32,64,,784,1,1101,60000,60000,edge_to_coverage,,12,,,,,,,,59423.325,59946.0,13569,60000,12553,30145,0.0,0.0,0.0,22.615,100.0,11.4637,10.0,32,687823
fashion_mnist-784-euclidean,euclidean,vamana,,1.0,32,64,,784,1,1101,60000,60000,edge_to_coverage,,13,,,,,,,,59455.63,60000.0,13569,60000,11791,29033,0.0,0.0,0.0,22.615,100.0,11.4637,10.0,32,687823
fashion_mnist-784-euclidean,euclidean,vamana,,1.0,32,64,,784,1,1101,60000,60000,edge_to_coverage,,14,,,,,,,,59479.848,60000.0,13569,60000,11185,28116,0.0,0.0,0.0,22.615,100.0,11.4637,10.0,32,687823
fashion_mnist-784-euclidean,euclidean,vamana,,1.0,32,64,,784,1,1101,60000,60000,edge_to_coverage,,15,,,,,,,,59495.897,60000.0,13569,60000,10766,27363,0.0,0.0,0.0,22.615,100.0,11.4637,10.0,32,687823
fashion_mnist-784-euclidean,euclidean,vamana,,1.0,32,64,,784,1,1101,60000,60000,edge_to_coverage,,16,,,,,,,,59507.877,60000.0,13569,60000,10413,26749,0.0,0.0,0.0,22.615,100.0,11.4637,10.0,32,687823
fashion_mnist-784-euclidean,euclidean,vamana,,1.0,32,64,,784,1,1101,60000,60000,edge_to_coverage,,17,,,,,,,,59517.035,60000.0,13569,60000,10121,26273,0.0,0.0,0.0,22.615,100.0,11.4637,10.0,32,687823
fashion_mnist-784-euclidean,euclidean,vamana,,1.0,32,64,,784,1,1101,60000,60000,edge_to_coverage,,18,,,,,,,,59523.465,60000.0,13569,60000,9918,25831,0.0,0.0,0.0,22.615,100.0,11.4637,10.0,32,687823
fashion_mnist-784-euclidean,euclidean,vamana,,1.0,32,64,,784,1,1101,60000,60000,edge_to_coverage,,19,,,,,,,,59528.382,60000.0,13569,60000,9752,25516,0.0,0.0,0.0,22.615,100.0,11.4637,10.0,32,687823
fashion_mnist-784-euclidean,euclidean,vamana,,1.0,32,64,,784,1,1101,60000,60000,edge_to_coverage,,20,,,,,,,,59531.74,60000.0,13569,60000,9645,25275,0.0,0.0,0.0,22.615,100.0,11.4637,10.0,32,687823
fashion_mnist-784-euclidean,euclidean,vamana,,1.0,32,64,,784,1,1101,60000,60000,edge_to_coverage,,21,,,,,,,,59534.345,60000.0,13569,60000,9560,25066,0.0,0.0,0.0,22.615,100.0,11.4637,10.0,32,687823
fashion_mnist-784-euclidean,euclidean,vamana,,1.0,32,64,,784,1,1101,60000,60000,edge_to_coverage,,22,,,,,,,,59536.301,60000.0,13569,60000,9497,24888,0.0,0.0,0.0,22.615,100.0,11.4637,10.0,32,687823
fashion_mnist-784-euclidean,euclidean,vamana,,1.0,32,64,,784,1,1101,60000,60000,edge_to_coverage,,23,,,,,,,,59537.562,60000.0,13569,60000,9452,24746,0.0,0.0,0.0,22.615,100.0,11.4637,10.0,32,687823
fashion_mnist-784-euclidean,euclidean,vamana,,1.0,32,64,,784,1,1101,60000,60000,edge_to_coverage,,24,,,,,,,,59538.397,60000.0,13569,60000,9418,24644,0.0,0.0,0.0,22.615,100.0,11.4637,10.0,32,687823
fashion_mnist-784-euclidean,euclidean,vamana,,1.0,32,64,,784,1,1101,60000,60000,edge_to_coverage,,25,,,,,,,,59539.034,60000.0,13569,60000,9387,24554,0.0,0.0,0.0,22.615,100.0,11.4637,10.0,32,687823
fashion_mnist-784-euclidean,euclidean,vamana,,1.0,32,64,,784,1,1101,60000,60000,edge_to_coverage,,26,,,,,,,,59539.454,60000.0,13569,60000,9370,24486,0.0,0.0,0.0,22.615,100.0,11.4637,10.0,32,687823
fashion_mnist-784-euclidean,euclidean,vamana,,1.0,32,64,,784,1,1101,60000,60000,edge_to_coverage,,27,,,,,,,,59539.905,60000.0,13569,60000,9354,24438,0.0,0.0,0.0,22.615,100.0,11.4637,10.0,32,687823
fashion_mnist-784-euclidean,euclidean,vamana,,1.0,32,64,,784,1,1101,60000,60000,edge_to_coverage,,28,,,,,,,,59540.168,60000.0,13569,60000,9339,24397,0.0,0.0,0.0,22.615,100.0,11.4637,10.0,32,687823
fashion_mnist-784-euclidean,euclidean,vamana,,1.0,32,64,,784,1,1101,60000,60000,edge_to_coverage,,29,,,,,,,,59540.317,60000.0,13569,60000,9333,24380,0.0,0.0,0.0,22.615,100.0,11.4637,10.0,32,687823
fashion_mnist-784-euclidean,euclidean,vamana,,1.0,32,64,,784,1,1101,60000,60000,edge_to_coverage,,30,,,,,,,,59540.451,60000.0,13569,60000,9330,24364,0.0,0.0,0.0,22.615,100.0,11.4637,10.0,32,687823
fashion_mnist-784-euclidean,euclidean,vamana,,1.0,32,64,,784,1,1101,60000,60000,edge_to_coverage,,31,,,,,,,,59540.508,60000.0,13569,60000,9327,24354,0.0,0.0,0.0,22.615,100.0,11.4637,10.0,32,687823
fashion_mnist-784-euclidean,euclidean,vamana,,1.0,32,64,,784,1,1101,60000,60000,edge_to_coverage,,32,,,,,,,,59540.602,60000.0,13569,60000,9322,24347,0.0,0.0,0.0,22.615,100.0,11.4637,10.0,32,687823
fashion_mnist-784-euclidean,euclidean,mod-vamana,0.9,1.0,32,64,1101,784,1,1101,60000,60000,coverage_to_degree,90.0,,2.783,2.0,1,26,3.0,1,289,,,,,,,0.0,0.0,0.0,29.7917,100.0,5.1978,4.0,32,311869
fashion_mnist-784-euclidean,euclidean,mod-vamana,0.9,1.0,32,64,1101,784,1,1101,60000,60000,coverage_to_degree,90.5,,2.822,2.0,1,26,3.0,1,294,,,,,,,0.0,0.0,0.0,29.7917,100.0,5.1978,4.0,32,311869
fashion_mnist-784-euclidean,euclidean,mod-vamana,0.9,1.0,32,64,1101,784,1,1101,60000,60000,coverage_to_degree,91.0,,2.852,2.0,1,29,3.0,1,296,,,,,,,0.0,0.0,0.0,29.7917,100.0,5.1978,4.0,32,311869
fashion_mnist-784-euclidean,euclidean,mod-vamana,0.9,1.0,32,64,1101,784,1,1101,60000,60000,coverage_to_degree,91.5,,2.89,2.0,1,29,3.0,1,299,,,,,,,0.0,0.0,0.0,29.7917,100.0,5.1978,4.0,32,311869
fashion_mnist-784-euclidean,euclidean,mod-vamana,0.9,1.0,32,64,1101,784,1,1101,60000,60000,coverage_to_degree,92.0,,2.922,2.0,1,29,3.0,1,301,,,,,,,0.0,0.0,0.0,29.7917,100.0,5.1978,4.0,32,311869
fashion_mnist-784-euclidean,euclidean,mod-vamana,0.9,1.0,32,64,1101,784,1,1101,60000,60000,coverage_to_degree,92.5,,2.962,2.0,1,29,3.0,1,302,,,,,,,0.0,0.0,0.0,29.7917,100.0,5.1978,4.0,32,311869
fashion_mnist-784-euclidean,euclidean,mod-vamana,0.9,1.0,32,64,1101,784,1,1101,60000,60000,coverage_to_degree,93.0,,2.995,2.0,1,29,3.0,1,306,,,,,,,0.0,0.0,0.0,29.7917,100.0,5.1978,4.0,32,311869
fashion_mnist-784-euclidean,euclidean,mod-vamana,0.9,1.0,32,64,1101,784,1,1101,60000,60000,coverage_to_degree,93.5,,3.038,2.0,1,29,3.0,1,311,,,,,,,0.0,0.0,0.0,29.7917,100.0,5.1978,4.0,32,311869
fashion_mnist-784-euclidean,euclidean,mod-vamana,0.9,1.0,32,64,1101,784,1,1101,60000,60000,coverage_to_degree,94.0,,3.078,3.0,1,29,3.0,1,317,,,,,,,0.0,0.0,0.0,29.7917,100.0,5.1978,4.0,32,311869
fashion_mnist-784-euclidean,euclidean,mod-vamana,0.9,1.0,32,64,1101,784,1,1101,60000,60000,coverage_to_degree,94.5,,3.125,3.0,1,29,3.0,1,329,,,,,,,0.0,0.0,0.0,29.7917,100.0,5.1978,4.0,32,311869
fashion_mnist-784-euclidean,euclidean,mod-vamana,0.9,1.0,32,64,1101,784,1,1101,60000,60000,coverage_to_degree,95.0,,3.168,3.0,1,29,3.0,1,331,,,,,,,0.0,0.0,0.0,29.7917,100.0,5.1978,4.0,32,311869
fashion_mnist-784-euclidean,euclidean,mod-vamana,0.9,1.0,32,64,1101,784,1,1101,60000,60000,coverage_to_degree,95.5,,3.226,3.0,1,29,3.0,1,336,,,,,,,0.0,0.0,0.0,29.7917,100.0,5.1978,4.0,32,311869
fashion_mnist-784-euclidean,euclidean,mod-vamana,0.9,1.0,32,64,1101,784,1,1101,60000,60000,coverage_to_degree,96.0,,3.278,3.0,1,29,3.0,1,341,,,,,,,0.0,0.0,0.0,29.7917,100.0,5.1978,4.0,32,311869
fashion_mnist-784-euclidean,euclidean,mod-vamana,0.9,1.0,32,64,1101,784,1,1101,60000,60000,coverage_to_degree,96.5,,3.351,3.0,1,31,3.0,1,349,,,,,,,0.0,0.0,0.0,29.7917,100.0,5.1978,4.0,32,311869
fashion_mnist-784-euclidean,euclidean,mod-vamana,0.9,1.0,32,64,1101,784,1,1101,60000,60000,coverage_to_degree,97.0,,3.419,3.0,1,31,3.0,1,351,,,,,,,0.0,0.0,0.0,29.7917,100.0,5.1978,4.0,32,311869
fashion_mnist-784-euclidean,euclidean,mod-vamana,0.9,1.0,32,64,1101,784,1,1101,60000,60000,coverage_to_degree,97.5,,3.517,3.0,1,31,3.0,1,359,,,,,,,0.0,0.0,0.0,29.7917,100.0,5.1978,4.0,32,311869
fashion_mnist-784-euclidean,euclidean,mod-vamana,0.9,1.0,32,64,1101,784,1,1101,60000,60000,coverage_to_degree,98.0,,3.612,3.0,1,31,3.0,1,367,,,,,,,0.0,0.0,0.0,29.7917,100.0,5.1978,4.0,32,311869
fashion_mnist-784-euclidean,euclidean,mod-vamana,0.9,1.0,32,64,1101,784,1,1101,60000,60000,coverage_to_degree,98.5,,3.752,3.0,1,31,3.0,1,382,,,,,,,0.0,0.0,0.0,29.7917,100.0,5.1978,4.0,32,311869
fashion_mnist-784-euclidean,euclidean,mod-vamana,0.9,1.0,32,64,1101,784,1,1101,60000,60000,coverage_to_degree,99.0,,3.91,3.0,1,31,3.0,1,396,,,,,,,0.0,0.0,0.0,29.7917,100.0,5.1978,4.0,32,311869
fashion_mnist-784-euclidean,euclidean,mod-vamana,0.9,1.0,32,64,1101,784,1,1101,60000,60000,coverage_to_degree,99.5,,4.203,3.0,1,32,3.0,1,412,,,,,,,0.0,0.0,0.0,29.7917,100.0,5.1978,4.0,32,311869
fashion_mnist-784-euclidean,euclidean,mod-vamana,0.9,1.0,32,64,1101,784,1,1101,60000,60000,coverage_to_degree,100.0,,4.842,4.0,1,32,4.0,1,456,,,,,,,0.0,0.0,0.0,29.7917,100.0,5.1978,4.0,32,311869
fashion_mnist-784-euclidean,euclidean,mod-vamana,0.9,1.0,32,64,1101,784,1,1101,60000,60000,edge_to_coverage,,1,,,,,,,,35805.433,39046.5,0,60000,56956,58881,0.0,0.0,0.0,29.7917,100.0,5.1978,4.0,32,311869
fashion_mnist-784-euclidean,euclidean,mod-vamana,0.9,1.0,32,64,1101,784,1,1101,60000,60000,edge_to_coverage,,2,,,,,,,,48515.097,54877.0,109,60000,53064,57846,0.0,0.0,0.0,29.7917,100.0,5.1978,4.0,32,311869
fashion_mnist-784-euclidean,euclidean,mod-vamana,0.9,1.0,32,64,1101,784,1,1101,60000,60000,edge_to_coverage,,3,,,,,,,,53692.615,57602.0,327,60000,49211,56804,0.0,0.0,0.0,29.7917,100.0,5.1978,4.0,32,311869
fashion_mnist-784-euclidean,euclidean,mod-vamana,0.9,1.0,32,64,1101,784,1,1101,60000,60000,edge_to_coverage,,4,,,,,,,,56070.484,58529.0,654,60000,45945,55792,0.0,0.0,0.0,29.7917,100.0,5.1978,4.0,32,311869
fashion_mnist-784-euclidean,euclidean,mod-vamana,0.9,1.0,32,64,1101,784,1,1101,60000,60000,edge_to_coverage,,5,,,,,,,,57209.966,58910.0,926,60000,43285,54881,0.0,0.0,0.0,29.7917,100.0,5.1978,4.0,32,311869
fashion_mnist-784-euclidean,euclidean,mod-vamana,0.9,1.0,32,64,1101,784,1,1101,60000,60000,edge_to_coverage,,6,,,,,,,,57795.79,59128.0,7139,60000,41208,54102,0.0,0.0,0.0,29.7917,100.0,5.1978,4.0,32,311869
fashion_mnist-784-euclidean,euclidean,mod-vamana,0.9,1.0,32,64,1101,784,1,1101,60000,60000,edge_to_coverage,,7,,,,,,,,58091.4,59237.0,10572,60000,39743,53430,0.0,0.0,0.0,29.7917,100.0,5.1978,4.0,32,311869
fashion_mnist-784-euclidean,euclidean,mod-vamana,0.9,1.0,32,64,1101,784,1,1101,60000,60000,edge_to_coverage,,8,,,,,,,,58259.644,59292.0,12044,60000,38589,52843,0.0,0.0,0.0,29.7917,100.0,5.1978,4.0,32,311869
fashion_mnist-784-euclidean,euclidean,mod-vamana,0.9,1.0,32,64,1101,784,1,1101,60000,60000,edge_to_coverage,,9,,,,,,,,58352.68,59346.0,12153,60000,37756,52405,0.0,0.0,0.0,29.7917,100.0,5.1978,4.0,32,311869
fashion_mnist-784-euclidean,euclidean,mod-vamana,0.9,1.0,32,64,1101,784,1,1101,60000,60000,edge_to_coverage,,10,,,,,,,,58409.324,59401.0,13842,60000,37145,52018,0.0,0.0,0.0,29.7917,100.0,5.1978,4.0,32,311869
fashion_mnist-784-euclidean,euclidean,mod-vamana,0.9,1.0,32,64,1101,784,1,1101,60000,60000,edge_to_coverage,,11,,,,,,,,58445.22,59401.0,16839,60000,36718,51693,0.0,0.0,0.0,29.7917,100.0,5.1978,4.0,32,311869
fashion_mnist-784-euclidean,euclidean,mod-vamana,0.9,1.0,32,64,1101,784,1,1101,60000,60000,edge_to_coverage,,12,,,,,,,,58468.001,59401.0,17875,60000,36416,51451,0.0,0.0,0.0,29.7917,100.0,5.1978,4.0,32,311869
fashion_mnist-784-euclidean,euclidean,mod-vamana,0.9,1.0,32,64,1101,784,1,1101,60000,60000,edge_to_coverage,,13,,,,,,,,58481.65,59455.0,17875,60000,36185,51278,0.0,0.0,0.0,29.7917,100.0,5.1978,4.0,32,311869
fashion_mnist-784-euclidean,euclidean,mod-vamana,0.9,1.0,32,64,1101,784,1,1101,60000,60000,edge_to_coverage,,14,,,,,,,,58492.24,59455.0,17875,60000,36019,51129,0.0,0.0,0.0,29.7917,100.0,5.1978,4.0,32,311869
fashion_mnist-784-euclidean,euclidean,mod-vamana,0.9,1.0,32,64,1101,784,1,1101,60000,60000,edge_to_coverage,,15,,,,,,,,58498.598,59455.0,17875,60000,35917,51011,0.0,0.0,0.0,29.7917,100.0,5.1978,4.0,32,311869
fashion_mnist-784-euclidean,euclidean,mod-vamana,0.9,1.0,32,64,1101,784,1,1101,60000,60000,edge_to_coverage,,16,,,,,,,,58502.826,59455.0,17875,60000,35844,50922,0.0,0.0,0.0,29.7917,100.0,5.1978,4.0,32,311869
fashion_mnist-784-euclidean,euclidean,mod-vamana,0.9,1.0,32,64,1101,784,1,1101,60000,60000,edge_to_coverage,,17,,,,,,,,58506.448,59455.0,17875,60000,35776,50854,0.0,0.0,0.0,29.7917,100.0,5.1978,4.0,32,311869
fashion_mnist-784-euclidean,euclidean,mod-vamana,0.9,1.0,32,64,1101,784,1,1101,60000,60000,edge_to_coverage,,18,,,,,,,,58509.345,59455.0,17875,60000,35722,50802,0.0,0.0,0.0,29.7917,100.0,5.1978,4.0,32,311869
fashion_mnist-784-euclidean,euclidean,mod-vamana,0.9,1.0,32,64,1101,784,1,1101,60000,60000,edge_to_coverage,,19,,,,,,,,58510.857,59455.0,17875,60000,35686,50761,0.0,0.0,0.0,29.7917,100.0,5.1978,4.0,32,311869
fashion_mnist-784-euclidean,euclidean,mod-vamana,0.9,1.0,32,64,1101,784,1,1101,60000,60000,edge_to_coverage,,20,,,,,,,,58511.794,59455.0,17875,60000,35660,50730,0.0,0.0,0.0,29.7917,100.0,5.1978,4.0,32,311869
fashion_mnist-784-euclidean,euclidean,mod-vamana,0.9,1.0,32,64,1101,784,1,1101,60000,60000,edge_to_coverage,,21,,,,,,,,58512.387,59455.0,17875,60000,35640,50701,0.0,0.0,0.0,29.7917,100.0,5.1978,4.0,32,311869
fashion_mnist-784-euclidean,euclidean,mod-vamana,0.9,1.0,32,64,1101,784,1,1101,60000,60000,edge_to_coverage,,22,,,,,,,,58513.041,59455.0,17875,60000,35629,50675,0.0,0.0,0.0,29.7917,100.0,5.1978,4.0,32,311869
fashion_mnist-784-euclidean,euclidean,mod-vamana,0.9,1.0,32,64,1101,784,1,1101,60000,60000,edge_to_coverage,,23,,,,,,,,58513.443,59455.0,17875,60000,35611,50651,0.0,0.0,0.0,29.7917,100.0,5.1978,4.0,32,311869
fashion_mnist-784-euclidean,euclidean,mod-vamana,0.9,1.0,32,64,1101,784,1,1101,60000,60000,edge_to_coverage,,24,,,,,,,,58513.604,59455.0,17875,60000,35604,50636,0.0,0.0,0.0,29.7917,100.0,5.1978,4.0,32,311869
fashion_mnist-784-euclidean,euclidean,mod-vamana,0.9,1.0,32,64,1101,784,1,1101,60000,60000,edge_to_coverage,,25,,,,,,,,58513.99,59455.0,17875,60000,35595,50632,0.0,0.0,0.0,29.7917,100.0,5.1978,4.0,32,311869
fashion_mnist-784-euclidean,euclidean,mod-vamana,0.9,1.0,32,64,1101,784,1,1101,60000,60000,edge_to_coverage,,26,,,,,,,,58514.172,59455.0,17875,60000,35591,50619,0.0,0.0,0.0,29.7917,100.0,5.1978,4.0,32,311869
fashion_mnist-784-euclidean,euclidean,mod-vamana,0.9,1.0,32,64,1101,784,1,1101,60000,60000,edge_to_coverage,,27,,,,,,,,58514.213,59455.0,17875,60000,35586,50613,0.0,0.0,0.0,29.7917,100.0,5.1978,4.0,32,311869
fashion_mnist-784-euclidean,euclidean,mod-vamana,0.9,1.0,32,64,1101,784,1,1101,60000,60000,edge_to_coverage,,28,,,,,,,,58514.272,59455.0,17875,60000,35583,50608,0.0,0.0,0.0,29.7917,100.0,5.1978,4.0,32,311869
fashion_mnist-784-euclidean,euclidean,mod-vamana,0.9,1.0,32,64,1101,784,1,1101,60000,60000,edge_to_coverage,,29,,,,,,,,58514.407,59455.0,17875,60000,35579,50599,0.0,0.0,0.0,29.7917,100.0,5.1978,4.0,32,311869
fashion_mnist-784-euclidean,euclidean,mod-vamana,0.9,1.0,32,64,1101,784,1,1101,60000,60000,edge_to_coverage,,30,,,,,,,,58514.418,59455.0,17875,60000,35578,50598,0.0,0.0,0.0,29.7917,100.0,5.1978,4.0,32,311869
fashion_mnist-784-euclidean,euclidean,mod-vamana,0.9,1.0,32,64,1101,784,1,1101,60000,60000,edge_to_coverage,,31,,,,,,,,58514.429,59455.0,17875,60000,35576,50597,0.0,0.0,0.0,29.7917,100.0,5.1978,4.0,32,311869
fashion_mnist-784-euclidean,euclidean,mod-vamana,0.9,1.0,32,64,1101,784,1,1101,60000,60000,edge_to_coverage,,32,,,,,,,,58514.43,59455.0,17875,60000,35576,50597,0.0,0.0,0.0,29.7917,100.0,5.1978,4.0,32,311869
fashion_mnist-784-euclidean,euclidean,mod-vamana,0.91,1.0,32,64,1101,784,1,1101,60000,60000,coverage_to_degree,90.0,,2.795,2.0,1,26,3.0,1,280,,,,,,,0.0,0.0,0.0,22.615,100.0,5.3351,4.0,32,320104
fashion_mnist-784-euclidean,euclidean,mod-vamana,0.91,1.0,32,64,1101,784,1,1101,60000,60000,coverage_to_degree,90.5,,2.837,2.0,1,26,3.0,1,287,,,,,,,0.0,0.0,0.0,22.615,100.0,5.3351,4.0,32,320104
fashion_mnist-784-euclidean,euclidean,mod-vamana,0.91,1.0,32,64,1101,784,1,1101,60000,60000,coverage_to_degree,91.0,,2.871,2.0,1,26,3.0,1,291,,,,,,,0.0,0.0,0.0,22.615,100.0,5.3351,4.0,32,320104
fashion_mnist-784-euclidean,euclidean,mod-vamana,0.91,1.0,32,64,1101,784,1,1101,60000,60000,coverage_to_degree,91.5,,2.913,2.0,1,26,3.0,1,295,,,,,,,0.0,0.0,0.0,22.615,100.0,5.3351,4.0,32,320104
fashion_mnist-784-euclidean,euclidean,mod-vamana,0.91,1.0,32,64,1101,784,1,1101,60000,60000,coverage_to_degree,92.0,,2.949,2.0,1,26,3.0,1,301,,,,,,,0.0,0.0,0.0,22.615,100.0,5.3351,4.0,32,320104
fashion_mnist-784-euclidean,euclidean,mod-vamana,0.91,1.0,32,64,1101,784,1,1101,60000,60000,coverage_to_degree,92.5,,2.992,2.0,1,26,3.0,1,303,,,,,,,0.0,0.0,0.0,22.615,100.0,5.3351,4.0,32,320104
fashion_mnist-784-euclidean,euclidean,mod-vamana,0.91,1.0,32,64,1101,784,1,1101,60000,60000,coverage_to_degree,93.0,,3.027,2.0,1,26,3.0,1,310,,,,,,,0.0,0.0,0.0,22.615,100.0,5.3351,4.0,32,320104
fashion_mnist-784-euclidean,euclidean,mod-vamana,0.91,1.0,32,64,1101,784,1,1101,60000,60000,coverage_to_degree,93.5,,3.072,3.0,1,26,3.0,1,312,,,,,,,0.0,0.0,0.0,22.615,100.0,5.3351,4.0,32,320104
fashion_mnist-784-euclidean,euclidean,mod-vamana,0.91,1.0,32,64,1101,784,1,1101,60000,60000,coverage_to_degree,94.0,,3.113,3.0,1,26,3.0,1,318,,,,,,,0.0,0.0,0.0,22.615,100.0,5.3351,4.0,32,320104
fashion_mnist-784-euclidean,euclidean,mod-vamana,0.91,1.0,32,64,1101,784,1,1101,60000,60000,coverage_to_degree,94.5,,3.163,3.0,1,30,3.0,1,324,,,,,,,0.0,0.0,0.0,22.615,100.0,5.3351,4.0,32,320104
fashion_mnist-784-euclidean,euclidean,mod-vamana,0.91,1.0,32,64,1101,784,1,1101,60000,60000,coverage_to_degree,95.0,,3.207,3.0,1,30,3.0,1,328,,,,,,,0.0,0.0,0.0,22.615,100.0,5.3351,4.0,32,320104
fashion_mnist-784-euclidean,euclidean,mod-vamana,0.91,1.0,32,64,1101,784,1,1101,60000,60000,coverage_to_degree,95.5,,3.267,3.0,1,30,3.0,1,330,,,,,,,0.0,0.0,0.0,22.615,100.0,5.3351,4.0,32,320104
fashion_mnist-784-euclidean,euclidean,mod-vamana,0.91,1.0,32,64,1101,784,1,1101,60000,60000,coverage_to_degree,96.0,,3.321,3.0,1,30,3.0,1,335,,,,,,,0.0,0.0,0.0,22.615,100.0,5.3351,4.0,32,320104
fashion_mnist-784-euclidean,euclidean,mod-vamana,0.91,1.0,32,64,1101,784,1,1101,60000,60000,coverage_to_degree,96.5,,3.396,3.0,1,30,3.0,1,340,,,,,,,0.0,0.0,0.0,22.615,100.0,5.3351,4.0,32,320104
fashion_mnist-784-euclidean,euclidean,mod-vamana,0.91,1.0,32,64,1101,784,1,1101,60000,60000,coverage_to_degree,97.0,,3.467,3.0,1,32,3.0,1,346,,,,,,,0.0,0.0,0.0,22.615,100.0,5.3351,4.0,32,320104
fashion_mnist-784-euclidean,euclidean,mod-vamana,0.91,1.0,32,64,1101,784,1,1101,60000,60000,coverage_to_degree,97.5,,3.568,3.0,1,32,3.0,1,354,,,,,,,0.0,0.0,0.0,22.615,100.0,5.3351,4.0,32,320104
fashion_mnist-784-euclidean,euclidean,mod-vamana,0.91,1.0,32,64,1101,784,1,1101,60000,60000,coverage_to_degree,98.0,,3.666,3.0,1,32,3.0,1,366,,,,,,,0.0,0.0,0.0,22.615,100.0,5.3351,4.0,32,320104
fashion_mnist-784-euclidean,euclidean,mod-vamana,0.91,1.0,32,64,1101,784,1,1101,60000,60000,coverage_to_degree,98.5,,3.812,3.0,1,32,3.0,1,385,,,,,,,0.0,0.0,0.0,22.615,100.0,5.3351,4.0,32,320104
fashion_mnist-784-euclidean,euclidean,mod-vamana,0.91,1.0,32,64,1101,784,1,1101,60000,60000,coverage_to_degree,99.0,,3.975,3.0,1,32,3.0,1,397,,,,,,,0.0,0.0,0.0,22.615,100.0,5.3351,4.0,32,320104
fashion_mnist-784-euclidean,euclidean,mod-vamana,0.91,1.0,32,64,1101,784,1,1101,60000,60000,coverage_to_degree,99.5,,4.281,3.0,1,32,3.0,1,418,,,,,,,0.0,0.0,0.0,22.615,100.0,5.3351,4.0,32,320104
fashion_mnist-784-euclidean,euclidean,mod-vamana,0.91,1.0,32,64,1101,784,1,1101,60000,60000,coverage_to_degree,100.0,,4.951,4.0,1,32,4.0,1,463,,,,,,,0.0,0.0,0.0,22.615,100.0,5.3351,4.0,32,320104
fashion_mnist-784-euclidean,euclidean,mod-vamana,0.91,1.0,32,64,1101,784,1,1101,60000,60000,edge_to_coverage,,1,,,,,,,,35810.608,39074.0,0,60000,56954,58878,0.0,0.0,0.0,22.615,100.0,5.3351,4.0,32,320104
fashion_mnist-784-euclidean,euclidean,mod-vamana,0.91,1.0,32,64,1101,784,1,1101,60000,60000,edge_to_coverage,,2,,,,,,,,48531.831,54932.0,109,60000,52989,57824,0.0,0.0,0.0,22.615,100.0,5.3351,4.0,32,320104
fashion_mnist-784-euclidean,euclidean,mod-vamana,0.91,1.0,32,64,1101,784,1,1101,60000,60000,edge_to_coverage,,3,,,,,,,,53740.287,57711.0,327,60000,48952,56721,0.0,0.0,0.0,22.615,100.0,5.3351,4.0,32,320104
fashion_mnist-784-euclidean,euclidean,mod-vamana,0.91,1.0,32,64,1101,784,1,1101,60000,60000,edge_to_coverage,,4,,,,,,,,56136.89,58583.0,654,60000,45541,55657,0.0,0.0,0.0,22.615,100.0,5.3351,4.0,32,320104
fashion_mnist-784-euclidean,euclidean,mod-vamana,0.91,1.0,32,64,1101,784,1,1101,60000,60000,edge_to_coverage,,5,,,,,,,,57285.399,58965.0,926,60000,42753,54664,0.0,0.0,0.0,22.615,100.0,5.3351,4.0,32,320104
fashion_mnist-784-euclidean,euclidean,mod-vamana,0.91,1.0,32,64,1101,784,1,1101,60000,60000,edge_to_coverage,,6,,,,,,,,57886.934,59183.0,8883,60000,40520,53840,0.0,0.0,0.0,22.615,100.0,5.3351,4.0,32,320104
fashion_mnist-784-euclidean,euclidean,mod-vamana,0.91,1.0,32,64,1101,784,1,1101,60000,60000,edge_to_coverage,,7,,,,,,,,58186.676,59292.0,10572,60000,38982,53110,0.0,0.0,0.0,22.615,100.0,5.3351,4.0,32,320104
fashion_mnist-784-euclidean,euclidean,mod-vamana,0.91,1.0,32,64,1101,784,1,1101,60000,60000,edge_to_coverage,,8,,,,,,,,58364.209,59346.0,12044,60000,37780,52509,0.0,0.0,0.0,22.615,100.0,5.3351,4.0,32,320104
fashion_mnist-784-euclidean,euclidean,mod-vamana,0.91,1.0,32,64,1101,784,1,1101,60000,60000,edge_to_coverage,,9,,,,,,,,58456.0,59401.0,12153,60000,36918,52029,0.0,0.0,0.0,22.615,100.0,5.3351,4.0,32,320104
fashion_mnist-784-euclidean,euclidean,mod-vamana,0.91,1.0,32,64,1101,784,1,1101,60000,60000,edge_to_coverage,,10,,,,,,,,58517.825,59455.0,13569,60000,36249,51599,0.0,0.0,0.0,22.615,100.0,5.3351,4.0,32,320104
fashion_mnist-784-euclidean,euclidean,mod-vamana,0.91,1.0,32,64,1101,784,1,1101,60000,60000,edge_to_coverage,,11,,,,,,,,58554.328,59455.0,13569,60000,35807,51254,0.0,0.0,0.0,22.615,100.0,5.3351,4.0,32,320104
fashion_mnist-784-euclidean,euclidean,mod-vamana,0.91,1.0,32,64,1101,784,1,1101,60000,60000,edge_to_coverage,,12,,,,,,,,58577.267,59455.0,13569,60000,35493,50991,0.0,0.0,0.0,22.615,100.0,5.3351,4.0,32,320104
fashion_mnist-784-euclidean,euclidean,mod-vamana,0.91,1.0,32,64,1101,784,1,1101,60000,60000,edge_to_coverage,,13,,,,,,,,58592.305,59510.0,13569,60000,35266,50809,0.0,0.0,0.0,22.615,100.0,5.3351,4.0,32,320104
fashion_mnist-784-euclidean,euclidean,mod-vamana,0.91,1.0,32,64,1101,784,1,1101,60000,60000,edge_to_coverage,,14,,,,,,,,58602.584,59510.0,13569,60000,35091,50641,0.0,0.0,0.0,22.615,100.0,5.3351,4.0,32,320104
fashion_mnist-784-euclidean,euclidean,mod-vamana,0.91,1.0,32,64,1101,784,1,1101,60000,60000,edge_to_coverage,,15,,,,,,,,58609.388,59510.0,13569,60000,34966,50527,0.0,0.0,0.0,22.615,100.0,5.3351,4.0,32,320104
fashion_mnist-784-euclidean,euclidean,mod-vamana,0.91,1.0,32,64,1101,784,1,1101,60000,60000,edge_to_coverage,,16,,,,,,,,58614.148,59510.0,13569,60000,34872,50427,0.0,0.0,0.0,22.615,100.0,5.3351,4.0,32,320104
fashion_mnist-784-euclidean,euclidean,mod-vamana,0.91,1.0,32,64,1101,784,1,1101,60000,60000,edge_to_coverage,,17,,,,,,,,58616.968,59510.0,13569,60000,34814,50345,0.0,0.0,0.0,22.615,100.0,5.3351,4.0,32,320104
fashion_mnist-784-euclidean,euclidean,mod-vamana,0.91,1.0,32,64,1101,784,1,1101,60000,60000,edge_to_coverage,,18,,,,,,,,58620.27,59510.0,13569,60000,34750,50283,0.0,0.0,0.0,22.615,100.0,5.3351,4.0,32,320104
fashion_mnist-784-euclidean,euclidean,mod-vamana,0.91,1.0,32,64,1101,784,1,1101,60000,60000,edge_to_coverage,,19,,,,,,,,58622.099,59510.0,13569,60000,34705,50238,0.0,0.0,0.0,22.615,100.0,5.3351,4.0,32,320104
fashion_mnist-784-euclidean,euclidean,mod-vamana,0.91,1.0,32,64,1101,784,1,1101,60000,60000,edge_to_coverage,,20,,,,,,,,58623.027,59510.0,13569,60000,34679,50209,0.0,0.0,0.0,22.615,100.0,5.3351,4.0,32,320104
fashion_mnist-784-euclidean,euclidean,mod-vamana,0.91,1.0,32,64,1101,784,1,1101,60000,60000,edge_to_coverage,,21,,,,,,,,58623.586,59510.0,13569,60000,34657,50181,0.0,0.0,0.0,22.615,100.0,5.3351,4.0,32,320104
fashion_mnist-784-euclidean,euclidean,mod-vamana,0.91,1.0,32,64,1101,784,1,1101,60000,60000,edge_to_coverage,,22,,,,,,,,58624.295,59510.0,13569,60000,34643,50157,0.0,0.0,0.0,22.615,100.0,5.3351,4.0,32,320104
fashion_mnist-784-euclidean,euclidean,mod-vamana,0.91,1.0,32,64,1101,784,1,1101,60000,60000,edge_to_coverage,,23,,,,,,,,58624.692,59510.0,13569,60000,34626,50126,0.0,0.0,0.0,22.615,100.0,5.3351,4.0,32,320104
fashion_mnist-784-euclidean,euclidean,mod-vamana,0.91,1.0,32,64,1101,784,1,1101,60000,60000,edge_to_coverage,,24,,,,,,,,58624.972,59510.0,13569,60000,34614,50113,0.0,0.0,0.0,22.615,100.0,5.3351,4.0,32,320104
fashion_mnist-784-euclidean,euclidean,mod-vamana,0.91,1.0,32,64,1101,784,1,1101,60000,60000,edge_to_coverage,,25,,,,,,,,58625.433,59510.0,13569,60000,34606,50106,0.0,0.0,0.0,22.615,100.0,5.3351,4.0,32,320104
fashion_mnist-784-euclidean,euclidean,mod-vamana,0.91,1.0,32,64,1101,784,1,1101,60000,60000,edge_to_coverage,,26,,,,,,,,58625.625,59510.0,13569,60000,34600,50098,0.0,0.0,0.0,22.615,100.0,5.3351,4.0,32,320104
fashion_mnist-784-euclidean,euclidean,mod-vamana,0.91,1.0,32,64,1101,784,1,1101,60000,60000,edge_to_coverage,,27,,,,,,,,58625.677,59510.0,13569,60000,34595,50085,0.0,0.0,0.0,22.615,100.0,5.3351,4.0,32,320104
fashion_mnist-784-euclidean,euclidean,mod-vamana,0.91,1.0,32,64,1101,784,1,1101,60000,60000,edge_to_coverage,,28,,,,,,,,58625.713,59510.0,13569,60000,34593,50082,0.0,0.0,0.0,22.615,100.0,5.3351,4.0,32,320104
fashion_mnist-784-euclidean,euclidean,mod-vamana,0.91,1.0,32,64,1101,784,1,1101,60000,60000,edge_to_coverage,,29,,,,,,,,58625.749,59510.0,13569,60000,34589,50075,0.0,0.0,0.0,22.615,100.0,5.3351,4.0,32,320104
fashion_mnist-784-euclidean,euclidean,mod-vamana,0.91,1.0,32,64,1101,784,1,1101,60000,60000,edge_to_coverage,,30,,,,,,,,58625.795,59510.0,13569,60000,34588,50073,0.0,0.0,0.0,22.615,100.0,5.3351,4.0,32,320104
fashion_mnist-784-euclidean,euclidean,mod-vamana,0.91,1.0,32,64,1101,784,1,1101,60000,60000,edge_to_coverage,,31,,,,,,,,58625.798,59510.0,13569,60000,34588,50073,0.0,0.0,0.0,22.615,100.0,5.3351,4.0,32,320104
fashion_mnist-784-euclidean,euclidean,mod-vamana,0.91,1.0,32,64,1101,784,1,1101,60000,60000,edge_to_coverage,,32,,,,,,,,58625.799,59510.0,13569,60000,34588,50073,0.0,0.0,0.0,22.615,100.0,5.3351,4.0,32,320104
fashion_mnist-784-euclidean,euclidean,mod-vamana,0.92,1.0,32,64,1101,784,1,1101,60000,60000,coverage_to_degree,90.0,,2.799,2.0,1,26,3.0,1,296,,,,,,,0.0,0.0,0.0,22.615,100.0,5.485,4.0,32,329101
fashion_mnist-784-euclidean,euclidean,mod-vamana,0.92,1.0,32,64,1101,784,1,1101,60000,60000,coverage_to_degree,90.5,,2.844,2.0,1,26,3.0,1,306,,,,,,,0.0,0.0,0.0,22.615,100.0,5.485,4.0,32,329101
fashion_mnist-784-euclidean,euclidean,mod-vamana,0.92,1.0,32,64,1101,784,1,1101,60000,60000,coverage_to_degree,91.0,,2.881,2.0,1,26,3.0,1,311,,,,,,,0.0,0.0,0.0,22.615,100.0,5.485,4.0,32,329101
fashion_mnist-784-euclidean,euclidean,mod-vamana,0.92,1.0,32,64,1101,784,1,1101,60000,60000,coverage_to_degree,91.5,,2.927,2.0,1,26,3.0,1,319,,,,,,,0.0,0.0,0.0,22.615,100.0,5.485,4.0,32,329101
fashion_mnist-784-euclidean,euclidean,mod-vamana,0.92,1.0,32,64,1101,784,1,1101,60000,60000,coverage_to_degree,92.0,,2.967,2.0,1,26,3.0,1,330,,,,,,,0.0,0.0,0.0,22.615,100.0,5.485,4.0,32,329101
fashion_mnist-784-euclidean,euclidean,mod-vamana,0.92,1.0,32,64,1101,784,1,1101,60000,60000,coverage_to_degree,92.5,,3.014,2.0,1,26,3.0,1,337,,,,,,,0.0,0.0,0.0,22.615,100.0,5.485,4.0,32,329101
fashion_mnist-784-euclidean,euclidean,mod-vamana,0.92,1.0,32,64,1101,784,1,1101,60000,60000,coverage_to_degree,93.0,,3.054,3.0,1,26,3.0,1,343,,,,,,,0.0,0.0,0.0,22.615,100.0,5.485,4.0,32,329101
fashion_mnist-784-euclidean,euclidean,mod-vamana,0.92,1.0,32,64,1101,784,1,1101,60000,60000,coverage_to_degree,93.5,,3.102,3.0,1,26,3.0,1,346,,,,,,,0.0,0.0,0.0,22.615,100.0,5.485,4.0,32,329101
fashion_mnist-784-euclidean,euclidean,mod-vamana,0.92,1.0,32,64,1101,784,1,1101,60000,60000,coverage_to_degree,94.0,,3.146,3.0,1,26,3.0,1,349,,,,,,,0.0,0.0,0.0,22.615,100.0,5.485,4.0,32,329101
fashion_mnist-784-euclidean,euclidean,mod-vamana,0.92,1.0,32,64,1101,784,1,1101,60000,60000,coverage_to_degree,94.5,,3.199,3.0,1,30,3.0,1,356,,,,,,,0.0,0.0,0.0,22.615,100.0,5.485,4.0,32,329101
fashion_mnist-784-euclidean,euclidean,mod-vamana,0.92,1.0,32,64,1101,784,1,1101,60000,60000,coverage_to_degree,95.0,,3.246,3.0,1,30,3.0,1,363,,,,,,,0.0,0.0,0.0,22.615,100.0,5.485,4.0,32,329101
fashion_mnist-784-euclidean,euclidean,mod-vamana,0.92,1.0,32,64,1101,784,1,1101,60000,60000,coverage_to_degree,95.5,,3.308,3.0,1,30,3.0,1,364,,,,,,,0.0,0.0,0.0,22.615,100.0,5.485,4.0,32,329101
fashion_mnist-784-euclidean,euclidean,mod-vamana,0.92,1.0,32,64,1101,784,1,1101,60000,60000,coverage_to_degree,96.0,,3.364,3.0,1,30,3.0,1,369,,,,,,,0.0,0.0,0.0,22.615,100.0,5.485,4.0,32,329101
fashion_mnist-784-euclidean,euclidean,mod-vamana,0.92,1.0,32,64,1101,784,1,1101,60000,60000,coverage_to_degree,96.5,,3.441,3.0,1,30,3.0,1,375,,,,,,,0.0,0.0,0.0,22.615,100.0,5.485,4.0,32,329101
fashion_mnist-784-euclidean,euclidean,mod-vamana,0.92,1.0,32,64,1101,784,1,1101,60000,60000,coverage_to_degree,97.0,,3.515,3.0,1,32,3.0,1,379,,,,,,,0.0,0.0,0.0,22.615,100.0,5.485,4.0,32,329101
fashion_mnist-784-euclidean,euclidean,mod-vamana,0.92,1.0,32,64,1101,784,1,1101,60000,60000,coverage_to_degree,97.5,,3.62,3.0,1,32,3.0,1,398,,,,,,,0.0,0.0,0.0,22.615,100.0,5.485,4.0,32,329101
fashion_mnist-784-euclidean,euclidean,mod-vamana,0.92,1.0,32,64,1101,784,1,1101,60000,60000,coverage_to_degree,98.0,,3.722,3.0,1,32,3.0,1,407,,,,,,,0.0,0.0,0.0,22.615,100.0,5.485,4.0,32,329101
fashion_mnist-784-euclidean,euclidean,mod-vamana,0.92,1.0,32,64,1101,784,1,1101,60000,60000,coverage_to_degree,98.5,,3.873,3.0,1,32,3.0,1,428,,,,,,,0.0,0.0,0.0,22.615,100.0,5.485,4.0,32,329101
fashion_mnist-784-euclidean,euclidean,mod-vamana,0.92,1.0,32,64,1101,784,1,1101,60000,60000,coverage_to_degree,99.0,,4.042,3.0,1,32,3.0,1,439,,,,,,,0.0,0.0,0.0,22.615,100.0,5.485,4.0,32,329101
fashion_mnist-784-euclidean,euclidean,mod-vamana,0.92,1.0,32,64,1101,784,1,1101,60000,60000,coverage_to_degree,99.5,,4.363,3.0,1,32,3.0,1,466,,,,,,,0.0,0.0,0.0,22.615,100.0,5.485,4.0,32,329101
fashion_mnist-784-euclidean,euclidean,mod-vamana,0.92,1.0,32,64,1101,784,1,1101,60000,60000,coverage_to_degree,100.0,,5.072,4.0,1,32,4.0,1,511,,,,,,,0.0,0.0,0.0,22.615,100.0,5.485,4.0,32,329101
fashion_mnist-784-euclidean,euclidean,mod-vamana,0.92,1.0,32,64,1101,784,1,1101,60000,60000,edge_to_coverage,,1,,,,,,,,35820.165,39074.0,0,60000,56946,58877,0.0,0.0,0.0,22.615,100.0,5.485,4.0,32,329101
fashion_mnist-784-euclidean,euclidean,mod-vamana,0.92,1.0,32,64,1101,784,1,1101,60000,60000,edge_to_coverage,,2,,,,,,,,48549.825,55041.0,109,60000,52861,57789,0.0,0.0,0.0,22.615,100.0,5.485,4.0,32,329101
fashion_mnist-784-euclidean,euclidean,mod-vamana,0.92,1.0,32,64,1101,784,1,1101,60000,60000,edge_to_coverage,,3,,,,,,,,53786.979,57766.0,327,60000,48689,56642,0.0,0.0,0.0,22.615,100.0,5.485,4.0,32,329101
fashion_mnist-784-euclidean,euclidean,mod-vamana,0.92,1.0,32,64,1101,784,1,1101,60000,60000,edge_to_coverage,,4,,,,,,,,56205.878,58692.0,654,60000,45093,55521,0.0,0.0,0.0,22.615,100.0,5.485,4.0,32,329101
fashion_mnist-784-euclidean,euclidean,mod-vamana,0.92,1.0,32,64,1101,784,1,1101,60000,60000,edge_to_coverage,,5,,,,,,,,57368.619,59019.0,926,60000,42171,54480,0.0,0.0,0.0,22.615,100.0,5.485,4.0,32,329101
fashion_mnist-784-euclidean,euclidean,mod-vamana,0.92,1.0,32,64,1101,784,1,1101,60000,60000,edge_to_coverage,,6,,,,,,,,57976.556,59237.0,8883,60000,39819,53571,0.0,0.0,0.0,22.615,100.0,5.485,4.0,32,329101
fashion_mnist-784-euclidean,euclidean,mod-vamana,0.92,1.0,32,64,1101,784,1,1101,60000,60000,edge_to_coverage,,7,,,,,,,,58284.858,59346.0,10572,60000,38240,52821,0.0,0.0,0.0,22.615,100.0,5.485,4.0,32,329101
fashion_mnist-784-euclidean,euclidean,mod-vamana,0.92,1.0,32,64,1101,784,1,1101,60000,60000,edge_to_coverage,,8,,,,,,,,58468.16,59401.0,11008,60000,36943,52146,0.0,0.0,0.0,22.615,100.0,5.485,4.0,32,329101
fashion_mnist-784-euclidean,euclidean,mod-vamana,0.92,1.0,32,64,1101,784,1,1101,60000,60000,edge_to_coverage,,9,,,,,,,,58562.958,59455.0,12425,60000,36018,51645,0.0,0.0,0.0,22.615,100.0,5.485,4.0,32,329101
fashion_mnist-784-euclidean,euclidean,mod-vamana,0.92,1.0,32,64,1101,784,1,1101,60000,60000,edge_to_coverage,,10,,,,,,,,58625.338,59510.0,12534,60000,35340,51194,0.0,0.0,0.0,22.615,100.0,5.485,4.0,32,329101
fashion_mnist-784-euclidean,euclidean,mod-vamana,0.92,1.0,32,64,1101,784,1,1101,60000,60000,edge_to_coverage,,11,,,,,,,,58664.364,59510.0,13569,60000,34846,50819,0.0,0.0,0.0,22.615,100.0,5.485,4.0,32,329101
fashion_mnist-784-euclidean,euclidean,mod-vamana,0.92,1.0,32,64,1101,784,1,1101,60000,60000,edge_to_coverage,,12,,,,,,,,58687.169,59510.0,13569,60000,34509,50551,0.0,0.0,0.0,22.615,100.0,5.485,4.0,32,329101
fashion_mnist-784-euclidean,euclidean,mod-vamana,0.92,1.0,32,64,1101,784,1,1101,60000,60000,edge_to_coverage,,13,,,,,,,,58703.559,59564.0,13569,60000,34258,50340,0.0,0.0,0.0,22.615,100.0,5.485,4.0,32,329101
fashion_mnist-784-euclidean,euclidean,mod-vamana,0.92,1.0,32,64,1101,784,1,1101,60000,60000,edge_to_coverage,,14,,,,,,,,58714.304,59564.0,13569,60000,34082,50155,0.0,0.0,0.0,22.615,100.0,5.485,4.0,32,329101
fashion_mnist-784-euclidean,euclidean,mod-vamana,0.92,1.0,32,64,1101,784,1,1101,60000,60000,edge_to_coverage,,15,,,,,,,,58721.919,59564.0,13569,60000,33958,50036,0.0,0.0,0.0,22.615,100.0,5.485,4.0,32,329101
fashion_mnist-784-euclidean,euclidean,mod-vamana,0.92,1.0,32,64,1101,784,1,1101,60000,60000,edge_to_coverage,,16,,,,,,,,58727.045,59564.0,13569,60000,33860,49928,0.0,0.0,0.0,22.615,100.0,5.485,4.0,32,329101
fashion_mnist-784-euclidean,euclidean,mod-vamana,0.92,1.0,32,64,1101,784,1,1101,60000,60000,edge_to_coverage,,17,,,,,,,,58729.725,59564.0,13569,60000,33785,49828,0.0,0.0,0.0,22.615,100.0,5.485,4.0,32,329101
fashion_mnist-784-euclidean,euclidean,mod-vamana,0.92,1.0,32,64,1101,784,1,1101,60000,60000,edge_to_coverage,,18,,,,,,,,58732.534,59564.0,13569,60000,33733,49763,0.0,0.0,0.0,22.615,100.0,5.485,4.0,32,329101
fashion_mnist-784-euclidean,euclidean,mod-vamana,0.92,1.0,32,64,1101,784,1,1101,60000,60000,edge_to_coverage,,19,,,,,,,,58734.774,59564.0,13569,60000,33676,49717,0.0,0.0,0.0,22.615,100.0,5.485,4.0,32,329101
fashion_mnist-784-euclidean,euclidean,mod-vamana,0.92,1.0,32,64,1101,784,1,1101,60000,60000,edge_to_coverage,,20,,,,,,,,58735.931,59564.0,13569,60000,33641,49675,0.0,0.0,0.0,22.615,100.0,5.485,4.0,32,329101
fashion_mnist-784-euclidean,euclidean,mod-vamana,0.92,1.0,32,64,1101,784,1,1101,60000,60000,edge_to_coverage,,21,,,,,,,,58736.657,59564.0,13569,60000,33617,49642,0.0,0.0,0.0,22.615,100.0,5.485,4.0,32,329101
fashion_mnist-784-euclidean,euclidean,mod-vamana,0.92,1.0,32,64,1101,784,1,1101,60000,60000,edge_to_coverage,,22,,,,,,,,58737.271,59564.0,13569,60000,33598,49616,0.0,0.0,0.0,22.615,100.0,5.485,4.0,32,329101
fashion_mnist-784-euclidean,euclidean,mod-vamana,0.92,1.0,32,64,1101,784,1,1101,60000,60000,edge_to_coverage,,23,,,,,,,,58737.746,59564.0,13569,60000,33586,49595,0.0,0.0,0.0,22.615,100.0,5.485,4.0,32,329101
fashion_mnist-784-euclidean,euclidean,mod-vamana,0.92,1.0,32,64,1101,784,1,1101,60000,60000,edge_to_coverage,,24,,,,,,,,58738.091,59564.0,13569,60000,33572,49581,0.0,0.0,0.0,22.615,100.0,5.485,4.0,32,329101
fashion_mnist-784-euclidean,euclidean,mod-vamana,0.92,1.0,32,64,1101,784,1,1101,60000,60000,edge_to_coverage,,25,,,,,,,,58738.602,59564.0,13569,60000,33563,49571,0.0,0.0,0.0,22.615,100.0,5.485,4.0,32,329101
fashion_mnist-784-euclidean,euclidean,mod-vamana,0.92,1.0,32,64,1101,784,1,1101,60000,60000,edge_to_coverage,,26,,,,,,,,58738.775,59564.0,13569,60000,33556,49562,0.0,0.0,0.0,22.615,100.0,5.485,4.0,32,329101
fashion_mnist-784-euclidean,euclidean,mod-vamana,0.92,1.0,32,64,1101,784,1,1101,60000,60000,edge_to_coverage,,27,,,,,,,,58738.849,59564.0,13569,60000,33549,49553,0.0,0.0,0.0,22.615,100.0,5.485,4.0,32,329101
fashion_mnist-784-euclidean,euclidean,mod-vamana,0.92,1.0,32,64,1101,784,1,1101,60000,60000,edge_to_coverage,,28,,,,,,,,58738.888,59564.0,13569,60000,33547,49545,0.0,0.0,0.0,22.615,100.0,5.485,4.0,32,329101
fashion_mnist-784-euclidean,euclidean,mod-vamana,0.92,1.0,32,64,1101,784,1,1101,60000,60000,edge_to_coverage,,29,,,,,,,,58738.921,59564.0,13569,60000,33545,49540,0.0,0.0,0.0,22.615,100.0,5.485,4.0,32,329101
fashion_mnist-784-euclidean,euclidean,mod-vamana,0.92,1.0,32,64,1101,784,1,1101,60000,60000,edge_to_coverage,,30,,,,,,,,58738.948,59564.0,13569,60000,33545,49539,0.0,0.0,0.0,22.615,100.0,5.485,4.0,32,329101
fashion_mnist-784-euclidean,euclidean,mod-vamana,0.92,1.0,32,64,1101,784,1,1101,60000,60000,edge_to_coverage,,31,,,,,,,,58738.952,59564.0,13569,60000,33545,49537,0.0,0.0,0.0,22.615,100.0,5.485,4.0,32,329101
fashion_mnist-784-euclidean,euclidean,mod-vamana,0.92,1.0,32,64,1101,784,1,1101,60000,60000,edge_to_coverage,,32,,,,,,,,58738.962,59564.0,13569,60000,33544,49535,0.0,0.0,0.0,22.615,100.0,5.485,4.0,32,329101
fashion_mnist-784-euclidean,euclidean,mod-vamana,0.93,1.0,32,64,1101,784,1,1101,60000,60000,coverage_to_degree,90.0,,2.801,2.0,1,26,3.0,1,267,,,,,,,0.0,0.0,0.0,22.615,100.0,5.6548,4.0,32,339291
fashion_mnist-784-euclidean,euclidean,mod-vamana,0.93,1.0,32,64,1101,784,1,1101,60000,60000,coverage_to_degree,90.5,,2.847,2.0,1,26,3.0,1,272,,,,,,,0.0,0.0,0.0,22.615,100.0,5.6548,4.0,32,339291
fashion_mnist-784-euclidean,euclidean,mod-vamana,0.93,1.0,32,64,1101,784,1,1101,60000,60000,coverage_to_degree,91.0,,2.886,2.0,1,26,3.0,1,276,,,,,,,0.0,0.0,0.0,22.615,100.0,5.6548,4.0,32,339291
fashion_mnist-784-euclidean,euclidean,mod-vamana,0.93,1.0,32,64,1101,784,1,1101,60000,60000,coverage_to_degree,91.5,,2.936,2.0,1,26,3.0,1,285,,,,,,,0.0,0.0,0.0,22.615,100.0,5.6548,4.0,32,339291
fashion_mnist-784-euclidean,euclidean,mod-vamana,0.93,1.0,32,64,1101,784,1,1101,60000,60000,coverage_to_degree,92.0,,2.979,2.0,1,26,3.0,1,297,,,,,,,0.0,0.0,0.0,22.615,100.0,5.6548,4.0,32,339291
fashion_mnist-784-euclidean,euclidean,mod-vamana,0.93,1.0,32,64,1101,784,1,1101,60000,60000,coverage_to_degree,92.5,,3.031,2.0,1,26,3.0,1,310,,,,,,,0.0,0.0,0.0,22.615,100.0,5.6548,4.0,32,339291
fashion_mnist-784-euclidean,euclidean,mod-vamana,0.93,1.0,32,64,1101,784,1,1101,60000,60000,coverage_to_degree,93.0,,3.076,3.0,1,26,3.0,1,321,,,,,,,0.0,0.0,0.0,22.615,100.0,5.6548,4.0,32,339291
fashion_mnist-784-euclidean,euclidean,mod-vamana,0.93,1.0,32,64,1101,784,1,1101,60000,60000,coverage_to_degree,93.5,,3.131,3.0,1,26,3.0,1,328,,,,,,,0.0,0.0,0.0,22.615,100.0,5.6548,4.0,32,339291
fashion_mnist-784-euclidean,euclidean,mod-vamana,0.93,1.0,32,64,1101,784,1,1101,60000,60000,coverage_to_degree,94.0,,3.179,3.0,1,26,3.0,1,334,,,,,,,0.0,0.0,0.0,22.615,100.0,5.6548,4.0,32,339291
fashion_mnist-784-euclidean,euclidean,mod-vamana,0.93,1.0,32,64,1101,784,1,1101,60000,60000,coverage_to_degree,94.5,,3.236,3.0,1,26,3.0,1,340,,,,,,,0.0,0.0,0.0,22.615,100.0,5.6548,4.0,32,339291
fashion_mnist-784-euclidean,euclidean,mod-vamana,0.93,1.0,32,64,1101,784,1,1101,60000,60000,coverage_to_degree,95.0,,3.286,3.0,1,27,3.0,1,346,,,,,,,0.0,0.0,0.0,22.615,100.0,5.6548,4.0,32,339291
fashion_mnist-784-euclidean,euclidean,mod-vamana,0.93,1.0,32,64,1101,784,1,1101,60000,60000,coverage_to_degree,95.5,,3.351,3.0,1,27,3.0,1,350,,,,,,,0.0,0.0,0.0,22.615,100.0,5.6548,4.0,32,339291
fashion_mnist-784-euclidean,euclidean,mod-vamana,0.93,1.0,32,64,1101,784,1,1101,60000,60000,coverage_to_degree,96.0,,3.41,3.0,1,27,3.0,1,354,,,,,,,0.0,0.0,0.0,22.615,100.0,5.6548,4.0,32,339291
fashion_mnist-784-euclidean,euclidean,mod-vamana,0.93,1.0,32,64,1101,784,1,1101,60000,60000,coverage_to_degree,96.5,,3.491,3.0,1,28,3.0,1,362,,,,,,,0.0,0.0,0.0,22.615,100.0,5.6548,4.0,32,339291
fashion_mnist-784-euclidean,euclidean,mod-vamana,0.93,1.0,32,64,1101,784,1,1101,60000,60000,coverage_to_degree,97.0,,3.567,3.0,1,28,3.0,1,366,,,,,,,0.0,0.0,0.0,22.615,100.0,5.6548,4.0,32,339291
fashion_mnist-784-euclidean,euclidean,mod-vamana,0.93,1.0,32,64,1101,784,1,1101,60000,60000,coverage_to_degree,97.5,,3.677,3.0,1,31,3.0,1,385,,,,,,,0.0,0.0,0.0,22.615,100.0,5.6548,4.0,32,339291
fashion_mnist-784-euclidean,euclidean,mod-vamana,0.93,1.0,32,64,1101,784,1,1101,60000,60000,coverage_to_degree,98.0,,3.783,3.0,1,31,3.0,1,395,,,,,,,0.0,0.0,0.0,22.615,100.0,5.6548,4.0,32,339291
fashion_mnist-784-euclidean,euclidean,mod-vamana,0.93,1.0,32,64,1101,784,1,1101,60000,60000,coverage_to_degree,98.5,,3.942,3.0,1,31,3.0,1,412,,,,,,,0.0,0.0,0.0,22.615,100.0,5.6548,4.0,32,339291
fashion_mnist-784-euclidean,euclidean,mod-vamana,0.93,1.0,32,64,1101,784,1,1101,60000,60000,coverage_to_degree,99.0,,4.119,3.0,1,31,3.0,1,428,,,,,,,0.0,0.0,0.0,22.615,100.0,5.6548,4.0,32,339291
fashion_mnist-784-euclidean,euclidean,mod-vamana,0.93,1.0,32,64,1101,784,1,1101,60000,60000,coverage_to_degree,99.5,,4.455,4.0,1,32,4.0,1,451,,,,,,,0.0,0.0,0.0,22.615,100.0,5.6548,4.0,32,339291
fashion_mnist-784-euclidean,euclidean,mod-vamana,0.93,1.0,32,64,1101,784,1,1101,60000,60000,coverage_to_degree,100.0,,5.205,4.0,1,32,4.0,1,495,,,,,,,0.0,0.0,0.0,22.615,100.0,5.6548,4.0,32,339291
fashion_mnist-784-euclidean,euclidean,mod-vamana,0.93,1.0,32,64,1101,784,1,1101,60000,60000,edge_to_coverage,,1,,,,,,,,35816.829,39074.0,0,60000,56969,58884,0.0,0.0,0.0,22.615,100.0,5.6548,4.0,32,339291
fashion_mnist-784-euclidean,euclidean,mod-vamana,0.93,1.0,32,64,1101,784,1,1101,60000,60000,edge_to_coverage,,2,,,,,,,,48563.954,55041.0,109,60000,52762,57764,0.0,0.0,0.0,22.615,100.0,5.6548,4.0,32,339291
fashion_mnist-784-euclidean,euclidean,mod-vamana,0.93,1.0,32,64,1101,784,1,1101,60000,60000,edge_to_coverage,,3,,,,,,,,53809.764,57875.0,327,60000,48447,56551,0.0,0.0,0.0,22.615,100.0,5.6548,4.0,32,339291
fashion_mnist-784-euclidean,euclidean,mod-vamana,0.93,1.0,32,64,1101,784,1,1101,60000,60000,edge_to_coverage,,4,,,,,,,,56260.774,58747.0,654,60000,44663,55358,0.0,0.0,0.0,22.615,100.0,5.6548,4.0,32,339291
fashion_mnist-784-euclidean,euclidean,mod-vamana,0.93,1.0,32,64,1101,784,1,1101,60000,60000,edge_to_coverage,,5,,,,,,,,57438.996,59128.0,926,60000,41587,54273,0.0,0.0,0.0,22.615,100.0,5.6548,4.0,32,339291
fashion_mnist-784-euclidean,euclidean,mod-vamana,0.93,1.0,32,64,1101,784,1,1101,60000,60000,edge_to_coverage,,6,,,,,,,,58053.138,59292.0,8883,60000,39081,53257,0.0,0.0,0.0,22.615,100.0,5.6548,4.0,32,339291
fashion_mnist-784-euclidean,euclidean,mod-vamana,0.93,1.0,32,64,1101,784,1,1101,60000,60000,edge_to_coverage,,7,,,,,,,,58368.86,59401.0,10572,60000,37389,52473,0.0,0.0,0.0,22.615,100.0,5.6548,4.0,32,339291
fashion_mnist-784-euclidean,euclidean,mod-vamana,0.93,1.0,32,64,1101,784,1,1101,60000,60000,edge_to_coverage,,8,,,,,,,,58555.887,59455.0,13569,60000,36032,51740,0.0,0.0,0.0,22.615,100.0,5.6548,4.0,32,339291
fashion_mnist-784-euclidean,euclidean,mod-vamana,0.93,1.0,32,64,1101,784,1,1101,60000,60000,edge_to_coverage,,9,,,,,,,,58656.645,59510.0,13569,60000,35052,51180,0.0,0.0,0.0,22.615,100.0,5.6548,4.0,32,339291
fashion_mnist-784-euclidean,euclidean,mod-vamana,0.93,1.0,32,64,1101,784,1,1101,60000,60000,edge_to_coverage,,10,,,,,,,,58721.623,59564.0,13569,60000,34318,50684,0.0,0.0,0.0,22.615,100.0,5.6548,4.0,32,339291
fashion_mnist-784-euclidean,euclidean,mod-vamana,0.93,1.0,32,64,1101,784,1,1101,60000,60000,edge_to_coverage,,11,,,,,,,,58761.565,59564.0,13569,60000,33788,50282,0.0,0.0,0.0,22.615,100.0,5.6548,4.0,32,339291
fashion_mnist-784-euclidean,euclidean,mod-vamana,0.93,1.0,32,64,1101,784,1,1101,60000,60000,edge_to_coverage,,12,,,,,,,,58786.322,59564.0,13569,60000,33434,49989,0.0,0.0,0.0,22.615,100.0,5.6548,4.0,32,339291
fashion_mnist-784-euclidean,euclidean,mod-vamana,0.93,1.0,32,64,1101,784,1,1101,60000,60000,edge_to_coverage,,13,,,,,,,,58802.804,59564.0,13569,60000,33158,49761,0.0,0.0,0.0,22.615,100.0,5.6548,4.0,32,339291
fashion_mnist-784-euclidean,euclidean,mod-vamana,0.93,1.0,32,64,1101,784,1,1101,60000,60000,edge_to_coverage,,14,,,,,,,,58813.842,59619.0,13569,60000,32942,49562,0.0,0.0,0.0,22.615,100.0,5.6548,4.0,32,339291
fashion_mnist-784-euclidean,euclidean,mod-vamana,0.93,1.0,32,64,1101,784,1,1101,60000,60000,edge_to_coverage,,15,,,,,,,,58821.468,59619.0,13569,60000,32811,49435,0.0,0.0,0.0,22.615,100.0,5.6548,4.0,32,339291
fashion_mnist-784-euclidean,euclidean,mod-vamana,0.93,1.0,32,64,1101,784,1,1101,60000,60000,edge_to_coverage,,16,,,,,,,,58826.861,59619.0,13569,60000,32701,49322,0.0,0.0,0.0,22.615,100.0,5.6548,4.0,32,339291
fashion_mnist-784-euclidean,euclidean,mod-vamana,0.93,1.0,32,64,1101,784,1,1101,60000,60000,edge_to_coverage,,17,,,,,,,,58829.847,59619.0,13569,60000,32638,49218,0.0,0.0,0.0,22.615,100.0,5.6548,4.0,32,339291
fashion_mnist-784-euclidean,euclidean,mod-vamana,0.93,1.0,32,64,1101,784,1,1101,60000,60000,edge_to_coverage,,18,,,,,,,,58832.891,59619.0,13569,60000,32571,49136,0.0,0.0,0.0,22.615,100.0,5.6548,4.0,32,339291
fashion_mnist-784-euclidean,euclidean,mod-vamana,0.93,1.0,32,64,1101,784,1,1101,60000,60000,edge_to_coverage,,19,,,,,,,,58835.183,59619.0,13569,60000,32516,49087,0.0,0.0,0.0,22.615,100.0,5.6548,4.0,32,339291
fashion_mnist-784-euclidean,euclidean,mod-vamana,0.93,1.0,32,64,1101,784,1,1101,60000,60000,edge_to_coverage,,20,,,,,,,,58836.515,59619.0,13569,60000,32478,49045,0.0,0.0,0.0,22.615,100.0,5.6548,4.0,32,339291
fashion_mnist-784-euclidean,euclidean,mod-vamana,0.93,1.0,32,64,1101,784,1,1101,60000,60000,edge_to_coverage,,21,,,,,,,,58837.171,59619.0,13569,60000,32456,49011,0.0,0.0,0.0,22.615,100.0,5.6548,4.0,32,339291
fashion_mnist-784-euclidean,euclidean,mod-vamana,0.93,1.0,32,64,1101,784,1,1101,60000,60000,edge_to_coverage,,22,,,,,,,,58837.85,59619.0,13569,60000,32428,48983,0.0,0.0,0.0,22.615,100.0,5.6548,4.0,32,339291
fashion_mnist-784-euclidean,euclidean,mod-vamana,0.93,1.0,32,64,1101,784,1,1101,60000,60000,edge_to_coverage,,23,,,,,,,,58838.457,59619.0,13569,60000,32416,48962,0.0,0.0,0.0,22.615,100.0,5.6548,4.0,32,339291
fashion_mnist-784-euclidean,euclidean,mod-vamana,0.93,1.0,32,64,1101,784,1,1101,60000,60000,edge_to_coverage,,24,,,,,,,,58838.922,59619.0,13569,60000,32399,48943,0.0,0.0,0.0,22.615,100.0,5.6548,4.0,32,339291
fashion_mnist-784-euclidean,euclidean,mod-vamana,0.93,1.0,32,64,1101,784,1,1101,60000,60000,edge_to_coverage,,25,,,,,,,,58839.289,59619.0,13569,60000,32393,48930,0.0,0.0,0.0,22.615,100.0,5.6548,4.0,32,339291
fashion_mnist-784-euclidean,euclidean,mod-vamana,0.93,1.0,32,64,1101,784,1,1101,60000,60000,edge_to_coverage,,26,,,,,,,,58839.457,59619.0,13569,60000,32389,48919,0.0,0.0,0.0,22.615,100.0,5.6548,4.0,32,339291
fashion_mnist-784-euclidean,euclidean,mod-vamana,0.93,1.0,32,64,1101,784,1,1101,60000,60000,edge_to_coverage,,27,,,,,,,,58839.597,59619.0,13569,60000,32380,48908,0.0,0.0,0.0,22.615,100.0,5.6548,4.0,32,339291
fashion_mnist-784-euclidean,euclidean,mod-vamana,0.93,1.0,32,64,1101,784,1,1101,60000,60000,edge_to_coverage,,28,,,,,,,,58839.661,59619.0,13569,60000,32377,48900,0.0,0.0,0.0,22.615,100.0,5.6548,4.0,32,339291
fashion_mnist-784-euclidean,euclidean,mod-vamana,0.93,1.0,32,64,1101,784,1,1101,60000,60000,edge_to_coverage,,29,,,,,,,,58839.685,59619.0,13569,60000,32376,48895,0.0,0.0,0.0,22.615,100.0,5.6548,4.0,32,339291
fashion_mnist-784-euclidean,euclidean,mod-vamana,0.93,1.0,32,64,1101,784,1,1101,60000,60000,edge_to_coverage,,30,,,,,,,,58839.704,59619.0,13569,60000,32374,48889,0.0,0.0,0.0,22.615,100.0,5.6548,4.0,32,339291
fashion_mnist-784-euclidean,euclidean,mod-vamana,0.93,1.0,32,64,1101,784,1,1101,60000,60000,edge_to_coverage,,31,,,,,,,,58839.711,59619.0,13569,60000,32373,48888,0.0,0.0,0.0,22.615,100.0,5.6548,4.0,32,339291
fashion_mnist-784-euclidean,euclidean,mod-vamana,0.93,1.0,32,64,1101,784,1,1101,60000,60000,edge_to_coverage,,32,,,,,,,,58839.711,59619.0,13569,60000,32373,48888,0.0,0.0,0.0,22.615,100.0,5.6548,4.0,32,339291
fashion_mnist-784-euclidean,euclidean,mod-vamana,0.94,1.0,32,64,1101,784,1,1101,60000,60000,coverage_to_degree,90.0,,2.803,2.0,1,27,3.0,1,282,,,,,,,0.0,0.0,0.0,29.7917,100.0,5.845,4.0,32,350700
fashion_mnist-784-euclidean,euclidean,mod-vamana,0.94,1.0,32,64,1101,784,1,1101,60000,60000,coverage_to_degree,90.5,,2.849,2.0,1,27,3.0,1,293,,,,,,,0.0,0.0,0.0,29.7917,100.0,5.845,4.0,32,350700
fashion_mnist-784-euclidean,euclidean,mod-vamana,0.94,1.0,32,64,1101,784,1,1101,60000,60000,coverage_to_degree,91.0,,2.888,2.0,1,29,3.0,1,298,,,,,,,0.0,0.0,0.0,29.7917,100.0,5.845,4.0,32,350700
fashion_mnist-784-euclidean,euclidean,mod-vamana,0.94,1.0,32,64,1101,784,1,1101,60000,60000,coverage_to_degree,91.5,,2.939,2.0,1,29,3.0,1,313,,,,,,,0.0,0.0,0.0,29.7917,100.0,5.845,4.0,32,350700
fashion_mnist-784-euclidean,euclidean,mod-vamana,0.94,1.0,32,64,1101,784,1,1101,60000,60000,coverage_to_degree,92.0,,2.984,2.0,1,29,3.0,1,330,,,,,,,0.0,0.0,0.0,29.7917,100.0,5.845,4.0,32,350700
fashion_mnist-784-euclidean,euclidean,mod-vamana,0.94,1.0,32,64,1101,784,1,1101,60000,60000,coverage_to_degree,92.5,,3.04,2.0,1,29,3.0,1,348,,,,,,,0.0,0.0,0.0,29.7917,100.0,5.845,4.0,32,350700
fashion_mnist-784-euclidean,euclidean,mod-vamana,0.94,1.0,32,64,1101,784,1,1101,60000,60000,coverage_to_degree,93.0,,3.089,3.0,1,29,3.0,1,363,,,,,,,0.0,0.0,0.0,29.7917,100.0,5.845,4.0,32,350700
fashion_mnist-784-euclidean,euclidean,mod-vamana,0.94,1.0,32,64,1101,784,1,1101,60000,60000,coverage_to_degree,93.5,,3.15,3.0,1,29,3.0,1,375,,,,,,,0.0,0.0,0.0,29.7917,100.0,5.845,4.0,32,350700
fashion_mnist-784-euclidean,euclidean,mod-vamana,0.94,1.0,32,64,1101,784,1,1101,60000,60000,coverage_to_degree,94.0,,3.203,3.0,1,29,3.0,1,383,,,,,,,0.0,0.0,0.0,29.7917,100.0,5.845,4.0,32,350700
fashion_mnist-784-euclidean,euclidean,mod-vamana,0.94,1.0,32,64,1101,784,1,1101,60000,60000,coverage_to_degree,94.5,,3.268,3.0,1,29,3.0,1,402,,,,,,,0.0,0.0,0.0,29.7917,100.0,5.845,4.0,32,350700
fashion_mnist-784-euclidean,euclidean,mod-vamana,0.94,1.0,32,64,1101,784,1,1101,60000,60000,coverage_to_degree,95.0,,3.324,3.0,1,29,3.0,1,409,,,,,,,0.0,0.0,0.0,29.7917,100.0,5.845,4.0,32,350700
fashion_mnist-784-euclidean,euclidean,mod-vamana,0.94,1.0,32,64,1101,784,1,1101,60000,60000,coverage_to_degree,95.5,,3.395,3.0,1,29,3.0,1,418,,,,,,,0.0,0.0,0.0,29.7917,100.0,5.845,4.0,32,350700
fashion_mnist-784-euclidean,euclidean,mod-vamana,0.94,1.0,32,64,1101,784,1,1101,60000,60000,coverage_to_degree,96.0,,3.458,3.0,1,29,3.0,1,422,,,,,,,0.0,0.0,0.0,29.7917,100.0,5.845,4.0,32,350700
fashion_mnist-784-euclidean,euclidean,mod-vamana,0.94,1.0,32,64,1101,784,1,1101,60000,60000,coverage_to_degree,96.5,,3.543,3.0,1,29,3.0,1,429,,,,,,,0.0,0.0,0.0,29.7917,100.0,5.845,4.0,32,350700
fashion_mnist-784-euclidean,euclidean,mod-vamana,0.94,1.0,32,64,1101,784,1,1101,60000,60000,coverage_to_degree,97.0,,3.623,3.0,1,29,3.0,1,442,,,,,,,0.0,0.0,0.0,29.7917,100.0,5.845,4.0,32,350700
fashion_mnist-784-euclidean,euclidean,mod-vamana,0.94,1.0,32,64,1101,784,1,1101,60000,60000,coverage_to_degree,97.5,,3.737,3.0,1,32,3.0,1,454,,,,,,,0.0,0.0,0.0,29.7917,100.0,5.845,4.0,32,350700
fashion_mnist-784-euclidean,euclidean,mod-vamana,0.94,1.0,32,64,1101,784,1,1101,60000,60000,coverage_to_degree,98.0,,3.849,3.0,1,32,3.0,1,462,,,,,,,0.0,0.0,0.0,29.7917,100.0,5.845,4.0,32,350700
fashion_mnist-784-euclidean,euclidean,mod-vamana,0.94,1.0,32,64,1101,784,1,1101,60000,60000,coverage_to_degree,98.5,,4.015,3.0,1,32,3.0,1,480,,,,,,,0.0,0.0,0.0,29.7917,100.0,5.845,4.0,32,350700
fashion_mnist-784-euclidean,euclidean,mod-vamana,0.94,1.0,32,64,1101,784,1,1101,60000,60000,coverage_to_degree,99.0,,4.2,3.0,1,32,3.0,1,497,,,,,,,0.0,0.0,0.0,29.7917,100.0,5.845,4.0,32,350700
fashion_mnist-784-euclidean,euclidean,mod-vamana,0.94,1.0,32,64,1101,784,1,1101,60000,60000,coverage_to_degree,99.5,,4.552,4.0,1,32,4.0,1,533,,,,,,,0.0,0.0,0.0,29.7917,100.0,5.845,4.0,32,350700
fashion_mnist-784-euclidean,euclidean,mod-vamana,0.94,1.0,32,64,1101,784,1,1101,60000,60000,coverage_to_degree,100.0,,5.355,4.0,1,32,4.0,1,590,,,,,,,0.0,0.0,0.0,29.7917,100.0,5.845,4.0,32,350700
fashion_mnist-784-euclidean,euclidean,mod-vamana,0.94,1.0,32,64,1101,784,1,1101,60000,60000,edge_to_coverage,,1,,,,,,,,35835.124,39074.0,0,60000,56952,58885,0.0,0.0,0.0,29.7917,100.0,5.845,4.0,32,350700
fashion_mnist-784-euclidean,euclidean,mod-vamana,0.94,1.0,32,64,1101,784,1,1101,60000,60000,edge_to_coverage,,2,,,,,,,,48599.935,55041.0,109,60000,52565,57724,0.0,0.0,0.0,29.7917,100.0,5.845,4.0,32,350700
fashion_mnist-784-euclidean,euclidean,mod-vamana,0.94,1.0,32,64,1101,784,1,1101,60000,60000,edge_to_coverage,,3,,,,,,,,53858.294,57984.0,327,60000,48006,56435,0.0,0.0,0.0,29.7917,100.0,5.845,4.0,32,350700
fashion_mnist-784-euclidean,euclidean,mod-vamana,0.94,1.0,32,64,1101,784,1,1101,60000,60000,edge_to_coverage,,4,,,,,,,,56312.293,58856.0,654,60000,44026,55181,0.0,0.0,0.0,29.7917,100.0,5.845,4.0,32,350700
fashion_mnist-784-euclidean,euclidean,mod-vamana,0.94,1.0,32,64,1101,784,1,1101,60000,60000,edge_to_coverage,,5,,,,,,,,57507.756,59183.0,926,60000,40788,54025,0.0,0.0,0.0,29.7917,100.0,5.845,4.0,32,350700
fashion_mnist-784-euclidean,euclidean,mod-vamana,0.94,1.0,32,64,1101,784,1,1101,60000,60000,edge_to_coverage,,6,,,,,,,,58137.485,59346.0,7139,60000,38133,52925,0.0,0.0,0.0,29.7917,100.0,5.845,4.0,32,350700
fashion_mnist-784-euclidean,euclidean,mod-vamana,0.94,1.0,32,64,1101,784,1,1101,60000,60000,edge_to_coverage,,7,,,,,,,,58460.727,59455.0,9428,60000,36302,52060,0.0,0.0,0.0,29.7917,100.0,5.845,4.0,32,350700
fashion_mnist-784-euclidean,euclidean,mod-vamana,0.94,1.0,32,64,1101,784,1,1101,60000,60000,edge_to_coverage,,8,,,,,,,,58650.043,59510.0,15640,60000,34865,51274,0.0,0.0,0.0,29.7917,100.0,5.845,4.0,32,350700
fashion_mnist-784-euclidean,euclidean,mod-vamana,0.94,1.0,32,64,1101,784,1,1101,60000,60000,edge_to_coverage,,9,,,,,,,,58754.725,59564.0,15695,60000,33843,50671,0.0,0.0,0.0,29.7917,100.0,5.845,4.0,32,350700
fashion_mnist-784-euclidean,euclidean,mod-vamana,0.94,1.0,32,64,1101,784,1,1101,60000,60000,edge_to_coverage,,10,,,,,,,,58821.371,59619.0,17875,60000,33052,50125,0.0,0.0,0.0,29.7917,100.0,5.845,4.0,32,350700
fashion_mnist-784-euclidean,euclidean,mod-vamana,0.94,1.0,32,64,1101,784,1,1101,60000,60000,edge_to_coverage,,11,,,,,,,,58862.54,59619.0,17875,60000,32479,49679,0.0,0.0,0.0,29.7917,100.0,5.845,4.0,32,350700
fashion_mnist-784-euclidean,euclidean,mod-vamana,0.94,1.0,32,64,1101,784,1,1101,60000,60000,edge_to_coverage,,12,,,,,,,,58887.726,59619.0,17875,60000,32103,49360,0.0,0.0,0.0,29.7917,100.0,5.845,4.0,32,350700
fashion_mnist-784-euclidean,euclidean,mod-vamana,0.94,1.0,32,64,1101,784,1,1101,60000,60000,edge_to_coverage,,13,,,,,,,,58906.268,59619.0,17875,60000,31795,49101,0.0,0.0,0.0,29.7917,100.0,5.845,4.0,32,350700
fashion_mnist-784-euclidean,euclidean,mod-vamana,0.94,1.0,32,64,1101,784,1,1101,60000,60000,edge_to_coverage,,14,,,,,,,,58917.923,59673.0,17875,60000,31576,48893,0.0,0.0,0.0,29.7917,100.0,5.845,4.0,32,350700
fashion_mnist-784-euclidean,euclidean,mod-vamana,0.94,1.0,32,64,1101,784,1,1101,60000,60000,edge_to_coverage,,15,,,,,,,,58925.546,59673.0,17875,60000,31433,48740,0.0,0.0,0.0,29.7917,100.0,5.845,4.0,32,350700
fashion_mnist-784-euclidean,euclidean,mod-vamana,0.94,1.0,32,64,1101,784,1,1101,60000,60000,edge_to_coverage,,16,,,,,,,,58931.973,59673.0,17875,60000,31318,48623,0.0,0.0,0.0,29.7917,100.0,5.845,4.0,32,350700
fashion_mnist-784-euclidean,euclidean,mod-vamana,0.94,1.0,32,64,1101,784,1,1101,60000,60000,edge_to_coverage,,17,,,,,,,,58935.355,59673.0,17875,60000,31228,48516,0.0,0.0,0.0,29.7917,100.0,5.845,4.0,32,350700
fashion_mnist-784-euclidean,euclidean,mod-vamana,0.94,1.0,32,64,1101,784,1,1101,60000,60000,edge_to_coverage,,18,,,,,,,,58938.422,59673.0,17875,60000,31156,48431,0.0,0.0,0.0,29.7917,100.0,5.845,4.0,32,350700
fashion_mnist-784-euclidean,euclidean,mod-vamana,0.94,1.0,32,64,1101,784,1,1101,60000,60000,edge_to_coverage,,19,,,,,,,,58940.687,59673.0,17875,60000,31110,48356,0.0,0.0,0.0,29.7917,100.0,5.845,4.0,32,350700
fashion_mnist-784-euclidean,euclidean,mod-vamana,0.94,1.0,32,64,1101,784,1,1101,60000,60000,edge_to_coverage,,20,,,,,,,,58942.13,59673.0,17875,60000,31067,48305,0.0,0.0,0.0,29.7917,100.0,5.845,4.0,32,350700
fashion_mnist-784-euclidean,euclidean,mod-vamana,0.94,1.0,32,64,1101,784,1,1101,60000,60000,edge_to_coverage,,21,,,,,,,,58943.037,59673.0,17875,60000,31037,48274,0.0,0.0,0.0,29.7917,100.0,5.845,4.0,32,350700
fashion_mnist-784-euclidean,euclidean,mod-vamana,0.94,1.0,32,64,1101,784,1,1101,60000,60000,edge_to_coverage,,22,,,,,,,,58943.754,59673.0,17875,60000,31005,48244,0.0,0.0,0.0,29.7917,100.0,5.845,4.0,32,350700
fashion_mnist-784-euclidean,euclidean,mod-vamana,0.94,1.0,32,64,1101,784,1,1101,60000,60000,edge_to_coverage,,23,,,,,,,,58944.459,59673.0,17875,60000,30988,48223,0.0,0.0,0.0,29.7917,100.0,5.845,4.0,32,350700
fashion_mnist-784-euclidean,euclidean,mod-vamana,0.94,1.0,32,64,1101,784,1,1101,60000,60000,edge_to_coverage,,24,,,,,,,,58944.838,59673.0,17875,60000,30974,48202,0.0,0.0,0.0,29.7917,100.0,5.845,4.0,32,350700
fashion_mnist-784-euclidean,euclidean,mod-vamana,0.94,1.0,32,64,1101,784,1,1101,60000,60000,edge_to_coverage,,25,,,,,,,,58945.331,59673.0,17875,60000,30961,48189,0.0,0.0,0.0,29.7917,100.0,5.845,4.0,32,350700
fashion_mnist-784-euclidean,euclidean,mod-vamana,0.94,1.0,32,64,1101,784,1,1101,60000,60000,edge_to_coverage,,26,,,,,,,,58945.504,59673.0,17875,60000,30955,48177,0.0,0.0,0.0,29.7917,100.0,5.845,4.0,32,350700
fashion_mnist-784-euclidean,euclidean,mod-vamana,0.94,1.0,32,64,1101,784,1,1101,60000,60000,edge_to_coverage,,27,,,,,,,,58945.713,59673.0,17875,60000,30949,48170,0.0,0.0,0.0,29.7917,100.0,5.845,4.0,32,350700
fashion_mnist-784-euclidean,euclidean,mod-vamana,0.94,1.0,32,64,1101,784,1,1101,60000,60000,edge_to_coverage,,28,,,,,,,,58945.771,59673.0,17875,60000,30943,48160,0.0,0.0,0.0,29.7917,100.0,5.845,4.0,32,350700
fashion_mnist-784-euclidean,euclidean,mod-vamana,0.94,1.0,32,64,1101,784,1,1101,60000,60000,edge_to_coverage,,29,,,,,,,,58945.859,59673.0,17875,60000,30942,48153,0.0,0.0,0.0,29.7917,100.0,5.845,4.0,32,350700
fashion_mnist-784-euclidean,euclidean,mod-vamana,0.94,1.0,32,64,1101,784,1,1101,60000,60000,edge_to_coverage,,30,,,,,,,,58945.874,59673.0,17875,60000,30942,48148,0.0,0.0,0.0,29.7917,100.0,5.845,4.0,32,350700
fashion_mnist-784-euclidean,euclidean,mod-vamana,0.94,1.0,32,64,1101,784,1,1101,60000,60000,edge_to_coverage,,31,,,,,,,,58945.918,59673.0,17875,60000,30939,48146,0.0,0.0,0.0,29.7917,100.0,5.845,4.0,32,350700
fashion_mnist-784-euclidean,euclidean,mod-vamana,0.94,1.0,32,64,1101,784,1,1101,60000,60000,edge_to_coverage,,32,,,,,,,,58945.952,59673.0,17875,60000,30938,48144,0.0,0.0,0.0,29.7917,100.0,5.845,4.0,32,350700
fashion_mnist-784-euclidean,euclidean,mod-vamana,0.95,1.0,32,64,1101,784,1,1101,60000,60000,coverage_to_degree,90.0,,2.805,2.0,1,26,3.0,1,318,,,,,,,0.0,0.0,0.0,29.7917,100.0,6.0731,4.0,32,364383
fashion_mnist-784-euclidean,euclidean,mod-vamana,0.95,1.0,32,64,1101,784,1,1101,60000,60000,coverage_to_degree,90.5,,2.851,2.0,1,26,3.0,1,327,,,,,,,0.0,0.0,0.0,29.7917,100.0,6.0731,4.0,32,364383
fashion_mnist-784-euclidean,euclidean,mod-vamana,0.95,1.0,32,64,1101,784,1,1101,60000,60000,coverage_to_degree,91.0,,2.891,2.0,1,28,3.0,1,332,,,,,,,0.0,0.0,0.0,29.7917,100.0,6.0731,4.0,32,364383
fashion_mnist-784-euclidean,euclidean,mod-vamana,0.95,1.0,32,64,1101,784,1,1101,60000,60000,coverage_to_degree,91.5,,2.942,2.0,1,28,3.0,1,347,,,,,,,0.0,0.0,0.0,29.7917,100.0,6.0731,4.0,32,364383
fashion_mnist-784-euclidean,euclidean,mod-vamana,0.95,1.0,32,64,1101,784,1,1101,60000,60000,coverage_to_degree,92.0,,2.987,2.0,1,28,3.0,1,363,,,,,,,0.0,0.0,0.0,29.7917,100.0,6.0731,4.0,32,364383
fashion_mnist-784-euclidean,euclidean,mod-vamana,0.95,1.0,32,64,1101,784,1,1101,60000,60000,coverage_to_degree,92.5,,3.043,3.0,1,28,3.0,1,385,,,,,,,0.0,0.0,0.0,29.7917,100.0,6.0731,4.0,32,364383
fashion_mnist-784-euclidean,euclidean,mod-vamana,0.95,1.0,32,64,1101,784,1,1101,60000,60000,coverage_to_degree,93.0,,3.094,3.0,1,28,3.0,1,401,,,,,,,0.0,0.0,0.0,29.7917,100.0,6.0731,4.0,32,364383
fashion_mnist-784-euclidean,euclidean,mod-vamana,0.95,1.0,32,64,1101,784,1,1101,60000,60000,coverage_to_degree,93.5,,3.16,3.0,1,28,3.0,1,424,,,,,,,0.0,0.0,0.0,29.7917,100.0,6.0731,4.0,32,364383
fashion_mnist-784-euclidean,euclidean,mod-vamana,0.95,1.0,32,64,1101,784,1,1101,60000,60000,coverage_to_degree,94.0,,3.217,3.0,1,28,3.0,1,442,,,,,,,0.0,0.0,0.0,29.7917,100.0,6.0731,4.0,32,364383
fashion_mnist-784-euclidean,euclidean,mod-vamana,0.95,1.0,32,64,1101,784,1,1101,60000,60000,coverage_to_degree,94.5,,3.289,3.0,1,28,3.0,1,459,,,,,,,0.0,0.0,0.0,29.7917,100.0,6.0731,4.0,32,364383
fashion_mnist-784-euclidean,euclidean,mod-vamana,0.95,1.0,32,64,1101,784,1,1101,60000,60000,coverage_to_degree,95.0,,3.354,3.0,1,28,3.0,1,475,,,,,,,0.0,0.0,0.0,29.7917,100.0,6.0731,4.0,32,364383
fashion_mnist-784-euclidean,euclidean,mod-vamana,0.95,1.0,32,64,1101,784,1,1101,60000,60000,coverage_to_degree,95.5,,3.435,3.0,1,30,3.0,1,485,,,,,,,0.0,0.0,0.0,29.7917,100.0,6.0731,4.0,32,364383
fashion_mnist-784-euclidean,euclidean,mod-vamana,0.95,1.0,32,64,1101,784,1,1101,60000,60000,coverage_to_degree,96.0,,3.503,3.0,1,30,3.0,1,495,,,,,,,0.0,0.0,0.0,29.7917,100.0,6.0731,4.0,32,364383
fashion_mnist-784-euclidean,euclidean,mod-vamana,0.95,1.0,32,64,1101,784,1,1101,60000,60000,coverage_to_degree,96.5,,3.596,3.0,1,30,3.0,1,506,,,,,,,0.0,0.0,0.0,29.7917,100.0,6.0731,4.0,32,364383
fashion_mnist-784-euclidean,euclidean,mod-vamana,0.95,1.0,32,64,1101,784,1,1101,60000,60000,coverage_to_degree,97.0,,3.682,3.0,1,30,3.0,1,522,,,,,,,0.0,0.0,0.0,29.7917,100.0,6.0731,4.0,32,364383
fashion_mnist-784-euclidean,euclidean,mod-vamana,0.95,1.0,32,64,1101,784,1,1101,60000,60000,coverage_to_degree,97.5,,3.802,3.0,1,32,3.0,1,538,,,,,,,0.0,0.0,0.0,29.7917,100.0,6.0731,4.0,32,364383
fashion_mnist-784-euclidean,euclidean,mod-vamana,0.95,1.0,32,64,1101,784,1,1101,60000,60000,coverage_to_degree,98.0,,3.92,3.0,1,32,3.0,1,555,,,,,,,0.0,0.0,0.0,29.7917,100.0,6.0731,4.0,32,364383
fashion_mnist-784-euclidean,euclidean,mod-vamana,0.95,1.0,32,64,1101,784,1,1101,60000,60000,coverage_to_degree,98.5,,4.095,3.0,1,32,3.0,1,569,,,,,,,0.0,0.0,0.0,29.7917,100.0,6.0731,4.0,32,364383
fashion_mnist-784-euclidean,euclidean,mod-vamana,0.95,1.0,32,64,1101,784,1,1101,60000,60000,coverage_to_degree,99.0,,4.291,4.0,1,32,4.0,1,588,,,,,,,0.0,0.0,0.0,29.7917,100.0,6.0731,4.0,32,364383
fashion_mnist-784-euclidean,euclidean,mod-vamana,0.95,1.0,32,64,1101,784,1,1101,60000,60000,coverage_to_degree,99.5,,4.665,4.0,1,32,4.0,1,628,,,,,,,0.0,0.0,0.0,29.7917,100.0,6.0731,4.0,32,364383
fashion_mnist-784-euclidean,euclidean,mod-vamana,0.95,1.0,32,64,1101,784,1,1101,60000,60000,coverage_to_degree,100.0,,5.525,4.0,1,32,4.0,1,703,,,,,,,0.0,0.0,0.0,29.7917,100.0,6.0731,4.0,32,364383
fashion_mnist-784-euclidean,euclidean,mod-vamana,0.95,1.0,32,64,1101,784,1,1101,60000,60000,edge_to_coverage,,1,,,,,,,,35835.11,39074.0,0,60000,56945,58883,0.0,0.0,0.0,29.7917,100.0,6.0731,4.0,32,364383
fashion_mnist-784-euclidean,euclidean,mod-vamana,0.95,1.0,32,64,1101,784,1,1101,60000,60000,edge_to_coverage,,2,,,,,,,,48585.515,55041.0,109,60000,52430,57679,0.0,0.0,0.0,29.7917,100.0,6.0731,4.0,32,364383
fashion_mnist-784-euclidean,euclidean,mod-vamana,0.95,1.0,32,64,1101,784,1,1101,60000,60000,edge_to_coverage,,3,,,,,,,,53870.006,58093.0,327,60000,47657,56332,0.0,0.0,0.0,29.7917,100.0,6.0731,4.0,32,364383
fashion_mnist-784-euclidean,euclidean,mod-vamana,0.95,1.0,32,64,1101,784,1,1101,60000,60000,edge_to_coverage,,4,,,,,,,,56349.929,58910.0,654,60000,43467,54981,0.0,0.0,0.0,29.7917,100.0,6.0731,4.0,32,364383
fashion_mnist-784-euclidean,euclidean,mod-vamana,0.95,1.0,32,64,1101,784,1,1101,60000,60000,edge_to_coverage,,5,,,,,,,,57560.926,59237.0,926,60000,39991,53734,0.0,0.0,0.0,29.7917,100.0,6.0731,4.0,32,364383
fashion_mnist-784-euclidean,euclidean,mod-vamana,0.95,1.0,32,64,1101,784,1,1101,60000,60000,edge_to_coverage,,6,,,,,,,,58200.059,59401.0,7139,60000,37145,52541,0.0,0.0,0.0,29.7917,100.0,6.0731,4.0,32,364383
fashion_mnist-784-euclidean,euclidean,mod-vamana,0.95,1.0,32,64,1101,784,1,1101,60000,60000,edge_to_coverage,,7,,,,,,,,58530.875,59510.0,9428,60000,35141,51592,0.0,0.0,0.0,29.7917,100.0,6.0731,4.0,32,364383
fashion_mnist-784-euclidean,euclidean,mod-vamana,0.95,1.0,32,64,1101,784,1,1101,60000,60000,edge_to_coverage,,8,,,,,,,,58730.124,59564.0,15640,60000,33606,50718,0.0,0.0,0.0,29.7917,100.0,6.0731,4.0,32,364383
fashion_mnist-784-euclidean,euclidean,mod-vamana,0.95,1.0,32,64,1101,784,1,1101,60000,60000,edge_to_coverage,,9,,,,,,,,58839.76,59619.0,15695,60000,32542,50058,0.0,0.0,0.0,29.7917,100.0,6.0731,4.0,32,364383
fashion_mnist-784-euclidean,euclidean,mod-vamana,0.95,1.0,32,64,1101,784,1,1101,60000,60000,edge_to_coverage,,10,,,,,,,,58910.568,59673.0,17875,60000,31684,49484,0.0,0.0,0.0,29.7917,100.0,6.0731,4.0,32,364383
fashion_mnist-784-euclidean,euclidean,mod-vamana,0.95,1.0,32,64,1101,784,1,1101,60000,60000,edge_to_coverage,,11,,,,,,,,58953.907,59673.0,17875,60000,31060,48971,0.0,0.0,0.0,29.7917,100.0,6.0731,4.0,32,364383
fashion_mnist-784-euclidean,euclidean,mod-vamana,0.95,1.0,32,64,1101,784,1,1101,60000,60000,edge_to_coverage,,12,,,,,,,,58978.513,59673.0,17875,60000,30631,48604,0.0,0.0,0.0,29.7917,100.0,6.0731,4.0,32,364383
fashion_mnist-784-euclidean,euclidean,mod-vamana,0.95,1.0,32,64,1101,784,1,1101,60000,60000,edge_to_coverage,,13,,,,,,,,58997.53,59673.0,17875,60000,30313,48315,0.0,0.0,0.0,29.7917,100.0,6.0731,4.0,32,364383
fashion_mnist-784-euclidean,euclidean,mod-vamana,0.95,1.0,32,64,1101,784,1,1101,60000,60000,edge_to_coverage,,14,,,,,,,,59010.383,59673.0,17875,60000,30059,48089,0.0,0.0,0.0,29.7917,100.0,6.0731,4.0,32,364383
fashion_mnist-784-euclidean,euclidean,mod-vamana,0.95,1.0,32,64,1101,784,1,1101,60000,60000,edge_to_coverage,,15,,,,,,,,59019.301,59728.0,17875,60000,29894,47914,0.0,0.0,0.0,29.7917,100.0,6.0731,4.0,32,364383
fashion_mnist-784-euclidean,euclidean,mod-vamana,0.95,1.0,32,64,1101,784,1,1101,60000,60000,edge_to_coverage,,16,,,,,,,,59025.68,59728.0,17875,60000,29767,47776,0.0,0.0,0.0,29.7917,100.0,6.0731,4.0,32,364383
fashion_mnist-784-euclidean,euclidean,mod-vamana,0.95,1.0,32,64,1101,784,1,1101,60000,60000,edge_to_coverage,,17,,,,,,,,59029.326,59728.0,17875,60000,29678,47673,0.0,0.0,0.0,29.7917,100.0,6.0731,4.0,32,364383
fashion_mnist-784-euclidean,euclidean,mod-vamana,0.95,1.0,32,64,1101,784,1,1101,60000,60000,edge_to_coverage,,18,,,,,,,,59032.685,59728.0,17875,60000,29599,47560,0.0,0.0,0.0,29.7917,100.0,6.0731,4.0,32,364383
fashion_mnist-784-euclidean,euclidean,mod-vamana,0.95,1.0,32,64,1101,784,1,1101,60000,60000,edge_to_coverage,,19,,,,,,,,59034.839,59728.0,17875,60000,29542,47484,0.0,0.0,0.0,29.7917,100.0,6.0731,4.0,32,364383
fashion_mnist-784-euclidean,euclidean,mod-vamana,0.95,1.0,32,64,1101,784,1,1101,60000,60000,edge_to_coverage,,20,,,,,,,,59036.441,59728.0,17875,60000,29501,47429,0.0,0.0,0.0,29.7917,100.0,6.0731,4.0,32,364383
fashion_mnist-784-euclidean,euclidean,mod-vamana,0.95,1.0,32,64,1101,784,1,1101,60000,60000,edge_to_coverage,,21,,,,,,,,59037.353,59728.0,17875,60000,29466,47390,0.0,0.0,0.0,29.7917,100.0,6.0731,4.0,32,364383
fashion_mnist-784-euclidean,euclidean,mod-vamana,0.95,1.0,32,64,1101,784,1,1101,60000,60000,edge_to_coverage,,22,,,,,,,,59037.943,59728.0,17875,60000,29442,47356,0.0,0.0,0.0,29.7917,100.0,6.0731,4.0,32,364383
fashion_mnist-784-euclidean,euclidean,mod-vamana,0.95,1.0,32,64,1101,784,1,1101,60000,60000,edge_to_coverage,,23,,,,,,,,59038.569,59728.0,17875,60000,29425,47337,0.0,0.0,0.0,29.7917,100.0,6.0731,4.0,32,364383
fashion_mnist-784-euclidean,euclidean,mod-vamana,0.95,1.0,32,64,1101,784,1,1101,60000,60000,edge_to_coverage,,24,,,,,,,,59039.06,59728.0,17875,60000,29405,47316,0.0,0.0,0.0,29.7917,100.0,6.0731,4.0,32,364383
fashion_mnist-784-euclidean,euclidean,mod-vamana,0.95,1.0,32,64,1101,784,1,1101,60000,60000,edge_to_coverage,,25,,,,,,,,59039.378,59728.0,17875,60000,29394,47302,0.0,0.0,0.0,29.7917,100.0,6.0731,4.0,32,364383
fashion_mnist-784-euclidean,euclidean,mod-vamana,0.95,1.0,32,64,1101,784,1,1101,60000,60000,edge_to_coverage,,26,,,,,,,,59039.759,59728.0,17875,60000,29387,47291,0.0,0.0,0.0,29.7917,100.0,6.0731,4.0,32,364383
fashion_mnist-784-euclidean,euclidean,mod-vamana,0.95,1.0,32,64,1101,784,1,1101,60000,60000,edge_to_coverage,,27,,,,,,,,59039.856,59728.0,17875,60000,29383,47279,0.0,0.0,0.0,29.7917,100.0,6.0731,4.0,32,364383
fashion_mnist-784-euclidean,euclidean,mod-vamana,0.95,1.0,32,64,1101,784,1,1101,60000,60000,edge_to_coverage,,28,,,,,,,,59039.919,59728.0,17875,60000,29379,47269,0.0,0.0,0.0,29.7917,100.0,6.0731,4.0,32,364383
fashion_mnist-784-euclidean,euclidean,mod-vamana,0.95,1.0,32,64,1101,784,1,1101,60000,60000,edge_to_coverage,,29,,,,,,,,59039.963,59728.0,17875,60000,29377,47262,0.0,0.0,0.0,29.7917,100.0,6.0731,4.0,32,364383
fashion_mnist-784-euclidean,euclidean,mod-vamana,0.95,1.0,32,64,1101,784,1,1101,60000,60000,edge_to_coverage,,30,,,,,,,,59040.021,59728.0,17875,60000,29375,47255,0.0,0.0,0.0,29.7917,100.0,6.0731,4.0,32,364383
fashion_mnist-784-euclidean,euclidean,mod-vamana,0.95,1.0,32,64,1101,784,1,1101,60000,60000,edge_to_coverage,,31,,,,,,,,59040.046,59728.0,17875,60000,29374,47252,0.0,0.0,0.0,29.7917,100.0,6.0731,4.0,32,364383
fashion_mnist-784-euclidean,euclidean,mod-vamana,0.95,1.0,32,64,1101,784,1,1101,60000,60000,edge_to_coverage,,32,,,,,,,,59040.084,59728.0,17875,60000,29372,47251,0.0,0.0,0.0,29.7917,100.0,6.0731,4.0,32,364383
fashion_mnist-784-euclidean,euclidean,mod-vamana,0.96,1.0,32,64,1101,784,1,1101,60000,60000,coverage_to_degree,90.0,,2.81,2.0,1,26,3.0,1,313,,,,,,,0.0,0.0,0.0,29.7917,100.0,6.3545,5.0,32,381272
fashion_mnist-784-euclidean,euclidean,mod-vamana,0.96,1.0,32,64,1101,784,1,1101,60000,60000,coverage_to_degree,90.5,,2.857,2.0,1,26,3.0,1,324,,,,,,,0.0,0.0,0.0,29.7917,100.0,6.3545,5.0,32,381272
fashion_mnist-784-euclidean,euclidean,mod-vamana,0.96,1.0,32,64,1101,784,1,1101,60000,60000,coverage_to_degree,91.0,,2.897,2.0,1,26,3.0,1,335,,,,,,,0.0,0.0,0.0,29.7917,100.0,6.3545,5.0,32,381272
fashion_mnist-784-euclidean,euclidean,mod-vamana,0.96,1.0,32,64,1101,784,1,1101,60000,60000,coverage_to_degree,91.5,,2.948,2.0,1,26,3.0,1,350,,,,,,,0.0,0.0,0.0,29.7917,100.0,6.3545,5.0,32,381272
fashion_mnist-784-euclidean,euclidean,mod-vamana,0.96,1.0,32,64,1101,784,1,1101,60000,60000,coverage_to_degree,92.0,,2.993,2.0,1,26,3.0,1,370,,,,,,,0.0,0.0,0.0,29.7917,100.0,6.3545,5.0,32,381272
fashion_mnist-784-euclidean,euclidean,mod-vamana,0.96,1.0,32,64,1101,784,1,1101,60000,60000,coverage_to_degree,92.5,,3.05,3.0,1,26,3.0,1,392,,,,,,,0.0,0.0,0.0,29.7917,100.0,6.3545,5.0,32,381272
fashion_mnist-784-euclidean,euclidean,mod-vamana,0.96,1.0,32,64,1101,784,1,1101,60000,60000,coverage_to_degree,93.0,,3.102,3.0,1,26,3.0,1,405,,,,,,,0.0,0.0,0.0,29.7917,100.0,6.3545,5.0,32,381272
fashion_mnist-784-euclidean,euclidean,mod-vamana,0.96,1.0,32,64,1101,784,1,1101,60000,60000,coverage_to_degree,93.5,,3.168,3.0,1,26,3.0,1,422,,,,,,,0.0,0.0,0.0,29.7917,100.0,6.3545,5.0,32,381272
fashion_mnist-784-euclidean,euclidean,mod-vamana,0.96,1.0,32,64,1101,784,1,1101,60000,60000,coverage_to_degree,94.0,,3.227,3.0,1,26,3.0,1,434,,,,,,,0.0,0.0,0.0,29.7917,100.0,6.3545,5.0,32,381272
fashion_mnist-784-euclidean,euclidean,mod-vamana,0.96,1.0,32,64,1101,784,1,1101,60000,60000,coverage_to_degree,94.5,,3.303,3.0,1,26,3.0,1,452,,,,,,,0.0,0.0,0.0,29.7917,100.0,6.3545,5.0,32,381272
fashion_mnist-784-euclidean,euclidean,mod-vamana,0.96,1.0,32,64,1101,784,1,1101,60000,60000,coverage_to_degree,95.0,,3.372,3.0,1,26,3.0,1,479,,,,,,,0.0,0.0,0.0,29.7917,100.0,6.3545,5.0,32,381272
fashion_mnist-784-euclidean,euclidean,mod-vamana,0.96,1.0,32,64,1101,784,1,1101,60000,60000,coverage_to_degree,95.5,,3.465,3.0,1,26,3.0,1,496,,,,,,,0.0,0.0,0.0,29.7917,100.0,6.3545,5.0,32,381272
fashion_mnist-784-euclidean,euclidean,mod-vamana,0.96,1.0,32,64,1101,784,1,1101,60000,60000,coverage_to_degree,96.0,,3.546,3.0,1,26,3.0,1,508,,,,,,,0.0,0.0,0.0,29.7917,100.0,6.3545,5.0,32,381272
fashion_mnist-784-euclidean,euclidean,mod-vamana,0.96,1.0,32,64,1101,784,1,1101,60000,60000,coverage_to_degree,96.5,,3.651,3.0,1,26,3.0,1,528,,,,,,,0.0,0.0,0.0,29.7917,100.0,6.3545,5.0,32,381272
fashion_mnist-784-euclidean,euclidean,mod-vamana,0.96,1.0,32,64,1101,784,1,1101,60000,60000,coverage_to_degree,97.0,,3.746,3.0,1,28,3.0,1,542,,,,,,,0.0,0.0,0.0,29.7917,100.0,6.3545,5.0,32,381272
fashion_mnist-784-euclidean,euclidean,mod-vamana,0.96,1.0,32,64,1101,784,1,1101,60000,60000,coverage_to_degree,97.5,,3.876,3.0,1,31,3.0,1,557,,,,,,,0.0,0.0,0.0,29.7917,100.0,6.3545,5.0,32,381272
fashion_mnist-784-euclidean,euclidean,mod-vamana,0.96,1.0,32,64,1101,784,1,1101,60000,60000,coverage_to_degree,98.0,,4.001,3.0,1,31,3.0,1,571,,,,,,,0.0,0.0,0.0,29.7917,100.0,6.3545,5.0,32,381272
fashion_mnist-784-euclidean,euclidean,mod-vamana,0.96,1.0,32,64,1101,784,1,1101,60000,60000,coverage_to_degree,98.5,,4.189,3.0,1,32,4.0,1,590,,,,,,,0.0,0.0,0.0,29.7917,100.0,6.3545,5.0,32,381272
fashion_mnist-784-euclidean,euclidean,mod-vamana,0.96,1.0,32,64,1101,784,1,1101,60000,60000,coverage_to_degree,99.0,,4.398,4.0,1,32,4.0,1,611,,,,,,,0.0,0.0,0.0,29.7917,100.0,6.3545,5.0,32,381272
fashion_mnist-784-euclidean,euclidean,mod-vamana,0.96,1.0,32,64,1101,784,1,1101,60000,60000,coverage_to_degree,99.5,,4.8,4.0,1,32,4.0,1,660,,,,,,,0.0,0.0,0.0,29.7917,100.0,6.3545,5.0,32,381272
fashion_mnist-784-euclidean,euclidean,mod-vamana,0.96,1.0,32,64,1101,784,1,1101,60000,60000,coverage_to_degree,100.0,,5.736,4.0,1,32,4.0,1,741,,,,,,,0.0,0.0,0.0,29.7917,100.0,6.3545,5.0,32,381272
fashion_mnist-784-euclidean,euclidean,mod-vamana,0.96,1.0,32,64,1101,784,1,1101,60000,60000,edge_to_coverage,,1,,,,,,,,35845.34,39074.0,0,60000,56939,58884,0.0,0.0,0.0,29.7917,100.0,6.3545,5.0,32,381272
fashion_mnist-784-euclidean,euclidean,mod-vamana,0.96,1.0,32,64,1101,784,1,1101,60000,60000,edge_to_coverage,,2,,,,,,,,48614.922,55041.0,109,60000,52256,57642,0.0,0.0,0.0,29.7917,100.0,6.3545,5.0,32,381272
fashion_mnist-784-euclidean,euclidean,mod-vamana,0.96,1.0,32,64,1101,784,1,1101,60000,60000,edge_to_coverage,,3,,,,,,,,53908.189,58256.0,327,60000,47135,56173,0.0,0.0,0.0,29.7917,100.0,6.3545,5.0,32,381272
fashion_mnist-784-euclidean,euclidean,mod-vamana,0.96,1.0,32,64,1101,784,1,1101,60000,60000,edge_to_coverage,,4,,,,,,,,56408.234,59019.0,654,60000,42663,54700,0.0,0.0,0.0,29.7917,100.0,6.3545,5.0,32,381272
fashion_mnist-784-euclidean,euclidean,mod-vamana,0.96,1.0,32,64,1101,784,1,1101,60000,60000,edge_to_coverage,,5,,,,,,,,57637.219,59346.0,926,60000,38897,53339,0.0,0.0,0.0,29.7917,100.0,6.3545,5.0,32,381272
fashion_mnist-784-euclidean,euclidean,mod-vamana,0.96,1.0,32,64,1101,784,1,1101,60000,60000,edge_to_coverage,,6,,,,,,,,58284.449,59510.0,8065,60000,35841,52070,0.0,0.0,0.0,29.7917,100.0,6.3545,5.0,32,381272
fashion_mnist-784-euclidean,euclidean,mod-vamana,0.96,1.0,32,64,1101,784,1,1101,60000,60000,edge_to_coverage,,7,,,,,,,,58629.113,59564.0,9428,60000,33632,51004,0.0,0.0,0.0,29.7917,100.0,6.3545,5.0,32,381272
fashion_mnist-784-euclidean,euclidean,mod-vamana,0.96,1.0,32,64,1101,784,1,1101,60000,60000,edge_to_coverage,,8,,,,,,,,58834.054,59619.0,15640,60000,31977,50059,0.0,0.0,0.0,29.7917,100.0,6.3545,5.0,32,381272
fashion_mnist-784-euclidean,euclidean,mod-vamana,0.96,1.0,32,64,1101,784,1,1101,60000,60000,edge_to_coverage,,9,,,,,,,,58947.729,59673.0,15695,60000,30781,49279,0.0,0.0,0.0,29.7917,100.0,6.3545,5.0,32,381272
fashion_mnist-784-euclidean,euclidean,mod-vamana,0.96,1.0,32,64,1101,784,1,1101,60000,60000,edge_to_coverage,,10,,,,,,,,59019.265,59728.0,17875,60000,29830,48672,0.0,0.0,0.0,29.7917,100.0,6.3545,5.0,32,381272
fashion_mnist-784-euclidean,euclidean,mod-vamana,0.96,1.0,32,64,1101,784,1,1101,60000,60000,edge_to_coverage,,11,,,,,,,,59062.905,59728.0,17875,60000,29197,48114,0.0,0.0,0.0,29.7917,100.0,6.3545,5.0,32,381272
fashion_mnist-784-euclidean,euclidean,mod-vamana,0.96,1.0,32,64,1101,784,1,1101,60000,60000,edge_to_coverage,,12,,,,,,,,59091.238,59728.0,17875,60000,28727,47703,0.0,0.0,0.0,29.7917,100.0,6.3545,5.0,32,381272
fashion_mnist-784-euclidean,euclidean,mod-vamana,0.96,1.0,32,64,1101,784,1,1101,60000,60000,edge_to_coverage,,13,,,,,,,,59112.045,59728.0,17875,60000,28365,47370,0.0,0.0,0.0,29.7917,100.0,6.3545,5.0,32,381272
fashion_mnist-784-euclidean,euclidean,mod-vamana,0.96,1.0,32,64,1101,784,1,1101,60000,60000,edge_to_coverage,,14,,,,,,,,59125.29,59728.0,17875,60000,28107,47126,0.0,0.0,0.0,29.7917,100.0,6.3545,5.0,32,381272
fashion_mnist-784-euclidean,euclidean,mod-vamana,0.96,1.0,32,64,1101,784,1,1101,60000,60000,edge_to_coverage,,15,,,,,,,,59134.722,59755.0,17875,60000,27905,46931,0.0,0.0,0.0,29.7917,100.0,6.3545,5.0,32,381272
fashion_mnist-784-euclidean,euclidean,mod-vamana,0.96,1.0,32,64,1101,784,1,1101,60000,60000,edge_to_coverage,,16,,,,,,,,59141.447,59782.0,17875,60000,27750,46766,0.0,0.0,0.0,29.7917,100.0,6.3545,5.0,32,381272
fashion_mnist-784-euclidean,euclidean,mod-vamana,0.96,1.0,32,64,1101,784,1,1101,60000,60000,edge_to_coverage,,17,,,,,,,,59145.591,59782.0,17875,60000,27651,46652,0.0,0.0,0.0,29.7917,100.0,6.3545,5.0,32,381272
fashion_mnist-784-euclidean,euclidean,mod-vamana,0.96,1.0,32,64,1101,784,1,1101,60000,60000,edge_to_coverage,,18,,,,,,,,59148.779,59782.0,17875,60000,27573,46552,0.0,0.0,0.0,29.7917,100.0,6.3545,5.0,32,381272
fashion_mnist-784-euclidean,euclidean,mod-vamana,0.96,1.0,32,64,1101,784,1,1101,60000,60000,edge_to_coverage,,19,,,,,,,,59151.021,59782.0,17875,60000,27508,46462,0.0,0.0,0.0,29.7917,100.0,6.3545,5.0,32,381272
fashion_mnist-784-euclidean,euclidean,mod-vamana,0.96,1.0,32,64,1101,784,1,1101,60000,60000,edge_to_coverage,,20,,,,,,,,59152.901,59782.0,17875,60000,27450,46391,0.0,0.0,0.0,29.7917,100.0,6.3545,5.0,32,381272
fashion_mnist-784-euclidean,euclidean,mod-vamana,0.96,1.0,32,64,1101,784,1,1101,60000,60000,edge_to_coverage,,21,,,,,,,,59154.067,59782.0,17875,60000,27417,46345,0.0,0.0,0.0,29.7917,100.0,6.3545,5.0,32,381272
fashion_mnist-784-euclidean,euclidean,mod-vamana,0.96,1.0,32,64,1101,784,1,1101,60000,60000,edge_to_coverage,,22,,,,,,,,59154.829,59782.0,17875,60000,27393,46306,0.0,0.0,0.0,29.7917,100.0,6.3545,5.0,32,381272
fashion_mnist-784-euclidean,euclidean,mod-vamana,0.96,1.0,32,64,1101,784,1,1101,60000,60000,edge_to_coverage,,23,,,,,,,,59155.383,59782.0,17875,60000,27374,46274,0.0,0.0,0.0,29.7917,100.0,6.3545,5.0,32,381272
fashion_mnist-784-euclidean,euclidean,mod-vamana,0.96,1.0,32,64,1101,784,1,1101,60000,60000,edge_to_coverage,,24,,,,,,,,59155.78,59782.0,17875,60000,27353,46251,0.0,0.0,0.0,29.7917,100.0,6.3545,5.0,32,381272
fashion_mnist-784-euclidean,euclidean,mod-vamana,0.96,1.0,32,64,1101,784,1,1101,60000,60000,edge_to_coverage,,25,,,,,,,,59156.15,59782.0,17875,60000,27338,46238,0.0,0.0,0.0,29.7917,100.0,6.3545,5.0,32,381272
fashion_mnist-784-euclidean,euclidean,mod-vamana,0.96,1.0,32,64,1101,784,1,1101,60000,60000,edge_to_coverage,,26,,,,,,,,59156.596,59782.0,17875,60000,27330,46221,0.0,0.0,0.0,29.7917,100.0,6.3545,5.0,32,381272
fashion_mnist-784-euclidean,euclidean,mod-vamana,0.96,1.0,32,64,1101,784,1,1101,60000,60000,edge_to_coverage,,27,,,,,,,,59156.693,59782.0,17875,60000,27325,46212,0.0,0.0,0.0,29.7917,100.0,6.3545,5.0,32,381272
fashion_mnist-784-euclidean,euclidean,mod-vamana,0.96,1.0,32,64,1101,784,1,1101,60000,60000,edge_to_coverage,,28,,,,,,,,59156.8,59782.0,17875,60000,27320,46202,0.0,0.0,0.0,29.7917,100.0,6.3545,5.0,32,381272
fashion_mnist-784-euclidean,euclidean,mod-vamana,0.96,1.0,32,64,1101,784,1,1101,60000,60000,edge_to_coverage,,29,,,,,,,,59156.846,59782.0,17875,60000,27319,46192,0.0,0.0,0.0,29.7917,100.0,6.3545,5.0,32,381272
fashion_mnist-784-euclidean,euclidean,mod-vamana,0.96,1.0,32,64,1101,784,1,1101,60000,60000,edge_to_coverage,,30,,,,,,,,59156.876,59782.0,17875,60000,27317,46186,0.0,0.0,0.0,29.7917,100.0,6.3545,5.0,32,381272
fashion_mnist-784-euclidean,euclidean,mod-vamana,0.96,1.0,32,64,1101,784,1,1101,60000,60000,edge_to_coverage,,31,,,,,,,,59156.914,59782.0,17875,60000,27315,46182,0.0,0.0,0.0,29.7917,100.0,6.3545,5.0,32,381272
fashion_mnist-784-euclidean,euclidean,mod-vamana,0.96,1.0,32,64,1101,784,1,1101,60000,60000,edge_to_coverage,,32,,,,,,,,59156.915,59782.0,17875,60000,27315,46182,0.0,0.0,0.0,29.7917,100.0,6.3545,5.0,32,381272
fashion_mnist-784-euclidean,euclidean,mod-vamana,0.97,1.0,32,64,1101,784,1,1101,60000,60000,coverage_to_degree,90.0,,2.815,2.0,1,26,3.0,1,281,,,,,,,0.0,0.0,0.0,22.615,100.0,6.7138,5.0,32,402826
fashion_mnist-784-euclidean,euclidean,mod-vamana,0.97,1.0,32,64,1101,784,1,1101,60000,60000,coverage_to_degree,90.5,,2.863,2.0,1,26,3.0,1,290,,,,,,,0.0,0.0,0.0,22.615,100.0,6.7138,5.0,32,402826
fashion_mnist-784-euclidean,euclidean,mod-vamana,0.97,1.0,32,64,1101,784,1,1101,60000,60000,coverage_to_degree,91.0,,2.902,2.0,1,26,3.0,1,293,,,,,,,0.0,0.0,0.0,22.615,100.0,6.7138,5.0,32,402826
fashion_mnist-784-euclidean,euclidean,mod-vamana,0.97,1.0,32,64,1101,784,1,1101,60000,60000,coverage_to_degree,91.5,,2.954,2.0,1,26,3.0,1,310,,,,,,,0.0,0.0,0.0,22.615,100.0,6.7138,5.0,32,402826
fashion_mnist-784-euclidean,euclidean,mod-vamana,0.97,1.0,32,64,1101,784,1,1101,60000,60000,coverage_to_degree,92.0,,2.999,2.0,1,27,3.0,1,326,,,,,,,0.0,0.0,0.0,22.615,100.0,6.7138,5.0,32,402826
fashion_mnist-784-euclidean,euclidean,mod-vamana,0.97,1.0,32,64,1101,784,1,1101,60000,60000,coverage_to_degree,92.5,,3.057,3.0,1,30,3.0,1,344,,,,,,,0.0,0.0,0.0,22.615,100.0,6.7138,5.0,32,402826
fashion_mnist-784-euclidean,euclidean,mod-vamana,0.97,1.0,32,64,1101,784,1,1101,60000,60000,coverage_to_degree,93.0,,3.109,3.0,1,30,3.0,1,360,,,,,,,0.0,0.0,0.0,22.615,100.0,6.7138,5.0,32,402826
fashion_mnist-784-euclidean,euclidean,mod-vamana,0.97,1.0,32,64,1101,784,1,1101,60000,60000,coverage_to_degree,93.5,,3.175,3.0,1,30,3.0,1,375,,,,,,,0.0,0.0,0.0,22.615,100.0,6.7138,5.0,32,402826
fashion_mnist-784-euclidean,euclidean,mod-vamana,0.97,1.0,32,64,1101,784,1,1101,60000,60000,coverage_to_degree,94.0,,3.234,3.0,1,30,3.0,1,390,,,,,,,0.0,0.0,0.0,22.615,100.0,6.7138,5.0,32,402826
fashion_mnist-784-euclidean,euclidean,mod-vamana,0.97,1.0,32,64,1101,784,1,1101,60000,60000,coverage_to_degree,94.5,,3.312,3.0,1,30,3.0,1,407,,,,,,,0.0,0.0,0.0,22.615,100.0,6.7138,5.0,32,402826
fashion_mnist-784-euclidean,euclidean,mod-vamana,0.97,1.0,32,64,1101,784,1,1101,60000,60000,coverage_to_degree,95.0,,3.384,3.0,1,30,3.0,1,437,,,,,,,0.0,0.0,0.0,22.615,100.0,6.7138,5.0,32,402826
fashion_mnist-784-euclidean,euclidean,mod-vamana,0.97,1.0,32,64,1101,784,1,1101,60000,60000,coverage_to_degree,95.5,,3.482,3.0,1,30,3.0,1,465,,,,,,,0.0,0.0,0.0,22.615,100.0,6.7138,5.0,32,402826
fashion_mnist-784-euclidean,euclidean,mod-vamana,0.97,1.0,32,64,1101,784,1,1101,60000,60000,coverage_to_degree,96.0,,3.571,3.0,1,30,3.0,1,486,,,,,,,0.0,0.0,0.0,22.615,100.0,6.7138,5.0,32,402826
fashion_mnist-784-euclidean,euclidean,mod-vamana,0.97,1.0,32,64,1101,784,1,1101,60000,60000,coverage_to_degree,96.5,,3.69,3.0,1,30,3.0,1,509,,,,,,,0.0,0.0,0.0,22.615,100.0,6.7138,5.0,32,402826
fashion_mnist-784-euclidean,euclidean,mod-vamana,0.97,1.0,32,64,1101,784,1,1101,60000,60000,coverage_to_degree,97.0,,3.8,3.0,1,30,3.0,1,524,,,,,,,0.0,0.0,0.0,22.615,100.0,6.7138,5.0,32,402826
fashion_mnist-784-euclidean,euclidean,mod-vamana,0.97,1.0,32,64,1101,784,1,1101,60000,60000,coverage_to_degree,97.5,,3.948,3.0,1,31,3.0,1,544,,,,,,,0.0,0.0,0.0,22.615,100.0,6.7138,5.0,32,402826
fashion_mnist-784-euclidean,euclidean,mod-vamana,0.97,1.0,32,64,1101,784,1,1101,60000,60000,coverage_to_degree,98.0,,4.091,3.0,1,31,4.0,1,559,,,,,,,0.0,0.0,0.0,22.615,100.0,6.7138,5.0,32,402826
fashion_mnist-784-euclidean,euclidean,mod-vamana,0.97,1.0,32,64,1101,784,1,1101,60000,60000,coverage_to_degree,98.5,,4.299,4.0,1,31,4.0,1,577,,,,,,,0.0,0.0,0.0,22.615,100.0,6.7138,5.0,32,402826
fashion_mnist-784-euclidean,euclidean,mod-vamana,0.97,1.0,32,64,1101,784,1,1101,60000,60000,coverage_to_degree,99.0,,4.526,4.0,1,31,4.0,1,598,,,,,,,0.0,0.0,0.0,22.615,100.0,6.7138,5.0,32,402826
fashion_mnist-784-euclidean,euclidean,mod-vamana,0.97,1.0,32,64,1101,784,1,1101,60000,60000,coverage_to_degree,99.5,,4.963,4.0,1,32,4.0,1,636,,,,,,,0.0,0.0,0.0,22.615,100.0,6.7138,5.0,32,402826
fashion_mnist-784-euclidean,euclidean,mod-vamana,0.97,1.0,32,64,1101,784,1,1101,60000,60000,coverage_to_degree,100.0,,5.993,5.0,1,32,5.0,1,723,,,,,,,0.0,0.0,0.0,22.615,100.0,6.7138,5.0,32,402826
fashion_mnist-784-euclidean,euclidean,mod-vamana,0.97,1.0,32,64,1101,784,1,1101,60000,60000,edge_to_coverage,,1,,,,,,,,35825.994,39019.0,0,60000,56943,58878,0.0,0.0,0.0,22.615,100.0,6.7138,5.0,32,402826
fashion_mnist-784-euclidean,euclidean,mod-vamana,0.97,1.0,32,64,1101,784,1,1101,60000,60000,edge_to_coverage,,2,,,,,,,,48587.573,55041.0,109,60000,52056,57574,0.0,0.0,0.0,22.615,100.0,6.7138,5.0,32,402826
fashion_mnist-784-euclidean,euclidean,mod-vamana,0.97,1.0,32,64,1101,784,1,1101,60000,60000,edge_to_coverage,,3,,,,,,,,53921.524,58365.0,327,60000,46685,56003,0.0,0.0,0.0,22.615,100.0,6.7138,5.0,32,402826
fashion_mnist-784-euclidean,euclidean,mod-vamana,0.97,1.0,32,64,1101,784,1,1101,60000,60000,edge_to_coverage,,4,,,,,,,,56427.125,59128.0,654,60000,41818,54391,0.0,0.0,0.0,22.615,100.0,6.7138,5.0,32,402826
fashion_mnist-784-euclidean,euclidean,mod-vamana,0.97,1.0,32,64,1101,784,1,1101,60000,60000,edge_to_coverage,,5,,,,,,,,57682.698,59401.0,926,60000,37737,52866,0.0,0.0,0.0,22.615,100.0,6.7138,5.0,32,402826
fashion_mnist-784-euclidean,euclidean,mod-vamana,0.97,1.0,32,64,1101,784,1,1101,60000,60000,edge_to_coverage,,6,,,,,,,,58334.141,59564.0,7139,60000,34430,51440,0.0,0.0,0.0,22.615,100.0,6.7138,5.0,32,402826
fashion_mnist-784-euclidean,euclidean,mod-vamana,0.97,1.0,32,64,1101,784,1,1101,60000,60000,edge_to_coverage,,7,,,,,,,,58696.155,59619.0,9428,60000,31936,50205,0.0,0.0,0.0,22.615,100.0,6.7138,5.0,32,402826
fashion_mnist-784-euclidean,euclidean,mod-vamana,0.97,1.0,32,64,1101,784,1,1101,60000,60000,edge_to_coverage,,8,,,,,,,,58905.816,59673.0,13569,60000,30120,49154,0.0,0.0,0.0,22.615,100.0,6.7138,5.0,32,402826
fashion_mnist-784-euclidean,euclidean,mod-vamana,0.97,1.0,32,64,1101,784,1,1101,60000,60000,edge_to_coverage,,9,,,,,,,,59022.754,59728.0,13569,60000,28795,48284,0.0,0.0,0.0,22.615,100.0,6.7138,5.0,32,402826
fashion_mnist-784-euclidean,euclidean,mod-vamana,0.97,1.0,32,64,1101,784,1,1101,60000,60000,edge_to_coverage,,10,,,,,,,,59098.746,59728.0,13569,60000,27725,47574,0.0,0.0,0.0,22.615,100.0,6.7138,5.0,32,402826
fashion_mnist-784-euclidean,euclidean,mod-vamana,0.97,1.0,32,64,1101,784,1,1101,60000,60000,edge_to_coverage,,11,,,,,,,,59144.923,59782.0,13569,60000,27000,46957,0.0,0.0,0.0,22.615,100.0,6.7138,5.0,32,402826
fashion_mnist-784-euclidean,euclidean,mod-vamana,0.97,1.0,32,64,1101,784,1,1101,60000,60000,edge_to_coverage,,12,,,,,,,,59174.484,59782.0,13569,60000,26503,46479,0.0,0.0,0.0,22.615,100.0,6.7138,5.0,32,402826
fashion_mnist-784-euclidean,euclidean,mod-vamana,0.97,1.0,32,64,1101,784,1,1101,60000,60000,edge_to_coverage,,13,,,,,,,,59197.15,59782.0,13569,60000,26078,46087,0.0,0.0,0.0,22.615,100.0,6.7138,5.0,32,402826
fashion_mnist-784-euclidean,euclidean,mod-vamana,0.97,1.0,32,64,1101,784,1,1101,60000,60000,edge_to_coverage,,14,,,,,,,,59212.078,59782.0,13569,60000,25775,45784,0.0,0.0,0.0,22.615,100.0,6.7138,5.0,32,402826
fashion_mnist-784-euclidean,euclidean,mod-vamana,0.97,1.0,32,64,1101,784,1,1101,60000,60000,edge_to_coverage,,15,,,,,,,,59222.301,59782.0,13569,60000,25537,45555,0.0,0.0,0.0,22.615,100.0,6.7138,5.0,32,402826
fashion_mnist-784-euclidean,euclidean,mod-vamana,0.97,1.0,32,64,1101,784,1,1101,60000,60000,edge_to_coverage,,16,,,,,,,,59228.998,59782.0,13569,60000,25377,45348,0.0,0.0,0.0,22.615,100.0,6.7138,5.0,32,402826
fashion_mnist-784-euclidean,euclidean,mod-vamana,0.97,1.0,32,64,1101,784,1,1101,60000,60000,edge_to_coverage,,17,,,,,,,,59233.68,59782.0,13569,60000,25259,45199,0.0,0.0,0.0,22.615,100.0,6.7138,5.0,32,402826
fashion_mnist-784-euclidean,euclidean,mod-vamana,0.97,1.0,32,64,1101,784,1,1101,60000,60000,edge_to_coverage,,18,,,,,,,,59237.738,59837.0,13569,60000,25173,45093,0.0,0.0,0.0,22.615,100.0,6.7138,5.0,32,402826
fashion_mnist-784-euclidean,euclidean,mod-vamana,0.97,1.0,32,64,1101,784,1,1101,60000,60000,edge_to_coverage,,19,,,,,,,,59239.659,59837.0,13569,60000,25095,44991,0.0,0.0,0.0,22.615,100.0,6.7138,5.0,32,402826
fashion_mnist-784-euclidean,euclidean,mod-vamana,0.97,1.0,32,64,1101,784,1,1101,60000,60000,edge_to_coverage,,20,,,,,,,,59241.451,59837.0,13569,60000,25035,44914,0.0,0.0,0.0,22.615,100.0,6.7138,5.0,32,402826
fashion_mnist-784-euclidean,euclidean,mod-vamana,0.97,1.0,32,64,1101,784,1,1101,60000,60000,edge_to_coverage,,21,,,,,,,,59242.686,59837.0,13569,60000,24997,44857,0.0,0.0,0.0,22.615,100.0,6.7138,5.0,32,402826
fashion_mnist-784-euclidean,euclidean,mod-vamana,0.97,1.0,32,64,1101,784,1,1101,60000,60000,edge_to_coverage,,22,,,,,,,,59243.684,59837.0,13569,60000,24964,44799,0.0,0.0,0.0,22.615,100.0,6.7138,5.0,32,402826
fashion_mnist-784-euclidean,euclidean,mod-vamana,0.97,1.0,32,64,1101,784,1,1101,60000,60000,edge_to_coverage,,23,,,,,,,,59244.436,59837.0,13569,60000,24933,44760,0.0,0.0,0.0,22.615,100.0,6.7138,5.0,32,402826
fashion_mnist-784-euclidean,euclidean,mod-vamana,0.97,1.0,32,64,1101,784,1,1101,60000,60000,edge_to_coverage,,24,,,,,,,,59244.935,59837.0,13569,60000,24912,44719,0.0,0.0,0.0,22.615,100.0,6.7138,5.0,32,402826
fashion_mnist-784-euclidean,euclidean,mod-vamana,0.97,1.0,32,64,1101,784,1,1101,60000,60000,edge_to_coverage,,25,,,,,,,,59245.375,59837.0,13569,60000,24897,44707,0.0,0.0,0.0,22.615,100.0,6.7138,5.0,32,402826
fashion_mnist-784-euclidean,euclidean,mod-vamana,0.97,1.0,32,64,1101,784,1,1101,60000,60000,edge_to_coverage,,26,,,,,,,,59245.925,59837.0,13569,60000,24880,44689,0.0,0.0,0.0,22.615,100.0,6.7138,5.0,32,402826
fashion_mnist-784-euclidean,euclidean,mod-vamana,0.97,1.0,32,64,1101,784,1,1101,60000,60000,edge_to_coverage,,27,,,,,,,,59246.108,59837.0,13569,60000,24876,44680,0.0,0.0,0.0,22.615,100.0,6.7138,5.0,32,402826
fashion_mnist-784-euclidean,euclidean,mod-vamana,0.97,1.0,32,64,1101,784,1,1101,60000,60000,edge_to_coverage,,28,,,,,,,,59246.182,59837.0,13569,60000,24872,44665,0.0,0.0,0.0,22.615,100.0,6.7138,5.0,32,402826
fashion_mnist-784-euclidean,euclidean,mod-vamana,0.97,1.0,32,64,1101,784,1,1101,60000,60000,edge_to_coverage,,29,,,,,,,,59246.259,59837.0,13569,60000,24867,44659,0.0,0.0,0.0,22.615,100.0,6.7138,5.0,32,402826
fashion_mnist-784-euclidean,euclidean,mod-vamana,0.97,1.0,32,64,1101,784,1,1101,60000,60000,edge_to_coverage,,30,,,,,,,,59246.323,59837.0,13569,60000,24862,44651,0.0,0.0,0.0,22.615,100.0,6.7138,5.0,32,402826
fashion_mnist-784-euclidean,euclidean,mod-vamana,0.97,1.0,32,64,1101,784,1,1101,60000,60000,edge_to_coverage,,31,,,,,,,,59246.386,59837.0,13569,60000,24859,44643,0.0,0.0,0.0,22.615,100.0,6.7138,5.0,32,402826
fashion_mnist-784-euclidean,euclidean,mod-vamana,0.97,1.0,32,64,1101,784,1,1101,60000,60000,edge_to_coverage,,32,,,,,,,,59246.393,59837.0,13569,60000,24858,44642,0.0,0.0,0.0,22.615,100.0,6.7138,5.0,32,402826
fashion_mnist-784-euclidean,euclidean,mod-vamana,0.98,1.0,32,64,1101,784,1,1101,60000,60000,coverage_to_degree,90.0,,2.826,2.0,1,26,3.0,1,281,,,,,,,0.0,0.0,0.0,29.7917,100.0,7.2299,6.0,32,433793
fashion_mnist-784-euclidean,euclidean,mod-vamana,0.98,1.0,32,64,1101,784,1,1101,60000,60000,coverage_to_degree,90.5,,2.873,2.0,1,27,3.0,1,291,,,,,,,0.0,0.0,0.0,29.7917,100.0,7.2299,6.0,32,433793
fashion_mnist-784-euclidean,euclidean,mod-vamana,0.98,1.0,32,64,1101,784,1,1101,60000,60000,coverage_to_degree,91.0,,2.914,2.0,1,27,3.0,1,296,,,,,,,0.0,0.0,0.0,29.7917,100.0,7.2299,6.0,32,433793
fashion_mnist-784-euclidean,euclidean,mod-vamana,0.98,1.0,32,64,1101,784,1,1101,60000,60000,coverage_to_degree,91.5,,2.965,2.0,1,27,3.0,1,314,,,,,,,0.0,0.0,0.0,29.7917,100.0,7.2299,6.0,32,433793
fashion_mnist-784-euclidean,euclidean,mod-vamana,0.98,1.0,32,64,1101,784,1,1101,60000,60000,coverage_to_degree,92.0,,3.011,2.0,1,27,3.0,1,333,,,,,,,0.0,0.0,0.0,29.7917,100.0,7.2299,6.0,32,433793
fashion_mnist-784-euclidean,euclidean,mod-vamana,0.98,1.0,32,64,1101,784,1,1101,60000,60000,coverage_to_degree,92.5,,3.068,3.0,1,27,3.0,1,348,,,,,,,0.0,0.0,0.0,29.7917,100.0,7.2299,6.0,32,433793
fashion_mnist-784-euclidean,euclidean,mod-vamana,0.98,1.0,32,64,1101,784,1,1101,60000,60000,coverage_to_degree,93.0,,3.121,3.0,1,27,3.0,1,364,,,,,,,0.0,0.0,0.0,29.7917,100.0,7.2299,6.0,32,433793
fashion_mnist-784-euclidean,euclidean,mod-vamana,0.98,1.0,32,64,1101,784,1,1101,60000,60000,coverage_to_degree,93.5,,3.187,3.0,1,27,3.0,1,378,,,,,,,0.0,0.0,0.0,29.7917,100.0,7.2299,6.0,32,433793
fashion_mnist-784-euclidean,euclidean,mod-vamana,0.98,1.0,32,64,1101,784,1,1101,60000,60000,coverage_to_degree,94.0,,3.247,3.0,1,28,3.0,1,392,,,,,,,0.0,0.0,0.0,29.7917,100.0,7.2299,6.0,32,433793
fashion_mnist-784-euclidean,euclidean,mod-vamana,0.98,1.0,32,64,1101,784,1,1101,60000,60000,coverage_to_degree,94.5,,3.326,3.0,1,28,3.0,1,411,,,,,,,0.0,0.0,0.0,29.7917,100.0,7.2299,6.0,32,433793
fashion_mnist-784-euclidean,euclidean,mod-vamana,0.98,1.0,32,64,1101,784,1,1101,60000,60000,coverage_to_degree,95.0,,3.399,3.0,1,28,3.0,1,440,,,,,,,0.0,0.0,0.0,29.7917,100.0,7.2299,6.0,32,433793
fashion_mnist-784-euclidean,euclidean,mod-vamana,0.98,1.0,32,64,1101,784,1,1101,60000,60000,coverage_to_degree,95.5,,3.499,3.0,1,28,3.0,1,465,,,,,,,0.0,0.0,0.0,29.7917,100.0,7.2299,6.0,32,433793
fashion_mnist-784-euclidean,euclidean,mod-vamana,0.98,1.0,32,64,1101,784,1,1101,60000,60000,coverage_to_degree,96.0,,3.59,3.0,1,28,3.0,1,488,,,,,,,0.0,0.0,0.0,29.7917,100.0,7.2299,6.0,32,433793
fashion_mnist-784-euclidean,euclidean,mod-vamana,0.98,1.0,32,64,1101,784,1,1101,60000,60000,coverage_to_degree,96.5,,3.716,3.0,1,28,3.0,1,512,,,,,,,0.0,0.0,0.0,29.7917,100.0,7.2299,6.0,32,433793
fashion_mnist-784-euclidean,euclidean,mod-vamana,0.98,1.0,32,64,1101,784,1,1101,60000,60000,coverage_to_degree,97.0,,3.836,3.0,1,32,3.0,1,526,,,,,,,0.0,0.0,0.0,29.7917,100.0,7.2299,6.0,32,433793
fashion_mnist-784-euclidean,euclidean,mod-vamana,0.98,1.0,32,64,1101,784,1,1101,60000,60000,coverage_to_degree,97.5,,4.008,3.0,1,32,4.0,1,554,,,,,,,0.0,0.0,0.0,29.7917,100.0,7.2299,6.0,32,433793
fashion_mnist-784-euclidean,euclidean,mod-vamana,0.98,1.0,32,64,1101,784,1,1101,60000,60000,coverage_to_degree,98.0,,4.176,3.0,1,32,4.0,1,575,,,,,,,0.0,0.0,0.0,29.7917,100.0,7.2299,6.0,32,433793
fashion_mnist-784-euclidean,euclidean,mod-vamana,0.98,1.0,32,64,1101,784,1,1101,60000,60000,coverage_to_degree,98.5,,4.418,4.0,1,32,4.0,1,606,,,,,,,0.0,0.0,0.0,29.7917,100.0,7.2299,6.0,32,433793
fashion_mnist-784-euclidean,euclidean,mod-vamana,0.98,1.0,32,64,1101,784,1,1101,60000,60000,coverage_to_degree,99.0,,4.679,4.0,1,32,4.0,1,642,,,,,,,0.0,0.0,0.0,29.7917,100.0,7.2299,6.0,32,433793
fashion_mnist-784-euclidean,euclidean,mod-vamana,0.98,1.0,32,64,1101,784,1,1101,60000,60000,coverage_to_degree,99.5,,5.168,4.0,1,32,4.0,1,687,,,,,,,0.0,0.0,0.0,29.7917,100.0,7.2299,6.0,32,433793
fashion_mnist-784-euclidean,euclidean,mod-vamana,0.98,1.0,32,64,1101,784,1,1101,60000,60000,coverage_to_degree,100.0,,6.35,5.0,1,32,5.0,1,793,,,,,,,0.0,0.0,0.0,29.7917,100.0,7.2299,6.0,32,433793
fashion_mnist-784-euclidean,euclidean,mod-vamana,0.98,1.0,32,64,1101,784,1,1101,60000,60000,edge_to_coverage,,1,,,,,,,,35806.766,39019.0,0,60000,56930,58869,0.0,0.0,0.0,29.7917,100.0,7.2299,6.0,32,433793
fashion_mnist-784-euclidean,euclidean,mod-vamana,0.98,1.0,32,64,1101,784,1,1101,60000,60000,edge_to_coverage,,2,,,,,,,,48591.664,54986.0,109,60000,51776,57502,0.0,0.0,0.0,29.7917,100.0,7.2299,6.0,32,433793
fashion_mnist-784-euclidean,euclidean,mod-vamana,0.98,1.0,32,64,1101,784,1,1101,60000,60000,edge_to_coverage,,3,,,,,,,,53919.319,58420.0,327,60000,45882,55769,0.0,0.0,0.0,29.7917,100.0,7.2299,6.0,32,433793
fashion_mnist-784-euclidean,euclidean,mod-vamana,0.98,1.0,32,64,1101,784,1,1101,60000,60000,edge_to_coverage,,4,,,,,,,,56458.245,59237.0,654,60000,40522,53916,0.0,0.0,0.0,29.7917,100.0,7.2299,6.0,32,433793
fashion_mnist-784-euclidean,euclidean,mod-vamana,0.98,1.0,32,64,1101,784,1,1101,60000,60000,edge_to_coverage,,5,,,,,,,,57734.767,59510.0,926,60000,35922,52170,0.0,0.0,0.0,29.7917,100.0,7.2299,6.0,32,433793
fashion_mnist-784-euclidean,euclidean,mod-vamana,0.98,1.0,32,64,1101,784,1,1101,60000,60000,edge_to_coverage,,6,,,,,,,,58400.105,59619.0,7139,60000,32219,50535,0.0,0.0,0.0,29.7917,100.0,7.2299,6.0,32,433793
fashion_mnist-784-euclidean,euclidean,mod-vamana,0.98,1.0,32,64,1101,784,1,1101,60000,60000,edge_to_coverage,,7,,,,,,,,58770.899,59728.0,9428,60000,29370,49089,0.0,0.0,0.0,29.7917,100.0,7.2299,6.0,32,433793
fashion_mnist-784-euclidean,euclidean,mod-vamana,0.98,1.0,32,64,1101,784,1,1101,60000,60000,edge_to_coverage,,8,,,,,,,,58986.069,59782.0,12044,60000,27310,47845,0.0,0.0,0.0,29.7917,100.0,7.2299,6.0,32,433793
fashion_mnist-784-euclidean,euclidean,mod-vamana,0.98,1.0,32,64,1101,784,1,1101,60000,60000,edge_to_coverage,,9,,,,,,,,59109.306,59782.0,15095,60000,25750,46834,0.0,0.0,0.0,29.7917,100.0,7.2299,6.0,32,433793
fashion_mnist-784-euclidean,euclidean,mod-vamana,0.98,1.0,32,64,1101,784,1,1101,60000,60000,edge_to_coverage,,10,,,,,,,,59189.806,59837.0,17875,60000,24564,45962,0.0,0.0,0.0,29.7917,100.0,7.2299,6.0,32,433793
fashion_mnist-784-euclidean,euclidean,mod-vamana,0.98,1.0,32,64,1101,784,1,1101,60000,60000,edge_to_coverage,,11,,,,,,,,59241.492,59837.0,17875,60000,23691,45246,0.0,0.0,0.0,29.7917,100.0,7.2299,6.0,32,433793
fashion_mnist-784-euclidean,euclidean,mod-vamana,0.98,1.0,32,64,1101,784,1,1101,60000,60000,edge_to_coverage,,12,,,,,,,,59275.767,59837.0,17875,60000,23066,44703,0.0,0.0,0.0,29.7917,100.0,7.2299,6.0,32,433793
fashion_mnist-784-euclidean,euclidean,mod-vamana,0.98,1.0,32,64,1101,784,1,1101,60000,60000,edge_to_coverage,,13,,,,,,,,59298.165,59837.0,17875,60000,22603,44222,0.0,0.0,0.0,29.7917,100.0,7.2299,6.0,32,433793
fashion_mnist-784-euclidean,euclidean,mod-vamana,0.98,1.0,32,64,1101,784,1,1101,60000,60000,edge_to_coverage,,14,,,,,,,,59314.103,59837.0,17875,60000,22227,43849,0.0,0.0,0.0,29.7917,100.0,7.2299,6.0,32,433793
fashion_mnist-784-euclidean,euclidean,mod-vamana,0.98,1.0,32,64,1101,784,1,1101,60000,60000,edge_to_coverage,,15,,,,,,,,59325.036,59837.0,17875,60000,21954,43575,0.0,0.0,0.0,29.7917,100.0,7.2299,6.0,32,433793
fashion_mnist-784-euclidean,euclidean,mod-vamana,0.98,1.0,32,64,1101,784,1,1101,60000,60000,edge_to_coverage,,16,,,,,,,,59333.259,59837.0,17875,60000,21763,43322,0.0,0.0,0.0,29.7917,100.0,7.2299,6.0,32,433793
fashion_mnist-784-euclidean,euclidean,mod-vamana,0.98,1.0,32,64,1101,784,1,1101,60000,60000,edge_to_coverage,,17,,,,,,,,59338.178,59837.0,17875,60000,21617,43140,0.0,0.0,0.0,29.7917,100.0,7.2299,6.0,32,433793
fashion_mnist-784-euclidean,euclidean,mod-vamana,0.98,1.0,32,64,1101,784,1,1101,60000,60000,edge_to_coverage,,18,,,,,,,,59342.491,59837.0,17875,60000,21502,43003,0.0,0.0,0.0,29.7917,100.0,7.2299,6.0,32,433793
fashion_mnist-784-euclidean,euclidean,mod-vamana,0.98,1.0,32,64,1101,784,1,1101,60000,60000,edge_to_coverage,,19,,,,,,,,59344.889,59891.0,17875,60000,21422,42878,0.0,0.0,0.0,29.7917,100.0,7.2299,6.0,32,433793
fashion_mnist-784-euclidean,euclidean,mod-vamana,0.98,1.0,32,64,1101,784,1,1101,60000,60000,edge_to_coverage,,20,,,,,,,,59347.009,59891.0,17875,60000,21365,42786,0.0,0.0,0.0,29.7917,100.0,7.2299,6.0,32,433793
fashion_mnist-784-euclidean,euclidean,mod-vamana,0.98,1.0,32,64,1101,784,1,1101,60000,60000,edge_to_coverage,,21,,,,,,,,59348.338,59891.0,17875,60000,21320,42707,0.0,0.0,0.0,29.7917,100.0,7.2299,6.0,32,433793
fashion_mnist-784-euclidean,euclidean,mod-vamana,0.98,1.0,32,64,1101,784,1,1101,60000,60000,edge_to_coverage,,22,,,,,,,,59349.458,59891.0,17875,60000,21284,42644,0.0,0.0,0.0,29.7917,100.0,7.2299,6.0,32,433793
fashion_mnist-784-euclidean,euclidean,mod-vamana,0.98,1.0,32,64,1101,784,1,1101,60000,60000,edge_to_coverage,,23,,,,,,,,59350.275,59891.0,17875,60000,21248,42588,0.0,0.0,0.0,29.7917,100.0,7.2299,6.0,32,433793
fashion_mnist-784-euclidean,euclidean,mod-vamana,0.98,1.0,32,64,1101,784,1,1101,60000,60000,edge_to_coverage,,24,,,,,,,,59350.881,59891.0,17875,60000,21227,42549,0.0,0.0,0.0,29.7917,100.0,7.2299,6.0,32,433793
fashion_mnist-784-euclidean,euclidean,mod-vamana,0.98,1.0,32,64,1101,784,1,1101,60000,60000,edge_to_coverage,,25,,,,,,,,59351.275,59891.0,17875,60000,21210,42519,0.0,0.0,0.0,29.7917,100.0,7.2299,6.0,32,433793
fashion_mnist-784-euclidean,euclidean,mod-vamana,0.98,1.0,32,64,1101,784,1,1101,60000,60000,edge_to_coverage,,26,,,,,,,,59351.762,59891.0,17875,60000,21198,42491,0.0,0.0,0.0,29.7917,100.0,7.2299,6.0,32,433793
fashion_mnist-784-euclidean,euclidean,mod-vamana,0.98,1.0,32,64,1101,784,1,1101,60000,60000,edge_to_coverage,,27,,,,,,,,59352.106,59891.0,17875,60000,21186,42471,0.0,0.0,0.0,29.7917,100.0,7.2299,6.0,32,433793
fashion_mnist-784-euclidean,euclidean,mod-vamana,0.98,1.0,32,64,1101,784,1,1101,60000,60000,edge_to_coverage,,28,,,,,,,,59352.34,59891.0,17875,60000,21177,42460,0.0,0.0,0.0,29.7917,100.0,7.2299,6.0,32,433793
fashion_mnist-784-euclidean,euclidean,mod-vamana,0.98,1.0,32,64,1101,784,1,1101,60000,60000,edge_to_coverage,,29,,,,,,,,59352.423,59891.0,17875,60000,21173,42447,0.0,0.0,0.0,29.7917,100.0,7.2299,6.0,32,433793
fashion_mnist-784-euclidean,euclidean,mod-vamana,0.98,1.0,32,64,1101,784,1,1101,60000,60000,edge_to_coverage,,30,,,,,,,,59352.461,59891.0,17875,60000,21169,42445,0.0,0.0,0.0,29.7917,100.0,7.2299,6.0,32,433793
fashion_mnist-784-euclidean,euclidean,mod-vamana,0.98,1.0,32,64,1101,784,1,1101,60000,60000,edge_to_coverage,,31,,,,,,,,59352.48,59891.0,17875,60000,21168,42441,0.0,0.0,0.0,29.7917,100.0,7.2299,6.0,32,433793
fashion_mnist-784-euclidean,euclidean,mod-vamana,0.98,1.0,32,64,1101,784,1,1101,60000,60000,edge_to_coverage,,32,,,,,,,,59352.517,59891.0,17875,60000,21166,42438,0.0,0.0,0.0,29.7917,100.0,7.2299,6.0,32,433793
fashion_mnist-784-euclidean,euclidean,mod-vamana,0.99,1.0,32,64,1101,784,1,1101,60000,60000,coverage_to_degree,90.0,,2.842,2.0,1,27,3.0,1,260,,,,,,,0.0,0.0,0.0,29.7917,100.0,8.0327,6.0,32,481962
fashion_mnist-784-euclidean,euclidean,mod-vamana,0.99,1.0,32,64,1101,784,1,1101,60000,60000,coverage_to_degree,90.5,,2.891,2.0,1,27,3.0,1,266,,,,,,,0.0,0.0,0.0,29.7917,100.0,8.0327,6.0,32,481962
fashion_mnist-784-euclidean,euclidean,mod-vamana,0.99,1.0,32,64,1101,784,1,1101,60000,60000,coverage_to_degree,91.0,,2.931,2.0,1,27,3.0,1,272,,,,,,,0.0,0.0,0.0,29.7917,100.0,8.0327,6.0,32,481962
fashion_mnist-784-euclidean,euclidean,mod-vamana,0.99,1.0,32,64,1101,784,1,1101,60000,60000,coverage_to_degree,91.5,,2.982,2.0,1,27,3.0,1,284,,,,,,,0.0,0.0,0.0,29.7917,100.0,8.0327,6.0,32,481962
fashion_mnist-784-euclidean,euclidean,mod-vamana,0.99,1.0,32,64,1101,784,1,1101,60000,60000,coverage_to_degree,92.0,,3.028,2.0,1,27,3.0,1,303,,,,,,,0.0,0.0,0.0,29.7917,100.0,8.0327,6.0,32,481962
fashion_mnist-784-euclidean,euclidean,mod-vamana,0.99,1.0,32,64,1101,784,1,1101,60000,60000,coverage_to_degree,92.5,,3.087,3.0,1,27,3.0,1,320,,,,,,,0.0,0.0,0.0,29.7917,100.0,8.0327,6.0,32,481962
fashion_mnist-784-euclidean,euclidean,mod-vamana,0.99,1.0,32,64,1101,784,1,1101,60000,60000,coverage_to_degree,93.0,,3.14,3.0,1,27,3.0,1,331,,,,,,,0.0,0.0,0.0,29.7917,100.0,8.0327,6.0,32,481962
fashion_mnist-784-euclidean,euclidean,mod-vamana,0.99,1.0,32,64,1101,784,1,1101,60000,60000,coverage_to_degree,93.5,,3.206,3.0,1,27,3.0,1,353,,,,,,,0.0,0.0,0.0,29.7917,100.0,8.0327,6.0,32,481962
fashion_mnist-784-euclidean,euclidean,mod-vamana,0.99,1.0,32,64,1101,784,1,1101,60000,60000,coverage_to_degree,94.0,,3.267,3.0,1,28,3.0,1,366,,,,,,,0.0,0.0,0.0,29.7917,100.0,8.0327,6.0,32,481962
fashion_mnist-784-euclidean,euclidean,mod-vamana,0.99,1.0,32,64,1101,784,1,1101,60000,60000,coverage_to_degree,94.5,,3.347,3.0,1,29,3.0,1,384,,,,,,,0.0,0.0,0.0,29.7917,100.0,8.0327,6.0,32,481962
fashion_mnist-784-euclidean,euclidean,mod-vamana,0.99,1.0,32,64,1101,784,1,1101,60000,60000,coverage_to_degree,95.0,,3.422,3.0,1,29,3.0,1,410,,,,,,,0.0,0.0,0.0,29.7917,100.0,8.0327,6.0,32,481962
fashion_mnist-784-euclidean,euclidean,mod-vamana,0.99,1.0,32,64,1101,784,1,1101,60000,60000,coverage_to_degree,95.5,,3.523,3.0,1,29,3.0,1,436,,,,,,,0.0,0.0,0.0,29.7917,100.0,8.0327,6.0,32,481962
fashion_mnist-784-euclidean,euclidean,mod-vamana,0.99,1.0,32,64,1101,784,1,1101,60000,60000,coverage_to_degree,96.0,,3.615,3.0,1,30,3.0,1,452,,,,,,,0.0,0.0,0.0,29.7917,100.0,8.0327,6.0,32,481962
fashion_mnist-784-euclidean,euclidean,mod-vamana,0.99,1.0,32,64,1101,784,1,1101,60000,60000,coverage_to_degree,96.5,,3.742,3.0,1,30,3.0,1,483,,,,,,,0.0,0.0,0.0,29.7917,100.0,8.0327,6.0,32,481962
fashion_mnist-784-euclidean,euclidean,mod-vamana,0.99,1.0,32,64,1101,784,1,1101,60000,60000,coverage_to_degree,97.0,,3.866,3.0,1,30,4.0,1,504,,,,,,,0.0,0.0,0.0,29.7917,100.0,8.0327,6.0,32,481962
fashion_mnist-784-euclidean,euclidean,mod-vamana,0.99,1.0,32,64,1101,784,1,1101,60000,60000,coverage_to_degree,97.5,,4.044,3.0,1,32,4.0,1,525,,,,,,,0.0,0.0,0.0,29.7917,100.0,8.0327,6.0,32,481962
fashion_mnist-784-euclidean,euclidean,mod-vamana,0.99,1.0,32,64,1101,784,1,1101,60000,60000,coverage_to_degree,98.0,,4.23,4.0,1,32,4.0,1,550,,,,,,,0.0,0.0,0.0,29.7917,100.0,8.0327,6.0,32,481962
fashion_mnist-784-euclidean,euclidean,mod-vamana,0.99,1.0,32,64,1101,784,1,1101,60000,60000,coverage_to_degree,98.5,,4.518,4.0,1,32,4.0,1,592,,,,,,,0.0,0.0,0.0,29.7917,100.0,8.0327,6.0,32,481962
fashion_mnist-784-euclidean,euclidean,mod-vamana,0.99,1.0,32,64,1101,784,1,1101,60000,60000,coverage_to_degree,99.0,,4.84,4.0,1,32,4.0,1,635,,,,,,,0.0,0.0,0.0,29.7917,100.0,8.0327,6.0,32,481962
fashion_mnist-784-euclidean,euclidean,mod-vamana,0.99,1.0,32,64,1101,784,1,1101,60000,60000,coverage_to_degree,99.5,,5.432,5.0,1,32,5.0,1,689,,,,,,,0.0,0.0,0.0,29.7917,100.0,8.0327,6.0,32,481962
fashion_mnist-784-euclidean,euclidean,mod-vamana,0.99,1.0,32,64,1101,784,1,1101,60000,60000,coverage_to_degree,100.0,,6.856,6.0,1,32,6.0,1,815,,,,,,,0.0,0.0,0.0,29.7917,100.0,8.0327,6.0,32,481962
fashion_mnist-784-euclidean,euclidean,mod-vamana,0.99,1.0,32,64,1101,784,1,1101,60000,60000,edge_to_coverage,,1,,,,,,,,35775.035,38965.0,0,60000,56917,58872,0.0,0.0,0.0,29.7917,100.0,8.0327,6.0,32,481962
fashion_mnist-784-euclidean,euclidean,mod-vamana,0.99,1.0,32,64,1101,784,1,1101,60000,60000,edge_to_coverage,,2,,,,,,,,48523.009,54932.0,109,60000,51382,57355,0.0,0.0,0.0,29.7917,100.0,8.0327,6.0,32,481962
fashion_mnist-784-euclidean,euclidean,mod-vamana,0.99,1.0,32,64,1101,784,1,1101,60000,60000,edge_to_coverage,,3,,,,,,,,53902.244,58420.0,327,60000,44741,55350,0.0,0.0,0.0,29.7917,100.0,8.0327,6.0,32,481962
fashion_mnist-784-euclidean,euclidean,mod-vamana,0.99,1.0,32,64,1101,784,1,1101,60000,60000,edge_to_coverage,,4,,,,,,,,56455.156,59292.0,654,60000,38548,53127,0.0,0.0,0.0,29.7917,100.0,8.0327,6.0,32,481962
fashion_mnist-784-euclidean,euclidean,mod-vamana,0.99,1.0,32,64,1101,784,1,1101,60000,60000,edge_to_coverage,,5,,,,,,,,57751.235,59619.0,926,60000,33120,50934,0.0,0.0,0.0,29.7917,100.0,8.0327,6.0,32,481962
fashion_mnist-784-euclidean,euclidean,mod-vamana,0.99,1.0,32,64,1101,784,1,1101,60000,60000,edge_to_coverage,,6,,,,,,,,58428.565,59728.0,4687,60000,28773,48877,0.0,0.0,0.0,29.7917,100.0,8.0327,6.0,32,481962
fashion_mnist-784-euclidean,euclidean,mod-vamana,0.99,1.0,32,64,1101,784,1,1101,60000,60000,edge_to_coverage,,7,,,,,,,,58818.746,59782.0,9428,60000,25410,47052,0.0,0.0,0.0,29.7917,100.0,8.0327,6.0,32,481962
fashion_mnist-784-euclidean,euclidean,mod-vamana,0.99,1.0,32,64,1101,784,1,1101,60000,60000,edge_to_coverage,,8,,,,,,,,59044.728,59837.0,15640,60000,22962,45520,0.0,0.0,0.0,29.7917,100.0,8.0327,6.0,32,481962
fashion_mnist-784-euclidean,euclidean,mod-vamana,0.99,1.0,32,64,1101,784,1,1101,60000,60000,edge_to_coverage,,9,,,,,,,,59172.735,59837.0,15695,60000,21082,44213,0.0,0.0,0.0,29.7917,100.0,8.0327,6.0,32,481962
fashion_mnist-784-euclidean,euclidean,mod-vamana,0.99,1.0,32,64,1101,784,1,1101,60000,60000,edge_to_coverage,,10,,,,,,,,59257.924,59891.0,17875,60000,19739,43164,0.0,0.0,0.0,29.7917,100.0,8.0327,6.0,32,481962
fashion_mnist-784-euclidean,euclidean,mod-vamana,0.99,1.0,32,64,1101,784,1,1101,60000,60000,edge_to_coverage,,11,,,,,,,,59312.8,59891.0,17875,60000,18686,42218,0.0,0.0,0.0,29.7917,100.0,8.0327,6.0,32,481962
fashion_mnist-784-euclidean,euclidean,mod-vamana,0.99,1.0,32,64,1101,784,1,1101,60000,60000,edge_to_coverage,,12,,,,,,,,59350.302,59891.0,17875,60000,17918,41522,0.0,0.0,0.0,29.7917,100.0,8.0327,6.0,32,481962
fashion_mnist-784-euclidean,euclidean,mod-vamana,0.99,1.0,32,64,1101,784,1,1101,60000,60000,edge_to_coverage,,13,,,,,,,,59375.006,59891.0,17875,60000,17362,40895,0.0,0.0,0.0,29.7917,100.0,8.0327,6.0,32,481962
fashion_mnist-784-euclidean,euclidean,mod-vamana,0.99,1.0,32,64,1101,784,1,1101,60000,60000,edge_to_coverage,,14,,,,,,,,59392.992,59891.0,17875,60000,16916,40428,0.0,0.0,0.0,29.7917,100.0,8.0327,6.0,32,481962
fashion_mnist-784-euclidean,euclidean,mod-vamana,0.99,1.0,32,64,1101,784,1,1101,60000,60000,edge_to_coverage,,15,,,,,,,,59406.618,59891.0,17875,60000,16575,40035,0.0,0.0,0.0,29.7917,100.0,8.0327,6.0,32,481962
fashion_mnist-784-euclidean,euclidean,mod-vamana,0.99,1.0,32,64,1101,784,1,1101,60000,60000,edge_to_coverage,,16,,,,,,,,59415.776,59891.0,17875,60000,16323,39696,0.0,0.0,0.0,29.7917,100.0,8.0327,6.0,32,481962
fashion_mnist-784-euclidean,euclidean,mod-vamana,0.99,1.0,32,64,1101,784,1,1101,60000,60000,edge_to_coverage,,17,,,,,,,,59421.886,59891.0,17875,60000,16138,39455,0.0,0.0,0.0,29.7917,100.0,8.0327,6.0,32,481962
fashion_mnist-784-euclidean,euclidean,mod-vamana,0.99,1.0,32,64,1101,784,1,1101,60000,60000,edge_to_coverage,,18,,,,,,,,59426.266,59891.0,17875,60000,16001,39255,0.0,0.0,0.0,29.7917,100.0,8.0327,6.0,32,481962
fashion_mnist-784-euclidean,euclidean,mod-vamana,0.99,1.0,32,64,1101,784,1,1101,60000,60000,edge_to_coverage,,19,,,,,,,,59429.39,59891.0,17875,60000,15881,39094,0.0,0.0,0.0,29.7917,100.0,8.0327,6.0,32,481962
fashion_mnist-784-euclidean,euclidean,mod-vamana,0.99,1.0,32,64,1101,784,1,1101,60000,60000,edge_to_coverage,,20,,,,,,,,59431.653,59946.0,17875,60000,15822,38979,0.0,0.0,0.0,29.7917,100.0,8.0327,6.0,32,481962
fashion_mnist-784-euclidean,euclidean,mod-vamana,0.99,1.0,32,64,1101,784,1,1101,60000,60000,edge_to_coverage,,21,,,,,,,,59433.116,59946.0,17875,60000,15762,38881,0.0,0.0,0.0,29.7917,100.0,8.0327,6.0,32,481962
fashion_mnist-784-euclidean,euclidean,mod-vamana,0.99,1.0,32,64,1101,784,1,1101,60000,60000,edge_to_coverage,,22,,,,,,,,59434.416,59946.0,17875,60000,15724,38799,0.0,0.0,0.0,29.7917,100.0,8.0327,6.0,32,481962
fashion_mnist-784-euclidean,euclidean,mod-vamana,0.99,1.0,32,64,1101,784,1,1101,60000,60000,edge_to_coverage,,23,,,,,,,,59435.353,59946.0,17875,60000,15687,38721,0.0,0.0,0.0,29.7917,100.0,8.0327,6.0,32,481962
fashion_mnist-784-euclidean,euclidean,mod-vamana,0.99,1.0,32,64,1101,784,1,1101,60000,60000,edge_to_coverage,,24,,,,,,,,59435.924,59946.0,17875,60000,15664,38676,0.0,0.0,0.0,29.7917,100.0,8.0327,6.0,32,481962
fashion_mnist-784-euclidean,euclidean,mod-vamana,0.99,1.0,32,64,1101,784,1,1101,60000,60000,edge_to_coverage,,25,,,,,,,,59436.369,59946.0,17875,60000,15646,38634,0.0,0.0,0.0,29.7917,100.0,8.0327,6.0,32,481962
fashion_mnist-784-euclidean,euclidean,mod-vamana,0.99,1.0,32,64,1101,784,1,1101,60000,60000,edge_to_coverage,,26,,,,,,,,59436.849,59946.0,17875,60000,15632,38603,0.0,0.0,0.0,29.7917,100.0,8.0327,6.0,32,481962
fashion_mnist-784-euclidean,euclidean,mod-vamana,0.99,1.0,32,64,1101,784,1,1101,60000,60000,edge_to_coverage,,27,,,,,,,,59437.376,59946.0,17875,60000,15615,38577,0.0,0.0,0.0,29.7917,100.0,8.0327,6.0,32,481962
fashion_mnist-784-euclidean,euclidean,mod-vamana,0.99,1.0,32,64,1101,784,1,1101,60000,60000,edge_to_coverage,,28,,,,,,,,59437.649,59946.0,17875,60000,15605,38557,0.0,0.0,0.0,29.7917,100.0,8.0327,6.0,32,481962
fashion_mnist-784-euclidean,euclidean,mod-vamana,0.99,1.0,32,64,1101,784,1,1101,60000,60000,edge_to_coverage,,29,,,,,,,,59437.784,59946.0,17875,60000,15599,38537,0.0,0.0,0.0,29.7917,100.0,8.0327,6.0,32,481962
fashion_mnist-784-euclidean,euclidean,mod-vamana,0.99,1.0,32,64,1101,784,1,1101,60000,60000,edge_to_coverage,,30,,,,,,,,59437.878,59946.0,17875,60000,15594,38530,0.0,0.0,0.0,29.7917,100.0,8.0327,6.0,32,481962
fashion_mnist-784-euclidean,euclidean,mod-vamana,0.99,1.0,32,64,1101,784,1,1101,60000,60000,edge_to_coverage,,31,,,,,,,,59437.916,59946.0,17875,60000,15591,38521,0.0,0.0,0.0,29.7917,100.0,8.0327,6.0,32,481962
fashion_mnist-784-euclidean,euclidean,mod-vamana,0.99,1.0,32,64,1101,784,1,1101,60000,60000,edge_to_coverage,,32,,,,,,,,59437.935,59946.0,17875,60000,15589,38519,0.0,0.0,0.0,29.7917,100.0,8.0327,6.0,32,481962
fashion_mnist-784-euclidean,euclidean,mod-vamana,1.0,1.0,32,64,1101,784,1,1101,60000,60000,coverage_to_degree,90.0,,2.902,2.0,1,24,3.0,1,214,,,,,,,0.0,0.0,0.0,22.615,100.0,10.6739,9.0,32,640434
fashion_mnist-784-euclidean,euclidean,mod-vamana,1.0,1.0,32,64,1101,784,1,1101,60000,60000,coverage_to_degree,90.5,,2.953,2.0,1,24,3.0,1,226,,,,,,,0.0,0.0,0.0,22.615,100.0,10.6739,9.0,32,640434
fashion_mnist-784-euclidean,euclidean,mod-vamana,1.0,1.0,32,64,1101,784,1,1101,60000,60000,coverage_to_degree,91.0,,2.995,2.0,1,27,3.0,1,233,,,,,,,0.0,0.0,0.0,22.615,100.0,10.6739,9.0,32,640434
fashion_mnist-784-euclidean,euclidean,mod-vamana,1.0,1.0,32,64,1101,784,1,1101,60000,60000,coverage_to_degree,91.5,,3.05,2.0,1,27,3.0,1,244,,,,,,,0.0,0.0,0.0,22.615,100.0,10.6739,9.0,32,640434
fashion_mnist-784-euclidean,euclidean,mod-vamana,1.0,1.0,32,64,1101,784,1,1101,60000,60000,coverage_to_degree,92.0,,3.098,3.0,1,27,3.0,1,252,,,,,,,0.0,0.0,0.0,22.615,100.0,10.6739,9.0,32,640434
fashion_mnist-784-euclidean,euclidean,mod-vamana,1.0,1.0,32,64,1101,784,1,1101,60000,60000,coverage_to_degree,92.5,,3.159,3.0,1,27,3.0,1,273,,,,,,,0.0,0.0,0.0,22.615,100.0,10.6739,9.0,32,640434
fashion_mnist-784-euclidean,euclidean,mod-vamana,1.0,1.0,32,64,1101,784,1,1101,60000,60000,coverage_to_degree,93.0,,3.216,3.0,1,29,3.0,1,283,,,,,,,0.0,0.0,0.0,22.615,100.0,10.6739,9.0,32,640434
fashion_mnist-784-euclidean,euclidean,mod-vamana,1.0,1.0,32,64,1101,784,1,1101,60000,60000,coverage_to_degree,93.5,,3.287,3.0,1,29,3.0,1,293,,,,,,,0.0,0.0,0.0,22.615,100.0,10.6739,9.0,32,640434
fashion_mnist-784-euclidean,euclidean,mod-vamana,1.0,1.0,32,64,1101,784,1,1101,60000,60000,coverage_to_degree,94.0,,3.352,3.0,1,29,3.0,1,302,,,,,,,0.0,0.0,0.0,22.615,100.0,10.6739,9.0,32,640434
fashion_mnist-784-euclidean,euclidean,mod-vamana,1.0,1.0,32,64,1101,784,1,1101,60000,60000,coverage_to_degree,94.5,,3.435,3.0,1,29,3.0,1,319,,,,,,,0.0,0.0,0.0,22.615,100.0,10.6739,9.0,32,640434
fashion_mnist-784-euclidean,euclidean,mod-vamana,1.0,1.0,32,64,1101,784,1,1101,60000,60000,coverage_to_degree,95.0,,3.515,3.0,1,29,3.0,1,341,,,,,,,0.0,0.0,0.0,22.615,100.0,10.6739,9.0,32,640434
fashion_mnist-784-euclidean,euclidean,mod-vamana,1.0,1.0,32,64,1101,784,1,1101,60000,60000,coverage_to_degree,95.5,,3.618,3.0,1,31,3.0,1,367,,,,,,,0.0,0.0,0.0,22.615,100.0,10.6739,9.0,32,640434
fashion_mnist-784-euclidean,euclidean,mod-vamana,1.0,1.0,32,64,1101,784,1,1101,60000,60000,coverage_to_degree,96.0,,3.716,3.0,1,31,3.0,1,391,,,,,,,0.0,0.0,0.0,22.615,100.0,10.6739,9.0,32,640434
fashion_mnist-784-euclidean,euclidean,mod-vamana,1.0,1.0,32,64,1101,784,1,1101,60000,60000,coverage_to_degree,96.5,,3.849,3.0,1,31,4.0,1,412,,,,,,,0.0,0.0,0.0,22.615,100.0,10.6739,9.0,32,640434
fashion_mnist-784-euclidean,euclidean,mod-vamana,1.0,1.0,32,64,1101,784,1,1101,60000,60000,coverage_to_degree,97.0,,3.98,3.0,1,31,4.0,1,430,,,,,,,0.0,0.0,0.0,22.615,100.0,10.6739,9.0,32,640434
fashion_mnist-784-euclidean,euclidean,mod-vamana,1.0,1.0,32,64,1101,784,1,1101,60000,60000,coverage_to_degree,97.5,,4.168,3.0,1,32,4.0,1,449,,,,,,,0.0,0.0,0.0,22.615,100.0,10.6739,9.0,32,640434
fashion_mnist-784-euclidean,euclidean,mod-vamana,1.0,1.0,32,64,1101,784,1,1101,60000,60000,coverage_to_degree,98.0,,4.361,4.0,1,32,4.0,1,480,,,,,,,0.0,0.0,0.0,22.615,100.0,10.6739,9.0,32,640434
fashion_mnist-784-euclidean,euclidean,mod-vamana,1.0,1.0,32,64,1101,784,1,1101,60000,60000,coverage_to_degree,98.5,,4.672,4.0,1,32,4.0,1,511,,,,,,,0.0,0.0,0.0,22.615,100.0,10.6739,9.0,32,640434
fashion_mnist-784-euclidean,euclidean,mod-vamana,1.0,1.0,32,64,1101,784,1,1101,60000,60000,coverage_to_degree,99.0,,5.04,4.0,1,32,5.0,1,550,,,,,,,0.0,0.0,0.0,22.615,100.0,10.6739,9.0,32,640434
fashion_mnist-784-euclidean,euclidean,mod-vamana,1.0,1.0,32,64,1101,784,1,1101,60000,60000,coverage_to_degree,99.5,,5.813,5.0,1,32,5.0,1,628,,,,,,,0.0,0.0,0.0,22.615,100.0,10.6739,9.0,32,640434
fashion_mnist-784-euclidean,euclidean,mod-vamana,1.0,1.0,32,64,1101,784,1,1101,60000,60000,coverage_to_degree,100.0,,8.133,7.0,1,32,7.0,1,783,,,,,,,0.0,0.0,0.0,22.615,100.0,10.6739,9.0,32,640434
fashion_mnist-784-euclidean,euclidean,mod-vamana,1.0,1.0,32,64,1101,784,1,1101,60000,60000,edge_to_coverage,,1,,,,,,,,35600.912,38638.0,0,60000,56967,58877,0.0,0.0,0.0,22.615,100.0,10.6739,9.0,32,640434
fashion_mnist-784-euclidean,euclidean,mod-vamana,1.0,1.0,32,64,1101,784,1,1101,60000,60000,edge_to_coverage,,2,,,,,,,,48290.776,54659.0,109,60000,51238,57055,0.0,0.0,0.0,22.615,100.0,10.6739,9.0,32,640434
fashion_mnist-784-euclidean,euclidean,mod-vamana,1.0,1.0,32,64,1101,784,1,1101,60000,60000,edge_to_coverage,,3,,,,,,,,53705.888,58311.0,327,60000,44095,54288,0.0,0.0,0.0,22.615,100.0,10.6739,9.0,32,640434
fashion_mnist-784-euclidean,euclidean,mod-vamana,1.0,1.0,32,64,1101,784,1,1101,60000,60000,edge_to_coverage,,4,,,,,,,,56326.934,59292.0,654,60000,37133,50950,0.0,0.0,0.0,22.615,100.0,10.6739,9.0,32,640434
fashion_mnist-784-euclidean,euclidean,mod-vamana,1.0,1.0,32,64,1101,784,1,1101,60000,60000,edge_to_coverage,,5,,,,,,,,57665.604,59673.0,926,60000,30914,47578,0.0,0.0,0.0,22.615,100.0,10.6739,9.0,32,640434
fashion_mnist-784-euclidean,euclidean,mod-vamana,1.0,1.0,32,64,1101,784,1,1101,60000,60000,edge_to_coverage,,6,,,,,,,,58385.178,59837.0,3760,60000,25842,44389,0.0,0.0,0.0,22.615,100.0,10.6739,9.0,32,640434
fashion_mnist-784-euclidean,euclidean,mod-vamana,1.0,1.0,32,64,1101,784,1,1101,60000,60000,edge_to_coverage,,7,,,,,,,,58807.407,59891.0,9428,60000,21933,41346,0.0,0.0,0.0,22.615,100.0,10.6739,9.0,32,640434
fashion_mnist-784-euclidean,euclidean,mod-vamana,1.0,1.0,32,64,1101,784,1,1101,60000,60000,edge_to_coverage,,8,,,,,,,,59062.29,59891.0,13569,60000,18832,38636,0.0,0.0,0.0,22.615,100.0,10.6739,9.0,32,640434
fashion_mnist-784-euclidean,euclidean,mod-vamana,1.0,1.0,32,64,1101,784,1,1101,60000,60000,edge_to_coverage,,9,,,,,,,,59212.866,59946.0,13569,60000,16472,36407,0.0,0.0,0.0,22.615,100.0,10.6739,9.0,32,640434
fashion_mnist-784-euclidean,euclidean,mod-vamana,1.0,1.0,32,64,1101,784,1,1101,60000,60000,edge_to_coverage,,10,,,,,,,,59314.558,59946.0,13569,60000,14827,34541,0.0,0.0,0.0,22.615,100.0,10.6739,9.0,32,640434
fashion_mnist-784-euclidean,euclidean,mod-vamana,1.0,1.0,32,64,1101,784,1,1101,60000,60000,edge_to_coverage,,11,,,,,,,,59380.416,59946.0,13569,60000,13514,33005,0.0,0.0,0.0,22.615,100.0,10.6739,9.0,32,640434
fashion_mnist-784-euclidean,euclidean,mod-vamana,1.0,1.0,32,64,1101,784,1,1101,60000,60000,edge_to_coverage,,12,,,,,,,,59423.768,59946.0,13569,60000,12538,31735,0.0,0.0,0.0,22.615,100.0,10.6739,9.0,32,640434
fashion_mnist-784-euclidean,euclidean,mod-vamana,1.0,1.0,32,64,1101,784,1,1101,60000,60000,edge_to_coverage,,13,,,,,,,,59454.135,59946.0,13569,60000,11799,30723,0.0,0.0,0.0,22.615,100.0,10.6739,9.0,32,640434
fashion_mnist-784-euclidean,euclidean,mod-vamana,1.0,1.0,32,64,1101,784,1,1101,60000,60000,edge_to_coverage,,14,,,,,,,,59477.003,60000.0,13569,60000,11206,29899,0.0,0.0,0.0,22.615,100.0,10.6739,9.0,32,640434
fashion_mnist-784-euclidean,euclidean,mod-vamana,1.0,1.0,32,64,1101,784,1,1101,60000,60000,edge_to_coverage,,15,,,,,,,,59492.952,60000.0,13569,60000,10787,29195,0.0,0.0,0.0,22.615,100.0,10.6739,9.0,32,640434
fashion_mnist-784-euclidean,euclidean,mod-vamana,1.0,1.0,32,64,1101,784,1,1101,60000,60000,edge_to_coverage,,16,,,,,,,,59503.986,60000.0,13569,60000,10470,28666,0.0,0.0,0.0,22.615,100.0,10.6739,9.0,32,640434
fashion_mnist-784-euclidean,euclidean,mod-vamana,1.0,1.0,32,64,1101,784,1,1101,60000,60000,edge_to_coverage,,17,,,,,,,,59512.232,60000.0,13569,60000,10194,28213,0.0,0.0,0.0,22.615,100.0,10.6739,9.0,32,640434
fashion_mnist-784-euclidean,euclidean,mod-vamana,1.0,1.0,32,64,1101,784,1,1101,60000,60000,edge_to_coverage,,18,,,,,,,,59518.267,60000.0,13569,60000,10014,27834,0.0,0.0,0.0,22.615,100.0,10.6739,9.0,32,640434
fashion_mnist-784-euclidean,euclidean,mod-vamana,1.0,1.0,32,64,1101,784,1,1101,60000,60000,edge_to_coverage,,19,,,,,,,,59522.799,60000.0,13569,60000,9870,27572,0.0,0.0,0.0,22.615,100.0,10.6739,9.0,32,640434
fashion_mnist-784-euclidean,euclidean,mod-vamana,1.0,1.0,32,64,1101,784,1,1101,60000,60000,edge_to_coverage,,20,,,,,,,,59526.014,60000.0,13569,60000,9753,27329,0.0,0.0,0.0,22.615,100.0,10.6739,9.0,32,640434
fashion_mnist-784-euclidean,euclidean,mod-vamana,1.0,1.0,32,64,1101,784,1,1101,60000,60000,edge_to_coverage,,21,,,,,,,,59528.351,60000.0,13569,60000,9677,27111,0.0,0.0,0.0,22.615,100.0,10.6739,9.0,32,640434
fashion_mnist-784-euclidean,euclidean,mod-vamana,1.0,1.0,32,64,1101,784,1,1101,60000,60000,edge_to_coverage,,22,,,,,,,,59529.883,60000.0,13569,60000,9622,26952,0.0,0.0,0.0,22.615,100.0,10.6739,9.0,32,640434
fashion_mnist-784-euclidean,euclidean,mod-vamana,1.0,1.0,32,64,1101,784,1,1101,60000,60000,edge_to_coverage,,23,,,,,,,,59530.816,60000.0,13569,60000,9580,26852,0.0,0.0,0.0,22.615,100.0,10.6739,9.0,32,640434
fashion_mnist-784-euclidean,euclidean,mod-vamana,1.0,1.0,32,64,1101,784,1,1101,60000,60000,edge_to_coverage,,24,,,,,,,,59531.677,60000.0,13569,60000,9541,26756,0.0,0.0,0.0,22.615,100.0,10.6739,9.0,32,640434
fashion_mnist-784-euclidean,euclidean,mod-vamana,1.0,1.0,32,64,1101,784,1,1101,60000,60000,edge_to_coverage,,25,,,,,,,,59532.213,60000.0,13569,60000,9513,26670,0.0,0.0,0.0,22.615,100.0,10.6739,9.0,32,640434
fashion_mnist-784-euclidean,euclidean,mod-vamana,1.0,1.0,32,64,1101,784,1,1101,60000,60000,edge_to_coverage,,26,,,,,,,,59532.696,60000.0,13569,60000,9496,26611,0.0,0.0,0.0,22.615,100.0,10.6739,9.0,32,640434
fashion_mnist-784-euclidean,euclidean,mod-vamana,1.0,1.0,32,64,1101,784,1,1101,60000,60000,edge_to_coverage,,27,,,,,,,,59533.114,60000.0,13569,60000,9484,26562,0.0,0.0,0.0,22.615,100.0,10.6739,9.0,32,640434
fashion_mnist-784-euclidean,euclidean,mod-vamana,1.0,1.0,32,64,1101,784,1,1101,60000,60000,edge_to_coverage,,28,,,,,,,,59533.325,60000.0,13569,60000,9472,26520,0.0,0.0,0.0,22.615,100.0,10.6739,9.0,32,640434
fashion_mnist-784-euclidean,euclidean,mod-vamana,1.0,1.0,32,64,1101,784,1,1101,60000,60000,edge_to_coverage,,29,,,,,,,,59533.49,60000.0,13569,60000,9469,26501,0.0,0.0,0.0,22.615,100.0,10.6739,9.0,32,640434
fashion_mnist-784-euclidean,euclidean,mod-vamana,1.0,1.0,32,64,1101,784,1,1101,60000,60000,edge_to_coverage,,30,,,,,,,,59533.584,60000.0,13569,60000,9465,26486,0.0,0.0,0.0,22.615,100.0,10.6739,9.0,32,640434
fashion_mnist-784-euclidean,euclidean,mod-vamana,1.0,1.0,32,64,1101,784,1,1101,60000,60000,edge_to_coverage,,31,,,,,,,,59533.683,60000.0,13569,60000,9461,26475,0.0,0.0,0.0,22.615,100.0,10.6739,9.0,32,640434
fashion_mnist-784-euclidean,euclidean,mod-vamana,1.0,1.0,32,64,1101,784,1,1101,60000,60000,edge_to_coverage,,32,,,,,,,,59533.709,60000.0,13569,60000,9458,26466,0.0,0.0,0.0,22.615,100.0,10.6739,9.0,32,640434
