edges,n_sources,n_active,frac_active,"mean cov frac (all, clamped)",mean cov frac (active only)
1,10000,10000,1.0,0.5384457125028794,0.5384457125028794
2,10000,10000,1.0,0.7358092441214421,0.7358092441214421
3,10000,10000,1.0,0.829767721766908,0.829767721766908
4,10000,10000,1.0,0.8822442558718391,0.8822442558718391
5,10000,10000,1.0,0.9142108213432822,0.9142108213432822
6,10000,10000,1.0,0.934559364874151,0.934559364874151
7,10000,10000,1.0,0.9486845025038574,0.9486845025038574
8,10000,10000,1.0,0.958694810159011,0.958694810159011
9,10000,10000,1.0,0.9661352648313214,0.9661352648313214
10,10000,10000,1.0,0.9717891800902914,0.9717891800902914
11,10000,10000,1.0,0.976161835041639,0.976161835041639
12,10000,10000,1.0,0.9796375600703676,0.9796375600703676
13,10000,10000,1.0,0.9823942828603845,0.9823942828603845
14,10000,10000,1.0,0.9846521508259878,0.9846521508259878
15,10000,10000,1.0,0.986518370572298,0.986518370572298
16,10000,10000,1.0,0.9880939316582283,0.9880939316582283
17,10000,10000,1.0,0.9894101535394569,0.9894101535394569
18,10000,10000,1.0,0.9905235259040964,0.9905235259040964
19,10000,10000,1.0,0.9914638553252623,0.9914638553252623
20,10000,10000,1.0,0.992274945001098,0.992274945001098
21,10000,10000,1.0,0.9929992585798588,0.9929992585798588
22,10000,10000,1.0,0.9936230078325803,0.9936230078325803
23,10000,10000,1.0,0.994177721229826,0.994177721229826
24,10000,10000,1.0,0.9946612499779603,0.9946612499779603
25,10000,10000,1.0,0.995102266477417,0.995102266477417
26,10000,10000,1.0,0.9954896487390713,0.9954896487390713
27,10000,10000,1.0,0.9958404006490004,0.9958404006490004
28,10000,10000,1.0,0.996145131437501,0.996145131437501
29,10000,10000,1.0,0.9964205983206866,0.9964205983206866
30,10000,10000,1.0,0.9966761598975513,0.9966761598975513
31,10000,10000,1.0,0.9969041759227353,0.9969041759227353
32,10000,10000,1.0,0.9971051338186357,0.9971051338186357
33,10000,10000,1.0,0.9972953112521048,0.9972953112521048
34,10000,10000,1.0,0.9974660872501229,0.9974660872501229
35,10000,10000,1.0,0.9976194607904225,0.9976194607904225
36,10000,10000,1.0,0.9977582745184393,0.9977582745184393
37,10000,10000,1.0,0.9978875117988271,0.9978875117988271
38,10000,10000,1.0,0.9980065057532101,0.9980065057532101
39,10000,10000,1.0,0.9981191942405816,0.9981191942405816
40,10000,10000,1.0,0.9982213065584365,0.9982213065584365
41,10000,10000,1.0,0.9983213368077042,0.9983213368077042
42,10000,10000,1.0,0.9984103992886781,0.9984103992886781
43,10000,10000,1.0,0.998491318020678,0.998491318020678
44,10000,10000,1.0,0.9985691731751296,0.9985691731751296
45,10000,10000,1.0,0.9986404953641483,0.9986404953641483
46,10000,10000,1.0,0.9987099527037661,0.9987099527037661
47,10000,10000,1.0,0.9987725405994,0.9987725405994
48,10000,10000,1.0,0.9988297544145425,0.9988297544145425
49,10000,10000,1.0,0.9988843641969856,0.9988843641969856
50,10000,10000,1.0,0.9989347719909588,0.9989347719909588
51,10000,10000,1.0,0.9989814723384401,0.9989814723384401
52,10000,10000,1.0,0.9990247376409672,0.9990247376409672
53,10000,10000,1.0,0.9990668815502242,0.9990668815502242
54,10000,10000,1.0,0.9991060116308409,0.9991060116308409
55,10000,10000,1.0,0.9991426983861551,0.9991426983861551
56,10000,10000,1.0,0.9991776842154657,0.9991776842154657
57,10000,10000,1.0,0.9992112670757105,0.9992112670757105
58,10000,10000,1.0,0.9992425463075182,0.9992425463075182
59,10000,10000,1.0,0.9992730476453301,0.9992730476453301
60,10000,10000,1.0,0.9993009840211919,0.9993009840211919
61,10000,10000,1.0,0.9993263247587382,0.9993263247587382
62,10000,10000,1.0,0.9993512921737704,0.9993512921737704
63,10000,10000,1.0,0.9993751937141129,0.9993751937141129
64,10000,10000,1.0,0.9993973234117396,0.9993973234117396
65,10000,10000,1.0,0.9994197636282437,0.9994197636282437
66,10000,10000,1.0,0.9994410791473896,0.9994410791473896
67,10000,10000,1.0,0.9994610683438402,0.9994610683438402
68,10000,10000,1.0,0.9994809433842035,0.9994809433842035
69,10000,10000,1.0,0.9994992688401211,0.9994992688401211
70,10000,10000,1.0,0.9995173070105555,0.9995173070105555
71,10000,10000,1.0,0.9995341046375549,0.9995341046375549
72,10000,10000,1.0,0.999549267862318,0.999549267862318
73,10000,10000,1.0,0.999564444147302,0.999564444147302
74,10000,10000,1.0,0.9995782934745073,0.9995782934745073
75,10000,10000,1.0,0.9995915862775552,0.9995915862775552
76,10000,10000,1.0,0.9996047443738919,0.9996047443738919
77,10000,10000,1.0,0.9996171203083931,0.9996171203083931
78,10000,10000,1.0,0.9996283963442423,0.9996283963442423
79,10000,10000,1.0,0.999639754570603,0.999639754570603
80,10000,10000,1.0,0.9996510177904503,0.9996510177904503
81,10000,10000,1.0,0.9996613959309388,0.9996613959309388
82,10000,10000,1.0,0.9996716487210688,0.9996716487210688
83,10000,10000,1.0,0.9996813430437035,0.9996813430437035
84,10000,10000,1.0,0.9996950556245703,0.9996950556245703
85,10000,9999,0.9999,0.9997039575233952,0.9997039279161869
86,10000,9999,0.9999,0.9997127533542444,0.999712724626707
87,10000,9999,0.9999,0.9997210223025804,0.9997209944020208
88,10000,9999,0.9999,0.9997290287452385,0.999729001645403
89,10000,9999,0.9999,0.9997369283462516,0.9997369020364552
90,10000,9999,0.9999,0.9997441583866178,0.9997441327998979
91,10000,9998,0.9998,0.999751478293131,0.9997514285788469
92,10000,9998,0.9998,0.9997579464403351,0.9997578980199391
93,10000,9998,0.9998,0.9997647267034683,0.9997646796393963
94,10000,9998,0.9998,0.9997709122910822,0.9997708664643751
95,10000,9998,0.9998,0.9997771965136864,0.9997771519440751
96,10000,9998,0.9998,0.9997832659610052,0.9997832226055263
97,10000,9997,0.9997,0.9997892999000756,0.9997892366710769
98,10000,9996,0.9996,0.9997949391961198,0.9997948571389754
99,10000,9996,0.9996,0.9998004738046954,0.9998003939622803
100,10000,9995,0.9995,0.999805827536914,0.999805730402115
101,10000,9994,0.9994,0.9998107309763582,0.9998106173467664
102,10000,9992,0.9992,0.999815553695526,0.9998154060203422
103,10000,9991,0.9991,0.9998204093435937,0.9998202475664034
104,10000,9990,0.999,0.9998249060200051,0.999824730750756
105,10000,9990,0.999,0.9998293921656164,0.9998292213870035
106,10000,9990,0.999,0.9998336708687158,0.9998335043730889
107,10000,9990,0.999,0.9998378309244246,0.9998376685930176
108,10000,9988,0.9988,0.9998419710995426,0.999841781237027
109,10000,9986,0.9986,0.9998458222782899,0.9998456061268676
110,10000,9985,0.9985,0.9998494259687546,0.9998491997684071
111,10000,9985,0.9985,0.9998529255370063,0.9998527045938971
112,10000,9985,0.9985,0.9998563428989837,0.9998561270896181
113,10000,9982,0.9982,0.9998598172351548,0.9998595644511667
114,10000,9981,0.9981,0.9998628789354126,0.9998626179094405
115,10000,9978,0.9978,0.9998659698592044,0.9998656743427584
116,10000,9976,0.9976,0.9998692127984385,0.9998688981540081
117,10000,9976,0.9976,0.9998723265593392,0.9998720194059135
118,10000,9975,0.9975,0.9998751576607942,0.9998748447727258
119,10000,9973,0.9973,0.9998779920023578,0.999877661688918
120,10000,9972,0.9972,0.9998808615447566,0.9998805270204139
121,10000,9972,0.9972,0.9998834746706169,0.9998831474835709
122,10000,9969,0.9969,0.9998858736007838,0.9998855187087811
123,10000,9969,0.9969,0.9998885314636435,0.999888184836637
124,10000,9969,0.9969,0.9998910457036612,0.9998907068950358
125,10000,9968,0.9968,0.9998936008158996,0.9998932592454851
126,10000,9967,0.9967,0.999896110325174,0.9998957663541427
127,10000,9967,0.9967,0.9998982914923682,0.9998979547430202
128,10000,9967,0.9967,0.9999005010405267,0.9999001716068293
129,10000,9963,0.9963,0.9999025615692755,0.9999021997081958
130,10000,9962,0.9962,0.9999046709973729,0.9999043073653614
131,10000,9960,0.996,0.999906770695229,0.9999063962803506
132,10000,9958,0.9958,0.9999087652486334,0.9999083804465086
133,10000,9957,0.9957,0.9999106405784788,0.9999102546735751
134,10000,9955,0.9955,0.9999124799436631,0.9999120843231171
135,10000,9954,0.9954,0.9999142314923847,0.9999138351340011
136,10000,9954,0.9954,0.9999159656744587,0.9999155773301776
137,10000,9951,0.9951,0.9999177674658046,0.9999173625422618
138,10000,9948,0.9948,0.9999194767274909,0.9999190558177431
139,10000,9948,0.9948,0.9999210502568036,0.9999206375721789
140,10000,9948,0.9948,0.9999226111339495,0.9999222066083128
141,10000,9946,0.9946,0.9999242325625545,0.9999238211970184
142,10000,9944,0.9944,0.9999257031422475,0.9999252847367734
143,10000,9940,0.994,0.9999271520085666,0.9999267122822602
144,10000,9938,0.9938,0.9999286430311102,0.9999281978578286
145,10000,9936,0.9936,0.9999300007873636,0.999929549906767
146,10000,9933,0.9933,0.9999313318301745,0.9999308686501303
147,10000,9931,0.9931,0.9999327022891644,0.9999322347086542
148,10000,9927,0.9927,0.9999339670808146,0.9999334814957334
149,10000,9924,0.9924,0.9999351944004794,0.9999346981060855
150,10000,9923,0.9923,0.99993643663747,0.9999359434016627
151,10000,9921,0.9921,0.9999376360867904,0.9999371394887517
152,10000,9918,0.9918,0.9999387256987187,0.9999382190953001
153,10000,9918,0.9918,0.9999398273255905,0.999939329830198
154,10000,9916,0.9916,0.9999409089563954,0.999940408386845
155,10000,9914,0.9914,0.9999422391922282,0.9999417381402342
156,10000,9911,0.9911,0.9999433981614052,0.9999428898813493
157,10000,9907,0.9907,0.9999444425015346,0.9999439209665232
158,10000,9906,0.9906,0.9999454899884789,0.9999449727321612
159,10000,9903,0.9903,0.999946544424108,0.9999460208261215
160,10000,9901,0.9901,0.9999474274969345,0.9999469018250021
161,10000,9897,0.9897,0.9999483607278643,0.999947823307936
162,10000,9895,0.9895,0.999949281264973,0.9999487430671783
163,10000,9894,0.9894,0.9999502357542905,0.9999497026018703
164,10000,9892,0.9892,0.9999511534708987,0.999950620168721
165,10000,9889,0.9889,0.9999520726056745,0.9999515346401805
166,10000,9888,0.9888,0.9999529327630764,0.9999523996390336
167,10000,9883,0.9883,0.9999537656009819,0.9999532182545603
168,10000,9882,0.9882,0.9999545684733533,0.9999540259799162
169,10000,9879,0.9879,0.9999553797483107,0.9999548332303986
170,10000,9878,0.9878,0.9999560914461377,0.9999555491457156
171,10000,9874,0.9874,0.9999568348166781,0.9999562839950151
172,10000,9871,0.9871,0.9999576262566933,0.999957072491838
173,10000,9869,0.9869,0.9999583178163729,0.9999577645317387
174,10000,9866,0.9866,0.9999590211958495,0.9999584646217813
175,10000,9865,0.9865,0.99995972202572,0.9999591708319515
176,10000,9863,0.9863,0.9999604070058964,0.9999598570474465
177,10000,9861,0.9861,0.999961083079143,0.9999605345088157
178,10000,9858,0.9858,0.9999617266950948,0.99996117538557
179,10000,9854,0.9854,0.9999623482387621,0.9999617903782851
180,10000,9849,0.9849,0.9999632277672044,0.9999626639935064
181,10000,9842,0.9842,0.9999638189852857,0.9999632381480245
182,10000,9838,0.9838,0.9999643737882846,0.9999637871399519
183,10000,9836,0.9836,0.9999649472899375,0.9999643628405219
184,10000,9831,0.9831,0.9999655112704754,0.9999649183912882
185,10000,9830,0.983,0.9999660504148612,0.9999654632908049
186,10000,9827,0.9827,0.9999665913110043,0.9999660031657721
187,10000,9822,0.9822,0.9999670979181391,0.999966501647464
188,10000,9818,0.9818,0.9999676545182585,0.9999670549177617
189,10000,9814,0.9814,0.9999682006196029,0.9999675979413112
190,10000,9812,0.9812,0.9999687169367939,0.9999681175466713
191,10000,9809,0.9809,0.9999692235537717,0.9999686242774715
192,10000,9806,0.9806,0.9999697125982561,0.9999691133981807
193,10000,9803,0.9803,0.9999702219450793,0.9999696235285926
194,10000,9798,0.9798,0.9999706833038102,0.9999700788975406
195,10000,9794,0.9794,0.9999711800269258,0.9999705738481987
196,10000,9789,0.9789,0.9999716762807899,0.9999710657685055
197,10000,9786,0.9786,0.9999720950147584,0.9999714847892482
198,10000,9782,0.9782,0.9999725242032087,0.9999719118822415
199,10000,9779,0.9779,0.9999729515089478,0.9999723402279863
200,10000,9774,0.9774,0.9999733620329806,0.9999727460947212
201,10000,9770,0.977,0.9999737641655538,0.9999731465358791
202,10000,9767,0.9767,0.9999741242804886,0.9999735069934356
203,10000,9761,0.9761,0.9999745189638138,0.9999738950556438
204,10000,9756,0.9756,0.9999749232952847,0.9999742961206282
205,10000,9752,0.9752,0.9999752843418034,0.9999746558057869
206,10000,9750,0.975,0.9999756997851643,0.9999750767027328
207,10000,9749,0.9749,0.9999760596220718,0.9999754432475862
208,10000,9740,0.974,0.9999764164278542,0.999975786886914
209,10000,9737,0.9737,0.9999767539154486,0.9999761260300386
210,10000,9731,0.9731,0.9999770809681043,0.9999764474032518
211,10000,9729,0.9729,0.999977412010145,0.999976782824694
212,10000,9726,0.9726,0.9999777249578736,0.999977097427384
213,10000,9721,0.9721,0.9999780378763589,0.9999774075469179
214,10000,9718,0.9718,0.999978404523722,0.9999777778593558
215,10000,9716,0.9716,0.9999787206914459,0.999978098694366
216,10000,9710,0.971,0.9999790064636135,0.9999783794681909
217,10000,9702,0.9702,0.9999793170493229,0.9999786817659482
218,10000,9694,0.9694,0.9999796060044676,0.999978962249296
219,10000,9689,0.9689,0.9999798709790109,0.9999792248725471
220,10000,9684,0.9684,0.9999801560884206,0.9999795085588814
221,10000,9676,0.9676,0.999980442564358,0.9999797876853639
222,10000,9670,0.967,0.9999807134086435,0.9999800552312755
223,10000,9660,0.966,0.9999810012491114,0.9999803325560158
224,10000,9655,0.9655,0.9999812835447254,0.999980614753729
225,10000,9645,0.9645,0.9999815345992176,0.9999808549499405
226,10000,9638,0.9638,0.9999817930821308,0.9999811092364917
227,10000,9631,0.9631,0.9999820532216528,0.9999813656127637
228,10000,9622,0.9622,0.9999823043593107,0.9999816091865629
229,10000,9619,0.9619,0.9999825739539713,0.9999818837238499
230,10000,9607,0.9607,0.9999828154140975,0.9999821124327027
231,10000,9598,0.9598,0.9999830368479862,0.9999823263679789
232,10000,9589,0.9589,0.9999832582085519,0.9999825406283784
233,10000,9581,0.9581,0.9999834942507839,0.9999827724149712
234,10000,9571,0.9571,0.9999837234043873,0.9999829938401288
235,10000,9562,0.9562,0.9999839421694853,0.9999832066194156
236,10000,9557,0.9557,0.9999841527122366,0.9999834181356457
237,10000,9552,0.9552,0.9999843544249475,0.9999836206291326
238,10000,9546,0.9546,0.9999845702544966,0.9999838364283435
239,10000,9533,0.9533,0.9999847853585929,0.9999840400278958
240,10000,9524,0.9524,0.9999850053915752,0.9999842559760342
241,10000,9513,0.9513,0.9999852090055417,0.9999844518086216
242,10000,9506,0.9506,0.9999854022094624,0.9999846436034739
243,10000,9492,0.9492,0.9999855967853313,0.9999848259432484
244,10000,9485,0.9485,0.9999857924603996,0.9999850210441745
245,10000,9478,0.9478,0.9999859982839625,0.9999852271407076
246,10000,9468,0.9468,0.9999861567635034,0.9999853789221625
247,10000,9462,0.9462,0.9999863255687833,0.9999855480540936
248,10000,9455,0.9455,0.9999864958993616,0.9999857175032909
249,10000,9443,0.9443,0.9999866683576545,0.9999858819841729
250,10000,9437,0.9437,0.9999868331637067,0.999986047646187
251,10000,9422,0.9422,0.9999869965895368,0.9999861988850953
252,10000,9411,0.9411,0.9999871644461146,0.9999863611158375
253,10000,9401,0.9401,0.9999873327463378,0.999986525631675
254,10000,9396,0.9396,0.9999875052910773,0.9999867020977834
255,10000,9389,0.9389,0.9999876676858955,0.9999868651463367
256,10000,9379,0.9379,0.9999878178221218,0.9999870112188098
257,10000,9371,0.9371,0.9999879589911481,0.9999871507748886
258,10000,9363,0.9363,0.9999881084122637,0.9999872993829582
259,10000,9353,0.9353,0.9999882642058242,0.9999874523744513
260,10000,9343,0.9343,0.9999883931621211,0.9999875769689832
261,10000,9330,0.933,0.9999885225613498,0.9999876983508573
262,10000,9328,0.9328,0.9999886898909027,0.9999878750974514
263,10000,9321,0.9321,0.9999888311115688,0.9999880174998055
264,10000,9309,0.9309,0.9999889637242307,0.9999881445098624
265,10000,9298,0.9298,0.9999890995401267,0.9999882765542337
266,10000,9288,0.9288,0.999989237641224,0.9999884126197502
267,10000,9281,0.9281,0.9999894369667375,0.9999886186474923
268,10000,9273,0.9273,0.9999895728314201,0.9999887553450016
269,10000,9257,0.9257,0.9999897176222902,0.9999888923218
270,10000,9242,0.9242,0.9999898401000807,0.9999890068167937
271,10000,9229,0.9229,0.9999899546817682,0.9999891154857169
272,10000,9221,0.9221,0.9999900895379065,0.999989252291407
273,10000,9210,0.921,0.9999902039682409,0.9999893637005873
274,10000,9202,0.9202,0.9999903223065062,0.9999894830542341
275,10000,9190,0.919,0.9999904366348452,0.9999895937267085
276,10000,9176,0.9176,0.9999905435093712,0.9999896943214595
277,10000,9166,0.9166,0.9999906620977043,0.9999898124565832
278,10000,9158,0.9158,0.999990778875365,0.9999899310715932
279,10000,9146,0.9146,0.9999908873207665,0.9999900364320649
280,10000,9128,0.9128,0.9999909843865218,0.9999901231228329
281,10000,9115,0.9115,0.9999910925264356,0.9999902276757385
282,10000,9101,0.9101,0.9999912009340347,0.9999903317591855
283,10000,9093,0.9093,0.9999913112597936,0.9999904445835188
284,10000,9086,0.9086,0.9999914195330152,0.9999905563867656
285,10000,9077,0.9077,0.9999915309454913,0.9999906697647805
286,10000,9059,0.9059,0.9999916323148206,0.999990763124871
287,10000,9050,0.905,0.9999917627926355,0.9999908981134092
288,10000,9041,0.9041,0.9999918669963737,0.9999910043096711
289,10000,9019,0.9019,0.9999919547260329,0.9999910796385774
290,10000,9005,0.9005,0.99999204023019,0.9999911607220323
291,10000,8990,0.899,0.9999921286487835,0.9999912443256769
292,10000,8984,0.8984,0.9999922167642429,0.9999913365585964
293,10000,8967,0.8967,0.9999923054201366,0.9999914190031635
294,10000,8960,0.896,0.9999923820815572,0.9999914978588809
295,10000,8951,0.8951,0.9999924631393464,0.999991579867441
296,10000,8940,0.894,0.9999925460565946,0.9999916622556987
297,10000,8923,0.8923,0.9999926211696073,0.9999917305498232
298,10000,8910,0.891,0.9999926995256532,0.9999918064260979
299,10000,8889,0.8889,0.999992781496553,0.9999918792851311
300,10000,8874,0.8874,0.9999928634756553,0.9999919579396612
301,10000,8867,0.8867,0.9999929399999881,0.9999920378932988
302,10000,8850,0.885,0.9999930219133281,0.9999921151563029
303,10000,8845,0.8845,0.9999930991909306,0.9999921980677565
304,10000,8830,0.883,0.99999316848149,0.9999922632859457
305,10000,8816,0.8816,0.9999932419027303,0.9999923342816812
306,10000,8805,0.8805,0.9999933170765123,0.9999924100812178
307,10000,8787,0.8787,0.9999933899583882,0.9999924774762581
308,10000,8768,0.8768,0.999993459799724,0.9999925408299771
309,10000,8753,0.8753,0.9999935397878428,0.9999926194308727
310,10000,8742,0.8742,0.9999936080458924,0.9999926882245396
311,10000,8730,0.873,0.9999936754313445,0.9999927553623649
312,10000,8714,0.8714,0.9999937472772871,0.9999928245091658
313,10000,8699,0.8699,0.9999938124013602,0.9999928870000692
314,10000,8676,0.8676,0.9999938853109817,0.9999929521795549
315,10000,8657,0.8657,0.9999939524990757,0.9999930143226011
316,10000,8640,0.864,0.9999940125584591,0.9999930700908093
317,10000,8624,0.8624,0.9999940791081177,0.9999931344018061
318,10000,8611,0.8611,0.9999941407845243,0.9999931956619721
319,10000,8592,0.8592,0.9999941944230324,0.9999932430435667
320,10000,8573,0.8573,0.9999942570137622,0.9999933010775252
321,10000,8557,0.8557,0.9999943115690187,0.9999933523069051
322,10000,8542,0.8542,0.9999943725830244,0.9999934120616064
323,10000,8520,0.852,0.9999944331322007,0.9999934661176066
324,10000,8498,0.8498,0.9999944851893487,0.9999935104605185
325,10000,8485,0.8485,0.9999945425840069,0.999993568160291
326,10000,8472,0.8472,0.9999945980863963,0.9999936238035839
327,10000,8455,0.8455,0.9999946566181276,0.9999936802106771
328,10000,8435,0.8435,0.9999947061978514,0.9999937240045659
329,10000,8424,0.8424,0.9999947567209277,0.9999937757845772
330,10000,8403,0.8403,0.9999948095579501,0.9999938231083542
331,10000,8385,0.8385,0.9999948634223466,0.9999938740874735
332,10000,8364,0.8364,0.9999949165334019,0.9999939222063629
333,10000,8345,0.8345,0.9999949632566059,0.999993964357826
334,10000,8322,0.8322,0.9999950149680384,0.9999940098149944
335,10000,8308,0.8308,0.9999950618801839,0.9999940561870292
336,10000,8287,0.8287,0.999995119581257,0.9999941107532967
337,10000,8270,0.827,0.9999951690414389,0.999994158453977
338,10000,8259,0.8259,0.9999952203864719,0.9999942128423198
339,10000,8241,0.8241,0.9999952665716667,0.9999942562451968
340,10000,8225,0.8225,0.9999953098652493,0.9999942977085099
341,10000,8213,0.8213,0.9999953542815686,0.9999943434574075
342,10000,8195,0.8195,0.9999953939413964,0.9999943794281834
343,10000,8184,0.8184,0.9999954385088546,0.9999944263304674
344,10000,8165,0.8165,0.9999954838269438,0.9999944688633726
345,10000,8143,0.8143,0.9999955271517671,0.9999945071248522
346,10000,8129,0.8129,0.9999955803916365,0.999994563158613
347,10000,8110,0.811,0.9999956208355465,0.9999946002904396
348,10000,8087,0.8087,0.9999956650107139,0.999994639558197
349,10000,8067,0.8067,0.9999957122297023,0.9999946848019119
350,10000,8058,0.8058,0.9999957528393733,0.9999947292620665
351,10000,8043,0.8043,0.9999957919889373,0.9999947681075932
352,10000,8022,0.8022,0.9999958339928814,0.9999948067724773
353,10000,8006,0.8006,0.9999958795473436,0.9999948532942089
354,10000,7990,0.799,0.999995919311806,0.999994892755702
355,10000,7970,0.797,0.999995961293425,0.9999949326140841
356,10000,7951,0.7951,0.9999960006402758,0.9999949699915429
357,10000,7939,0.7939,0.9999960426698972,0.9999950153292572
358,10000,7916,0.7916,0.9999960825614618,0.9999950512398456
359,10000,7894,0.7894,0.9999961170274289,0.9999950811089799
360,10000,7879,0.7879,0.9999961553205862,0.9999951203459655
361,10000,7864,0.7864,0.9999961915939445,0.9999951571642224
362,10000,7847,0.7847,0.9999962276651662,0.9999951926407112
363,10000,7824,0.7824,0.9999962634055793,0.9999952241891351
364,10000,7804,0.7804,0.9999962993734501,0.9999952580387622
365,10000,7783,0.7783,0.999996334204747,0.9999952899971052
366,10000,7765,0.7765,0.9999963661286688,0.9999953201914603
367,10000,7753,0.7753,0.9999963981518049,0.9999953542522956
368,10000,7731,0.7731,0.9999964327666285,0.9999953858060128
369,10000,7709,0.7709,0.9999964644571016,0.9999954137464023
370,10000,7692,0.7692,0.9999965023663844,0.9999954528944155
371,10000,7676,0.7676,0.9999965348398703,0.999995485721561
372,10000,7661,0.7661,0.9999965662540994,0.9999955178881338
373,10000,7643,0.7643,0.9999966022933668,0.99999555448563
374,10000,7622,0.7622,0.9999966320684618,0.9999955813021015
375,10000,7603,0.7603,0.9999966602667613,0.9999956073481011
376,10000,7592,0.7592,0.9999966903968438,0.9999956406702367
377,10000,7567,0.7567,0.9999967228988599,0.9999956692201135
378,10000,7542,0.7542,0.9999967552201369,0.9999956977196192
379,10000,7514,0.7514,0.9999967827537527,0.9999957183307862
380,10000,7497,0.7497,0.9999968100795258,0.9999957450707293
381,10000,7477,0.7477,0.999996836152821,0.9999957685606807
382,10000,7459,0.7459,0.9999968639462761,0.9999957956110419
383,10000,7444,0.7444,0.9999968924616178,0.9999958254454835
384,10000,7412,0.7412,0.9999969203766832,0.9999958450845697
385,10000,7395,0.7395,0.9999969475579505,0.9999958722893177
386,10000,7370,0.737,0.9999969765082359,0.9999958975688411
387,10000,7357,0.7357,0.9999970020684146,0.9999959250624092
388,10000,7336,0.7336,0.9999970299269185,0.9999959513725717
389,10000,7318,0.7318,0.9999970557848817,0.99999597674895
390,10000,7303,0.7303,0.9999970801347358,0.9999960018276541
391,10000,7282,0.7282,0.9999971050151811,0.9999960244646817
392,10000,7263,0.7263,0.9999971332921528,0.9999960529975944
393,10000,7238,0.7238,0.9999971573392296,0.9999960725880487
394,10000,7210,0.721,0.9999971794381898,0.9999960879863935
395,10000,7192,0.7192,0.9999972028829931,0.999996110793928
396,10000,7170,0.717,0.9999972257760927,0.9999961307895295
397,10000,7154,0.7154,0.9999972490679024,0.9999961546937413
398,10000,7131,0.7131,0.9999972752145204,0.9999961789573978
399,10000,7116,0.7116,0.9999972994184422,0.9999962049163045
400,10000,7084,0.7084,0.9999973235662308,0.9999962218608567
401,10000,7065,0.7065,0.999997346535649,0.9999962442118173
402,10000,7039,0.7039,0.9999973746305975,0.9999962702523051
403,10000,7018,0.7018,0.9999974011721452,0.9999962969110078
404,10000,6997,0.6997,0.9999974220502248,0.9999963156355934
405,10000,6973,0.6973,0.9999974450294143,0.9999963359090985
406,10000,6951,0.6951,0.999997467188074,0.9999963561905828
407,10000,6934,0.6934,0.9999974884298428,0.9999963778913223
408,10000,6912,0.6912,0.9999975149400073,0.9999964047164459
409,10000,6885,0.6885,0.9999975364465369,0.9999964218540842
410,10000,6865,0.6865,0.9999975596024715,0.9999964451601915
411,10000,6847,0.6847,0.9999975839153789,0.9999964713237607
412,10000,6830,0.683,0.9999976023849347,0.9999964895826278
413,10000,6801,0.6801,0.9999976232625862,0.9999965053118458
414,10000,6784,0.6784,0.9999976448655481,0.9999965283985084
415,10000,6761,0.6761,0.9999976642569163,0.9999965452698065
416,10000,6744,0.6744,0.9999976828351009,0.9999965641089873
417,10000,6725,0.6725,0.9999977034612585,0.9999965850725032
418,10000,6705,0.6705,0.9999977261707659,0.9999966087558029
419,10000,6679,0.6679,0.9999977462937211,0.9999966256830678
420,10000,6660,0.666,0.9999977651326009,0.9999966443432446
421,10000,6634,0.6634,0.9999977829794128,0.9999966580937786
422,10000,6616,0.6616,0.9999978021938934,0.9999966780439743
423,10000,6592,0.6592,0.9999978201380647,0.9999966931706079
424,10000,6571,0.6571,0.9999978399899111,0.9999967128137439
425,10000,6554,0.6554,0.9999978562272603,0.9999967290620388
426,10000,6528,0.6528,0.9999978714690465,0.9999967393827306
427,10000,6512,0.6512,0.9999978876977653,0.9999967562926371
428,10000,6489,0.6489,0.9999979039594364,0.9999967698558121
429,10000,6470,0.647,0.9999979207211003,0.9999967862768167
430,10000,6443,0.6443,0.9999979383084295,0.9999968001062076
431,10000,6418,0.6418,0.9999979582744682,0.9999968187511192
432,10000,6396,0.6396,0.9999979760409675,0.9999968355862531
433,10000,6376,0.6376,0.9999979903210703,0.9999968480568857
434,10000,6355,0.6355,0.9999980069900107,0.9999968638709847
435,10000,6330,0.633,0.9999980227053277,0.9999968763117343
436,10000,6311,0.6311,0.9999980385437528,0.999996892004045
437,10000,6289,0.6289,0.9999980533196399,0.9999969046265542
438,10000,6271,0.6271,0.999998066872364,0.9999969173534748
439,10000,6250,0.625,0.9999980808009742,0.9999969292815587
440,10000,6236,0.6236,0.999998096823562,0.9999969480814014
441,10000,6219,0.6219,0.9999981125575661,0.9999969650386978
442,10000,6187,0.6187,0.9999981268035041,0.9999969723670665
443,10000,6169,0.6169,0.9999981420963593,0.9999969883228389
444,10000,6146,0.6146,0.9999981583449067,0.9999970034899229
445,10000,6119,0.6119,0.9999981756166914,0.9999970184943476
446,10000,6093,0.6093,0.9999981910107576,0.9999970310368581
447,10000,6077,0.6077,0.9999982041015057,0.9999970447614048
448,10000,6056,0.6056,0.9999982170650088,0.9999970559197635
449,10000,6033,0.6033,0.9999982297704559,0.9999970657557697
450,10000,6012,0.6012,0.999998245135992,0.9999970810645242
451,10000,5991,0.5991,0.999998258945845,0.9999970938839008
452,10000,5968,0.5968,0.9999982705122219,0.9999971020647148
453,10000,5949,0.5949,0.9999982835815009,0.9999971147781155
454,10000,5930,0.593,0.9999982974233791,0.9999971288758499
455,10000,5908,0.5908,0.9999983122108923,0.9999971432141035
456,10000,5891,0.5891,0.999998326096921,0.9999971585417095
457,10000,5869,0.5869,0.9999983408960604,0.9999971731062537
458,10000,5845,0.5845,0.9999983523232097,0.9999971810491182
459,10000,5819,0.5819,0.9999983670961724,0.9999971938411625
460,10000,5798,0.5798,0.9999983807476824,0.9999972072226327
461,10000,5770,0.577,0.9999983952031037,0.9999972187228833
462,10000,5756,0.5756,0.999998410416003,0.9999972383877744
463,10000,5734,0.5734,0.9999984220079857,0.9999972480083462
464,10000,5712,0.5712,0.999998434245822,0.9999972588337219
465,10000,5683,0.5683,0.9999984474052567,0.9999972680015072
466,10000,5658,0.5658,0.9999984591485924,0.9999972766853876
467,10000,5639,0.5639,0.9999984729168625,0.9999972919256294
468,10000,5618,0.5618,0.9999984849377974,0.9999973032000667
469,10000,5602,0.5602,0.9999984988166937,0.9999973202725698
470,10000,5581,0.5581,0.9999985099843604,0.9999973301995346
471,10000,5560,0.556,0.999998521608083,0.9999973410217319
472,10000,5542,0.5542,0.9999985352239302,0.9999973569540422
473,10000,5520,0.552,0.9999985474997117,0.9999973686588979
474,10000,5502,0.5502,0.9999985578163925,0.9999973788011493
475,10000,5480,0.548,0.9999985672614738,0.9999973855136384
476,10000,5458,0.5458,0.999998578971144,0.9999973964293585
477,10000,5434,0.5434,0.9999986064514795,0.9999974355014345
478,10000,5414,0.5414,0.9999986201756704,0.9999974513773005
479,10000,5391,0.5391,0.9999986310481204,0.9999974606717127
480,10000,5373,0.5373,0.9999986441952156,0.9999974766335671
481,10000,5353,0.5353,0.9999986554008274,0.9999974881390387
482,10000,5339,0.5339,0.999998665579707,0.9999975006175444
483,10000,5324,0.5324,0.9999986765928823,0.9999975142616121
484,10000,5305,0.5305,0.9999986866991523,0.9999975244093352
485,10000,5284,0.5284,0.9999986982151732,0.9999975363648247
486,10000,5266,0.5266,0.9999987084246517,0.999997547331279
487,10000,5242,0.5242,0.9999987183962588,0.9999975551244922
488,10000,5223,0.5223,0.9999987277999715,0.9999975642350594
489,10000,5203,0.5203,0.999998737787841,0.9999975740685009
490,10000,5181,0.5181,0.999998745815397,0.9999975792615269
491,10000,5163,0.5163,0.999998755453985,0.9999975894905772
492,10000,5142,0.5142,0.9999987640465827,0.999997596356637
493,10000,5126,0.5126,0.9999987746666111,0.9999976095720078
494,10000,5107,0.5107,0.9999987839864449,0.9999976189278342
495,10000,5093,0.5093,0.9999987935092001,0.9999976310803064
496,10000,5067,0.5067,0.9999988019525846,0.999997635588286
497,10000,5045,0.5045,0.9999988111076561,0.9999976434244918
498,10000,5033,0.5033,0.9999988212219146,0.999997657901678
499,10000,5004,0.5004,0.999998831576683,0.9999976650213492
500,10000,4985,0.4985,0.9999988415837392,0.9999976761960666
501,10000,4963,0.4963,0.9999988506329636,0.9999976841284778
502,10000,4939,0.4939,0.999998858966364,0.9999976897476491
503,10000,4923,0.4923,0.9999988684058106,0.9999977014133876
504,10000,4900,0.49,0.9999988799855968,0.9999977142563199
505,10000,4883,0.4883,0.9999988875670824,0.9999977218248667
506,10000,4860,0.486,0.9999988945557808,0.9999977254234176
507,10000,4837,0.4837,0.9999989017997537,0.9999977295839441
508,10000,4813,0.4813,0.9999989105429912,0.9999977364284045
509,10000,4780,0.478,0.9999989193507068,0.9999977392274202
510,10000,4755,0.4755,0.9999989270288387,0.9999977434886199
511,10000,4732,0.4732,0.9999989361861927,0.9999977518727656
512,10000,4710,0.471,0.9999989440607554,0.9999977580907758
513,10000,4687,0.4687,0.9999989533643269,0.9999977669390376
514,10000,4667,0.4667,0.9999989604579452,0.999997772568985
515,10000,4650,0.465,0.9999989677381516,0.9999977800820464
516,10000,4635,0.4635,0.9999989757465925,0.9999977901760353
517,10000,4613,0.4613,0.9999989828961301,0.9999977951357688
518,10000,4588,0.4588,0.999998990250729,0.9999977991515452
519,10000,4569,0.4569,0.9999989973797963,0.9999978056025305
520,10000,4545,0.4545,0.9999990050365305,0.999997810861453
521,10000,4536,0.4536,0.9999990136397556,0.9999978254844701
522,10000,4516,0.4516,0.9999990202765333,0.9999978305503398
523,10000,4496,0.4496,0.999999026896193,0.9999978356232053
524,10000,4477,0.4477,0.9999990350231771,0.9999978445905229
525,10000,4458,0.4458,0.999999042559585,0.9999978523095222
526,10000,4443,0.4443,0.9999990488763247,0.9999978592759954
527,10000,4428,0.4428,0.999999056318654,0.9999978688316489
528,10000,4411,0.4411,0.9999990628270459,0.9999978753730351
529,10000,4396,0.4396,0.9999990694343661,0.9999978831536992
530,10000,4385,0.4385,0.9999990765132201,0.999997893986819
531,10000,4367,0.4367,0.9999990821262613,0.9999978981595175
532,10000,4349,0.4349,0.9999990879430084,0.9999979028351539
533,10000,4333,0.4333,0.9999990945059642,0.9999979102376281
534,10000,4317,0.4317,0.9999991051758493,0.9999979272083607
535,10000,4292,0.4292,0.9999991113383832,0.9999979294929707
536,10000,4273,0.4273,0.9999991172559133,0.9999979341350651
537,10000,4252,0.4252,0.999999124356165,0.9999979406306797
538,10000,4238,0.4238,0.9999991306716923,0.999997948729807
539,10000,4213,0.4213,0.9999991366047715,0.9999979506403309
540,10000,4195,0.4195,0.9999991429329234,0.9999979569318791
541,10000,4173,0.4173,0.9999991492869663,0.9999979613874103
542,10000,4155,0.4155,0.9999991555204691,0.999997967558289
543,10000,4148,0.4148,0.9999991614582557,0.9999979784432396
544,10000,4133,0.4133,0.9999991675776375,0.9999979859125031
545,10000,4116,0.4116,0.9999991753097629,0.9999979963794045
546,10000,4097,0.4097,0.99999918086232,0.9999980006402731
547,10000,4084,0.4084,0.9999991873240647,0.9999980100981015
548,10000,4071,0.4071,0.9999991941065606,0.9999980204042267
549,10000,4061,0.4061,0.9999992013364823,0.9999980333328795
550,10000,4040,0.404,0.9999992083086333,0.9999980403679041
551,10000,4030,0.403,0.9999992132442237,0.9999980477524161
552,10000,4004,0.4004,0.9999992196552558,0.9999980510870526
553,10000,3991,0.3991,0.9999992252546738,0.9999980587689147
554,10000,3977,0.3977,0.9999992313248409,0.9999980671984937
555,10000,3963,0.3963,0.9999992359390381,0.999998072013722
556,10000,3943,0.3943,0.9999992410467371,0.9999980751882759
557,10000,3920,0.392,0.9999992473177572,0.9999980798922378
558,10000,3893,0.3893,0.9999992529238084,0.9999980809756188
559,10000,3878,0.3878,0.9999992579447755,0.999998086500195
560,10000,3859,0.3859,0.9999992622743122,0.9999980882982953
561,10000,3835,0.3835,0.9999992671151822,0.9999980889574502
562,10000,3818,0.3818,0.9999992727464826,0.999998095197702
563,10000,3800,0.38,0.9999992780863466,0.9999981002272281
564,10000,3790,0.379,0.9999992827521836,0.9999981075255504
565,10000,3776,0.3776,0.9999992877630224,0.9999981137791909
566,10000,3766,0.3766,0.9999992921069668,0.9999981203052757
567,10000,3752,0.3752,0.9999992972929103,0.9999981271133002
568,10000,3727,0.3727,0.9999993016476247,0.9999981262345713
569,10000,3708,0.3708,0.9999993070564607,0.9999981312202282
570,10000,3698,0.3698,0.9999993116255087,0.9999981385221975
571,10000,3686,0.3686,0.9999993175569474,0.9999981485538453
572,10000,3671,0.3671,0.9999993229361117,0.9999981556418192
573,10000,3660,0.366,0.9999993282900269,0.9999981647268497
574,10000,3647,0.3647,0.9999993328281197,0.9999981706282415
575,10000,3624,0.3624,0.9999993371530914,0.999998170952239
576,10000,3610,0.361,0.9999993417757762,0.9999981766642003
577,10000,3584,0.3584,0.9999993469995222,0.9999981780120598
578,10000,3567,0.3567,0.9999993524092141,0.9999981844945727
579,10000,3552,0.3552,0.9999993569387476,0.9999981895798077
580,10000,3536,0.3536,0.9999993620010837,0.9999981957044223
581,10000,3516,0.3516,0.9999993709036625,0.9999982107612699
582,10000,3501,0.3501,0.9999993755481731,0.9999982163615341
583,10000,3484,0.3484,0.9999993799511038,0.999998220295935
584,10000,3474,0.3474,0.9999993834701673,0.9999982253027266
585,10000,3459,0.3459,0.9999993879248803,0.9999982304853434
586,10000,3446,0.3446,0.9999993916751815,0.9999982346929238
587,10000,3427,0.3427,0.9999993969201825,0.9999982402106288
588,10000,3407,0.3407,0.9999994012671225,0.9999982426390446
589,10000,3381,0.3381,0.9999994059641287,0.9999982430172396
590,10000,3367,0.3367,0.9999994098571525,0.99999824727399
591,10000,3358,0.3358,0.9999994137034579,0.9999982540305479
592,10000,3342,0.3342,0.9999994184018194,0.9999982597301597
593,10000,3337,0.3337,0.9999994221669564,0.9999982684056227
594,10000,3316,0.3316,0.9999994266644647,0.9999982710026076
595,10000,3309,0.3309,0.9999994304728963,0.9999982788543256
596,10000,3302,0.3302,0.9999994344697702,0.9999982873100248
597,10000,3292,0.3292,0.9999994386766267,0.9999982948864723
598,10000,3284,0.3284,0.9999994428564507,0.9999983034605688
599,10000,3262,0.3262,0.9999994465459826,0.9999983033291924
600,10000,3250,0.325,0.9999994513906328,0.9999983119711778
601,10000,3240,0.324,0.9999994547201129,0.9999983170373852
602,10000,3229,0.3229,0.9999994582772642,0.9999983223204221
603,10000,3220,0.322,0.9999994617197241,0.9999983283221245
604,10000,3209,0.3209,0.9999994653780152,0.9999983339919453
605,10000,3197,0.3197,0.999999469061627,0.9999983392606413
606,10000,3180,0.318,0.9999994727696321,0.9999983420428683
607,10000,3162,0.3162,0.9999994759297852,0.9999983425989409
608,10000,3151,0.3151,0.9999994793272385,0.9999983475951713
609,10000,3133,0.3133,0.999999482839098,0.9999983493108782
610,10000,3112,0.3112,0.999999486253527,0.9999983491437242
611,10000,3097,0.3097,0.9999994895892836,0.9999983519189011
612,10000,3087,0.3087,0.9999994934380142,0.9999983590476652
613,10000,3070,0.307,0.999999497001371,0.9999983615679837
614,10000,3065,0.3065,0.9999995000985434,0.9999983690001418
615,10000,3054,0.3054,0.9999995035014888,0.9999983742681365
616,10000,3044,0.3044,0.9999995063530159,0.999998378295059
617,10000,3029,0.3029,0.9999995097670882,0.9999983815354512
618,10000,3020,0.302,0.9999995131170387,0.9999983878047639
619,10000,3011,0.3011,0.9999995164317542,0.9999983939945343
620,10000,2998,0.2998,0.999999519320656,0.999998396666631
621,10000,2987,0.2987,0.9999995233156042,0.9999984041366056
622,10000,2976,0.2976,0.9999995263817499,0.9999984085408262
623,10000,2959,0.2959,0.9999995302222067,0.9999984123765012
624,10000,2949,0.2949,0.9999995339410533,0.9999984196034362
625,10000,2936,0.2936,0.9999995370199665,0.9999984230925288
626,10000,2928,0.2928,0.9999995403204169,0.9999984300560688
627,10000,2917,0.2917,0.9999995429660269,0.9999984332054402
628,10000,2906,0.2906,0.9999995457423768,0.9999984368285505
629,10000,2897,0.2897,0.9999995483996128,0.9999984411446765
630,10000,2883,0.2883,0.9999995512611254,0.9999984435002617
631,10000,2867,0.2867,0.999999554305517,0.9999984454325671
632,10000,2860,0.286,0.9999995572754444,0.999998452012044
633,10000,2850,0.285,0.9999995605755384,0.9999984581597839
634,10000,2837,0.2837,0.9999995629081003,0.9999984593165325
635,10000,2828,0.2828,0.999999566958397,0.9999984687354915
636,10000,2819,0.2819,0.9999995698477265,0.9999984740962279
637,10000,2805,0.2805,0.9999995725359894,0.9999984760641331
638,10000,2791,0.2791,0.9999995753866605,0.9999984786336814
639,10000,2773,0.2773,0.9999995778288499,0.9999984775652715
640,10000,2764,0.2764,0.9999995811252347,0.9999984845341344
641,10000,2757,0.2757,0.9999995839759058,0.9999984910261366
642,10000,2746,0.2746,0.9999995869870596,0.9999984959470489
643,10000,2733,0.2733,0.9999995893584227,0.9999984974695303
644,10000,2723,0.2723,0.9999995920769986,0.9999985019353606
645,10000,2712,0.2712,0.9999995941579951,0.99999850353243
646,10000,2700,0.27,0.9999995964716556,0.9999985054505761
647,10000,2685,0.2685,0.9999995990081374,0.9999985065479976
648,10000,2675,0.2675,0.9999996017788524,0.9999985113228129
649,10000,2661,0.2661,0.999999604002928,0.9999985118486584
650,10000,2653,0.2653,0.9999996062758617,0.9999985159286151
651,10000,2643,0.2643,0.9999996085154149,0.9999985187870406
652,10000,2632,0.2632,0.9999996104427757,0.999998519919361
653,10000,2625,0.2625,0.9999996127983044,0.9999985249459217
654,10000,2618,0.2618,0.9999996149302274,0.9999985291452532
655,10000,2605,0.2605,0.9999996173190651,0.9999985309752976
656,10000,2596,0.2596,0.9999996201071836,0.9999985366224328
657,10000,2584,0.2584,0.9999996224527268,0.9999985389037409
658,10000,2577,0.2577,0.9999996246276589,0.9999985433746947
659,10000,2563,0.2563,0.9999996268552295,0.9999985441093616
660,10000,2558,0.2558,0.9999996291593323,0.9999985502710409
661,10000,2549,0.2549,0.9999996312311276,0.9999985532802181
662,10000,2538,0.2538,0.9999996338074091,0.9999985571607921
663,10000,2531,0.2531,0.99999963598712,0.9999985617823788
664,10000,2520,0.252,0.9999996389027689,0.9999985670744795
665,10000,2507,0.2507,0.9999996416890329,0.9999985707580094
666,10000,2493,0.2493,0.9999996440287274,0.9999985721168364
667,10000,2480,0.248,0.9999996463135723,0.9999985738450496
668,10000,2468,0.2468,0.9999996485365067,0.9999985759177741
669,10000,2461,0.2461,0.9999996512353969,0.9999985828337947
670,10000,2448,0.2448,0.9999996532024863,0.9999985833434893
671,10000,2438,0.2438,0.9999996551015309,0.9999985853221118
672,10000,2429,0.2429,0.9999996576975695,0.9999985907680919
673,10000,2415,0.2415,0.9999996598608043,0.9999985915561257
674,10000,2408,0.2408,0.999999662010202,0.9999985963878819
675,10000,2401,0.2401,0.9999996640198727,0.9999986006658588
676,10000,2391,0.2391,0.9999996658764786,0.9999986025783297
677,10000,2381,0.2381,0.9999996677133273,0.9999986044238866
678,10000,2376,0.2376,0.9999996694001783,0.9999986085866092
679,10000,2368,0.2368,0.9999996714057835,0.9999986123555046
680,10000,2354,0.2354,0.9999996735250817,0.9999986131056997
681,10000,2348,0.2348,0.9999996769309515,0.9999986240670847
682,10000,2337,0.2337,0.9999996790796358,0.9999986267849202
683,10000,2327,0.2327,0.9999996811815307,0.9999986299163327
684,10000,2316,0.2316,0.999999684058307,0.9999986358303408
685,10000,2307,0.2307,0.9999996856803229,0.9999986375393277
686,10000,2293,0.2293,0.9999996875589685,0.9999986374137307
687,10000,2283,0.2283,0.999999689940959,0.9999986418789266
688,10000,2279,0.2279,0.9999996922582571,0.9999986496632605
689,10000,2271,0.2271,0.999999694571989,0.9999986550946232
690,10000,2262,0.2262,0.9999996963111928,0.9999986574323293
691,10000,2253,0.2253,0.9999996988747785,0.9999986634477513
692,10000,2242,0.2242,0.9999997007223973,0.999998665131121
693,10000,2231,0.2231,0.999999702729001,0.999998667543707
694,10000,2218,0.2218,0.9999997042082232,0.99999866640317
695,10000,2213,0.2213,0.9999997062066958,0.9999986724206766
696,10000,2209,0.2209,0.9999997078185121,0.9999986773133188
697,10000,2198,0.2198,0.9999997096794689,0.9999986791604593
698,10000,2185,0.2185,0.9999997112643957,0.9999986785555861
699,10000,2173,0.2173,0.9999997129053128,0.9999986788095391
700,10000,2161,0.2161,0.9999997146369564,0.9999986794861466
701,10000,2150,0.215,0.9999997168780786,0.9999986831538542
702,10000,2140,0.214,0.9999997189555088,0.9999986867079846
703,10000,2136,0.2136,0.9999997208966355,0.9999986933363088
704,10000,2125,0.2125,0.999999722737621,0.9999986952358644
705,10000,2117,0.2117,0.999999724212849,0.9999986972737317
706,10000,2105,0.2105,0.9999997257362929,0.9999986970845273
707,10000,2093,0.2093,0.9999997272880532,0.9999986970284435
708,10000,2085,0.2085,0.9999997288241218,0.9999986993962676
709,10000,2075,0.2075,0.9999997313859954,0.999998705474677
710,10000,2059,0.2059,0.9999997332361107,0.9999987044007325
711,10000,2049,0.2049,0.9999997345158351,0.9999987043232558
712,10000,2042,0.2042,0.9999997358196674,0.999998706266736
713,10000,2033,0.2033,0.9999997378481682,0.9999987105173054
714,10000,2023,0.2023,0.9999997399967812,0.9999987147641186
715,10000,2010,0.201,0.9999997413448355,0.9999987131583854
716,10000,2000,0.2,0.9999997428147852,0.9999987140739262
717,10000,1989,0.1989,0.9999997442342363,0.9999987140987252
718,10000,1980,0.198,0.9999997455386395,0.9999987148416131
719,10000,1970,0.197,0.9999997470991014,0.9999987162390931
720,10000,1964,0.1964,0.999999748421621,0.9999987190510237
721,10000,1956,0.1956,0.9999997499951355,0.9999987218565214
722,10000,1946,0.1946,0.9999997515611609,0.9999987233358734
723,10000,1940,0.194,0.99999975288418,0.9999987262071129
724,10000,1929,0.1929,0.9999997545059106,0.9999987273504954
725,10000,1921,0.1921,0.9999997558730802,0.9999987291675175
726,10000,1913,0.1913,0.9999997570244182,0.9999987298715018
727,10000,1907,0.1907,0.999999758406281,0.9999987331215568
728,10000,1897,0.1897,0.9999997600720909,0.9999987352245167
729,10000,1889,0.1889,0.9999997617488136,0.9999987387443807
730,10000,1882,0.1882,0.9999997633130558,0.999998742364802
731,10000,1874,0.1874,0.9999997647823636,0.9999987448365185
732,10000,1864,0.1864,0.9999997660217177,0.9999987447517037
733,10000,1859,0.1859,0.9999997671296185,0.9999987473352256
734,10000,1854,0.1854,0.9999997683840935,0.9999987507232658
735,10000,1843,0.1843,0.9999997696928473,0.9999987503681353
736,10000,1837,0.1837,0.9999997712692148,0.9999987548678002
737,10000,1828,0.1828,0.9999997726540731,0.9999987563133107
738,10000,1815,0.1815,0.9999997743969148,0.9999987570077948
739,10000,1806,0.1806,0.9999997760660769,0.9999987600557971
740,10000,1796,0.1796,0.999999777364774,0.9999987603829281
741,10000,1788,0.1788,0.9999997787788044,0.9999987627449908
742,10000,1782,0.1782,0.9999997801036065,0.9999987660135042
743,10000,1775,0.1775,0.9999997811620075,0.9999987671099005
744,10000,1765,0.1765,0.9999997825937978,0.9999987682368152
745,10000,1762,0.1762,0.9999997839141066,0.9999987736328404
746,10000,1758,0.1758,0.9999997854952529,0.9999987798364782
747,10000,1753,0.1753,0.9999997868183432,0.9999987839038401
748,10000,1744,0.1744,0.9999997879898666,0.9999987843455649
749,10000,1737,0.1737,0.9999997892838559,0.9999987868961194
750,10000,1725,0.1725,0.9999997906537358,0.9999987863984686
751,10000,1721,0.1721,0.9999997918374558,0.9999987904558737
752,10000,1716,0.1716,0.9999997928099807,0.9999987925989552
753,10000,1709,0.1709,0.9999997937822204,0.9999987933424241
754,10000,1703,0.1703,0.9999997950352688,0.9999987964490242
755,10000,1691,0.1691,0.9999997961315436,0.9999987943911509
756,10000,1684,0.1684,0.9999997971537825,0.9999987954500145
757,10000,1675,0.1675,0.9999997982468477,0.9999987955035677
758,10000,1669,0.1669,0.9999997992899848,0.9999987974235159
759,10000,1660,0.166,0.9999998002502417,0.9999987966882028
760,10000,1653,0.1653,0.9999998013479429,0.99999879823317
761,10000,1646,0.1646,0.9999998024764569,0.999998799978475
762,10000,1642,0.1642,0.9999998035290092,0.9999988034653422
763,10000,1637,0.1637,0.9999998046309188,0.9999988065419593
764,10000,1630,0.163,0.9999998055780516,0.9999988072273107
765,10000,1623,0.1623,0.9999998065689786,0.9999988081884074
766,10000,1619,0.1619,0.9999998083316486,0.9999988161312453
767,10000,1610,0.161,0.9999998093715761,0.9999988159725229
768,10000,1601,0.1601,0.9999998102515203,0.9999988148127446
769,10000,1592,0.1592,0.9999998113162692,0.9999988148006864
770,10000,1585,0.1585,0.9999998123902905,0.9999988163425267
771,10000,1579,0.1579,0.9999998134805026,0.999998818749225
772,10000,1577,0.1577,0.9999998144131564,0.9999988231652281
773,10000,1571,0.1571,0.9999998153465948,0.9999988246123162
774,10000,1566,0.1566,0.9999998165723257,0.9999988286866265
775,10000,1563,0.1563,0.9999998174024846,0.9999988317497416
776,10000,1561,0.1561,0.999999818360673,0.999998836391243
777,10000,1547,0.1547,0.9999998194306999,0.9999988327776341
778,10000,1539,0.1539,0.9999998203799726,0.9999988328783151
779,10000,1532,0.1532,0.9999998212457232,0.999998833196626
780,10000,1528,0.1528,0.9999998220535571,0.9999988354290386
781,10000,1520,0.152,0.9999998231597461,0.9999988365772774
782,10000,1512,0.1512,0.9999998240911162,0.999998836581456
783,10000,1504,0.1504,0.999999825165066,0.9999988375336837
784,10000,1495,0.1495,0.9999998259206897,0.9999988355898974
785,10000,1489,0.1489,0.9999998267802347,0.999998836670482
786,10000,1487,0.1487,0.9999998277706623,0.999998841766391
787,10000,1476,0.1476,0.9999998288012463,0.9999988401168445
788,10000,1468,0.1468,0.9999998297849693,0.9999988404970654
789,10000,1460,0.146,0.999999830546085,0.9999988393567462
790,10000,1456,0.1456,0.9999998313024931,0.9999988413632772
791,10000,1452,0.1452,0.9999998321374308,0.9999988439217004
792,10000,1445,0.1445,0.9999998332472575,0.9999988460017826
793,10000,1437,0.1437,0.9999998340597277,0.9999988452312298
794,10000,1431,0.1431,0.9999998356141271,0.9999988512517612
795,10000,1422,0.1422,0.99999983657902,0.9999988507666668
796,10000,1417,0.1417,0.999999837384643,0.9999988523969154
797,10000,1413,0.1413,0.9999998381933327,0.9999988548714284
798,10000,1408,0.1408,0.9999998389508109,0.9999988561847368
799,10000,1400,0.14,0.999999839678261,0.9999988548447212
800,10000,1393,0.1393,0.9999998404627002,0.9999988547214654
801,10000,1387,0.1387,0.9999998412693216,0.9999988555827081
802,10000,1384,0.1384,0.9999998422107486,0.9999988599042522
803,10000,1377,0.1377,0.999999842995045,0.9999988598042486
804,10000,1362,0.1362,0.9999998437215677,0.9999988525812615
805,10000,1357,0.1357,0.9999998445932382,0.9999988547769952
806,10000,1354,0.1354,0.9999998454424411,0.9999988585113819
807,10000,1350,0.135,0.9999998463161087,0.9999988616008049
808,10000,1344,0.1344,0.9999998470539722,0.9999988620087218
809,10000,1339,0.1339,0.999999848069649,0.9999988653446532
810,10000,1336,0.1336,0.9999998489152144,0.9999988691258558
811,10000,1330,0.133,0.9999998496210527,0.9999988693312232
812,10000,1322,0.1322,0.9999998504090581,0.9999988684497592
813,10000,1315,0.1315,0.9999998511929981,0.9999988683878179
814,10000,1310,0.131,0.9999998519188076,0.9999988696092184
815,10000,1306,0.1306,0.9999998530213591,0.999998874589273
816,10000,1300,0.13,0.9999998538468104,0.9999988757446959
817,10000,1294,0.1294,0.9999998545395963,0.999998875885597
818,10000,1289,0.1289,0.999999855501351,0.9999988789864309
819,10000,1277,0.1277,0.9999998563775863,0.9999988753139092
820,10000,1273,0.1273,0.9999998574335621,0.9999988800751142
821,10000,1264,0.1264,0.9999998582172167,0.9999988783007646
822,10000,1260,0.126,0.9999998588946674,0.999998880116408
823,10000,1257,0.1257,0.9999998597019308,0.9999988838657978
824,10000,1249,0.1249,0.9999998609347229,0.9999988865870524
825,10000,1248,0.1248,0.999999861722443,0.999998892006755
826,10000,1242,0.1242,0.9999998624526034,0.9999988925330388
827,10000,1234,0.1234,0.999999863252449,0.9999988918350806
828,10000,1228,0.1228,0.9999998639325388,0.9999988919587846
829,10000,1223,0.1223,0.9999998646796034,0.9999988935372306
830,10000,1217,0.1217,0.9999998653469258,0.9999988935655368
831,10000,1210,0.121,0.9999998660352182,0.999998892853042
832,10000,1209,0.1209,0.9999998669752185,0.9999988997123115
833,10000,1204,0.1204,0.9999998677383313,0.9999989014811568
834,10000,1200,0.12,0.9999998683655689,0.9999989030464068
835,10000,1194,0.1194,0.9999998691007933,0.9999989036917363
836,10000,1190,0.119,0.9999998697020683,0.9999989050593976
837,10000,1189,0.1189,0.9999998704059095,0.9999989100581123
838,10000,1181,0.1181,0.9999998711015483,0.9999989085651849
839,10000,1177,0.1177,0.9999998718015379,0.9999989108032116
840,10000,1170,0.117,0.9999998727117956,0.999998912066629
841,10000,1166,0.1166,0.9999998733518004,0.9999989138233311
842,10000,1162,0.1162,0.9999998739729039,0.9999989154294657
843,10000,1156,0.1156,0.999999874590441,0.9999989151422244
844,10000,1151,0.1151,0.9999998751728149,0.999998915489269
845,10000,1147,0.1147,0.99999987603129,0.9999989191917179
846,10000,1142,0.1142,0.9999998766190845,0.9999989196066943
847,10000,1136,0.1136,0.9999998771635129,0.9999989186928958
848,10000,1130,0.113,0.9999998777911785,0.9999989185060039
849,10000,1124,0.1124,0.9999998783374614,0.9999989175930727
850,10000,1123,0.1123,0.9999998788914475,0.9999989215623106
851,10000,1118,0.1118,0.9999998794954329,0.9999989221416177
852,10000,1113,0.1113,0.999999880178447,0.9999989234361815
853,10000,1107,0.1107,0.999999880893415,0.9999989240597564
854,10000,1103,0.1103,0.9999998817869111,0.999998928258487
855,10000,1098,0.1098,0.9999998824084426,0.9999989290386392
856,10000,1097,0.1097,0.9999998829124295,0.9999989326566037
857,10000,1091,0.1091,0.9999998834965149,0.9999989321403753
858,10000,1087,0.1087,0.9999998841090595,0.9999989338459925
859,10000,1084,0.1084,0.9999998847862249,0.9999989371422956
860,10000,1080,0.108,0.9999998855378541,0.9999989401653172
861,10000,1076,0.1076,0.9999998861153777,0.9999989415927305
862,10000,1069,0.1069,0.99999988671865,0.9999989403054249
863,10000,1063,0.1063,0.9999998872122945,0.9999989389679638
864,10000,1056,0.1056,0.999999887846522,0.9999989379405492
865,10000,1054,0.1054,0.9999998884976536,0.9999989421029751
866,10000,1051,0.1051,0.9999998891085575,0.9999989448958853
867,10000,1048,0.1048,0.9999998896546979,0.9999989470868114
868,10000,1046,0.1046,0.9999998903559713,0.9999989517779287
869,10000,1042,0.1042,0.9999998908418415,0.9999989524169048
870,10000,1038,0.1038,0.9999998913162995,0.9999989529508624
871,10000,1032,0.1032,0.9999998919252064,0.9999989527636275
872,10000,1030,0.103,0.9999998928266196,0.9999989594817434
873,10000,1024,0.1024,0.9999998934319602,0.9999989592964855
874,10000,1019,0.1019,0.9999998940042769,0.9999989598064467
875,10000,1018,0.1018,0.9999998944963524,0.9999989636183927
876,10000,1016,0.1016,0.9999998950919927,0.9999989674408726
877,10000,1012,0.1012,0.9999998956463354,0.9999989688373061
878,10000,1009,0.1009,0.9999998961633748,0.999998970895687
879,10000,1006,0.1006,0.9999998966920404,0.9999989730819118
880,10000,1001,0.1001,0.9999998973035862,0.9999989740618004
881,10000,998,0.0998,0.999999897845019,0.9999989764029961
882,10000,994,0.0994,0.999999898326039,0.9999989771231289
883,10000,991,0.0991,0.9999998988420798,0.9999989792339039
884,10000,988,0.0988,0.9999998993339414,0.999998981112767
885,10000,985,0.0985,0.9999998997882856,0.9999989826221887
886,10000,981,0.0981,0.9999999005204431,0.9999989859372385
887,10000,979,0.0979,0.9999999009488961,0.9999989882420439
888,10000,975,0.0975,0.9999999015189305,0.9999989899377485
889,10000,972,0.0972,0.9999999021013042,0.9999989928117714
890,10000,967,0.0967,0.9999999027002254,0.9999989937975742
891,10000,962,0.0962,0.9999999031852397,0.9999989936095599
892,10000,959,0.0959,0.9999999037177567,0.9999989960141475
893,10000,957,0.0957,0.999999904230588,0.9999989992746916
894,10000,953,0.0953,0.9999999047342182,0.9999990003590576
895,10000,950,0.095,0.9999999054360623,0.9999990045901296
896,10000,947,0.0947,0.9999999058831314,0.9999990061576696
897,10000,946,0.0946,0.9999999063017414,0.99999900953215
898,10000,941,0.0941,0.9999999067653579,0.9999990091961524
899,10000,935,0.0935,0.9999999072398159,0.9999990079124702
900,10000,932,0.0932,0.9999999076393108,0.9999990090054804
901,10000,927,0.0927,0.9999999080350965,0.9999990079298453
902,10000,925,0.0925,0.9999999084509251,0.9999990102802706
903,10000,923,0.0923,0.9999999088993493,0.9999990129940327
904,10000,917,0.0917,0.9999999093746632,0.9999990117193366
905,10000,910,0.091,0.9999999097929166,0.9999990087133693
906,10000,908,0.0908,0.9999999101300728,0.9999990102430929
907,10000,905,0.0905,0.9999999107069544,0.9999990133365134
908,10000,901,0.0901,0.9999999110802728,0.9999990130995867
909,10000,898,0.0898,0.9999999114871141,0.9999990143331193
910,10000,895,0.0895,0.9999999119089338,0.9999990157422776
911,10000,888,0.0888,0.999999912348799,0.9999990129369252
912,10000,883,0.0883,0.999999912755355,0.9999990119519253
913,10000,878,0.0878,0.9999999132636214,0.9999990121141387
914,10000,874,0.0874,0.9999999137191782,0.9999990128052417
915,10000,872,0.0872,0.9999999142551901,0.9999990166879608
916,10000,868,0.0868,0.99999991464634,0.999999016662902
917,10000,866,0.0866,0.9999999150286453,0.9999990188065269
918,10000,864,0.0864,0.999999915506313,0.9999990220638069
919,10000,861,0.0861,0.9999999159485317,0.9999990237924713
920,10000,856,0.0856,0.9999999162790547,0.9999990219515736
921,10000,850,0.085,0.9999999166523017,0.9999990194388434
922,10000,848,0.0848,0.9999999170923808,0.9999990223158111
923,10000,841,0.0841,0.9999999174826033,0.9999990188181124
924,10000,838,0.0838,0.9999999179537089,0.9999990209273149
925,10000,834,0.0834,0.9999999184664689,0.9999990223797228
926,10000,832,0.0832,0.9999999187935681,0.999999023961156
927,10000,826,0.0826,0.9999999190922799,0.9999990204876501
928,10000,825,0.0825,0.9999999194506912,0.9999990236447412
929,10000,822,0.0822,0.9999999198656637,0.9999990251297276
930,10000,818,0.0818,0.9999999202254302,0.9999990247607585
931,10000,815,0.0815,0.9999999206683621,0.9999990266056706
932,10000,814,0.0814,0.9999999209805543,0.9999990292451401
933,10000,808,0.0808,0.9999999213740579,0.9999990269066568
934,10000,806,0.0806,0.999999921857289,0.999999030487456
935,10000,803,0.0803,0.9999999222650575,0.9999990319434314
936,10000,797,0.0797,0.9999999229191134,0.9999990328621517
937,10000,796,0.0796,0.999999923385797,0.999999037510013
938,10000,793,0.0793,0.9999999237589727,0.9999990385746872
939,10000,790,0.079,0.9999999240443465,0.9999990385360317
940,10000,788,0.0788,0.9999999244078932,0.9999990407093046
941,10000,781,0.0781,0.9999999247357058,0.9999990363086526
942,10000,778,0.0778,0.9999999250799945,0.9999990370179246
943,10000,776,0.0776,0.9999999254060953,0.9999990387383413
944,10000,772,0.0772,0.9999999258584424,0.9999990396171293
945,10000,766,0.0766,0.9999999262664963,0.9999990374216222
946,10000,763,0.0763,0.9999999266585019,0.9999990387745987
947,10000,759,0.0759,0.9999999270147732,0.999999038402811
948,10000,754,0.0754,0.9999999273306746,0.9999990362158429
949,10000,750,0.075,0.9999999277369452,0.9999990364926038
950,10000,746,0.0746,0.9999999280714624,0.9999990358104885
951,10000,744,0.0744,0.9999999284442815,0.9999990382295897
952,10000,743,0.0743,0.9999999287934204,0.9999990416341911
953,10000,743,0.0743,0.9999999291622452,0.9999990465981855
954,10000,736,0.0736,0.9999999295414123,0.999999042682231
955,10000,733,0.0733,0.9999999298862716,0.9999990434689165
956,10000,726,0.0726,0.9999999301740705,0.999999038210337
957,10000,724,0.0724,0.9999999304728536,0.9999990396802969
958,10000,723,0.0723,0.9999999307884694,0.9999990427174187
959,10000,721,0.0721,0.9999999311253404,0.9999990447342619
960,10000,719,0.0719,0.9999999314363913,0.9999990464032172
961,10000,716,0.0716,0.9999999318590669,0.9999990483109911
962,10000,710,0.071,0.9999999321258248,0.9999990440257012
963,10000,707,0.0707,0.9999999324610552,0.9999990447108235
964,10000,703,0.0703,0.9999999327555587,0.9999990434645619
965,10000,702,0.0702,0.9999999330614743,0.9999990464597478
966,10000,700,0.07,0.9999999333164634,0.9999990473780485
967,10000,696,0.0696,0.9999999335820801,0.9999990457195403
968,10000,691,0.0691,0.9999999339297211,0.9999990438454572
969,10000,688,0.0688,0.9999999342518988,0.9999990443589961
970,10000,688,0.0688,0.9999999345444767,0.999999048611579
971,10000,687,0.0687,0.9999999348088806,0.9999990510754106
972,10000,683,0.0683,0.9999999351025997,0.9999990498184426
973,10000,682,0.0682,0.9999999354349057,0.9999990532977375
974,10000,679,0.0679,0.9999999358271253,0.9999990548913888
975,10000,672,0.0672,0.9999999361379622,0.9999990496720588
976,10000,669,0.0669,0.9999999364625652,0.99999905026256
977,10000,666,0.0666,0.9999999367470119,0.999999050255433
978,10000,661,0.0661,0.9999999370520002,0.9999990476853282
979,10000,659,0.0659,0.9999999373483581,0.9999990492922332
980,10000,656,0.0656,0.9999999376058436,0.999999048869568
981,10000,654,0.0654,0.999999937902059,0.9999990504901982
982,10000,652,0.0652,0.9999999381502008,0.9999990513834479
983,10000,649,0.0649,0.9999999384263736,0.9999990512538308
984,10000,647,0.0647,0.9999999386921329,0.999999052428638
985,10000,640,0.064,0.9999999391073192,0.9999990485518645
986,10000,639,0.0639,0.9999999393587422,0.9999990509975296
987,10000,638,0.0638,0.999999939760234,0.9999990558030419
988,10000,635,0.0635,0.9999999399914004,0.9999990549826837
989,10000,635,0.0635,0.9999999402199277,0.9999990585815386
990,10000,634,0.0634,0.9999999404575134,0.9999990608440592
991,10000,631,0.0631,0.9999999407105054,0.9999990603883571
992,10000,627,0.0627,0.9999999409371069,0.9999990580080835
993,10000,625,0.0625,0.9999999412103553,0.9999990593656847
994,10000,625,0.0625,0.9999999414466572,0.9999990631465133
995,10000,620,0.062,0.9999999417176232,0.9999990599616632
996,10000,618,0.0618,0.9999999420211136,0.9999990618303178
997,10000,618,0.0618,0.9999999424265286,0.9999990683904283
998,10000,617,0.0617,0.9999999428002747,0.9999990729380022
999,10000,615,0.0615,0.9999999430708841,0.9999990743233195
1000,10000,615,0.0615,0.9999999432698112,0.9999990775579074
1001,10000,613,0.0613,0.9999999435336447,0.9999990788522802
1002,10000,609,0.0609,0.9999999438208017,0.9999990775172699
1003,10000,604,0.0604,0.9999999441498981,0.9999990753294397
1004,10000,602,0.0602,0.9999999444558137,0.9999990773390989
1005,10000,601,0.0601,0.9999999447016018,0.9999990798935415
1006,10000,600,0.06,0.9999999449241378,0.9999990820689632
1007,10000,600,0.06,0.9999999451478863,0.9999990857981043
1008,10000,597,0.0597,0.999999945532688,0.999999087649715
1009,10000,596,0.0596,0.9999999457676346,0.999999090060983
1010,10000,593,0.0593,0.9999999459869608,0.99999908915617
1011,10000,589,0.0589,0.9999999462721207,0.9999990878118966
1012,10000,587,0.0587,0.9999999465661249,0.99999908971252
1013,10000,584,0.0584,0.9999999467653373,0.9999990884475581
1014,10000,580,0.058,0.9999999470124807,0.9999990864220806
1015,10000,577,0.0577,0.9999999472571276,0.9999990859120893
1016,10000,575,0.0575,0.99999994748701,0.9999990867306093
1017,10000,571,0.0571,0.9999999477537679,0.9999990850046911
1018,10000,567,0.0567,0.999999948030012,0.9999990834217283
1019,10000,566,0.0566,0.999999948593841,0.999999091763976
1020,10000,564,0.0564,0.9999999488690152,0.9999990934222569
1021,10000,563,0.0563,0.9999999491428344,0.9999990966755657
1022,10000,562,0.0562,0.9999999493993212,0.9999990996320514
1023,10000,557,0.0557,0.9999999495878349,0.9999990949341994
1024,10000,554,0.0554,0.999999949842824,0.9999990946358124
1025,10000,551,0.0551,0.9999999500233492,0.9999990929827434
1026,10000,550,0.055,0.9999999503132879,0.9999990966052329
1027,10000,548,0.0548,0.9999999505332561,0.9999990973221902
1028,10000,547,0.0547,0.9999999508239079,0.9999991009855198
1029,10000,545,0.0545,0.9999999510802523,0.9999991023899489
1030,10000,545,0.0545,0.999999951267054,0.9999991058175052
1031,10000,543,0.0543,0.9999999514887341,0.9999991066065204
1032,10000,540,0.054,0.999999951729244,0.9999991060971121
1033,10000,539,0.0539,0.9999999519481424,0.9999991084998588
1034,10000,538,0.0538,0.9999999521542735,0.9999991106742275
1035,10000,537,0.0537,0.999999952349991,0.9999991126627736
1036,10000,533,0.0533,0.9999999525305874,0.9999991093918841
1037,10000,530,0.053,0.9999999527760188,0.9999991089814884
1038,10000,526,0.0526,0.99999995297623,0.9999991060119755
1039,10000,522,0.0522,0.999999953228794,0.9999991039998839
1040,10000,519,0.0519,0.9999999534146684,0.9999991024020908
1041,10000,519,0.0519,0.9999999536012563,0.9999991059972319
1042,10000,516,0.0516,0.9999999538329933,0.9999991052905675
1043,10000,515,0.0515,0.9999999540587389,0.9999991079366771
1044,10000,514,0.0514,0.9999999542616602,0.9999991101490324
1045,10000,512,0.0512,0.9999999544754945,0.9999991108495017
1046,10000,509,0.0509,0.9999999547460325,0.9999991109240192
1047,10000,507,0.0507,0.9999999549832617,0.9999991120958893
1048,10000,506,0.0506,0.9999999551754842,0.9999991141400026
1049,10000,504,0.0504,0.9999999553769077,0.9999991146211845
1050,10000,503,0.0503,0.9999999555546513,0.9999991163946549
1051,10000,503,0.0503,0.9999999557216959,0.9999991197156214
1052,10000,501,0.0501,0.9999999559328909,0.9999991204169845
1053,10000,498,0.0498,0.9999999561930155,0.999999120341676
1054,10000,495,0.0495,0.999999956420045,0.999999119596867
1055,10000,495,0.0495,0.9999999565912977,0.9999991230565201
1056,10000,493,0.0493,0.9999999567405823,0.9999991225270236
1057,10000,492,0.0492,0.9999999569623337,0.9999991252506834
1058,10000,491,0.0491,0.9999999571423595,0.9999991271356312
1059,10000,488,0.0488,0.9999999574035539,0.9999991271220066
1060,10000,486,0.0486,0.9999999575671035,0.9999991268951353
1061,10000,484,0.0484,0.9999999578072568,0.9999991282491104
1062,10000,481,0.0481,0.9999999579757993,0.9999991263159956
1063,10000,479,0.0479,0.999999958197836,0.9999991273034665
1064,10000,477,0.0477,0.999999958364952,0.9999991271478402
1065,10000,473,0.0473,0.9999999585391292,0.9999991234488192
1066,10000,470,0.047,0.9999999587710799,0.9999991227889377
1067,10000,469,0.0469,0.9999999589766405,0.9999991253015035
1068,10000,467,0.0467,0.9999999591558817,0.9999991253936147
1069,10000,465,0.0465,0.9999999593590171,0.9999991260003694
1070,10000,462,0.0462,0.9999999595767742,0.9999991250384048
1071,10000,459,0.0459,0.9999999597872562,0.9999991239053642
1072,10000,458,0.0458,0.9999999599520185,0.9999991255899213
1073,10000,456,0.0456,0.9999999601574362,0.9999991262595656
1074,10000,455,0.0455,0.9999999603332539,0.9999991282033812
1075,10000,452,0.0452,0.9999999605935924,0.9999991281768222
1076,10000,451,0.0451,0.9999999608066421,0.9999991309676718
1077,10000,449,0.0449,0.9999999609734725,0.999999130812308
1078,10000,447,0.0447,0.9999999611568509,0.9999991310257451
1079,10000,446,0.0446,0.9999999613267484,0.9999991328867364
1080,10000,442,0.0442,0.9999999614815964,0.9999991285429042
1081,10000,440,0.044,0.9999999616574854,0.9999991285792125
1082,10000,437,0.0437,0.9999999618026331,0.9999991259183751
1083,10000,436,0.0436,0.999999961964043,0.9999991276156622
1084,10000,436,0.0436,0.9999999621326566,0.9999991314829505
1085,10000,434,0.0434,0.9999999622912135,0.9999991311339516
1086,10000,434,0.0434,0.9999999624760896,0.9999991353937676
1087,10000,434,0.0434,0.9999999626402097,0.9999991391753403
1088,10000,432,0.0432,0.9999999628563977,0.999999140194392
1089,10000,432,0.0432,0.9999999630050402,0.9999991436351927
1090,10000,432,0.0432,0.999999963186778,0.9999991478420835
1091,10000,430,0.043,0.9999999633367758,0.999999147366879
1092,10000,429,0.0429,0.9999999635099543,0.9999991494161866
1093,10000,428,0.0428,0.9999999636710789,0.9999991511934342
1094,10000,427,0.0427,0.9999999638200783,0.99999915269504
1095,10000,426,0.0426,0.9999999639760674,0.9999991543677781
1096,10000,425,0.0425,0.9999999642043808,0.9999991577501331
1097,10000,424,0.0424,0.9999999643787004,0.9999991598750113
1098,10000,424,0.0424,0.9999999645375427,0.9999991636212886
1099,10000,422,0.0422,0.9999999647244159,0.9999991640856817
1100,10000,421,0.0421,0.9999999648702766,0.9999991655647665
1101,10000,420,0.042,0.9999999650607161,0.9999991681122875
1102,10000,418,0.0418,0.9999999652353925,0.999999168310826
1103,10000,415,0.0415,0.9999999654129934,0.9999991665781525
1104,10000,413,0.0413,0.9999999655535761,0.9999991659461532
1105,10000,412,0.0412,0.9999999657221186,0.9999991680125867
1106,10000,412,0.0412,0.9999999659359528,0.9999991732027376
1107,10000,411,0.0411,0.9999999660778194,0.999999174642809
1108,10000,410,0.041,0.9999999662106278,0.9999991758689697
1109,10000,407,0.0407,0.999999966328315,0.9999991726858731
1110,10000,405,0.0405,0.9999999664765296,0.999999172259992
1111,10000,403,0.0403,0.9999999666402933,0.9999991722157147
1112,10000,401,0.0401,0.9999999667796636,0.9999991715626826
1113,10000,400,0.04,0.9999999669365799,0.9999991734144984
1114,10000,399,0.0399,0.9999999670834394,0.9999991750235437
1115,10000,398,0.0398,0.9999999672400705,0.9999991768861924
1116,10000,398,0.0398,0.999999967412821,0.9999991812266612
1117,10000,396,0.0396,0.9999999675269421,0.9999991799732857
1118,10000,395,0.0395,0.9999999676847856,0.9999991818933093
1119,10000,395,0.0395,0.9999999678478361,0.9999991860211667
1120,10000,395,0.0395,0.9999999679884902,0.9999991895820307
1121,10000,394,0.0394,0.9999999681074614,0.9999991905447043
1122,10000,394,0.0394,0.9999999682426235,0.9999991939752133
1123,10000,392,0.0392,0.9999999683933345,0.9999991937075113
1124,10000,392,0.0392,0.9999999685698653,0.9999991982108509
1125,10000,392,0.0392,0.9999999687579509,0.9999992030089546
1126,10000,391,0.0391,0.9999999688793473,0.9999992040753769
1127,10000,390,0.039,0.9999999689943955,0.999999204984499
1128,10000,386,0.0386,0.9999999691316972,0.9999992003030385
1129,10000,382,0.0382,0.9999999692587994,0.9999991952565325
1130,10000,380,0.038,0.9999999694630048,0.999999196394863
1131,10000,379,0.0379,0.9999999695729889,0.9999991971764883
1132,10000,378,0.0378,0.9999999696975235,0.999999198347181
1133,10000,375,0.0375,0.9999999698432417,0.9999991958197784
1134,10000,374,0.0374,0.9999999700063633,0.9999991980311066
1135,10000,372,0.0372,0.9999999701328238,0.999999197118917
1136,10000,372,0.0372,0.9999999702481573,0.9999992002192808
1137,10000,369,0.0369,0.9999999704934461,0.9999992003643919
1138,10000,369,0.0369,0.999999970623758,0.9999992038958799
1139,10000,368,0.0368,0.9999999707383069,0.9999992048452968
1140,10000,365,0.0365,0.9999999708514293,0.9999992014090235
1141,10000,364,0.0364,0.9999999709736102,0.9999992025717074
1142,10000,364,0.0364,0.9999999710803845,0.9999992055050715
1143,10000,362,0.0362,0.9999999712408673,0.9999992055488192
1144,10000,360,0.036,0.9999999714697512,0.9999992074930881
1145,10000,359,0.0359,0.9999999716029875,0.9999992089968646
1146,10000,358,0.0358,0.9999999717602605,0.9999992111804591
1147,10000,357,0.0357,0.9999999718795882,0.9999992123133948
1148,10000,357,0.0357,0.9999999720223821,0.9999992163132239
1149,10000,354,0.0354,0.999999972121382,0.9999992124684197
1150,10000,352,0.0352,0.999999972228014,0.9999992110231212
1151,10000,350,0.035,0.9999999723720203,0.9999992106291513
1152,10000,350,0.035,0.9999999725310051,0.9999992151715744
1153,10000,348,0.0348,0.9999999726705893,0.9999992146721076
1154,10000,347,0.0347,0.9999999727861367,0.9999992157388143
1155,10000,345,0.0345,0.9999999729001151,0.9999992144960926
1156,10000,345,0.0345,0.9999999730006843,0.9999992174111398
1157,10000,343,0.0343,0.9999999731488989,0.999999217169066
1158,10000,341,0.0341,0.9999999732723636,0.9999992161983466
1159,10000,340,0.034,0.9999999733896229,0.9999992173418514
1160,10000,339,0.0339,0.9999999734902634,0.9999992180018701
1161,10000,338,0.0338,0.999999973593115,0.9999992187312113
1162,10000,335,0.0335,0.9999999737055241,0.9999992150902723
1163,10000,334,0.0334,0.9999999738492453,0.999999217043271
1164,10000,332,0.0332,0.9999999739568044,0.9999992155663944
1165,10000,331,0.0331,0.9999999740724945,0.9999992166916751
1166,10000,329,0.0329,0.9999999742429626,0.9999992171113278
1167,10000,328,0.0328,0.9999999743411068,0.9999992177166689
1168,10000,326,0.0326,0.9999999744739151,0.9999992169912593
1169,10000,325,0.0325,0.9999999745920303,0.9999992182163163
1170,10000,325,0.0325,0.9999999746867506,0.999999221130791
1171,10000,325,0.0325,0.9999999747953796,0.9999992244732193
1172,10000,325,0.0325,0.9999999748936663,0.9999992274974256
1173,10000,325,0.0325,0.9999999750014393,0.9999992308135186
1174,10000,325,0.0325,0.9999999751032209,0.999999233945262
1175,10000,325,0.0325,0.9999999752478693,0.9999992383959808
1176,10000,323,0.0323,0.999999975352718,0.9999992369262551
1177,10000,322,0.0322,0.9999999754478665,0.9999992375113795
1178,10000,322,0.0322,0.9999999755572798,0.9999992409093145
1179,10000,322,0.0322,0.9999999756819572,0.9999992447812768
1180,10000,321,0.0321,0.9999999757696876,0.9999992451616083
1181,10000,319,0.0319,0.999999975889372,0.9999992441809411
1182,10000,319,0.0319,0.9999999759773165,0.9999992469378217
1183,10000,318,0.0318,0.9999999761343755,0.9999992495086646
1184,10000,318,0.0318,0.9999999762422198,0.9999992528999959
1185,10000,318,0.0318,0.9999999763273826,0.9999992555780713
1186,10000,317,0.0317,0.999999976437224,0.9999992566947673
1187,10000,317,0.0317,0.9999999765401469,0.9999992599415457
1188,10000,315,0.0315,0.999999976633013,0.9999992581908874
1189,10000,314,0.0314,0.9999999767371484,0.9999992591448523
1190,10000,309,0.0309,0.9999999768273752,0.9999992500768697
1191,10000,308,0.0308,0.9999999770111101,0.99999925360747
1192,10000,303,0.0303,0.9999999771323637,0.9999992452925291
1193,10000,302,0.0302,0.9999999772404932,0.9999992463739495
1194,10000,301,0.0301,0.9999999773432021,0.9999992472824644
1195,10000,300,0.03,0.9999999774689493,0.9999992489649748
1196,10000,300,0.03,0.9999999775527569,0.9999992517585617
1197,10000,299,0.0299,0.9999999776516141,0.9999992525623467
1198,10000,298,0.0298,0.9999999777404146,0.9999992530340458
1199,10000,298,0.0298,0.9999999778597423,0.9999992570383333
1200,10000,298,0.0298,0.9999999779788561,0.9999992610354402
1201,10000,297,0.0297,0.9999999780733625,0.9999992617293794
1202,10000,296,0.0296,0.9999999782005362,0.9999992635316268
1203,10000,295,0.0295,0.999999978294686,0.9999992642266431
1204,10000,295,0.0295,0.9999999784047414,0.9999992679573358
1205,10000,294,0.0294,0.9999999784889769,0.9999992683325499
1206,10000,292,0.0292,0.9999999786179337,0.9999992677374553
1207,10000,292,0.0292,0.9999999787446793,0.9999992720780589
1208,10000,291,0.0291,0.9999999788153631,0.9999992720056019
1209,10000,289,0.0289,0.9999999788998839,0.9999992698921757
1210,10000,287,0.0287,0.9999999790130063,0.9999992687458645
1211,10000,285,0.0285,0.9999999790930336,0.9999992664222337
1212,10000,284,0.0284,0.9999999791747728,0.999999266717353
1213,10000,283,0.0283,0.999999979253873,0.9999992669213053
1214,10000,282,0.0282,0.9999999793435292,0.9999992675010372
1215,10000,281,0.0281,0.9999999794142129,0.9999992674097131
1216,10000,281,0.0281,0.9999999795049391,0.9999992706384031
1217,10000,277,0.0277,0.9999999796253367,0.9999992644525914
1218,10000,273,0.0273,0.9999999797018692,0.9999992564787241
1219,10000,273,0.0273,0.9999999797871032,0.9999992596008531
1220,10000,271,0.0271,0.9999999799045766,0.9999992584714608
1221,10000,270,0.027,0.9999999800072142,0.9999992595264503
1222,10000,269,0.0269,0.9999999801107076,0.9999992606211017
1223,10000,268,0.0268,0.9999999801952285,0.9999992610159888
1224,10000,267,0.0267,0.9999999802624173,0.9999992607646905
1225,10000,265,0.0265,0.9999999803444418,0.9999992582808188
1226,10000,264,0.0264,0.9999999804146974,0.9999992581324788
1227,10000,263,0.0263,0.9999999804884481,0.9999992581158985
1228,10000,262,0.0262,0.999999980582598,0.9999992588777845
1229,10000,261,0.0261,0.9999999806577039,0.9999992589158555
1230,10000,261,0.0261,0.9999999807475028,0.9999992623564287
1231,10000,260,0.026,0.9999999808112678,0.9999992619718422
1232,10000,259,0.0259,0.9999999808988558,0.9999992625040834
1233,10000,259,0.0259,0.9999999809890113,0.9999992659849941
1234,10000,256,0.0256,0.9999999811080538,0.999999262033352
1235,10000,256,0.0256,0.9999999811746719,0.9999992646356227
1236,10000,255,0.0255,0.9999999812426453,0.9999992644174611
1237,10000,255,0.0255,0.9999999812977799,0.9999992665796065
1238,10000,254,0.0254,0.9999999813586207,0.99999926608743
1239,10000,254,0.0254,0.9999999814646818,0.9999992702630678
1240,10000,253,0.0253,0.9999999815457078,0.9999992705813371
1241,10000,252,0.0252,0.9999999816266625,0.999999270899302
1242,10000,251,0.0251,0.9999999817036941,0.999999271063509
1243,10000,251,0.0251,0.9999999817786573,0.9999992740500919
1244,10000,250,0.025,0.999999981862465,0.9999992744985966
1245,10000,249,0.0249,0.9999999819318648,0.9999992743720781
1246,10000,248,0.0248,0.9999999820133186,0.9999992747305889
1247,10000,248,0.0248,0.9999999821583948,0.9999992805804403
1248,10000,247,0.0247,0.9999999822330728,0.9999992806912082
1249,10000,245,0.0245,0.9999999823203755,0.9999992783826697
1250,10000,245,0.0245,0.9999999823941261,0.9999992813929021
1251,10000,243,0.0243,0.9999999824570354,0.9999992780672964
1252,10000,242,0.0242,0.9999999825158076,0.9999992775127113
1253,10000,240,0.024,0.9999999825818552,0.9999992742439641
1254,10000,239,0.0239,0.9999999826860619,0.9999992755674424
1255,10000,237,0.0237,0.9999999827576014,0.9999992724726359
1256,10000,237,0.0237,0.9999999828493262,0.9999992763428786
1257,10000,235,0.0235,0.9999999829231482,0.9999992733254569
1258,10000,233,0.0233,0.9999999829996093,0.9999992703694981
1259,10000,233,0.0233,0.9999999830682959,0.9999992733174197
1260,10000,230,0.023,0.9999999831931871,0.999999269269002
1261,10000,229,0.0229,0.9999999832509607,0.9999992686009083
1262,10000,229,0.0229,0.9999999833296329,0.9999992720363737
1263,10000,228,0.0228,0.9999999833995321,0.9999992719093013
1264,10000,226,0.0226,0.9999999834600162,0.9999992681423095
1265,10000,226,0.0226,0.9999999835528821,0.9999992722514229
1266,10000,226,0.0226,0.9999999836137229,0.9999992749434916
1267,10000,225,0.0225,0.9999999836744211,0.999999274418712
1268,10000,224,0.0224,0.9999999837359038,0.9999992739242723
1269,10000,222,0.0222,0.9999999838162164,0.9999992710007367
1270,10000,220,0.022,0.9999999838850456,0.9999992675020718
1271,10000,218,0.0218,0.9999999839663567,0.9999992645117793
1272,10000,218,0.0218,0.9999999840155714,0.9999992667693334
1273,10000,216,0.0216,0.9999999840774821,0.9999992628463938
1274,10000,216,0.0216,0.999999984143601,0.9999992659074519
1275,10000,215,0.0215,0.9999999842116455,0.9999992656579351
1276,10000,214,0.0214,0.9999999842622156,0.9999992645895079
1277,10000,213,0.0213,0.9999999843194899,0.9999992638258189
1278,10000,212,0.0212,0.9999999843815432,0.9999992632803413
1279,10000,211,0.0211,0.9999999844605719,0.9999992635342191
1280,10000,211,0.0211,0.999999984529116,0.9999992667827463
1281,10000,210,0.021,0.9999999845859624,0.9999992659982126
1282,10000,210,0.021,0.9999999846494423,0.9999992690210605
1283,10000,210,0.021,0.9999999847117808,0.999999271989565
1284,10000,208,0.0208,0.9999999847630641,0.9999992674549995
1285,10000,208,0.0208,0.9999999848224782,0.9999992703114534
1286,10000,207,0.0207,0.9999999848778983,0.999999269463683
1287,10000,206,0.0206,0.9999999849418774,0.9999992690231708
1288,10000,205,0.0205,0.9999999850012202,0.9999992683522068
1289,10000,203,0.0203,0.9999999850850279,0.9999992652723075
1290,10000,203,0.0203,0.9999999851362397,0.9999992677950561
1291,10000,203,0.0203,0.9999999851981503,0.9999992708448414
1292,10000,203,0.0203,0.9999999852622007,0.999999274000034
1293,10000,203,0.0203,0.9999999853150531,0.9999992766035949
1294,10000,203,0.0203,0.9999999854340242,0.9999992824642421
1295,10000,203,0.0203,0.9999999854897295,0.9999992852083461
1296,10000,203,0.0203,0.999999985546576,0.9999992880086673
1297,10000,202,0.0202,0.9999999856089146,0.9999992875700267
1298,10000,201,0.0201,0.999999985668614,0.9999992869957256
1299,10000,201,0.0201,0.9999999857169729,0.9999992894016346
1300,10000,201,0.0201,0.9999999857806666,0.9999992925704794
1301,10000,200,0.02,0.9999999858306658,0.9999992915332948
1302,10000,199,0.0199,0.999999985885658,0.9999992907365806
1303,10000,197,0.0197,0.9999999859467841,0.9999992866387822
1304,10000,197,0.0197,0.9999999860036306,0.9999992895243924
1305,10000,197,0.0197,0.999999986060049,0.9999992923882791
1306,10000,196,0.0196,0.9999999861268811,0.9999992921878166
1307,10000,195,0.0195,0.9999999861866521,0.9999992916231835
1308,10000,194,0.0194,0.9999999862489194,0.9999992911814095
1309,10000,194,0.0194,0.9999999863109725,0.9999992943800329
1310,10000,194,0.0194,0.9999999863509149,0.9999992964389167
1311,10000,194,0.0194,0.9999999863977046,0.9999992988507521
1312,10000,194,0.0194,0.9999999864494157,0.9999993015162716
1313,10000,193,0.0193,0.9999999865013407,0.9999993005876021
1314,10000,192,0.0192,0.9999999865560475,0.9999992997941393
1315,10000,191,0.0191,0.999999986603693,0.9999992986226696
1316,10000,191,0.0191,0.9999999866669588,0.9999993019350165
1317,10000,190,0.019,0.999999986727657,0.9999993014556274
1318,10000,190,0.019,0.9999999867842181,0.9999993044325336
1319,10000,190,0.019,0.9999999868433471,0.9999993075445832
1320,10000,190,0.019,0.9999999868962707,0.9999993103300364
1321,10000,190,0.019,0.9999999869544723,0.9999993133932842
1322,10000,189,0.0189,0.9999999870250849,0.9999993134965484
1323,10000,189,0.0189,0.9999999870844277,0.9999993166363854
1324,10000,188,0.0188,0.999999987152187,0.9999993166056927
1325,10000,188,0.0188,0.9999999872002606,0.9999993191627922
1326,10000,186,0.0186,0.9999999872419146,0.999999314081433
1327,10000,186,0.0186,0.9999999873043959,0.9999993174406399
1328,10000,185,0.0185,0.9999999873668058,0.9999993171246389
1329,10000,185,0.0185,0.999999987411527,0.9999993195419992
1330,10000,183,0.0183,0.9999999874600284,0.9999993147556507
1331,10000,182,0.0182,0.9999999875151632,0.9999993140199513
1332,10000,180,0.018,0.9999999875670169,0.9999993092787135
1333,10000,180,0.018,0.9999999876114527,0.9999993117473724
1334,10000,179,0.0179,0.999999987669797,0.999999311161847
1335,10000,178,0.0178,0.9999999877334196,0.999999310866265
1336,10000,178,0.0178,0.9999999877799952,0.9999993134828735
1337,10000,178,0.0178,0.9999999878294238,0.9999993162597642
1338,10000,177,0.0177,0.9999999878817768,0.9999993153546222
1339,10000,176,0.0176,0.999999987920364,0.9999993136570439
1340,10000,175,0.0175,0.9999999879710051,0.9999993126288665
1341,10000,175,0.0175,0.9999999880313467,0.9999993160769509
1342,10000,174,0.0174,0.9999999880722876,0.9999993144992844
1343,10000,174,0.0174,0.9999999881728567,0.9999993202791193
1344,10000,173,0.0173,0.9999999882234266,0.9999993192732105
1345,10000,173,0.0173,0.9999999882723559,0.9999993221014982
1346,10000,173,0.0173,0.9999999883219984,0.9999993249710145
1347,10000,171,0.0171,0.9999999883660777,0.9999993196536716
1348,10000,170,0.017,0.9999999884074466,0.9999993180850968
1349,10000,170,0.017,0.999999988463366,0.9999993213744667
1350,10000,170,0.017,0.9999999885138644,0.9999993243449691
1351,10000,169,0.0169,0.9999999885712102,0.9999993237402529
1352,10000,166,0.0166,0.9999999886289841,0.9999993149990378
1353,10000,166,0.0166,0.9999999886744898,0.9999993177403479
1354,10000,165,0.0165,0.9999999887076563,0.9999993156155267
1355,10000,165,0.0165,0.9999999887497384,0.9999993181659579
1356,10000,164,0.0164,0.9999999887968133,0.9999993168788547
1357,10000,163,0.0163,0.9999999888389667,0.9999993152740282
1358,10000,163,0.0163,0.9999999888899646,0.9999993184027287
1359,10000,161,0.0161,0.9999999889306915,0.9999993124653049
1360,10000,160,0.016,0.999999988986682,0.9999993116676263
1361,10000,160,0.016,0.9999999890434572,0.9999993152160761
1362,10000,160,0.016,0.9999999890978786,0.9999993186174168
1363,10000,159,0.0159,0.9999999891469507,0.9999993174182827
1364,10000,158,0.0158,0.9999999891826848,0.9999993153597995
1365,10000,158,0.0158,0.9999999892162792,0.9999993174860254
1366,10000,158,0.0158,0.9999999892756222,0.9999993212419062
1367,10000,158,0.0158,0.9999999893162065,0.9999993238105315
1368,10000,157,0.0157,0.9999999893585025,0.9999993221976109
1369,10000,156,0.0156,0.9999999893935233,0.999999320097652
1370,10000,156,0.0156,0.9999999894273317,0.9999993222648537
1371,10000,155,0.0155,0.999999989467702,0.9999993204969043
1372,10000,154,0.0154,0.9999999895074304,0.999999318664311
1373,10000,154,0.0154,0.9999999895502257,0.9999993214432313
1374,10000,153,0.0153,0.9999999895850327,0.9999993192831808
1375,10000,152,0.0152,0.999999989623406,0.9999993173293322
1376,10000,152,0.0152,0.9999999896627063,0.9999993199148861
1377,10000,152,0.0152,0.9999999897002949,0.9999993223878205
1378,10000,152,0.0152,0.9999999897462286,0.9999993254097744
1379,10000,152,0.0152,0.9999999897781111,0.9999993275073108
1380,10000,152,0.0152,0.9999999898182674,0.9999993301491744
1381,10000,152,0.0152,0.9999999898527892,0.9999993324203323
1382,10000,151,0.0151,0.999999989898794,0.9999993310459654
1383,10000,150,0.015,0.999999989943444,0.9999993295629278
1384,10000,150,0.015,0.9999999899771809,0.9999993318120625
1385,10000,149,0.0149,0.9999999900080649,0.999999329400331
1386,10000,148,0.0148,0.9999999900431571,0.9999993272403471
1387,10000,146,0.0146,0.9999999901052817,0.9999993222795721
1388,10000,145,0.0145,0.9999999901418718,0.9999993201290894
1389,10000,144,0.0144,0.9999999901791038,0.9999993179933175
1390,10000,144,0.0144,0.9999999902221844,0.9999993209850311
1391,10000,144,0.0144,0.9999999902502155,0.9999993229316263
1392,10000,141,0.0141,0.999999990296363,0.9999993117988011
1393,10000,141,0.0141,0.9999999903416549,0.9999993150109833
1394,10000,141,0.0141,0.9999999903730381,0.9999993172367475
1395,10000,141,0.0141,0.9999999904155483,0.999999320251646
1396,10000,140,0.014,0.9999999904535648,0.999999318111769
1397,10000,140,0.014,0.9999999904879436,0.9999993205674084
1398,10000,140,0.014,0.9999999905258888,0.999999323277782
1399,10000,140,0.014,0.9999999905643334,0.9999993260238184
1400,10000,139,0.0139,0.9999999906044185,0.9999993240588817
1401,10000,139,0.0139,0.9999999906363723,0.999999326357722
1402,10000,139,0.0139,0.9999999906682548,0.9999993286514308
1403,10000,137,0.0137,0.9999999906976411,0.9999993209956967
1404,10000,137,0.0137,0.9999999907279545,0.9999993232083528
1405,10000,137,0.0137,0.9999999907635458,0.9999993258062716
1406,10000,137,0.0137,0.9999999907949292,0.9999993280970214
1407,10000,136,0.0136,0.9999999908298074,0.9999993257211339
1408,10000,136,0.0136,0.9999999908736015,0.999999328941276
1409,10000,135,0.0135,0.9999999909003484,0.9999993259517379
1410,10000,135,0.0135,0.9999999909394349,0.9999993288470299
1411,10000,135,0.0135,0.9999999909725301,0.9999993312985179
1412,10000,134,0.0134,0.9999999910056251,0.9999993287779911
1413,10000,133,0.0133,0.9999999910372224,0.9999993261069422
1414,10000,133,0.0133,0.9999999910778067,0.9999993291583917
1415,10000,133,0.0133,0.9999999911159658,0.9999993320275051
1416,10000,132,0.0132,0.9999999911534118,0.9999993298039219
1417,10000,131,0.0131,0.9999999911853656,0.9999993271271488
1418,10000,131,0.0131,0.9999999912411422,0.9999993313849072
1419,10000,131,0.0131,0.9999999912688166,0.9999993334974523
1420,10000,131,0.0131,0.9999999913126819,0.9999993368459453
1421,10000,129,0.0129,0.9999999913485588,0.9999993293456335
1422,10000,129,0.0129,0.9999999913750204,0.9999993313969363
1423,10000,129,0.0129,0.9999999913995564,0.9999993332989527
1424,10000,129,0.0129,0.9999999914416385,0.9999993365611324
1425,10000,129,0.0129,0.9999999914671018,0.9999993385350276
1426,10000,128,0.0128,0.9999999914968446,0.9999993356909875
1427,10000,127,0.0127,0.9999999915226645,0.9999993324932689
1428,10000,127,0.0127,0.999999991548841,0.9999993345544109
1429,10000,126,0.0126,0.9999999915780131,0.9999993315883491
1430,10000,125,0.0125,0.9999999916141752,0.999999329134023
1431,10000,125,0.0125,0.9999999916490535,0.9999993319242815
1432,10000,125,0.0125,0.99999999167523,0.9999993340184017
1433,10000,125,0.0125,0.999999991712676,0.9999993370140778
1434,10000,125,0.0125,0.9999999917561133,0.9999993404890621
1435,10000,123,0.0123,0.9999999917920614,0.999999332687918
1436,10000,123,0.0123,0.9999999918171679,0.9999993347291064
1437,10000,123,0.0123,0.9999999918495499,0.9999993373617757
1438,10000,123,0.0123,0.9999999918785081,0.9999993397161011
1439,10000,122,0.0122,0.9999999919088214,0.9999993367886421
1440,10000,122,0.0122,0.9999999919317882,0.9999993386711707
1441,10000,122,0.0122,0.9999999919577509,0.9999993407992467
1442,10000,122,0.0122,0.9999999919918444,0.999999343593808
1443,10000,120,0.012,0.9999999920337126,0.9999993361427165
1444,10000,120,0.012,0.9999999920578208,0.9999993381517215
1445,10000,120,0.012,0.9999999920831412,0.9999993402617711
1446,10000,120,0.012,0.9999999921210865,0.9999993434238738
1447,10000,119,0.0119,0.9999999921461932,0.9999993400162273
1448,10000,119,0.0119,0.9999999921727263,0.999999342245902
1449,10000,119,0.0119,0.9999999921993307,0.9999993444815707
1450,10000,119,0.0119,0.9999999922289308,0.9999993469689769
1451,10000,117,0.0117,0.999999992254822,0.9999993380189766
1452,10000,116,0.0116,0.9999999922832097,0.9999993347594502
1453,10000,115,0.0115,0.9999999923160194,0.9999993318277748
1454,10000,115,0.0115,0.9999999923436224,0.999999334228037
1455,10000,115,0.0115,0.9999999923688003,0.9999993364174233
1456,10000,115,0.0115,0.9999999923941922,0.9999993386254167
1457,10000,115,0.0115,0.9999999924195843,0.9999993408334098
1458,10000,114,0.0114,0.9999999924533927,0.999999338016891
1459,10000,114,0.0114,0.9999999924787846,0.9999993402442525
1460,10000,114,0.0114,0.9999999925122363,0.9999993431786137
1461,10000,112,0.0112,0.9999999925439048,0.9999993342772118
1462,10000,111,0.0111,0.9999999925702953,0.9999993306572299
1463,10000,111,0.0111,0.9999999925925488,0.9999993326620582
1464,10000,111,0.0111,0.9999999926148025,0.9999993346668865
1465,10000,111,0.0111,0.9999999926435467,0.9999993372564565
1466,10000,110,0.011,0.999999992672505,0.9999993338640789
1467,10000,110,0.011,0.9999999926975403,0.9999993361400147
1468,10000,110,0.011,0.9999999927252146,0.9999993386558639
1469,10000,110,0.011,0.9999999927600927,0.9999993418266121
1470,10000,110,0.011,0.9999999927904061,0.9999993445823746
1471,10000,110,0.011,0.9999999928378376,0.9999993488943328
1472,10000,110,0.011,0.9999999928633009,0.9999993512091735
1473,10000,110,0.011,0.9999999928956826,0.9999993541529764
1474,10000,109,0.0109,0.9999999929212174,0.9999993505703956
1475,10000,108,0.0108,0.9999999929468232,0.9999993469280751
1476,10000,108,0.0108,0.9999999929776359,0.9999993497810999
1477,10000,107,0.0107,0.9999999929988909,0.9999993456907397
1478,10000,107,0.0107,0.9999999930268506,0.9999993483037904
1479,10000,106,0.0106,0.9999999930474636,0.9999993441003456
1480,10000,106,0.0106,0.9999999930784904,0.9999993470273877
1481,10000,106,0.0106,0.9999999931012432,0.9999993491738852
1482,10000,105,0.0105,0.9999999931170774,0.9999993444835686
1483,10000,105,0.0105,0.9999999931414709,0.9999993468067462
1484,10000,102,0.0102,0.999999993166007,0.9999993300006713
1485,10000,101,0.0101,0.9999999931918266,0.999999325923438
1486,10000,101,0.0101,0.9999999932177179,0.9999993284869231
1487,10000,101,0.0101,0.9999999932528101,0.9999993319613989
1488,10000,99,0.0099,0.9999999932746357,0.9999993206702799
1489,10000,99,0.0099,0.9999999933037367,0.99999932360976
1490,10000,99,0.0099,0.9999999933323381,0.999999326498808
1491,10000,98,0.0098,0.9999999933572309,0.9999993221664122
1492,10000,96,0.0096,0.9999999933754188,0.999999309939466
1493,10000,96,0.0096,0.9999999934169305,0.9999993142635818
1494,10000,96,0.0096,0.9999999934416091,0.9999993168342761
1495,10000,95,0.0095,0.9999999934612236,0.9999993117077471
1496,10000,95,0.0095,0.9999999934900392,0.999999314740963
1497,10000,94,0.0094,0.9999999935113656,0.999999309719735
1498,10000,94,0.0094,0.9999999935350457,0.9999993122388954
1499,10000,94,0.0094,0.9999999935567999,0.9999993145531841
1500,10000,94,0.0094,0.9999999935779837,0.9999993168067703
1501,10000,94,0.0094,0.9999999936039461,0.9999993195687412
1502,10000,94,0.0094,0.9999999936271984,0.9999993220423745
1503,10000,94,0.0094,0.9999999936473122,0.9999993241821432
1504,10000,93,0.0093,0.9999999936780534,0.9999993202208053
1505,10000,91,0.0091,0.9999999937043014,0.99999930816498
1506,10000,89,0.0089,0.9999999937286946,0.9999992953589528
1507,10000,89,0.0089,0.9999999937498784,0.9999992977391449
1508,10000,89,0.0089,0.9999999937728452,0.9999993003196899
1509,10000,89,0.0089,0.9999999937950989,0.9999993028200939
1510,10000,89,0.0089,0.9999999938121458,0.9999993047354672
1511,10000,89,0.0089,0.9999999938380368,0.9999993076445908
1512,10000,89,0.0089,0.9999999938592918,0.9999993100327972
1513,10000,89,0.0089,0.9999999938784785,0.9999993121885941
1514,10000,89,0.0089,0.9999999939021587,0.9999993148492801
1515,10000,89,0.0089,0.9999999939277644,0.9999993177263472
1516,10000,89,0.0089,0.9999999939472364,0.9999993199142008
1517,10000,89,0.0089,0.9999999939731988,0.9999993228313385
1518,10000,88,0.0088,0.9999999939934554,0.9999993174381124
1519,10000,88,0.0088,0.9999999940121426,0.9999993195616708
1520,10000,88,0.0088,0.9999999940309013,0.9999993216933342
1521,10000,88,0.0088,0.9999999940505159,0.9999993239222599
1522,10000,88,0.0088,0.9999999940716282,0.9999993263213943
1523,10000,88,0.0088,0.9999999940914568,0.9999993285746357
1524,10000,88,0.0088,0.9999999941230541,0.9999993321652324
1525,10000,87,0.0087,0.999999994139459,0.9999993263745905
1526,10000,87,0.0087,0.9999999941619979,0.9999993289652683
1527,10000,86,0.0086,0.9999999941846794,0.9999993237999281
1528,10000,86,0.0086,0.9999999942025821,0.999999325881641
1529,10000,86,0.0086,0.9999999942231239,0.9999993282702201
1530,10000,86,0.0086,0.9999999942483019,0.999999331197888
1531,10000,86,0.0086,0.9999999942675598,0.9999993334371807
1532,10000,86,0.0086,0.9999999942885295,0.9999993358755218
1533,10000,86,0.0086,0.9999999943078588,0.9999993381231083
1534,10000,85,0.0085,0.999999994332466,0.9999993332313024
1535,10000,85,0.0085,0.9999999943571447,0.9999993361346748
1536,10000,85,0.0085,0.9999999943765452,0.9999993384170948
1537,10000,85,0.0085,0.999999994395304,0.9999993406239934
1538,10000,85,0.0085,0.999999994409997,0.9999993423525909
1539,10000,85,0.0085,0.999999994433891,0.9999993451636595
1540,10000,84,0.0084,0.9999999944550748,0.9999993398898589
1541,10000,84,0.0084,0.9999999944716224,0.9999993418598047
1542,10000,84,0.0084,0.9999999944894538,0.999999343982591
1543,10000,84,0.0084,0.99999999451078,0.9999993465214436
1544,10000,84,0.0084,0.9999999945264717,0.9999993483894956
1545,10000,84,0.0084,0.999999994545373,0.9999993506396491
1546,10000,83,0.0083,0.9999999945633472,0.9999993449815794
1547,10000,83,0.0083,0.9999999945910215,0.9999993483158375
1548,10000,83,0.0083,0.9999999946117059,0.9999993508079374
1549,10000,81,0.0081,0.9999999946326044,0.9999993373585541
1550,10000,81,0.0081,0.9999999946525755,0.9999993398241311
1551,10000,80,0.008,0.9999999946705496,0.9999993338186899
1552,10000,80,0.008,0.9999999946880243,0.9999993360030371
1553,10000,80,0.008,0.999999994706141,0.9999993382676255
1554,10000,80,0.008,0.9999999947245429,0.999999340567877
1555,10000,80,0.008,0.9999999947410193,0.9999993426274042
1556,10000,80,0.008,0.9999999947594213,0.9999993449276556
1557,10000,80,0.008,0.9999999947971524,0.9999993496440623
1558,10000,79,0.0079,0.9999999948151266,0.9999993436869057
1559,10000,79,0.0079,0.9999999948427295,0.9999993471809583
1560,10000,77,0.0077,0.9999999948602044,0.9999993324940711
1561,10000,77,0.0077,0.9999999948777505,0.9999993347727858
1562,10000,77,0.0077,0.999999994896509,0.9999993372089727
1563,10000,77,0.0077,0.9999999949104889,0.999999339024534
1564,10000,77,0.0077,0.9999999949261092,0.9999993410531458
1565,10000,77,0.0077,0.9999999949394471,0.9999993427853395
1566,10000,77,0.0077,0.9999999949533556,0.9999993445916378
1567,10000,77,0.0077,0.9999999949672641,0.9999993463979361
1568,10000,76,0.0076,0.9999999949850241,0.9999993401347615
1569,10000,75,0.0075,0.9999999949965075,0.9999993328676817
1570,10000,75,0.0075,0.9999999950141963,0.9999993352261822
1571,10000,74,0.0074,0.9999999950293174,0.9999993282861349
1572,10000,74,0.0074,0.9999999950521415,0.9999993313704861
1573,10000,74,0.0074,0.9999999950711855,0.9999993339439917
1574,10000,74,0.0074,0.9999999950929398,0.999999336883764
1575,10000,74,0.0074,0.9999999951076329,0.9999993388693151
1576,10000,74,0.0074,0.999999995125393,0.9999993412693259
1577,10000,73,0.0073,0.9999999951395868,0.9999993341899739
1578,10000,73,0.0073,0.9999999951514268,0.9999993358118991
1579,10000,73,0.0073,0.9999999951659773,0.9999993378051082
1580,10000,73,0.0073,0.9999999951885876,0.999999340902399
1581,10000,73,0.0073,0.9999999952023534,0.9999993427881312
1582,10000,73,0.0073,0.9999999952164045,0.9999993447129458
1583,10000,73,0.0073,0.9999999952298136,0.999999346549825
1584,10000,72,0.0072,0.9999999952415112,0.9999993390987671
1585,10000,71,0.0071,0.9999999952595565,0.9999993323319023
1586,10000,71,0.0071,0.9999999952768174,0.999999334763001
1587,10000,71,0.0071,0.9999999952941494,0.9999993372041455
1588,10000,71,0.0071,0.9999999953096271,0.9999993393840976
1589,10000,70,0.007,0.9999999953223944,0.9999993317706257
1590,10000,70,0.007,0.99999999533723,0.9999993338900155
1591,10000,69,0.0069,0.9999999953502114,0.9999993261175901
1592,10000,69,0.0069,0.9999999953646904,0.9999993282160106
1593,10000,69,0.0069,0.9999999953831639,0.9999993308933057
1594,10000,69,0.0069,0.9999999954004246,0.9999993333948709
1595,10000,69,0.0069,0.9999999954143332,0.999999335410595
1596,10000,67,0.0067,0.9999999954415795,0.9999993196387303
1597,10000,66,0.0066,0.9999999954579843,0.9999993118158162
1598,10000,65,0.0065,0.9999999954758159,0.9999993039716605
1599,10000,65,0.0065,0.9999999954906514,0.9999993062540803
1600,10000,65,0.0065,0.9999999955114787,0.9999993094582467
1601,10000,64,0.0064,0.9999999955331617,0.9999993020564989
1602,10000,64,0.0064,0.9999999955478546,0.9999993043522923
1603,10000,64,0.0064,0.9999999955625477,0.9999993066480858
1604,10000,63,0.0063,0.9999999955824476,0.9999992988012059
1605,10000,62,0.0062,0.9999999955988524,0.9999992901374984
1606,10000,62,0.0062,0.9999999956244584,0.999999294267482
1607,10000,61,0.0061,0.9999999956350859,0.9999992844403126
1608,10000,61,0.0061,0.9999999956511342,0.9999992870711756
1609,10000,61,0.0061,0.9999999956686804,0.9999992899475859
1610,10000,59,0.0059,0.999999995682874,0.9999992682837412
1611,10000,59,0.0059,0.9999999956940008,0.999999270169639
1612,10000,59,0.0059,0.9999999957064829,0.9999992722852296
1613,10000,59,0.0059,0.9999999957193929,0.9999992744733545
1614,10000,59,0.0059,0.9999999957367963,0.999999277423092
1615,10000,58,0.0058,0.9999999957511326,0.9999992674366713
1616,10000,57,0.0057,0.9999999957683222,0.9999992576003804
1617,10000,57,0.0057,0.9999999957838712,0.9999992603282726
1618,10000,57,0.0057,0.9999999957950693,0.9999992622928556
1619,10000,57,0.0057,0.999999995807266,0.9999992644326243
1620,10000,57,0.0057,0.9999999958241702,0.9999992673982685
1621,10000,57,0.0057,0.9999999958346549,0.9999992692377188
1622,10000,57,0.0057,0.9999999958455679,0.9999992711522486
1623,10000,57,0.0057,0.9999999958598329,0.9999992736549019
1624,10000,57,0.0057,0.999999995871887,0.9999992757696442
1625,10000,57,0.0057,0.99999999588765,0.9999992785350762
1626,10000,57,0.0057,0.9999999958996326,0.999999280637305
1627,10000,57,0.0057,0.9999999959127565,0.9999992829397463
1628,10000,57,0.0057,0.9999999959260945,0.9999992852797271
1629,10000,57,0.0057,0.9999999959386479,0.9999992874820622
1630,10000,57,0.0057,0.9999999959471355,0.9999992889711409
1631,10000,57,0.0057,0.9999999959613293,0.9999992914612811
1632,10000,57,0.0057,0.9999999959758085,0.9999992940014742
1633,10000,57,0.0057,0.9999999959934258,0.9999992970922512
1634,10000,57,0.0057,0.999999996003982,0.9999992989442148
1635,10000,57,0.0057,0.9999999960142529,0.9999993007461252
1636,10000,56,0.0056,0.9999999960322269,0.9999992914691018
1637,10000,56,0.0056,0.9999999960459215,0.9999992939145518
1638,10000,56,0.0056,0.9999999960582607,0.999999296118004
1639,10000,56,0.0056,0.9999999960745944,0.9999992990347125
1640,10000,56,0.0056,0.999999996087219,0.9999993012891115
1641,10000,56,0.0056,0.9999999960989877,0.99999930339067
1642,10000,56,0.0056,0.9999999961100432,0.9999993053648615
1643,10000,56,0.0056,0.9999999961236664,0.9999993077975745
1644,10000,56,0.0056,0.99999999613408,0.9999993096571355
1645,10000,56,0.0056,0.9999999961450641,0.99999931161859
1646,10000,56,0.0056,0.9999999961598999,0.9999993142678274
1647,10000,56,0.0056,0.9999999961725244,0.9999993165222266
1648,10000,56,0.0056,0.9999999961817968,0.9999993181779999
1649,10000,56,0.0056,0.9999999961922816,0.9999993200502975
1650,10000,56,0.0056,0.9999999962071174,0.999999322699535
1651,10000,56,0.0056,0.9999999962237363,0.9999993256671902
1652,10000,56,0.0056,0.9999999962381441,0.9999993282400074
1653,10000,56,0.0056,0.9999999962492708,0.9999993302269353
1654,10000,56,0.0056,0.9999999962680295,0.9999993335766924
1655,10000,55,0.0055,0.9999999962817953,0.9999993239627858
1656,10000,55,0.0055,0.9999999962938494,0.9999993261544277
1657,10000,55,0.0055,0.9999999963096837,0.9999993290333891
1658,10000,55,0.0055,0.999999996319812,0.9999993308748869
1659,10000,55,0.0055,0.9999999963310814,0.9999993329238775
1660,10000,55,0.0055,0.9999999963425648,0.9999993350117731
1661,10000,55,0.0055,0.9999999963541908,0.9999993371256052
1662,10000,54,0.0054,0.9999999963651749,0.9999993268842544
1663,10000,54,0.0054,0.9999999963758026,0.9999993288523134
1664,10000,54,0.0054,0.999999996386002,0.9999993307411215
1665,10000,54,0.0054,0.999999996396701,0.9999993327223886
1666,10000,53,0.0053,0.9999999964098961,0.999999322621913
1667,10000,53,0.0053,0.9999999964257305,0.9999993256095145
1668,10000,52,0.0052,0.9999999964372138,0.9999993148488179
1669,10000,52,0.0052,0.9999999964464862,0.9999993166319584
1670,10000,52,0.0052,0.9999999964596815,0.9999993191695046
1671,10000,52,0.0052,0.9999999964699524,0.9999993211446755
1672,10000,52,0.0052,0.9999999964812931,0.9999993233255935
1673,10000,51,0.0051,0.9999999964898522,0.999999311735718
1674,10000,51,0.0051,0.9999999965116064,0.9999993160012698
1675,10000,51,0.0051,0.9999999965255862,0.9999993187424113
1676,10000,51,0.0051,0.9999999965360712,0.9999993207982676
1677,10000,50,0.005,0.9999999965466273,0.9999993093254713
1678,10000,50,0.005,0.9999999965591807,0.9999993118361332
1679,10000,50,0.005,0.9999999965733031,0.999999314660628
1680,10000,49,0.0049,0.9999999965827895,0.9999993026100912
1681,10000,49,0.0049,0.9999999965932743,0.9999993047498598
1682,10000,48,0.0048,0.999999996601334,0.999999291944606
1683,10000,48,0.0048,0.9999999966114624,0.9999992940546556
1684,10000,48,0.0048,0.9999999966209487,0.9999992960309697
1685,10000,48,0.0048,0.9999999966307203,0.9999992980667218
1686,10000,48,0.0048,0.9999999966392793,0.9999992998498625
1687,10000,48,0.0048,0.9999999966474818,0.9999993015587054
1688,10000,48,0.0048,0.9999999966573961,0.9999993036241767
1689,10000,48,0.0048,0.999999996667025,0.9999993056302098
1690,10000,47,0.0047,0.9999999966780091,0.9999992931934367
1691,10000,47,0.0047,0.9999999966904911,0.9999992958491779
1692,10000,47,0.0047,0.9999999967039003,0.9999992987022027
1693,10000,46,0.0046,0.9999999967113896,0.9999992850846834
1694,10000,46,0.0046,0.9999999967196632,0.9999992868833295
1695,10000,46,0.0046,0.9999999967302909,0.9999992891936593
1696,10000,46,0.0046,0.9999999967390639,0.9999992911008446
1697,10000,46,0.0046,0.9999999967524018,0.9999992940003861
1698,10000,46,0.0046,0.9999999967603189,0.9999992957215044
1699,10000,46,0.0046,0.9999999967714457,0.9999992981403732
1700,10000,45,0.0045,0.999999996786424,0.9999992858720217
1701,10000,44,0.0044,0.9999999968023296,0.9999992732567525
1702,10000,44,0.0044,0.9999999968102469,0.9999992750561035
1703,10000,44,0.0044,0.9999999968208744,0.9999992774714485
1704,10000,44,0.0044,0.9999999968312879,0.9999992798381623
1705,10000,43,0.0043,0.9999999968371366,0.9999992644503757
1706,10000,43,0.0043,0.9999999968456245,0.9999992664242707
1707,10000,43,0.0043,0.9999999968551107,0.9999992686303889
1708,10000,43,0.0043,0.9999999968660948,0.9999992711848414
1709,10000,43,0.0043,0.9999999968758664,0.9999992734573088
1710,10000,43,0.0043,0.9999999968849961,0.9999992755804901
1711,10000,43,0.0043,0.9999999968936265,0.99999927758756
1712,10000,43,0.0043,0.9999999969021142,0.9999992795614551
1713,10000,43,0.0043,0.9999999969128843,0.9999992820661455
1714,10000,43,0.0043,0.9999999969247245,0.9999992848196463
1715,10000,43,0.0043,0.9999999969356373,0.9999992873575114
1716,10000,43,0.0043,0.9999999969452663,0.9999992895968043
1717,10000,42,0.0042,0.9999999969529694,0.9999992745165299
1718,10000,41,0.0041,0.999999996962741,0.9999992592051308
1719,10000,41,0.0041,0.9999999969697309,0.9999992609099869
1720,10000,41,0.0041,0.9999999969782187,0.9999992629801697
1721,10000,41,0.0041,0.999999996984424,0.9999992644936645
1722,10000,41,0.0041,0.9999999969939103,0.9999992668073981
1723,10000,41,0.0041,0.9999999970017562,0.9999992687210124
1724,10000,38,0.0038,0.9999999970115279,0.999999213559937
1725,10000,38,0.0038,0.9999999970430538,0.9999992218562331
1726,10000,38,0.0038,0.999999997049687,0.999999223601834
1727,10000,38,0.0038,0.9999999970586028,0.9999992259480714
1728,10000,38,0.0038,0.9999999970688022,0.9999992286321672
1729,10000,38,0.0038,0.9999999970761488,0.999999230565467
1730,10000,38,0.0038,0.9999999970847078,0.9999992328178551
1731,10000,38,0.0038,0.9999999970934096,0.999999235107783
1732,10000,38,0.0038,0.9999999971013981,0.9999992372100118
1733,10000,38,0.0038,0.9999999971104565,0.9999992395937891
1734,10000,38,0.0038,0.999999997117803,0.999999241527089
1735,10000,38,0.0038,0.9999999971295717,0.9999992446241225
1736,10000,37,0.0037,0.9999999971393433,0.9999992268495341
1737,10000,37,0.0037,0.9999999971479737,0.9999992291820746
1738,10000,36,0.0036,0.9999999971574599,0.9999992104055512
1739,10000,36,0.0036,0.9999999971659477,0.9999992127632591
1740,10000,36,0.0036,0.9999999971737221,0.9999992149228405
1741,10000,36,0.0036,0.9999999971824952,0.9999992173597994
1742,10000,36,0.0036,0.9999999971908404,0.9999992196778821
1743,10000,36,0.0036,0.9999999971990428,0.9999992219563394
1744,10000,36,0.0036,0.9999999972115962,0.9999992254433697
1745,10000,36,0.0036,0.9999999972209397,0.9999992280388299
1746,10000,36,0.0036,0.9999999972273591,0.9999992298219704
1747,10000,36,0.0036,0.9999999972388425,0.9999992330118108
1748,10000,36,0.0036,0.9999999972469735,0.9999992352704554
1749,10000,36,0.0036,0.9999999972566027,0.9999992379451662
1750,10000,36,0.0036,0.9999999972635212,0.9999992398669955
1751,10000,36,0.0036,0.9999999972725796,0.999999242383205
1752,10000,36,0.0036,0.9999999972807819,0.9999992446616623
1753,10000,36,0.0036,0.99999999728713,0.9999992464249903
1754,10000,36,0.0036,0.9999999972941199,0.9999992483666321
1755,10000,36,0.0036,0.9999999973028929,0.999999250803591
1756,10000,35,0.0035,0.9999999973125931,0.999999232169489
1757,10000,35,0.0035,0.9999999973188698,0.9999992339628191
1758,10000,35,0.0035,0.9999999973281422,0.9999992366120564
1759,10000,35,0.0035,0.9999999973364874,0.9999992389963701
1760,10000,35,0.0035,0.9999999973449751,0.9999992414214413
1761,10000,34,0.0034,0.9999999973521789,0.9999992212290976
1762,10000,34,0.0034,0.9999999973608092,0.9999992237674507
1763,10000,34,0.0034,0.9999999973685838,0.9999992260540662
1764,10000,34,0.0034,0.9999999973757163,0.9999992281518787
1765,10000,34,0.0034,0.9999999973817076,0.9999992299140411
1766,10000,34,0.0034,0.9999999973901241,0.9999992323894598
1767,10000,34,0.0034,0.9999999973956876,0.9999992340257535
1768,10000,34,0.0034,0.999999997404318,0.9999992365641064
1769,10000,34,0.0034,0.9999999974105233,0.9999992383892032
1770,10000,34,0.0034,0.9999999974158014,0.9999992399415844
1771,10000,34,0.0034,0.9999999974227912,0.9999992419974406
1772,10000,34,0.0034,0.9999999974292106,0.9999992438854717
1773,10000,34,0.0034,0.9999999974358439,0.9999992458364372
1774,10000,34,0.0034,0.9999999974434757,0.9999992480810966
1775,10000,34,0.0034,0.9999999974500378,0.999999250011084
1776,10000,34,0.0034,0.9999999974596666,0.9999992528431307
1777,10000,34,0.0034,0.9999999974661573,0.99999925475214
1778,10000,34,0.0034,0.999999997474431,0.9999992571856025
1779,10000,34,0.0034,0.9999999974830615,0.9999992597239555
1780,10000,34,0.0034,0.9999999974886249,0.9999992613602491
1781,10000,34,0.0034,0.9999999974976832,0.9999992640244708
1782,10000,34,0.0034,0.9999999975069555,0.9999992667516271
1783,10000,34,0.0034,0.9999999975150866,0.9999992691431333
1784,10000,34,0.0034,0.9999999975227899,0.9999992714087707
1785,10000,34,0.0034,0.9999999975291378,0.9999992732758237
1786,10000,34,0.0034,0.9999999975367696,0.999999275520483
1787,10000,34,0.0034,0.9999999975446153,0.9999992778280766
1788,10000,34,0.0034,0.9999999975520333,0.9999992800098015
1789,10000,34,0.0034,0.9999999975633027,0.9999992833243451
1790,10000,34,0.0034,0.9999999975687948,0.9999992849396606
1791,10000,34,0.0034,0.9999999975758561,0.9999992870164949
1792,10000,34,0.0034,0.9999999975817762,0.9999992887576793
1793,10000,34,0.0034,0.9999999975911198,0.9999992915058135
1794,10000,34,0.0034,0.9999999975964691,0.9999992930791728
1795,10000,33,0.0033,0.9999999976039584,0.9999992739267812
1796,10000,33,0.0033,0.9999999976109484,0.9999992760449361
1797,10000,33,0.0033,0.999999997617439,0.9999992780117941
1798,10000,33,0.0033,0.9999999976269252,0.9999992808864328
1799,10000,33,0.0033,0.9999999976352704,0.9999992834152502
1800,10000,33,0.0033,0.9999999976420462,0.9999992854685638
1801,10000,33,0.0033,0.999999997652745,0.9999992887106374
1802,10000,33,0.0033,0.9999999976586652,0.9999992905045849
1803,10000,33,0.0033,0.9999999976650844,0.9999992924498291
1804,10000,33,0.0033,0.9999999976716464,0.999999294438301
1805,10000,33,0.0033,0.9999999976791355,0.9999992967077527
1806,10000,33,0.0033,0.9999999976884794,0.9999992995391638
1807,10000,32,0.0032,0.9999999976956119,0.9999992798786882
1808,10000,32,0.0032,0.9999999977021737,0.9999992819292999
1809,10000,32,0.0032,0.9999999977081651,0.9999992838015974
1810,10000,32,0.0032,0.9999999977165103,0.9999992864094405
1811,10000,32,0.0032,0.999999997724142,0.999999288794391
1812,10000,32,0.0032,0.9999999977317025,0.9999992911570522
1813,10000,32,0.0032,0.9999999977374087,0.9999992929401927
1814,10000,32,0.0032,0.9999999977440419,0.9999992950130937
1815,10000,32,0.0032,0.9999999977522442,0.9999992975763582
1816,10000,32,0.0032,0.9999999977593056,0.9999992997829946
1817,10000,32,0.0032,0.9999999977651542,0.9999993016107137
1818,10000,32,0.0032,0.999999997770575,0.9999993033046972
1819,10000,32,0.0032,0.9999999977757817,0.999999304931813
1820,10000,31,0.0031,0.9999999977821298,0.9999992845579943
1821,10000,31,0.0031,0.9999999977877646,0.9999992863756472
1822,10000,31,0.0031,0.9999999977927573,0.9999992879862257
1823,10000,31,0.0031,0.9999999977986774,0.9999992898959118
1824,10000,31,0.0031,0.9999999978040268,0.9999992916215316
1825,10000,31,0.0031,0.9999999978210022,0.9999992970974987
1826,10000,31,0.0031,0.9999999978258525,0.9999992986620607
1827,10000,31,0.0031,0.9999999978362658,0.9999993020212675
1828,10000,30,0.003,0.9999999978432559,0.99999928108528
1829,10000,30,0.003,0.9999999978491758,0.9999992830586222
1830,10000,30,0.003,0.9999999978544539,0.9999992848179875
1831,10000,30,0.003,0.9999999978598033,0.9999992866011281
1832,10000,30,0.003,0.9999999978642969,0.9999992880989662
1833,10000,30,0.003,0.999999997872856,0.9999992909519911
1834,10000,30,0.003,0.9999999978804165,0.9999992934721631
1835,10000,30,0.003,0.9999999978871925,0.9999992957308077
1836,10000,30,0.003,0.9999999978935404,0.9999992978468012
1837,10000,29,0.0029,0.9999999978993891,0.9999992756514153
1838,10000,29,0.0029,0.9999999979040967,0.9999992772746882
1839,10000,29,0.0029,0.9999999979105159,0.999999279488242
1840,10000,29,0.0029,0.999999997916222,0.9999992814558454
1841,10000,29,0.0029,0.9999999979227838,0.9999992837185893
1842,10000,29,0.0029,0.9999999979295597,0.9999992860551181
1843,10000,29,0.0029,0.9999999979371204,0.9999992886621926
1844,10000,29,0.0029,0.9999999979423985,0.9999992904822257
1845,10000,29,0.0029,0.9999999979483898,0.9999992925482093
1846,10000,29,0.0029,0.9999999979658645,0.9999992985739946
1847,10000,29,0.0029,0.999999997970144,0.9999993000496971
1848,10000,29,0.0029,0.9999999979748516,0.99999930167297
1849,10000,29,0.0029,0.9999999979798444,0.999999303394623
1850,10000,29,0.0029,0.9999999979852651,0.9999993052638461
1851,10000,29,0.0029,0.9999999979926117,0.9999993077971354
1852,10000,29,0.0029,0.9999999979976045,0.9999993095187883
1853,10000,29,0.0029,0.9999999980063061,0.9999993125193836
1854,10000,28,0.0028,0.9999999980133675,0.9999992904883745
1855,10000,27,0.0027,0.9999999980192875,0.9999992664027687
1856,10000,27,0.0027,0.999999998023781,0.9999992680670331
1857,10000,27,0.0027,0.9999999980283457,0.9999992697577146
1858,10000,27,0.0027,0.9999999980339093,0.9999992718182324
1859,10000,27,0.0027,0.9999999980413984,0.9999992745920067
1860,10000,27,0.0027,0.9999999980492443,0.9999992774978654
1861,10000,27,0.0027,0.9999999980535952,0.9999992791092962
1862,10000,27,0.0027,0.9999999980582313,0.9999992808263943
1863,10000,27,0.0027,0.9999999980618689,0.9999992821736561
1864,10000,27,0.0027,0.9999999980694293,0.9999992849738472
1865,10000,26,0.0026,0.9999999980738515,0.999999259173683
1866,10000,26,0.0026,0.9999999980794863,0.9999992613408848
1867,10000,26,0.0026,0.9999999980847644,0.9999992633709216
1868,10000,26,0.0026,0.9999999980889726,0.9999992649894647
1869,10000,26,0.0026,0.9999999980939653,0.9999992669097698
1870,10000,26,0.0026,0.9999999980985302,0.9999992686654775
1871,10000,26,0.0026,0.9999999981038084,0.9999992706955144
1872,10000,25,0.0025,0.9999999981102278,0.9999992440910574
1873,10000,25,0.0025,0.999999998115577,0.999999246230826
1874,10000,25,0.0025,0.9999999981198566,0.999999247942641
1875,10000,24,0.0024,0.9999999981270604,0.9999992196085375
1876,10000,24,0.0024,0.9999999981328379,0.9999992220157773
1877,10000,24,0.0024,0.9999999981366894,0.9999992236206038
1878,10000,24,0.0024,0.9999999981421814,0.9999992259089675
1879,10000,24,0.0024,0.999999998147745,0.9999992282270502
1880,10000,24,0.0024,0.9999999981531658,0.999999230485695
1881,10000,24,0.0024,0.9999999981573738,0.9999992322391165
1882,10000,24,0.0024,0.9999999981620813,0.999999234200571
1883,10000,24,0.0024,0.9999999981670028,0.9999992362511827
1884,10000,24,0.0024,0.9999999981717816,0.9999992382423564
1885,10000,24,0.0024,0.9999999981759898,0.9999992399957779
1886,10000,24,0.0024,0.9999999981794135,0.9999992414222902
1887,10000,24,0.0024,0.9999999981851194,0.9999992437998111
1888,10000,24,0.0024,0.9999999981889712,0.9999992454046376
1889,10000,24,0.0024,0.9999999981948199,0.9999992478415963
1890,10000,24,0.0024,0.9999999981995987,0.99999924983277
1891,10000,24,0.0024,0.9999999982042348,0.9999992517645054
1892,10000,24,0.0024,0.9999999982107255,0.9999992544689353
1893,10000,24,0.0024,0.9999999982162175,0.9999992567572991
1894,10000,24,0.0024,0.9999999982204258,0.9999992585107207
1895,10000,24,0.0024,0.9999999982250618,0.9999992604424562
1896,10000,24,0.0024,0.999999998229912,0.9999992624633488
1897,10000,24,0.0024,0.9999999982354754,0.9999992647814315
1898,10000,24,0.0024,0.9999999982407535,0.9999992669806383
1899,10000,24,0.0024,0.9999999982493126,0.9999992705469194
1900,10000,24,0.0024,0.9999999982545194,0.999999272716407
1901,10000,24,0.0024,0.9999999982579431,0.9999992741429194
1902,10000,24,0.0024,0.999999998261866,0.999999275777465
1903,10000,24,0.0024,0.9999999982652182,0.9999992771742583
1904,10000,24,0.0024,0.9999999982714235,0.9999992797598122
1905,10000,23,0.0023,0.9999999982744192,0.9999992497474893
1906,10000,23,0.0023,0.999999998279412,0.9999992519182691
1907,10000,23,0.0023,0.9999999982841196,0.9999992539650043
1908,10000,23,0.0023,0.9999999982873291,0.9999992553605056
1909,10000,23,0.0023,0.9999999982928925,0.9999992577793745
1910,10000,23,0.0023,0.9999999982964588,0.9999992593299316
1911,10000,23,0.0023,0.9999999983008098,0.9999992612216111
1912,10000,23,0.0023,0.9999999983071577,0.9999992639816025
1913,10000,23,0.0023,0.9999999983122931,0.9999992662144046
1914,10000,23,0.0023,0.999999998316644,0.9999992681060842
1915,10000,23,0.0023,0.999999998324775,0.9999992716413542
1916,10000,23,0.0023,0.9999999983316225,0.9999992746184236
1917,10000,23,0.0023,0.9999999983376138,0.9999992772233595
1918,10000,22,0.0022,0.9999999983421786,0.9999992464448029
1919,10000,22,0.0022,0.9999999983481699,0.9999992491681448
1920,10000,21,0.0021,0.9999999983513796,0.9999992149426531
1921,10000,21,0.0021,0.9999999983667145,0.9999992222450382
1922,10000,21,0.0021,0.9999999983706375,0.9999992241130903
1923,10000,21,0.0021,0.9999999983742751,0.999999225845284
1924,10000,21,0.0021,0.999999998378626,0.9999992279171234
1925,10000,21,0.0021,0.9999999983820497,0.9999992295474234
1926,10000,21,0.0021,0.9999999983866144,0.9999992317211567
1927,10000,21,0.0021,0.9999999983905373,0.9999992335892087
1928,10000,21,0.0021,0.9999999983938184,0.9999992351515795
1929,10000,21,0.0021,0.9999999983972419,0.9999992367818793
1930,10000,21,0.0021,0.9999999984013788,0.9999992387518251
1931,10000,21,0.0021,0.9999999984049451,0.9999992404500543
1932,10000,21,0.0021,0.9999999984092247,0.999999242487929
1933,10000,21,0.0021,0.9999999984131475,0.9999992443559811
1934,10000,21,0.0021,0.9999999984165712,0.9999992459862811
1935,10000,21,0.0021,0.999999998420922,0.9999992480581205
1936,10000,21,0.0021,0.9999999984250589,0.9999992500280662
1937,10000,20,0.002,0.9999999984282686,0.9999992141342962
1938,10000,20,0.002,0.9999999984320489,0.999999216024425
1939,10000,20,0.002,0.9999999984360431,0.9999992180215426
1940,10000,20,0.002,0.9999999984401087,0.9999992200543227
1941,10000,20,0.002,0.9999999984428191,0.9999992214095096
1942,10000,20,0.002,0.9999999984465993,0.9999992232996385
1943,10000,20,0.002,0.9999999984498802,0.9999992249401278
1944,10000,20,0.002,0.9999999984533039,0.9999992266519427
1945,10000,20,0.002,0.9999999984565849,0.999999228292432
1946,10000,20,0.002,0.9999999984606504,0.9999992303252124
1947,10000,20,0.002,0.9999999984641453,0.99999923207269
1948,10000,20,0.002,0.9999999984682822,0.9999992341411331
1949,10000,20,0.002,0.9999999984720626,0.9999992360312622
1950,10000,20,0.002,0.9999999984754148,0.9999992377074142
1951,10000,20,0.002,0.9999999984802649,0.9999992401324854
1952,10000,20,0.002,0.9999999984838313,0.999999241915626
1953,10000,20,0.002,0.9999999984891094,0.9999992445546738
1954,10000,20,0.002,0.9999999984941021,0.9999992470510706
1955,10000,20,0.002,0.9999999984976683,0.9999992488342112
1956,10000,20,0.002,0.9999999985004501,0.9999992502250609
1957,10000,20,0.002,0.9999999985048723,0.9999992524361552
1958,10000,20,0.002,0.9999999985097224,0.9999992548612263
1959,10000,20,0.002,0.9999999985143586,0.9999992571793089
1960,10000,20,0.002,0.9999999985186382,0.9999992593190776
1961,10000,20,0.002,0.9999999985222046,0.9999992611022182
1962,10000,20,0.002,0.9999999985285525,0.9999992642762084
1963,10000,20,0.002,0.9999999985344011,0.9999992672005589
1964,10000,20,0.002,0.999999998547739,0.9999992738695046
1965,10000,20,0.002,0.9999999985545863,0.9999992772931344
1966,10000,20,0.002,0.9999999985599356,0.9999992799678453
1967,10000,20,0.002,0.9999999985637159,0.9999992818579744
1968,10000,20,0.002,0.9999999985670682,0.9999992835341264
1969,10000,20,0.002,0.9999999985706346,0.9999992853172669
1970,10000,20,0.002,0.9999999985745573,0.9999992872787216
1971,10000,20,0.002,0.9999999985778384,0.9999992889192107
1972,10000,20,0.002,0.9999999985809768,0.9999992904883745
1973,10000,20,0.002,0.999999998584329,0.9999992921645265
1974,10000,20,0.002,0.9999999985864688,0.999999293234411
1975,10000,20,0.002,0.9999999985898212,0.9999992949105632
1976,10000,20,0.002,0.999999998593958,0.999999296979006
1977,10000,20,0.002,0.999999998597239,0.9999992986194955
1978,10000,20,0.002,0.9999999986000206,0.999999300010345
1979,10000,20,0.002,0.9999999986039436,0.9999993019717996
1980,10000,20,0.002,0.9999999986068678,0.999999303433975
1981,10000,20,0.002,0.9999999986157836,0.9999993078918263
1982,10000,20,0.002,0.9999999986194212,0.9999993097106297
1983,10000,20,0.002,0.9999999986224883,0.9999993112441304
1984,10000,20,0.002,0.9999999986259832,0.9999993129916083
1985,10000,20,0.002,0.9999999986292643,0.9999993146320976
1986,10000,20,0.002,0.9999999986325451,0.999999316272587
1987,10000,20,0.002,0.9999999986371813,0.9999993185906697
1988,10000,20,0.002,0.9999999986431014,0.9999993215506829
1989,10000,20,0.002,0.9999999986463823,0.9999993231911721
1990,10000,20,0.002,0.99999999865002,0.9999993250099757
1991,10000,20,0.002,0.9999999986552981,0.9999993276490236
1992,10000,20,0.002,0.9999999986600056,0.9999993300027692
1993,10000,20,0.002,0.9999999986632866,0.9999993316432585
1994,10000,20,0.002,0.9999999986666388,0.9999993333194105
1995,10000,20,0.002,0.9999999986699911,0.9999993349955627
1996,10000,20,0.002,0.9999999986736287,0.999999336814366
1997,10000,20,0.002,0.999999998676767,0.9999993383835298
1998,10000,20,0.002,0.9999999986810466,0.9999993405232984
1999,10000,20,0.002,0.9999999986863247,0.9999993431623464
2000,10000,20,0.002,0.999999998690319,0.9999993451594639
2001,10000,20,0.002,0.9999999986945985,0.9999993472992326
2002,10000,20,0.002,0.9999999986985927,0.9999993492963499
2003,10000,20,0.002,0.9999999987010179,0.9999993505088856
2004,10000,20,0.002,0.9999999987053687,0.9999993526843169
2005,10000,20,0.002,0.9999999987082929,0.9999993541464922
2006,10000,20,0.002,0.9999999987108608,0.9999993554303533
2007,10000,20,0.002,0.9999999987145696,0.9999993572848197
2008,10000,20,0.002,0.9999999987194911,0.9999993597455534
2009,10000,20,0.002,0.9999999987234853,0.999999361742671
2010,10000,20,0.002,0.9999999987264098,0.9999993632048463
2011,10000,20,0.002,0.999999998729548,0.99999936477401
2012,10000,20,0.002,0.9999999987323298,0.9999993661648595
2013,10000,20,0.002,0.9999999987364665,0.9999993682333026
2014,10000,20,0.002,0.9999999987403895,0.9999993701947572
2015,10000,20,0.002,0.9999999987426005,0.9999993713003043
2016,10000,20,0.002,0.9999999987468089,0.9999993734044101
2017,10000,20,0.002,0.9999999987532282,0.9999993766140631
2018,10000,20,0.002,0.9999999987612166,0.999999380608298
2019,10000,20,0.002,0.9999999987642123,0.9999993821061361
2020,10000,20,0.002,0.9999999987670652,0.9999993835326485
2021,10000,20,0.002,0.999999998770489,0.9999993852444634
2022,10000,20,0.002,0.9999999987747685,0.999999387384232
2023,10000,20,0.002,0.9999999987786201,0.9999993893100239
2024,10000,20,0.002,0.9999999987820436,0.9999993910218389
2025,10000,20,0.002,0.9999999987858239,0.9999993929119677
2026,10000,20,0.002,0.9999999987899608,0.9999993949804108
2027,10000,20,0.002,0.9999999987923145,0.9999993961572837
2028,10000,20,0.002,0.9999999988008736,0.999999400436821
2029,10000,20,0.002,0.9999999988054386,0.9999994027192408
2030,10000,20,0.002,0.9999999988091474,0.9999994045737071
2031,10000,20,0.002,0.999999998812999,0.9999994064994989
2032,10000,20,0.002,0.99999999881628,0.9999994081399881
2033,10000,20,0.002,0.9999999988194183,0.9999994097091519
2034,10000,20,0.002,0.9999999988223427,0.9999994111713271
2035,10000,20,0.002,0.9999999988261228,0.999999413061456
2036,10000,20,0.002,0.9999999988294752,0.9999994147376082
2037,10000,20,0.002,0.9999999988323283,0.9999994161641206
2038,10000,20,0.002,0.99999999883511,0.9999994175549703
2039,10000,20,0.002,0.9999999988380343,0.9999994190171455
2040,10000,20,0.002,0.9999999988406021,0.9999994203010066
2041,10000,20,0.002,0.9999999988449528,0.9999994224764381
2042,10000,20,0.002,0.9999999988477346,0.9999994238672878
2043,10000,20,0.002,0.9999999988507302,0.9999994253651258
2044,10000,19,0.0019,0.9999999988538686,0.9999993967729364
2045,10000,19,0.0019,0.9999999988572923,0.9999993985748469
2046,10000,19,0.0019,0.9999999988724845,0.9999994065708244
2047,10000,19,0.0019,0.999999998875195,0.9999994079973369
2048,10000,19,0.0019,0.9999999988777627,0.9999994093487696
2049,10000,19,0.0019,0.9999999988801164,0.9999994105875831
2050,10000,19,0.0019,0.9999999988838967,0.9999994125771926
2051,10000,19,0.0019,0.999999998887463,0.9999994144541827
2052,10000,19,0.0019,0.9999999988926697,0.9999994171945881
2053,10000,19,0.0019,0.9999999988956654,0.9999994187712599
2054,10000,19,0.0019,0.9999999988983045,0.9999994201602325
2055,10000,19,0.0019,0.9999999989025126,0.9999994223750808
2056,10000,19,0.0019,0.9999999989072201,0.9999994248527075
2057,10000,19,0.0019,0.9999999989110717,0.9999994268798569
2058,10000,18,0.0018,0.9999999989144954,0.9999993969418655
2059,10000,18,0.0018,0.9999999989179903,0.9999993988835074
2060,10000,18,0.0018,0.9999999989209146,0.9999994005081465
2061,10000,18,0.0018,0.9999999989252656,0.9999994029252925
2062,10000,18,0.0018,0.9999999989289032,0.9999994049461853
2063,10000,18,0.0018,0.9999999989321128,0.9999994067293259
2064,10000,18,0.0018,0.9999999989347519,0.9999994081954635
2065,10000,18,0.0018,0.9999999989373909,0.9999994096616013
2066,10000,18,0.0018,0.9999999989425976,0.9999994125542516
2067,10000,18,0.0018,0.999999998945736,0.9999994142977667
2068,10000,18,0.0018,0.9999999989489456,0.9999994160809074
2069,10000,18,0.0018,0.9999999989515848,0.9999994175470451
2070,10000,18,0.0018,0.999999998954509,0.9999994191716843
2071,10000,18,0.0018,0.9999999989581466,0.999999421192577
2072,10000,18,0.0018,0.9999999989614988,0.9999994230549683
2073,10000,18,0.0018,0.9999999989648514,0.9999994249173595
2074,10000,18,0.0018,0.9999999989681322,0.9999994267401252
2075,10000,17,0.0017,0.9999999989707712,0.9999993945713374
2076,10000,17,0.0017,0.9999999989731251,0.9999993959558937
2077,10000,17,0.0017,0.9999999989759781,0.9999993976341436
2078,10000,17,0.0017,0.999999998979473,0.9999993996899997
2079,10000,17,0.0017,0.9999999989817555,0.9999994010325997
2080,10000,17,0.0017,0.999999998985607,0.999999403298237
2081,10000,17,0.0017,0.9999999989886027,0.9999994050603994
2082,10000,17,0.0017,0.9999999989912417,0.9999994066127808
2083,10000,17,0.0017,0.9999999989946654,0.9999994086266805
2084,10000,17,0.0017,0.9999999989975897,0.9999994103468868
2085,10000,17,0.0017,0.9999999990001575,0.9999994118573117
2086,10000,17,0.0017,0.9999999990025824,0.9999994132838241
2087,10000,17,0.0017,0.9999999990077894,0.9999994163466303
2088,10000,17,0.0017,0.9999999990092158,0.9999994171857551
2089,10000,17,0.0017,0.9999999990113555,0.9999994184444426
2090,10000,17,0.0017,0.9999999990155638,0.9999994209198614
2091,10000,17,0.0017,0.9999999990220544,0.99999942473788
2092,10000,16,0.0016,0.9999999990242655,0.9999993901659313
2093,10000,16,0.0016,0.9999999990265479,0.9999993915924438
2094,10000,16,0.0016,0.999999999031612,0.9999993947575183
2095,10000,16,0.0016,0.9999999990333951,0.9999993958719812
2096,10000,16,0.0016,0.9999999990361056,0.9999993975659647
2097,10000,16,0.0016,0.9999999990381028,0.999999398814163
2098,10000,16,0.0016,0.9999999990407418,0.9999994004635681
2099,10000,16,0.0016,0.9999999990433094,0.9999994020683945
2100,10000,16,0.0016,0.9999999990460912,0.9999994038069566
2101,10000,16,0.0016,0.9999999990496573,0.9999994060358822
2102,10000,15,0.0015,0.9999999990520825,0.9999993680549886
2103,10000,15,0.0015,0.9999999990545076,0.9999993696717026
2104,10000,15,0.0015,0.9999999990566474,0.999999371098215
2105,10000,15,0.0015,0.9999999990595716,0.9999993730477821
2106,10000,15,0.0015,0.9999999990619254,0.9999993746169458
2107,10000,15,0.0015,0.9999999990645644,0.9999993763763112
2108,10000,15,0.0015,0.9999999990672035,0.9999993781356765
2109,10000,15,0.0015,0.9999999990692721,0.9999993795146385
2110,10000,15,0.0015,0.999999999071697,0.9999993811313526
2111,10000,15,0.0015,0.9999999990746213,0.9999993830809195
2112,10000,15,0.0015,0.9999999990770465,0.9999993846976336
2113,10000,15,0.0015,0.9999999990801849,0.9999993867898519
2114,10000,15,0.0015,0.999999999082182,0.9999993881212637
2115,10000,15,0.0015,0.9999999990844642,0.9999993896428768
2116,10000,15,0.0015,0.999999999087246,0.9999993914973428
2117,10000,15,0.0015,0.9999999990893857,0.9999993929238553
2118,10000,15,0.0015,0.9999999990923815,0.9999993949209729
2119,10000,15,0.0015,0.9999999990961618,0.9999993974411449
2120,10000,15,0.0015,0.9999999990985154,0.9999993990103085
2121,10000,15,0.0015,0.9999999991016538,0.9999994011025267
2122,10000,15,0.0015,0.9999999991040789,0.9999994027192408
2123,10000,15,0.0015,0.9999999991067893,0.9999994045261567
2124,10000,15,0.0015,0.9999999991090003,0.9999994060002195
2125,10000,15,0.0015,0.9999999991118534,0.999999407902236
2126,10000,15,0.0015,0.9999999991137078,0.9999994091385468
2127,10000,15,0.0015,0.9999999991158476,0.9999994105650591
2128,10000,15,0.0015,0.9999999991182726,0.9999994121817732
2129,10000,15,0.0015,0.9999999991233368,0.9999994155578528
2130,10000,15,0.0015,0.9999999991259044,0.9999994172696678
2131,10000,15,0.0015,0.9999999991280442,0.9999994186961801
2132,10000,15,0.0015,0.9999999991300413,0.9999994200275917
2133,10000,15,0.0015,0.9999999991324664,0.999999421644306
2134,10000,15,0.0015,0.9999999991386005,0.9999994257336415
2135,10000,15,0.0015,0.9999999991409542,0.9999994273028052
2136,10000,15,0.0015,0.9999999991433793,0.9999994289195193
2137,10000,15,0.0015,0.9999999991451625,0.9999994301082797
2138,10000,15,0.0015,0.9999999991474448,0.999999431629893
2139,10000,15,0.0015,0.9999999991500839,0.9999994333892582
2140,10000,15,0.0015,0.9999999991526516,0.9999994351010733
2141,10000,15,0.0015,0.9999999991548627,0.999999436575136
2142,10000,15,0.0015,0.9999999991572164,0.9999994381442998
2143,10000,15,0.0015,0.9999999991602835,0.9999994401889677
2144,10000,15,0.0015,0.9999999991620666,0.999999441377728
2145,10000,15,0.0015,0.9999999991639923,0.9999994426615891
2146,10000,15,0.0015,0.9999999991660609,0.9999994440405512
2147,10000,15,0.0015,0.9999999991686285,0.9999994457523662
2148,10000,15,0.0015,0.9999999991709823,0.9999994473215299
2149,10000,15,0.0015,0.9999999991738354,0.9999994492235464
2150,10000,15,0.0015,0.9999999991762604,0.9999994508402604
2151,10000,15,0.0015,0.9999999991783288,0.9999994522192226
2152,10000,15,0.0015,0.9999999991806113,0.9999994537408359
2153,10000,15,0.0015,0.9999999991832502,0.9999994555002011
2154,10000,15,0.0015,0.9999999991870305,0.9999994580203733
2155,10000,15,0.0015,0.9999999991888849,0.9999994592566839
2156,10000,15,0.0015,0.9999999991904542,0.999999460302793
2157,10000,15,0.0015,0.9999999991975868,0.9999994650578345
2158,10000,15,0.0015,0.9999999991996551,0.9999994664367966
2159,10000,15,0.0015,0.9999999992013671,0.9999994675780065
2160,10000,15,0.0015,0.9999999992031502,0.9999994687667669
2161,10000,15,0.0015,0.9999999992047193,0.999999469812876
2162,10000,15,0.0015,0.9999999992067878,0.999999471191838
2163,10000,15,0.0015,0.9999999992104253,0.9999994736169092
2164,10000,15,0.0015,0.9999999992126365,0.999999475090972
2165,10000,15,0.0015,0.9999999992150614,0.9999994767076861
2166,10000,15,0.0015,0.9999999992177719,0.9999994785146018
2167,10000,15,0.0015,0.9999999992207677,0.9999994805117194
2168,10000,15,0.0015,0.9999999992231927,0.9999994821284335
2169,10000,15,0.0015,0.9999999992253323,0.999999483554946
2170,10000,15,0.0015,0.999999999232679,0.9999994884526385
2171,10000,15,0.0015,0.9999999992368159,0.9999994912105626
2172,10000,15,0.0015,0.999999999238813,0.9999994925419742
2173,10000,15,0.0015,0.999999999242308,0.9999994948719445
2174,10000,15,0.0015,0.9999999992450183,0.9999994966788602
2175,10000,15,0.0015,0.9999999992469442,0.9999994979627216
2176,10000,15,0.0015,0.9999999992487273,0.9999994991514818
2177,10000,15,0.0015,0.9999999992507956,0.999999500530444
2178,10000,15,0.0015,0.9999999992531494,0.9999995020996076
2179,10000,15,0.0015,0.9999999992555031,0.9999995036687713
2180,10000,15,0.0015,0.9999999992577855,0.9999995051903845
2181,10000,15,0.0015,0.9999999992597827,0.9999995065217963
2182,10000,15,0.0015,0.9999999992622077,0.9999995081385104
2183,10000,15,0.0015,0.9999999992637768,0.9999995091846193
2184,10000,15,0.0015,0.9999999992659167,0.9999995106111317
2185,10000,15,0.0015,0.9999999992679852,0.9999995119900938
2186,10000,15,0.0015,0.9999999992696257,0.9999995130837533
2187,10000,15,0.0015,0.9999999992713374,0.9999995142249634
2188,10000,15,0.0015,0.9999999992736199,0.9999995157465765
2189,10000,15,0.0015,0.999999999275617,0.9999995170779883
2190,10000,15,0.0015,0.9999999992779707,0.999999518647152
2191,10000,15,0.0015,0.9999999992797539,0.9999995198359123
2192,10000,15,0.0015,0.9999999992823929,0.9999995215952776
2193,10000,15,0.0015,0.999999999285032,0.9999995233546429
2194,10000,15,0.0015,0.9999999992873857,0.9999995249238067
2195,10000,15,0.0015,0.9999999992895255,0.9999995263503191
2196,10000,15,0.0015,0.9999999992948749,0.9999995299166002
2197,10000,15,0.0015,0.9999999992970147,0.9999995313431127
2198,10000,15,0.0015,0.9999999993041472,0.9999995360981541
2199,10000,15,0.0015,0.9999999993072143,0.9999995381428219
2200,10000,15,0.0015,0.9999999993092826,0.999999539521784
2201,10000,15,0.0015,0.9999999993112085,0.9999995408056452
2202,10000,15,0.0015,0.999999999312635,0.9999995417566534
2203,10000,15,0.0015,0.9999999993155594,0.9999995437062205
2204,10000,15,0.0015,0.9999999993178418,0.9999995452278337
2205,10000,15,0.0015,0.9999999993209088,0.9999995472725015
2206,10000,15,0.0015,0.9999999993233338,0.9999995488892156
2207,10000,15,0.0015,0.9999999993268288,0.9999995512191859
2208,10000,15,0.0015,0.999999999329254,0.9999995528359
2209,10000,15,0.0015,0.9999999993307518,0.9999995538344588
2210,10000,15,0.0015,0.9999999993330341,0.999999555356072
2211,10000,15,0.0015,0.9999999993348172,0.9999995565448324
2212,10000,15,0.0015,0.999999999337171,0.9999995581139961
2213,10000,15,0.0015,0.9999999993394534,0.9999995596356093
2214,10000,15,0.0015,0.9999999993412366,0.9999995608243697
2215,10000,15,0.0015,0.999999999343091,0.9999995620606805
2216,10000,15,0.0015,0.9999999993448028,0.9999995632018904
2217,10000,15,0.0015,0.9999999993487257,0.9999995658171633
2218,10000,15,0.0015,0.9999999993507228,0.999999567148575
2219,10000,15,0.0015,0.9999999993524346,0.9999995682897849
2220,10000,15,0.0015,0.9999999993550737,0.9999995700491502
2221,10000,15,0.0015,0.9999999993572849,0.9999995715232131
2222,10000,15,0.0015,0.999999999358854,0.9999995725693221
2223,10000,15,0.0015,0.9999999993606371,0.9999995737580826
2224,10000,15,0.0015,0.9999999993619924,0.9999995746615404
2225,10000,15,0.0015,0.9999999993642747,0.9999995761831537
2226,10000,15,0.0015,0.999999999366985,0.9999995779900694
2227,10000,15,0.0015,0.9999999993689109,0.9999995792739307
2228,10000,15,0.0015,0.9999999993732618,0.999999582174506
2229,10000,15,0.0015,0.9999999993757581,0.9999995838387704
2230,10000,15,0.0015,0.9999999993773274,0.9999995848848796
2231,10000,15,0.0015,0.9999999993789679,0.9999995859785391
2232,10000,15,0.0015,0.9999999993807509,0.9999995871672995
2233,10000,15,0.0015,0.9999999993858864,0.9999995905909294
2234,10000,15,0.0015,0.9999999993880261,0.9999995920174418
2235,10000,15,0.0015,0.9999999993897379,0.9999995931586517
2236,10000,15,0.0015,0.9999999993925911,0.9999995950606684
2237,10000,15,0.0015,0.9999999993951587,0.9999995967724833
2238,10000,15,0.0015,0.9999999993970845,0.9999995980563445
2239,10000,15,0.0015,0.9999999993998663,0.9999995999108106
2240,10000,15,0.0015,0.9999999994019346,0.9999996012897726
2241,10000,15,0.0015,0.9999999994035039,0.9999996023358818
2242,10000,15,0.0015,0.9999999994052157,0.9999996034770917
2243,10000,15,0.0015,0.9999999994070701,0.9999996047134024
2244,10000,15,0.0015,0.999999999408354,0.99999960556931
2245,10000,15,0.0015,0.9999999994099945,0.9999996066629695
2246,10000,15,0.0015,0.9999999994117063,0.9999996078041795
2247,10000,14,0.0014,0.9999999994157005,0.9999995826432172
2248,10000,14,0.0014,0.9999999994179829,0.9999995842735171
2249,10000,14,0.0014,0.9999999994196946,0.9999995854962421
2250,10000,14,0.0014,0.9999999994226904,0.9999995876360108
2251,10000,14,0.0014,0.9999999994246874,0.9999995890625232
2252,10000,14,0.0014,0.9999999994264707,0.9999995903361949
2253,10000,14,0.0014,0.9999999994282538,0.9999995916098668
2254,10000,14,0.0014,0.9999999994299655,0.9999995928325918
2255,10000,13,0.0013,0.9999999994317488,0.9999995628836685
2256,10000,13,0.0013,0.9999999994368842,0.9999995668340106
2257,10000,13,0.0013,0.9999999994380254,0.9999995677118644
2258,10000,13,0.0013,0.9999999994400226,0.9999995692481086
2259,10000,13,0.0013,0.9999999994411638,0.9999995701259624
2260,10000,13,0.0013,0.9999999994425189,0.9999995711684139
2261,10000,13,0.0013,0.9999999994458,0.9999995736922435
2262,10000,13,0.0013,0.9999999994525045,0.9999995788496345
2263,10000,13,0.0013,0.9999999994540737,0.9999995800566835
2264,10000,13,0.0013,0.9999999994560709,0.9999995815929278
2265,10000,13,0.0013,0.9999999994581392,0.9999995831840378
2266,10000,13,0.0013,0.9999999994594231,0.9999995841716234
2267,10000,13,0.0013,0.999999999461349,0.9999995856530017
2268,10000,13,0.0013,0.9999999994644873,0.9999995880670998
2269,10000,13,0.0013,0.9999999994663418,0.9999995894936121
2270,10000,13,0.0013,0.9999999994684815,0.999999591139588
2271,10000,13,0.0013,0.9999999994702645,0.9999995925112346
2272,10000,13,0.0013,0.9999999994734743,0.9999995949801985
2273,10000,13,0.0013,0.9999999994749721,0.9999995961323815
2274,10000,13,0.0013,0.9999999994765412,0.9999995973394306
2275,10000,13,0.0013,0.9999999994782531,0.9999995986562112
2276,10000,13,0.0013,0.9999999994794656,0.9999995995889309
2277,10000,13,0.0013,0.999999999481534,0.9999996011800408
2278,10000,13,0.0013,0.9999999994840304,0.9999996031003461
2279,10000,13,0.0013,0.9999999994861701,0.999999604746322
2280,10000,13,0.0013,0.999999999488096,0.9999996062277003
2281,10000,13,0.0013,0.9999999994895938,0.9999996073798834
2282,10000,13,0.0013,0.9999999994908777,0.9999996083674689
2283,10000,13,0.0013,0.9999999994920902,0.9999996093001886
2284,10000,13,0.0013,0.9999999994935881,0.9999996104523717
2285,10000,13,0.0013,0.9999999994967979,0.9999996129213357
2286,10000,13,0.0013,0.9999999994985809,0.9999996142929821
2287,10000,13,0.0013,0.999999999500364,0.9999996156646289
2288,10000,13,0.0013,0.9999999995022899,0.999999617146007
2289,10000,13,0.0013,0.9999999995034311,0.999999618023861
2290,10000,13,0.0013,0.9999999995046436,0.9999996189565806
2291,10000,13,0.0013,0.9999999995062127,0.9999996201636296
2292,10000,13,0.0013,0.999999999507568,0.999999621206081
2293,10000,13,0.0013,0.9999999995092084,0.9999996224679959
2294,10000,13,0.0013,0.999999999512204,0.999999624772362
2295,10000,13,0.0013,0.9999999995146291,0.9999996266378014
2296,10000,13,0.0013,0.999999999519194,0.9999996301492168
2297,10000,13,0.0013,0.999999999523331,0.9999996333314367
2298,10000,13,0.0013,0.9999999995245434,0.9999996342641564
2299,10000,13,0.0013,0.9999999995266118,0.9999996358552665
2300,10000,13,0.0013,0.9999999995300355,0.9999996384888279
2301,10000,13,0.0013,0.9999999995320326,0.999999640025072
2302,10000,13,0.0013,0.999999999533673,0.9999996412869869
2303,10000,13,0.0013,0.9999999995360982,0.9999996431524263
2304,10000,13,0.0013,0.9999999995374533,0.9999996441948777
2305,10000,13,0.0013,0.9999999995397358,0.9999996459505852
2306,10000,13,0.0013,0.9999999995517185,0.9999996551680502
2307,10000,13,0.0013,0.999999999553145,0.9999996562653676
2308,10000,13,0.0013,0.9999999995562833,0.9999996586794656
2309,10000,13,0.0013,0.9999999995589223,0.9999996607095024
2310,10000,13,0.0013,0.9999999995608482,0.9999996621908808
2311,10000,13,0.0013,0.9999999995632732,0.9999996640563201
2312,10000,13,0.0013,0.9999999995646285,0.9999996650987716
2313,10000,13,0.0013,0.9999999995672675,0.9999996671288084
2314,10000,13,0.0013,0.9999999995706198,0.999999669707504
2315,10000,13,0.0013,0.9999999995724742,0.9999996711340163
2316,10000,13,0.0013,0.9999999995741147,0.9999996723959312
2317,10000,13,0.0013,0.9999999995767538,0.9999996744259682
2318,10000,13,0.0013,0.9999999995785369,0.9999996757976148
2319,10000,13,0.0013,0.999999999581176,0.9999996778276518
2320,10000,13,0.0013,0.999999999585598,0.9999996812293352
2321,10000,13,0.0013,0.9999999995879519,0.9999996830399087
2322,10000,13,0.0013,0.9999999995910188,0.9999996853991407
2323,10000,13,0.0013,0.999999999593016,0.999999686935385
2324,10000,13,0.0013,0.9999999995947991,0.9999996883070316
2325,10000,13,0.0013,0.9999999995978661,0.9999996906662637
2326,10000,13,0.0013,0.9999999995995066,0.9999996919281786
2327,10000,13,0.0013,0.9999999996019318,0.9999996937936179
2328,10000,13,0.0013,0.9999999996032869,0.9999996948360693
2329,10000,13,0.0013,0.9999999996044994,0.999999695768789
2330,10000,13,0.0013,0.9999999996058547,0.9999996968112403
2331,10000,13,0.0013,0.9999999996072099,0.9999996978536918
2332,10000,13,0.0013,0.9999999996084937,0.9999996988412774
2333,10000,13,0.0013,0.9999999996103481,0.9999997002677898
2334,10000,13,0.0013,0.9999999996117745,0.999999701365107
2335,10000,13,0.0013,0.9999999996129872,0.9999997022978266
2336,10000,13,0.0013,0.9999999996161968,0.9999997047667906
2337,10000,13,0.0013,0.99999999961798,0.9999997061384371
2338,10000,13,0.0013,0.9999999996194064,0.9999997072357543
2339,10000,13,0.0013,0.9999999996225447,0.9999997096498523
2340,10000,13,0.0013,0.9999999996236147,0.9999997104728403
2341,10000,13,0.0013,0.9999999996255404,0.9999997119542187
2342,10000,13,0.0013,0.9999999996273236,0.9999997133258652
2343,10000,13,0.0013,0.9999999996290354,0.9999997146426458
2344,10000,13,0.0013,0.9999999996323878,0.9999997172213414
2345,10000,13,0.0013,0.9999999996344562,0.9999997188124515
2346,10000,13,0.0013,0.9999999996360966,0.9999997200743662
2347,10000,13,0.0013,0.9999999996370952,0.9999997208424883
2348,10000,12,0.0012,0.9999999996388784,0.9999996990653128
2349,10000,12,0.0012,0.9999999996405902,0.9999997004918253
2350,10000,12,0.0012,0.9999999996423733,0.9999997019777759
2351,10000,12,0.0012,0.9999999996440851,0.9999997034042883
2352,10000,12,0.0012,0.999999999645369,0.9999997044741726
2353,10000,12,0.0012,0.9999999996483646,0.9999997069705694
2354,10000,12,0.0012,0.9999999996541421,0.9999997117850489
2355,10000,12,0.0012,0.9999999996566384,0.9999997138653794
2356,10000,12,0.0012,0.9999999996579223,0.9999997149352637
2357,10000,12,0.0012,0.9999999996605614,0.9999997171344706
2358,10000,12,0.0012,0.9999999996619878,0.9999997183232308
2359,10000,12,0.0012,0.999999999663129,0.9999997192742393
2360,10000,12,0.0012,0.9999999996644842,0.9999997204035616
2361,10000,12,0.0012,0.9999999996664813,0.999999722067826
2362,10000,12,0.0012,0.9999999996677652,0.9999997231377104
2363,10000,12,0.0012,0.9999999996694057,0.9999997245047848
2364,10000,12,0.0012,0.9999999996704757,0.9999997253963551
2365,10000,12,0.0012,0.9999999996716168,0.9999997263473633
2366,10000,12,0.0012,0.9999999996739707,0.9999997283088179
2367,10000,12,0.0012,0.9999999996754685,0.9999997295570163
2368,10000,12,0.0012,0.9999999996768236,0.9999997306863387
2369,10000,12,0.0012,0.9999999996780361,0.9999997316967849
2370,10000,12,0.0012,0.9999999996793912,0.9999997328261074
2371,10000,12,0.0012,0.9999999996821017,0.999999735084752
2372,10000,12,0.0012,0.9999999996842416,0.9999997368678926
2373,10000,12,0.0012,0.9999999996861673,0.9999997384727191
2374,10000,11,0.0011,0.9999999996875224,0.9999997159294998
2375,10000,11,0.0011,0.9999999996901614,0.9999997183286342
2376,10000,11,0.0011,0.9999999996912314,0.9999997193012565
2377,10000,11,0.0011,0.9999999996923012,0.9999997202738785
2378,10000,11,0.0011,0.9999999996949402,0.9999997226730132
2379,10000,11,0.0011,0.9999999996962242,0.9999997238401597
2380,10000,11,0.0011,0.9999999996978647,0.9999997253315136
2381,10000,11,0.0011,0.9999999996987918,0.9999997261744527
2382,10000,11,0.0011,0.9999999997002184,0.9999997274712823
2383,10000,11,0.0011,0.9999999997022155,0.9999997292868436
2384,10000,11,0.0011,0.9999999997040699,0.9999997309727219
2385,10000,11,0.0011,0.9999999997054966,0.9999997322695514
2386,10000,11,0.0011,0.9999999997081356,0.999999734668686
2387,10000,11,0.0011,0.9999999997092054,0.999999735641308
2388,10000,11,0.0011,0.9999999997111313,0.9999997373920279
2389,10000,11,0.0011,0.9999999997129857,0.9999997390779063
2390,10000,11,0.0011,0.9999999997144122,0.9999997403747357
2391,10000,11,0.0011,0.9999999997166233,0.9999997423848214
2392,10000,11,0.0011,0.9999999997180499,0.999999743681651
2393,10000,11,0.0011,0.9999999997191197,0.999999744654273
2394,10000,11,0.0011,0.9999999997214022,0.9999997467292002
2395,10000,11,0.0011,0.9999999997229,0.9999997480908711
2396,10000,11,0.0011,0.9999999997241125,0.9999997491931761
2397,10000,11,0.0011,0.9999999997253963,0.9999997503603227
2398,10000,11,0.0011,0.9999999997264661,0.9999997513329448
2399,10000,11,0.0011,0.9999999997277501,0.9999997525000914
2400,10000,11,0.0011,0.9999999997289626,0.9999997536023965
2401,10000,11,0.0011,0.9999999997309599,0.9999997554179577
2402,10000,11,0.0011,0.9999999997330995,0.999999757363202
2403,10000,11,0.0011,0.9999999997342407,0.9999997584006656
2404,10000,11,0.0011,0.9999999997360953,0.999999760086544
2405,10000,11,0.0011,0.9999999997373078,0.999999761188849
2406,10000,11,0.0011,0.9999999997387342,0.9999997624856786
2407,10000,11,0.0011,0.9999999997403747,0.9999997639770324
2408,10000,11,0.0011,0.9999999997416585,0.999999765144179
2409,10000,11,0.0011,0.9999999997430138,0.999999766376167
2410,10000,11,0.0011,0.9999999997442977,0.9999997675433134
2411,10000,11,0.0011,0.9999999997466513,0.9999997696830821
2412,10000,11,0.0011,0.9999999997495044,0.9999997722767412
2413,10000,11,0.0011,0.9999999997508596,0.9999997735087293
2414,10000,11,0.0011,0.9999999997520007,0.9999997745461928
2415,10000,11,0.0011,0.9999999997534273,0.9999997758430224
2416,10000,11,0.0011,0.9999999997546398,0.9999997769453274
2417,10000,11,0.0011,0.9999999997561376,0.9999997783069984
2418,10000,10,0.001,0.999999999757493,0.9999997574928849
2419,10000,10,0.001,0.9999999997598467,0.9999997598466305
2420,10000,10,0.001,0.999999999762343,0.9999997623430272
2421,10000,10,0.001,0.9999999997643402,0.9999997643401446
2422,10000,10,0.001,0.9999999997659093,0.9999997659093084
2423,10000,10,0.001,0.9999999997673358,0.9999997673358207
2424,10000,10,0.001,0.9999999997687624,0.9999997687623332
2425,10000,10,0.001,0.9999999997706168,0.9999997706167996
2426,10000,10,0.001,0.9999999997720432,0.9999997720433119
2427,10000,10,0.001,0.9999999997733271,0.9999997733271732
2428,10000,10,0.001,0.9999999997745398,0.9999997745397087
2429,10000,10,0.001,0.9999999997760376,0.9999997760375468
2430,10000,10,0.001,0.9999999997769647,0.9999997769647798
2431,10000,10,0.001,0.9999999997783199,0.9999997783199667
2432,10000,10,0.001,0.9999999997798892,0.9999997798891304
2433,10000,10,0.001,0.999999999781173,0.9999997811729916
2434,10000,10,0.001,0.9999999997825282,0.9999997825281782
2435,10000,10,0.001,0.9999999997839546,0.9999997839546907
2436,10000,10,0.001,0.9999999997849532,0.9999997849532495
2437,10000,10,0.001,0.9999999997860232,0.9999997860231338
2438,10000,10,0.001,0.9999999997872356,0.9999997872356694
2439,10000,10,0.001,0.9999999997888049,0.9999997888048331
2440,10000,10,0.001,0.9999999997903027,0.9999997903026712
2441,10000,10,0.001,0.9999999997914439,0.9999997914438811
2442,10000,10,0.001,0.999999999793013,0.9999997930130448
2443,10000,10,0.001,0.9999999997941543,0.9999997941542548
2444,10000,10,0.001,0.9999999997951529,0.9999997951528135
2445,10000,10,0.001,0.9999999997964367,0.9999997964366746
2446,10000,10,0.001,0.9999999997984338,0.9999997984337922
2447,10000,10,0.001,0.9999999997999317,0.9999997999316301
2448,10000,10,0.001,0.9999999998010729,0.99999980107284
2449,10000,10,0.001,0.9999999998020714,0.9999998020713988
2450,10000,10,0.001,0.9999999998027846,0.999999802784655
2451,10000,10,0.001,0.9999999998044252,0.9999998044251442
2452,10000,10,0.001,0.9999999998057804,0.9999998057803312
2453,10000,10,0.001,0.9999999998071355,0.9999998071355178
2454,10000,10,0.001,0.9999999998083481,0.9999998083480535
2455,10000,10,0.001,0.9999999998099173,0.9999998099172172
2456,10000,10,0.001,0.9999999998107019,0.999999810701799
2457,10000,10,0.001,0.9999999998118431,0.999999811843009
2458,10000,10,0.001,0.9999999998132695,0.9999998132695215
2459,10000,10,0.001,0.9999999998141967,0.9999998141967545
2460,10000,10,0.001,0.9999999998151954,0.9999998151953133
2461,10000,10,0.001,0.99999999981598,0.9999998159798951
2462,10000,10,0.001,0.9999999998168358,0.9999998168358025
2463,10000,10,0.001,0.9999999998179057,0.9999998179056869
2464,10000,10,0.001,0.9999999998190469,0.9999998190468968
2465,10000,10,0.001,0.9999999998203308,0.999999820330758
2466,10000,10,0.001,0.9999999998221852,0.9999998221852242
2467,10000,10,0.001,0.999999999823255,0.9999998232551086
2468,10000,10,0.001,0.999999999824325,0.9999998243249929
2469,10000,10,0.001,0.999999999825894,0.9999998258941566
2470,10000,9,0.0009,0.9999999998271067,0.9999998078963246
2471,10000,9,0.0009,0.9999999998279626,0.9999998088473329
2472,10000,9,0.0009,0.999999999829389,0.9999998104323468
2473,10000,9,0.0009,0.999999999830459,0.9999998116211071
2474,10000,9,0.0009,0.9999999998314576,0.9999998127306167
2475,10000,9,0.0009,0.9999999998322422,0.9999998136023744
2476,10000,9,0.0009,0.9999999998331693,0.9999998146326333
2477,10000,9,0.0009,0.9999999998340966,0.9999998156628923
2478,10000,9,0.0009,0.9999999998349525,0.9999998166139006
2479,10000,9,0.0009,0.9999999998358798,0.9999998176441596
2480,10000,9,0.0009,0.9999999998371636,0.9999998190706719
2481,10000,9,0.0009,0.9999999998379482,0.9999998199424297
2482,10000,9,0.0009,0.9999999998393033,0.9999998214481928
2483,10000,9,0.0009,0.9999999998403732,0.9999998226369531
2484,10000,9,0.0009,0.9999999998415146,0.9999998239049642
2485,10000,9,0.0009,0.9999999998425844,0.9999998250937245
2486,10000,9,0.0009,0.999999999843369,0.9999998259654822
2487,10000,9,0.0009,0.9999999998446528,0.9999998273919946
2488,10000,9,0.0009,0.9999999998455087,0.9999998283430028
2489,10000,9,0.0009,0.9999999998465073,0.9999998294525125
2490,10000,9,0.0009,0.9999999998475059,0.9999998305620222
2491,10000,9,0.0009,0.9999999998482905,0.9999998314337799
2492,10000,9,0.0009,0.999999999849289,0.9999998325432896
2493,10000,9,0.0009,0.9999999998502875,0.9999998336527991
2494,10000,9,0.0009,0.9999999998512862,0.9999998347623088
2495,10000,9,0.0009,0.9999999998524274,0.9999998360303199
2496,10000,9,0.0009,0.9999999998533545,0.9999998370605789
2497,10000,9,0.0009,0.9999999998544244,0.9999998382493394
2498,10000,9,0.0009,0.9999999998553516,0.9999998392795983
2499,10000,9,0.0009,0.999999999856279,0.9999998403098573
2500,10000,9,0.0009,0.999999999857206,0.9999998413401163
2501,10000,9,0.0009,0.999999999858276,0.9999998425288767
2502,10000,9,0.0009,0.9999999998592032,0.9999998435591356
2503,10000,9,0.0009,0.9999999998599878,0.9999998444308932
2504,10000,9,0.0009,0.9999999998609863,0.9999998455404029
2505,10000,9,0.0009,0.9999999998616995,0.9999998463329098
2506,10000,9,0.0009,0.9999999998624842,0.9999998472046673
2507,10000,9,0.0009,0.9999999998636968,0.9999998485519292
2508,10000,9,0.0009,0.9999999998645527,0.9999998495029374
2509,10000,9,0.0009,0.9999999998653372,0.9999998503746951
2510,10000,9,0.0009,0.9999999998664784,0.9999998516427061
2511,10000,9,0.0009,0.9999999998673342,0.9999998525937144
2512,10000,9,0.0009,0.9999999998681903,0.9999998535447228
2513,10000,9,0.0009,0.9999999998692601,0.999999854733483
2514,10000,9,0.0009,0.9999999998700447,0.9999998556052407
2515,10000,9,0.0009,0.9999999998708293,0.9999998564769982
2516,10000,9,0.0009,0.9999999998720419,0.99999985782426
2517,10000,9,0.0009,0.9999999998730404,0.9999998589337697
2518,10000,9,0.0009,0.9999999998741103,0.9999998601225301
2519,10000,9,0.0009,0.9999999998749662,0.9999998610735384
2520,10000,9,0.0009,0.9999999998758221,0.9999998620245467
2521,10000,9,0.0009,0.999999999876678,0.9999998629755549
2522,10000,9,0.0009,0.9999999998774627,0.9999998638473125
2523,10000,9,0.0009,0.9999999998783898,0.9999998648775715
2524,10000,9,0.0009,0.9999999998791744,0.9999998657493291
2525,10000,9,0.0009,0.999999999879959,0.9999998666210868
2526,10000,9,0.0009,0.9999999998807435,0.9999998674928444
2527,10000,9,0.0009,0.9999999998814568,0.9999998682853511
2528,10000,9,0.0009,0.9999999998820989,0.9999998689986074
2529,10000,9,0.0009,0.9999999998832398,0.9999998702666185
2530,10000,9,0.0009,0.9999999998843812,0.9999998715346295
2531,10000,9,0.0009,0.9999999998851657,0.9999998724063872
2532,10000,8,0.0008,0.9999999998859503,0.9999998574379129
2533,10000,8,0.0008,0.9999999998865923,0.9999998582403261
2534,10000,8,0.0008,0.9999999998873768,0.9999998592210535
2535,10000,8,0.0008,0.9999999998881614,0.9999998602017808
2536,10000,8,0.0008,0.9999999998889461,0.999999861182508
2537,10000,8,0.0008,0.9999999998896593,0.9999998620740783
2538,10000,8,0.0008,0.9999999998903725,0.9999998629656486
2539,10000,8,0.0008,0.9999999998911571,0.999999863946376
2540,10000,8,0.0008,0.9999999998922983,0.9999998653728883
2541,10000,8,0.0008,0.9999999998929402,0.9999998661753016
2542,10000,8,0.0008,0.9999999998935822,0.9999998669777148
2543,10000,8,0.0008,0.9999999998942242,0.9999998677801281
2544,10000,8,0.0008,0.99999999989508,0.9999998688500125
2545,10000,8,0.0008,0.999999999895722,0.9999998696524257
2546,10000,8,0.0008,0.9999999998966491,0.999999870811467
2547,10000,8,0.0008,0.9999999998975764,0.9999998719705084
2548,10000,8,0.0008,0.9999999998983611,0.9999998729512357
2549,10000,8,0.0008,0.999999999899217,0.99999987402112
2550,10000,8,0.0008,0.9999999998998589,0.9999998748235333
2551,10000,8,0.0008,0.9999999999004294,0.9999998755367895
2552,10000,8,0.0008,0.999999999901214,0.9999998765175168
2553,10000,8,0.0008,0.999999999901856,0.99999987731993
2554,10000,7,0.0007,0.9999999999025692,0.9999998608131433
2555,10000,7,0.0007,0.9999999999033539,0.9999998619339745
2556,10000,7,0.0007,0.9999999999040671,0.999999862952912
2557,10000,7,0.0007,0.9999999999047803,0.9999998639718494
2558,10000,7,0.0007,0.9999999999054222,0.999999864888893
2559,10000,7,0.0007,0.9999999999064921,0.9999998664172992
2560,10000,7,0.0007,0.9999999999071341,0.999999867334343
2561,10000,7,0.0007,0.9999999999077046,0.9999998681494929
2562,10000,7,0.0007,0.9999999999082754,0.999999868964643
2563,10000,7,0.0007,0.9999999999089171,0.9999998698816865
2564,10000,7,0.0007,0.9999999999096305,0.999999870900624
2565,10000,7,0.0007,0.999999999910201,0.999999871715774
2566,10000,7,0.0007,0.999999999910843,0.9999998726328178
2567,10000,7,0.0007,0.9999999999116989,0.9999998738555427
2568,10000,6,0.0006,0.9999999999129113,0.9999998548523591
2569,10000,6,0.0006,0.999999999913482,0.9999998558033674
2570,10000,6,0.0006,0.9999999999141952,0.9999998569921278
2571,10000,6,0.0006,0.9999999999152652,0.9999998587752683
2572,10000,6,0.0006,0.999999999916335,0.9999998605584088
2573,10000,6,0.0006,0.9999999999169057,0.9999998615094171
2574,10000,6,0.0006,0.9999999999177616,0.9999998629359296
2575,10000,6,0.0006,0.999999999918546,0.999999864243566
2576,10000,6,0.0006,0.999999999919188,0.9999998653134504
2577,10000,6,0.0006,0.9999999999197587,0.9999998662644586
2578,10000,6,0.0006,0.999999999920258,0.9999998670965909
2579,10000,6,0.0006,0.9999999999207573,0.9999998679287231
2580,10000,6,0.0006,0.9999999999213278,0.9999998688797315
2581,10000,6,0.0006,0.9999999999219698,0.9999998699496159
2582,10000,6,0.0006,0.999999999922683,0.9999998711383761
2583,10000,6,0.0006,0.9999999999233249,0.9999998722082604
2584,10000,6,0.0006,0.9999999999240383,0.9999998733970208
2585,10000,6,0.0006,0.9999999999246088,0.9999998743480291
2586,10000,6,0.0006,0.9999999999251795,0.9999998752990374
2587,10000,6,0.0006,0.9999999999256074,0.9999998760122937
2588,10000,6,0.0006,0.9999999999263206,0.999999877201054
2589,10000,6,0.0006,0.9999999999268199,0.9999998780331862
2590,10000,6,0.0006,0.9999999999274618,0.9999998791030706
2591,10000,6,0.0006,0.9999999999280325,0.9999998800540788
2592,10000,6,0.0006,0.9999999999293162,0.9999998821938475
2593,10000,6,0.0006,0.9999999999299581,0.9999998832637318
2594,10000,6,0.0006,0.9999999999306002,0.9999998843336162
2595,10000,6,0.0006,0.9999999999310282,0.9999998850468724
2596,10000,6,0.0006,0.9999999999315274,0.9999998858790047
2597,10000,6,0.0006,0.999999999932098,0.999999886830013
2598,10000,6,0.0006,0.9999999999325972,0.9999998876621452
2599,10000,6,0.0006,0.9999999999333818,0.9999998889697816
2600,10000,6,0.0006,0.99999999993381,0.9999998896830378
2601,10000,6,0.0006,0.9999999999342377,0.999999890396294
2602,10000,6,0.0006,0.999999999934737,0.9999998912284264
2603,10000,6,0.0006,0.9999999999353077,0.9999998921794346
2604,10000,6,0.0006,0.9999999999357356,0.9999998928926908
2605,10000,6,0.0006,0.9999999999363776,0.9999998939625752
2606,10000,6,0.0006,0.9999999999368056,0.9999998946758314
2607,10000,6,0.0006,0.9999999999372334,0.9999998953890876
2608,10000,6,0.0006,0.9999999999377327,0.9999998962212199
2609,10000,6,0.0006,0.9999999999381607,0.9999998969344761
2610,10000,6,0.0006,0.9999999999388026,0.9999998980043604
2611,10000,6,0.0006,0.9999999999393019,0.9999998988364928
2612,10000,6,0.0006,0.9999999999398013,0.9999998996686249
2613,10000,6,0.0006,0.9999999999404432,0.9999999007385092
2614,10000,6,0.0006,0.9999999999410849,0.9999999018083936
2615,10000,6,0.0006,0.999999999941513,0.9999999025216498
2616,10000,6,0.0006,0.9999999999420837,0.9999999034726582
2617,10000,6,0.0006,0.9999999999425829,0.9999999043047904
2618,10000,6,0.0006,0.9999999999433674,0.9999999056124269
2619,10000,6,0.0006,0.9999999999438667,0.999999906444559
2620,10000,6,0.0006,0.9999999999444373,0.9999999073955674
2621,10000,6,0.0006,0.9999999999449367,0.9999999082276996
2622,10000,6,0.0006,0.999999999945436,0.9999999090598318
2623,10000,6,0.0006,0.9999999999460065,0.9999999100108401
2624,10000,6,0.0006,0.9999999999466485,0.9999999110807244
2625,10000,6,0.0006,0.9999999999470764,0.9999999117939806
2626,10000,6,0.0006,0.9999999999475757,0.999999912626113
2627,10000,6,0.0006,0.9999999999482176,0.9999999136959973
2628,10000,5,0.0005,0.9999999999487169,0.9999998974337555
2629,10000,5,0.0005,0.9999999999491448,0.999999898289663
2630,10000,5,0.0005,0.9999999999495014,0.9999998990029192
2631,10000,5,0.0005,0.9999999999499294,0.9999998998588265
2632,10000,5,0.0005,0.9999999999505714,0.9999999011426879
2633,10000,5,0.0005,0.9999999999509992,0.9999999019985952
2634,10000,5,0.0005,0.9999999999514986,0.999999902997154
2635,10000,5,0.0005,0.9999999999520692,0.9999999041383639
2636,10000,5,0.0005,0.9999999999527112,0.9999999054222252
2637,10000,5,0.0005,0.999999999953139,0.9999999062781325
2638,10000,4,0.0004,0.9999999999534956,0.999999883739236
2639,10000,4,0.0004,0.9999999999538524,0.9999998846308064
2640,10000,4,0.0004,0.9999999999541376,0.9999998853440625
2641,10000,4,0.0004,0.9999999999544229,0.9999998860573187
2642,10000,4,0.0004,0.999999999954851,0.9999998871272031
2643,10000,4,0.0004,0.9999999999552076,0.9999998880187734
2644,10000,4,0.0004,0.9999999999554927,0.9999998887320296
2645,10000,4,0.0004,0.9999999999559208,0.9999998898019139
2646,10000,4,0.0004,0.9999999999562061,0.9999998905151701
2647,10000,4,0.0004,0.9999999999565627,0.9999998914067404
2648,10000,4,0.0004,0.9999999999569905,0.9999998924766247
2649,10000,4,0.0004,0.9999999999573473,0.9999998933681951
2650,10000,3,0.0003,0.9999999999576326,0.9999998587752683
2651,10000,3,0.0003,0.9999999999578466,0.9999998594885245
2652,10000,3,0.0003,0.9999999999581318,0.9999998604395328
2653,10000,3,0.0003,0.9999999999584172,0.9999998613905412
2654,10000,3,0.0003,0.9999999999587025,0.9999998623415495
2655,10000,3,0.0003,0.9999999999589164,0.9999998630548056
2656,10000,3,0.0003,0.9999999999592017,0.9999998640058139
2657,10000,3,0.0003,0.9999999999594871,0.9999998649568222
2658,10000,3,0.0003,0.999999999959701,0.9999998656700785
2659,10000,3,0.0003,0.999999999959915,0.9999998663833347
2660,10000,3,0.0003,0.9999999999601289,0.9999998670965909
2661,10000,3,0.0003,0.9999999999603431,0.9999998678098472
2662,10000,3,0.0003,0.9999999999606282,0.9999998687608554
2663,10000,3,0.0003,0.9999999999608423,0.9999998694741116
2664,10000,3,0.0003,0.9999999999610563,0.9999998701873678
2665,10000,3,0.0003,0.9999999999612701,0.999999870900624
2666,10000,3,0.0003,0.9999999999616267,0.9999998720893845
2667,10000,3,0.0003,0.9999999999618409,0.9999998728026407
2668,10000,3,0.0003,0.9999999999620548,0.9999998735158969
2669,10000,3,0.0003,0.9999999999623401,0.9999998744669052
2670,10000,3,0.0003,0.999999999962768,0.9999998758934177
2671,10000,3,0.0003,0.9999999999629821,0.9999998766066738
2672,10000,3,0.0003,0.9999999999633387,0.9999998777954342
2673,10000,3,0.0003,0.9999999999636953,0.9999998789841945
2674,10000,3,0.0003,0.9999999999639806,0.9999998799352029
2675,10000,3,0.0003,0.9999999999641945,0.9999998806484591
2676,10000,3,0.0003,0.9999999999644085,0.9999998813617154
2677,10000,3,0.0003,0.9999999999646938,0.9999998823127236
2678,10000,3,0.0003,0.9999999999649077,0.9999998830259799
2679,10000,3,0.0003,0.9999999999651219,0.999999883739236
2680,10000,3,0.0003,0.9999999999653357,0.9999998844524922
2681,10000,3,0.0003,0.9999999999656923,0.9999998856412526
2682,10000,3,0.0003,0.9999999999659063,0.9999998863545089
2683,10000,3,0.0003,0.9999999999661917,0.9999998873055171
2684,10000,3,0.0003,0.999999999966477,0.9999998882565254
2685,10000,3,0.0003,0.999999999966691,0.9999998889697816
2686,10000,3,0.0003,0.9999999999669048,0.9999998896830378
2687,10000,3,0.0003,0.999999999967119,0.999999890396294
2688,10000,3,0.0003,0.9999999999673329,0.9999998911095502
2689,10000,2,0.0002,0.9999999999675468,0.9999998377342098
2690,10000,2,0.0002,0.9999999999676895,0.999999838447466
2691,10000,2,0.0002,0.9999999999679035,0.9999998395173504
2692,10000,2,0.0002,0.9999999999681175,0.9999998405872347
2693,10000,2,0.0002,0.9999999999682601,0.9999998413004909
2694,10000,2,0.0002,0.9999999999684027,0.9999998420137471
2695,10000,2,0.0002,0.9999999999686168,0.9999998430836314
2696,10000,2,0.0002,0.9999999999687593,0.9999998437968877
2697,10000,2,0.0002,0.999999999969116,0.9999998455800282
2698,10000,2,0.0002,0.9999999999694013,0.9999998470065407
2699,10000,2,0.0002,0.9999999999695439,0.9999998477197969
2700,10000,2,0.0002,0.999999999969758,0.9999998487896812
2701,10000,2,0.0002,0.9999999999699005,0.9999998495029374
2702,10000,2,0.0002,0.9999999999701858,0.9999998509294499
2703,10000,2,0.0002,0.9999999999703285,0.9999998516427061
2704,10000,2,0.0002,0.9999999999704712,0.9999998523559623
2705,10000,2,0.0002,0.999999999970614,0.9999998530692186
2706,10000,2,0.0002,0.9999999999707566,0.9999998537824748
2707,10000,2,0.0002,0.9999999999708991,0.999999854495731
2708,10000,2,0.0002,0.9999999999710417,0.9999998552089873
2709,10000,2,0.0002,0.9999999999712559,0.9999998562788716
2710,10000,2,0.0002,0.9999999999713983,0.9999998569921278
2711,10000,2,0.0002,0.999999999971541,0.999999857705384
2712,10000,2,0.0002,0.9999999999718976,0.9999998594885245
2713,10000,2,0.0002,0.9999999999721118,0.9999998605584088
2714,10000,2,0.0002,0.9999999999722544,0.9999998612716651
2715,10000,2,0.0002,0.9999999999723969,0.9999998619849213
2716,10000,2,0.0002,0.999999999972611,0.9999998630548056
2717,10000,2,0.0002,0.9999999999727537,0.9999998637680618
2718,10000,2,0.0002,0.9999999999728962,0.9999998644813181
2719,10000,2,0.0002,0.9999999999730389,0.9999998651945743
2720,10000,2,0.0002,0.9999999999731816,0.9999998659078305
2721,10000,2,0.0002,0.9999999999733242,0.9999998666210868
2722,10000,2,0.0002,0.9999999999734669,0.999999867334343
2723,10000,2,0.0002,0.9999999999736808,0.9999998684042273
2724,10000,2,0.0002,0.9999999999738235,0.9999998691174835
2725,10000,2,0.0002,0.9999999999741088,0.999999870543996
2726,10000,2,0.0002,0.9999999999743228,0.9999998716138803
2727,10000,2,0.0002,0.9999999999744654,0.9999998723271365
2728,10000,2,0.0002,0.9999999999746794,0.9999998733970208
2729,10000,2,0.0002,0.999999999974822,0.999999874110277
2730,10000,2,0.0002,0.9999999999749647,0.9999998748235333
2731,10000,2,0.0002,0.9999999999751786,0.9999998758934177
2732,10000,2,0.0002,0.9999999999753213,0.9999998766066738
2733,10000,2,0.0002,0.999999999975464,0.99999987731993
2734,10000,2,0.0002,0.9999999999756066,0.9999998780331862
2735,10000,2,0.0002,0.9999999999758206,0.9999998791030706
2736,10000,2,0.0002,0.9999999999759632,0.9999998798163269
2737,10000,2,0.0002,0.999999999976106,0.999999880529583
2738,10000,2,0.0002,0.9999999999762487,0.9999998812428392
2739,10000,2,0.0002,0.9999999999764625,0.9999998823127236
2740,10000,2,0.0002,0.9999999999766053,0.9999998830259799
2741,10000,2,0.0002,0.9999999999767479,0.999999883739236
2742,10000,2,0.0002,0.9999999999769619,0.9999998848091204
2743,10000,2,0.0002,0.9999999999772472,0.9999998862356329
2744,10000,2,0.0002,0.9999999999773899,0.9999998869488891
2745,10000,2,0.0002,0.9999999999776038,0.9999998880187734
2746,10000,2,0.0002,0.9999999999777465,0.9999998887320296
2747,10000,2,0.0002,0.9999999999778891,0.9999998894452858
2748,10000,2,0.0002,0.9999999999780317,0.9999998901585421
2749,10000,2,0.0002,0.999999999978317,0.9999998915850544
2750,10000,2,0.0002,0.9999999999784597,0.9999998922983107
2751,10000,2,0.0002,0.9999999999786023,0.9999998930115669
2752,10000,2,0.0002,0.999999999978745,0.9999998937248231
2753,10000,2,0.0002,0.9999999999788877,0.9999998944380794
2754,10000,2,0.0002,0.9999999999791016,0.9999998955079636
2755,10000,2,0.0002,0.9999999999792443,0.9999998962212199
2756,10000,2,0.0002,0.9999999999793869,0.9999998969344761
2757,10000,2,0.0002,0.9999999999796009,0.9999998980043604
2758,10000,2,0.0002,0.9999999999797435,0.9999998987176166
2759,10000,2,0.0002,0.9999999999799575,0.999999899787501
2760,10000,2,0.0002,0.9999999999801714,0.9999999008573853
2761,10000,2,0.0002,0.9999999999803141,0.9999999015706416
2762,10000,2,0.0002,0.9999999999804567,0.9999999022838978
2763,10000,2,0.0002,0.9999999999805994,0.999999902997154
2764,10000,2,0.0002,0.9999999999807421,0.9999999037104103
2765,10000,2,0.0002,0.9999999999808848,0.9999999044236665
2766,10000,2,0.0002,0.9999999999810987,0.9999999054935508
2767,10000,2,0.0002,0.9999999999813126,0.9999999065634351
2768,10000,2,0.0002,0.9999999999814553,0.9999999072766913
2769,10000,2,0.0002,0.9999999999815979,0.9999999079899475
2770,10000,2,0.0002,0.9999999999817407,0.9999999087032038
2771,10000,2,0.0002,0.9999999999818834,0.99999990941646
2772,10000,2,0.0002,0.999999999982026,0.9999999101297162
2773,10000,2,0.0002,0.9999999999821685,0.9999999108429725
2774,10000,2,0.0002,0.9999999999823111,0.9999999115562287
2775,10000,2,0.0002,0.9999999999824539,0.9999999122694848
2776,10000,2,0.0002,0.9999999999825966,0.999999912982741
2777,10000,2,0.0002,0.9999999999827393,0.9999999136959973
2778,10000,2,0.0002,0.9999999999828819,0.9999999144092535
2779,10000,2,0.0002,0.9999999999830246,0.9999999151225097
2780,10000,2,0.0002,0.9999999999831671,0.999999915835766
2781,10000,2,0.0002,0.9999999999833098,0.9999999165490222
2782,10000,2,0.0002,0.9999999999834525,0.9999999172622784
2783,10000,2,0.0002,0.9999999999835951,0.9999999179755347
2784,10000,2,0.0002,0.9999999999838091,0.999999919045419
2785,10000,2,0.0002,0.9999999999839517,0.9999999197586752
2786,10000,1,0.0001,0.9999999999840944,0.9999998409438628
2787,10000,1,0.0001,0.999999999984237,0.9999998423703752
2788,10000,1,0.0001,0.9999999999843083,0.9999998430836314
2789,10000,1,0.0001,0.999999999984451,0.9999998445101439
2790,10000,1,0.0001,0.9999999999845224,0.9999998452234001
2791,10000,1,0.0001,0.9999999999845937,0.9999998459366564
2792,10000,1,0.0001,0.9999999999847363,0.9999998473631688
2793,10000,1,0.0001,0.999999999984879,0.9999998487896812
2794,10000,1,0.0001,0.9999999999849503,0.9999998495029374
2795,10000,1,0.0001,0.9999999999850216,0.9999998502161936
2796,10000,1,0.0001,0.9999999999850929,0.9999998509294499
2797,10000,1,0.0001,0.9999999999851642,0.9999998516427061
2798,10000,1,0.0001,0.9999999999852356,0.9999998523559623
2799,10000,1,0.0001,0.9999999999853069,0.9999998530692186
2800,10000,1,0.0001,0.9999999999853783,0.9999998537824748
2801,10000,1,0.0001,0.9999999999855209,0.9999998552089873
2802,10000,1,0.0001,0.9999999999855922,0.9999998559222434
2803,10000,1,0.0001,0.9999999999856635,0.9999998566354996
2804,10000,1,0.0001,0.9999999999857349,0.9999998573487558
2805,10000,1,0.0001,0.9999999999858775,0.9999998587752683
2806,10000,1,0.0001,0.9999999999859488,0.9999998594885245
2807,10000,1,0.0001,0.9999999999860203,0.9999998602017808
2808,10000,1,0.0001,0.999999999986163,0.9999998616282932
2809,10000,1,0.0001,0.9999999999862341,0.9999998623415495
2810,10000,1,0.0001,0.9999999999863054,0.9999998630548056
2811,10000,1,0.0001,0.9999999999863768,0.9999998637680618
2812,10000,1,0.0001,0.9999999999864481,0.9999998644813181
2813,10000,1,0.0001,0.9999999999865196,0.9999998651945743
2814,10000,1,0.0001,0.9999999999865907,0.9999998659078305
2815,10000,1,0.0001,0.9999999999866622,0.9999998666210868
2816,10000,1,0.0001,0.9999999999867334,0.999999867334343
2817,10000,1,0.0001,0.9999999999868047,0.9999998680475992
2818,10000,1,0.0001,0.9999999999868762,0.9999998687608554
2819,10000,1,0.0001,0.9999999999869473,0.9999998694741116
2820,10000,1,0.0001,0.9999999999870188,0.9999998701873678
2821,10000,1,0.0001,0.99999999998709,0.999999870900624
2822,10000,1,0.0001,0.9999999999871615,0.9999998716138803
2823,10000,1,0.0001,0.9999999999872328,0.9999998723271365
2824,10000,1,0.0001,0.9999999999873039,0.9999998730403927
2825,10000,1,0.0001,0.9999999999873754,0.999999873753649
2826,10000,1,0.0001,0.9999999999874466,0.9999998744669052
2827,10000,1,0.0001,0.9999999999875181,0.9999998751801614
2828,10000,1,0.0001,0.9999999999875894,0.9999998758934177
2829,10000,1,0.0001,0.9999999999876608,0.9999998766066738
2830,10000,1,0.0001,0.999999999987732,0.99999987731993
2831,10000,1,0.0001,0.9999999999878032,0.9999998780331862
2832,10000,1,0.0001,0.999999999987946,0.9999998794596987
2833,10000,1,0.0001,0.9999999999880886,0.9999998808862112
2834,10000,1,0.0001,0.99999999998816,0.9999998815994674
2835,10000,1,0.0001,0.9999999999882313,0.9999998823127236
2836,10000,1,0.0001,0.9999999999883026,0.9999998830259799
2837,10000,1,0.0001,0.999999999988374,0.999999883739236
2838,10000,1,0.0001,0.9999999999884452,0.9999998844524922
2839,10000,1,0.0001,0.9999999999885166,0.9999998851657484
2840,10000,1,0.0001,0.9999999999885879,0.9999998858790047
2841,10000,1,0.0001,0.9999999999886593,0.9999998865922609
2842,10000,1,0.0001,0.9999999999887306,0.9999998873055171
2843,10000,1,0.0001,0.9999999999888018,0.9999998880187734
2844,10000,1,0.0001,0.9999999999888732,0.9999998887320296
2845,10000,1,0.0001,0.9999999999889445,0.9999998894452858
2846,10000,1,0.0001,0.9999999999890159,0.9999998901585421
2847,10000,1,0.0001,0.9999999999892298,0.9999998922983107
2848,10000,1,0.0001,0.9999999999893011,0.9999998930115669
2849,10000,1,0.0001,0.9999999999894438,0.9999998944380794
2850,10000,1,0.0001,0.9999999999895152,0.9999998951513356
2851,10000,1,0.0001,0.9999999999896578,0.999999896577848
2852,10000,1,0.0001,0.9999999999897291,0.9999998972911043
2853,10000,1,0.0001,0.9999999999898004,0.9999998980043604
2854,10000,1,0.0001,0.9999999999898718,0.9999998987176166
2855,10000,1,0.0001,0.999999999989943,0.9999998994308729
2856,10000,1,0.0001,0.9999999999900144,0.9999999001441291
2857,10000,1,0.0001,0.9999999999900857,0.9999999008573853
2858,10000,1,0.0001,0.9999999999901571,0.9999999015706416
2859,10000,1,0.0001,0.9999999999902284,0.9999999022838978
2860,10000,1,0.0001,0.9999999999902996,0.999999902997154
2861,10000,1,0.0001,0.999999999990371,0.9999999037104103
2862,10000,1,0.0001,0.9999999999904423,0.9999999044236665
2863,10000,1,0.0001,0.9999999999905137,0.9999999051369226
2864,10000,1,0.0001,0.999999999990585,0.9999999058501788
2865,10000,1,0.0001,0.9999999999906564,0.9999999065634351
2866,10000,1,0.0001,0.9999999999907276,0.9999999072766913
2867,10000,1,0.0001,0.9999999999907989,0.9999999079899475
2868,10000,1,0.0001,0.9999999999908703,0.9999999087032038
2869,10000,1,0.0001,0.9999999999909416,0.99999990941646
2870,10000,1,0.0001,0.999999999991013,0.9999999101297162
2871,10000,1,0.0001,0.9999999999911556,0.9999999115562287
2872,10000,1,0.0001,0.9999999999912269,0.9999999122694848
2873,10000,1,0.0001,0.9999999999912982,0.999999912982741
2874,10000,1,0.0001,0.9999999999913696,0.9999999136959973
2875,10000,1,0.0001,0.9999999999914408,0.9999999144092535
2876,10000,1,0.0001,0.9999999999915122,0.9999999151225097
2877,10000,1,0.0001,0.9999999999915835,0.999999915835766
2878,10000,1,0.0001,0.999999999991655,0.9999999165490222
2879,10000,1,0.0001,0.9999999999917262,0.9999999172622784
2880,10000,1,0.0001,0.9999999999917977,0.9999999179755347
2881,10000,1,0.0001,0.9999999999919401,0.999999919402047
2882,10000,1,0.0001,0.9999999999920116,0.9999999201153033
2883,10000,1,0.0001,0.9999999999920828,0.9999999208285595
2884,10000,1,0.0001,0.9999999999921543,0.9999999215418157
2885,10000,1,0.0001,0.9999999999922254,0.999999922255072
2886,10000,1,0.0001,0.9999999999922969,0.9999999229683282
2887,10000,1,0.0001,0.9999999999923682,0.9999999236815844
2888,10000,1,0.0001,0.9999999999924394,0.9999999243948406
2889,10000,1,0.0001,0.9999999999925109,0.9999999251080969
2890,10000,1,0.0001,0.999999999992582,0.9999999258213531
2891,10000,1,0.0001,0.9999999999926535,0.9999999265346092
2892,10000,1,0.0001,0.9999999999927962,0.9999999279611217
2893,10000,1,0.0001,0.9999999999928675,0.9999999286743779
2894,10000,1,0.0001,0.9999999999930101,0.9999999301008904
2895,10000,1,0.0001,0.9999999999930814,0.9999999308141466
2896,10000,1,0.0001,0.9999999999931528,0.9999999315274029
2897,10000,1,0.0001,0.9999999999932241,0.9999999322406591
2898,10000,1,0.0001,0.9999999999932955,0.9999999329539152
2899,10000,1,0.0001,0.9999999999933668,0.9999999336671714
2900,10000,1,0.0001,0.999999999993438,0.9999999343804277
2901,10000,1,0.0001,0.9999999999935094,0.9999999350936839
2902,10000,1,0.0001,0.9999999999935807,0.9999999358069401
2903,10000,1,0.0001,0.9999999999936521,0.9999999365201964
2904,10000,1,0.0001,0.9999999999937234,0.9999999372334526
2905,10000,1,0.0001,0.9999999999937947,0.9999999379467088
2906,10000,1,0.0001,0.999999999993866,0.9999999386599651
2907,10000,1,0.0001,0.9999999999939373,0.9999999393732213
2908,10000,1,0.0001,0.9999999999940087,0.9999999400864774
2909,10000,1,0.0001,0.99999999999408,0.9999999407997336
2910,10000,1,0.0001,0.9999999999941513,0.9999999415129899
2911,10000,1,0.0001,0.9999999999942226,0.9999999422262461
2912,10000,1,0.0001,0.9999999999943653,0.9999999436527586
2913,10000,1,0.0001,0.999999999994508,0.999999945079271
2914,10000,1,0.0001,0.9999999999945792,0.9999999457925273
2915,10000,1,0.0001,0.9999999999947219,0.9999999472190396
2916,10000,1,0.0001,0.9999999999947933,0.9999999479322959
2917,10000,1,0.0001,0.9999999999949358,0.9999999493588083
2918,10000,1,0.0001,0.9999999999950072,0.9999999500720645
2919,10000,1,0.0001,0.9999999999950785,0.9999999507853208
2920,10000,1,0.0001,0.9999999999951499,0.999999951498577
2921,10000,1,0.0001,0.9999999999952212,0.9999999522118332
2922,10000,1,0.0001,0.9999999999952925,0.9999999529250895
2923,10000,1,0.0001,0.9999999999953638,0.9999999536383457
2924,10000,1,0.0001,0.9999999999954351,0.9999999543516018
2925,10000,1,0.0001,0.9999999999955065,0.9999999550648581
2926,10000,1,0.0001,0.9999999999955778,0.9999999557781143
2927,10000,1,0.0001,0.9999999999956491,0.9999999564913705
2928,10000,1,0.0001,0.9999999999957204,0.9999999572046268
2929,10000,1,0.0001,0.9999999999957918,0.999999957917883
2930,10000,1,0.0001,0.9999999999958631,0.9999999586311392
2931,10000,1,0.0001,0.9999999999960058,0.9999999600576517
2932,10000,1,0.0001,0.999999999996077,0.9999999607709079
2933,10000,1,0.0001,0.9999999999961484,0.999999961484164
2934,10000,1,0.0001,0.9999999999962197,0.9999999621974203
2935,10000,1,0.0001,0.9999999999962911,0.9999999629106765
2936,10000,1,0.0001,0.9999999999963624,0.9999999636239327
2937,10000,1,0.0001,0.9999999999964336,0.999999964337189
2938,10000,1,0.0001,0.999999999996505,0.9999999650504452
2939,10000,1,0.0001,0.9999999999965763,0.9999999657637014
2940,10000,1,0.0001,0.9999999999966477,0.9999999664769577
2941,10000,1,0.0001,0.999999999996719,0.9999999671902139
2942,10000,1,0.0001,0.9999999999967905,0.9999999679034701
2943,10000,1,0.0001,0.9999999999968616,0.9999999686167262
2944,10000,1,0.0001,0.9999999999969329,0.9999999693299825
2945,10000,1,0.0001,0.9999999999970043,0.9999999700432387
2946,10000,1,0.0001,0.9999999999970756,0.9999999707564949
2947,10000,1,0.0001,0.9999999999972182,0.9999999721830074
2948,10000,1,0.0001,0.9999999999972897,0.9999999728962636
2949,10000,1,0.0001,0.9999999999973609,0.9999999736095199
2950,10000,1,0.0001,0.9999999999974324,0.9999999743227761
2951,10000,1,0.0001,0.9999999999975037,0.9999999750360323
2952,10000,1,0.0001,0.9999999999975748,0.9999999757492885
2953,10000,1,0.0001,0.9999999999976463,0.9999999764625447
2954,10000,1,0.0001,0.9999999999977175,0.9999999771758009
2955,10000,1,0.0001,0.999999999997789,0.9999999778890571
2956,10000,1,0.0001,0.9999999999978603,0.9999999786023134
2957,10000,1,0.0001,0.9999999999979317,0.9999999793155696
2958,10000,1,0.0001,0.9999999999980029,0.9999999800288258
2959,10000,1,0.0001,0.9999999999980741,0.9999999807420821
2960,10000,1,0.0001,0.9999999999981456,0.9999999814553383
2961,10000,1,0.0001,0.9999999999982169,0.9999999821685945
2962,10000,1,0.0001,0.9999999999983595,0.9999999835951069
2963,10000,1,0.0001,0.9999999999984309,0.9999999843083631
2964,10000,1,0.0001,0.9999999999985022,0.9999999850216194
2965,10000,1,0.0001,0.9999999999985735,0.9999999857348756
2966,10000,1,0.0001,0.9999999999986449,0.9999999864481318
2967,10000,1,0.0001,0.9999999999987161,0.999999987161388
2968,10000,1,0.0001,0.9999999999987875,0.9999999878746443
2969,10000,1,0.0001,0.9999999999988588,0.9999999885879005
2970,10000,1,0.0001,0.9999999999989302,0.9999999893011567
2971,10000,1,0.0001,0.9999999999990015,0.9999999900144129
2972,10000,1,0.0001,0.9999999999990727,0.9999999907276691
2973,10000,1,0.0001,0.9999999999991441,0.9999999914409253
2974,10000,1,0.0001,0.9999999999992154,0.9999999921541816
2975,10000,1,0.0001,0.9999999999992868,0.9999999928674378
2976,10000,1,0.0001,0.9999999999993581,0.999999993580694
2977,10000,1,0.0001,0.9999999999994295,0.9999999942939503
2978,10000,1,0.0001,0.999999999999572,0.9999999957204627
2979,10000,1,0.0001,0.9999999999996434,0.999999996433719
2980,10000,1,0.0001,0.9999999999997147,0.9999999971469751
2981,10000,1,0.0001,0.9999999999997861,0.9999999978602313
2982,10000,1,0.0001,0.9999999999998573,0.9999999985734875
2983,10000,1,0.0001,0.9999999999999287,0.9999999992867438
2984,10000,0,0.0,1.0,nan
