dataset,metric,method,dimensions,sources,total points,edges,mean points covered,median points covered,min points covered,max points covered,sources below 99.5% coverage,sources below 100% coverage
spacev1b,euclidean,robust-prune,100,10000,1402020720,1,754912045.5242,753750730.5,24847652,1375932902,10000,10000
spacev1b,euclidean,robust-prune,100,10000,1402020720,2,1031619806.2258,1052527977.5,209254535,1393330352,10000,10000
spacev1b,euclidean,robust-prune,100,10000,1402020720,3,1163351538.7044,1189573903.5,330060104,1399354135,9990,10000
spacev1b,euclidean,robust-prune,100,10000,1402020720,4,1236924726.8333,1262179805.5,528247093,1400445184,9965,10000
spacev1b,euclidean,robust-prune,100,10000,1402020720,5,1281742513.9715,1304666933.5,590018495,1401615899,9914,10000
spacev1b,euclidean,robust-prune,100,10000,1402020720,6,1310271593.6236,1330785052.5,615442357,1401738715,9812,10000
spacev1b,euclidean,robust-prune,100,10000,1402020720,7,1330075329.2533,1348095743.0,684688369,1401805394,9640,10000
spacev1b,euclidean,robust-prune,100,10000,1402020720,8,1344109987.9994,1359973237.5,716302150,1401863522,9404,10000
spacev1b,euclidean,robust-prune,100,10000,1402020720,9,1354541659.6162,1368504038.0,766034099,1401866413,9092,10000
spacev1b,euclidean,robust-prune,100,10000,1402020720,10,1362468565.9584,1374717001.5,792178287,1401916013,8732,10000
spacev1b,euclidean,robust-prune,100,10000,1402020720,11,1368599118.8016,1379797256.5,853029839,1402014193,8346,10000
spacev1b,euclidean,robust-prune,100,10000,1402020720,12,1373472157.3089,1383529820.0,861822754,1402014327,7923,10000
spacev1b,euclidean,robust-prune,100,10000,1402020720,13,1377337139.7798,1386411186.5,863710068,1402014583,7461,10000
spacev1b,euclidean,robust-prune,100,10000,1402020720,14,1380502717.4506,1388667893.5,870465132,1402014871,6995,10000
spacev1b,euclidean,robust-prune,100,10000,1402020720,15,1383119196.203,1390691043.0,920294661,1402014969,6534,10000
spacev1b,euclidean,robust-prune,100,10000,1402020720,16,1385328165.4911,1392135784.0,933856616,1402015244,6106,10000
spacev1b,euclidean,robust-prune,100,10000,1402020720,17,1387173535.8407,1393432769.0,966354318,1402015331,5669,10000
spacev1b,euclidean,robust-prune,100,10000,1402020720,18,1388734506.965,1394518374.0,987148999,1402015483,5217,10000
spacev1b,euclidean,robust-prune,100,10000,1402020720,19,1390052868.2971,1395371765.5,1001990391,1402017472,4836,10000
spacev1b,euclidean,robust-prune,100,10000,1402020720,20,1391190032.8284,1396065305.0,1003454733,1402017502,4467,10000
spacev1b,euclidean,robust-prune,100,10000,1402020720,21,1392205535.4736,1396702618.0,1023920160,1402017536,4105,10000
spacev1b,euclidean,robust-prune,100,10000,1402020720,22,1393080044.85,1397221221.0,1031532144,1402017583,3778,10000
spacev1b,euclidean,robust-prune,100,10000,1402020720,23,1393857764.5266,1397734028.5,1071417692,1402017650,3459,10000
spacev1b,euclidean,robust-prune,100,10000,1402020720,24,1394535681.8502,1398128713.5,1075291348,1402017767,3151,10000
spacev1b,euclidean,robust-prune,100,10000,1402020720,25,1395153996.1203,1398502427.0,1114164522,1402017856,2884,10000
spacev1b,euclidean,robust-prune,100,10000,1402020720,26,1395697114.0777,1398818446.0,1127893616,1402017894,2645,10000
spacev1b,euclidean,robust-prune,100,10000,1402020720,27,1396188875.523,1399101629.0,1135160770,1402017945,2397,10000
spacev1b,euclidean,robust-prune,100,10000,1402020720,28,1396616114.4025,1399340340.0,1141258645,1402017956,2179,10000
spacev1b,euclidean,robust-prune,100,10000,1402020720,29,1397002324.6804,1399554541.5,1145777205,1402018032,1993,10000
spacev1b,euclidean,robust-prune,100,10000,1402020720,30,1397360627.3064,1399758862.0,1176755411,1402018168,1817,10000
spacev1b,euclidean,robust-prune,100,10000,1402020720,31,1397680310.4982,1399920277.0,1183157104,1402018717,1662,10000
spacev1b,euclidean,robust-prune,100,10000,1402020720,32,1397962057.6321,1400076482.0,1191977619,1402018819,1535,10000
spacev1b,euclidean,robust-prune,100,10000,1402020720,33,1398228690.3343,1400227031.5,1197054235,1402018982,1404,10000
spacev1b,euclidean,robust-prune,100,10000,1402020720,34,1398468121.822,1400353559.0,1200423277,1402019118,1282,10000
spacev1b,euclidean,robust-prune,100,10000,1402020720,35,1398683154.7034,1400473165.0,1201707127,1402019218,1190,10000
spacev1b,euclidean,robust-prune,100,10000,1402020720,36,1398877774.4263,1400573991.0,1202637610,1402019331,1091,10000
spacev1b,euclidean,robust-prune,100,10000,1402020720,37,1399058967.7712,1400675064.5,1207655380,1402019588,984,10000
spacev1b,euclidean,robust-prune,100,10000,1402020720,38,1399225799.7608,1400771329.5,1211962857,1402019641,895,10000
spacev1b,euclidean,robust-prune,100,10000,1402020720,39,1399383791.355,1400846749.0,1220198967,1402019746,835,10000
spacev1b,euclidean,robust-prune,100,10000,1402020720,40,1399526954.9404,1400920074.0,1232870679,1402019896,777,10000
spacev1b,euclidean,robust-prune,100,10000,1402020720,41,1399667199.4225,1400981479.0,1253931771,1402020057,712,10000
spacev1b,euclidean,robust-prune,100,10000,1402020720,42,1399792066.8662,1401053715.5,1255693256,1402020177,663,10000
spacev1b,euclidean,robust-prune,100,10000,1402020720,43,1399905516.6051,1401117790.0,1264747513,1402020278,610,10000
spacev1b,euclidean,robust-prune,100,10000,1402020720,44,1400014671.1448,1401168319.0,1278232863,1402020318,549,10000
spacev1b,euclidean,robust-prune,100,10000,1402020720,45,1400114666.3316,1401216121.5,1283643098,1402020336,518,10000
spacev1b,euclidean,robust-prune,100,10000,1402020720,46,1400212046.9609,1401260393.5,1284284301,1402020352,471,10000
spacev1b,euclidean,robust-prune,100,10000,1402020720,47,1400299796.4874,1401307691.5,1284965438,1402020372,441,10000
spacev1b,euclidean,robust-prune,100,10000,1402020720,48,1400380011.4417,1401342927.0,1285418005,1402020378,418,10000
spacev1b,euclidean,robust-prune,100,10000,1402020720,49,1400456575.4882,1401381246.0,1288748002,1402020425,386,10000
spacev1b,euclidean,robust-prune,100,10000,1402020720,50,1400527248.2598,1401418365.5,1289337878,1402020452,359,10000
spacev1b,euclidean,robust-prune,100,10000,1402020720,51,1400592723.1146,1401449006.5,1289599525,1402020468,329,10000
spacev1b,euclidean,robust-prune,100,10000,1402020720,52,1400653381.9652,1401476491.0,1294750662,1402020475,302,10000
spacev1b,euclidean,robust-prune,100,10000,1402020720,53,1400712468.5992,1401504801.0,1297916746,1402020487,283,10000
spacev1b,euclidean,robust-prune,100,10000,1402020720,54,1400767329.783,1401530695.0,1298712821,1402020513,263,10000
spacev1b,euclidean,robust-prune,100,10000,1402020720,55,1400818765.3741,1401552723.0,1299509180,1402020552,245,10000
spacev1b,euclidean,robust-prune,100,10000,1402020720,56,1400867816.2317,1401576262.0,1299645679,1402020569,226,10000
spacev1b,euclidean,robust-prune,100,10000,1402020720,57,1400914900.0976,1401598528.5,1301696391,1402020572,212,10000
spacev1b,euclidean,robust-prune,100,10000,1402020720,58,1400958754.2287,1401620269.0,1304908423,1402020589,201,10000
spacev1b,euclidean,robust-prune,100,10000,1402020720,59,1401001517.7363,1401638370.0,1306412542,1402020608,189,10000
spacev1b,euclidean,robust-prune,100,10000,1402020720,60,1401040685.1141,1401655423.5,1306897997,1402020619,177,10000
spacev1b,euclidean,robust-prune,100,10000,1402020720,61,1401076213.3532,1401671168.5,1307328039,1402020628,168,10000
spacev1b,euclidean,robust-prune,100,10000,1402020720,62,1401111218.1864,1401686040.5,1308646135,1402020644,156,10000
spacev1b,euclidean,robust-prune,100,10000,1402020720,63,1401144728.6412,1401701275.5,1309321579,1402020659,150,10000
spacev1b,euclidean,robust-prune,100,10000,1402020720,64,1401175754.9358,1401716382.5,1309972681,1402020668,144,10000
spacev1b,euclidean,robust-prune,100,10000,1402020720,65,1401207216.5843,1401729974.5,1310250631,1402020675,138,10000
spacev1b,euclidean,robust-prune,100,10000,1402020720,66,1401237101.3838,1401741995.0,1317988700,1402020678,129,10000
spacev1b,euclidean,robust-prune,100,10000,1402020720,67,1401265126.6514,1401752457.5,1319736801,1402020684,119,10000
spacev1b,euclidean,robust-prune,100,10000,1402020720,68,1401292991.8698,1401763851.0,1320079443,1402020692,112,10000
spacev1b,euclidean,robust-prune,100,10000,1402020720,69,1401318684.5387,1401775044.0,1320101632,1402020695,110,10000
spacev1b,euclidean,robust-prune,100,10000,1402020720,70,1401343974.4274,1401784572.5,1320346589,1402020697,102,10000
spacev1b,euclidean,robust-prune,100,10000,1402020720,71,1401367525.0485,1401795469.5,1325368109,1402020700,91,10000
spacev1b,euclidean,robust-prune,100,10000,1402020720,72,1401388784.2038,1401804777.0,1327242213,1402020701,88,10000
spacev1b,euclidean,robust-prune,100,10000,1402020720,73,1401410061.6698,1401812107.5,1328599954,1402020705,84,10000
spacev1b,euclidean,robust-prune,100,10000,1402020720,74,1401429478.7135,1401821087.5,1329507007,1402020706,80,10000
spacev1b,euclidean,robust-prune,100,10000,1402020720,75,1401448115.4988,1401828346.5,1330390908,1402020707,77,10000
spacev1b,euclidean,robust-prune,100,10000,1402020720,76,1401466563.4225,1401835830.0,1333577098,1402020708,71,10000
spacev1b,euclidean,robust-prune,100,10000,1402020720,77,1401483914.7391,1401843492.0,1333660773,1402020710,69,10000
spacev1b,euclidean,robust-prune,100,10000,1402020720,78,1401499723.975,1401850789.5,1333761041,1402020711,62,10000
spacev1b,euclidean,robust-prune,100,10000,1402020720,79,1401515648.4437,1401856405.0,1337018618,1402020712,56,10000
spacev1b,euclidean,robust-prune,100,10000,1402020720,80,1401531439.7113,1401863306.0,1339549063,1402020713,53,10000
spacev1b,euclidean,robust-prune,100,10000,1402020720,81,1401545990.0793,1401868851.0,1339861056,1402020715,49,10000
spacev1b,euclidean,robust-prune,100,10000,1402020720,82,1401560364.7035,1401875399.0,1340196295,1402020716,47,10000
spacev1b,euclidean,robust-prune,100,10000,1402020720,83,1401573956.3447,1401881498.5,1340591353,1402020717,46,10000
spacev1b,euclidean,robust-prune,100,10000,1402020720,84,1401593181.6672,1401886751.5,1378709746,1402020719,39,10000
spacev1b,euclidean,robust-prune,100,10000,1402020720,85,1401605662.3138,1401891507.5,1378814812,1402020720,39,9999
spacev1b,euclidean,robust-prune,100,10000,1402020720,86,1401617994.2509,1401896125.0,1381144764,1402020720,35,9999
spacev1b,euclidean,robust-prune,100,10000,1402020720,87,1401629587.4878,1401901530.5,1381573195,1402020720,34,9999
spacev1b,euclidean,robust-prune,100,10000,1402020720,88,1401640812.6863,1401905857.5,1381641008,1402020720,33,9999
spacev1b,euclidean,robust-prune,100,10000,1402020720,89,1401651888.0906,1401909803.0,1382216554,1402020720,32,9999
spacev1b,euclidean,robust-prune,100,10000,1402020720,90,1401662024.757,1401913678.0,1382284867,1402020720,31,9999
spacev1b,euclidean,robust-prune,100,10000,1402020720,91,1401672287.4176,1401917334.5,1382502787,1402020720,27,9998
spacev1b,euclidean,robust-prune,100,10000,1402020720,92,1401681355.894,1401921041.0,1382737635,1402020720,26,9998
spacev1b,euclidean,robust-prune,100,10000,1402020720,93,1401690861.9634,1401925052.0,1383077139,1402020720,26,9998
spacev1b,euclidean,robust-prune,100,10000,1402020720,94,1401699534.2854,1401928124.5,1383504380,1402020720,24,9998
spacev1b,euclidean,robust-prune,100,10000,1402020720,95,1401708344.8957,1401931218.5,1383611175,1402020720,23,9998
spacev1b,euclidean,robust-prune,100,10000,1402020720,96,1401716854.3866,1401934218.5,1383988579,1402020720,22,9998
spacev1b,euclidean,robust-prune,100,10000,1402020720,97,1401725314.0942,1401937061.5,1384117933,1402020720,21,9997
spacev1b,euclidean,robust-prune,100,10000,1402020720,98,1401733220.5041,1401940091.5,1385595750,1402020720,19,9996
spacev1b,euclidean,robust-prune,100,10000,1402020720,99,1401740980.14,1401942965.5,1386074766,1402020720,17,9996
spacev1b,euclidean,robust-prune,100,10000,1402020720,100,1401748486.1835,1401945528.0,1388144999,1402020720,16,9995
spacev1b,euclidean,robust-prune,100,10000,1402020720,101,1401755360.9072,1401947925.5,1388431446,1402020720,16,9994
spacev1b,euclidean,robust-prune,100,10000,1402020720,102,1401762122.4594,1401949918.5,1388453717,1402020720,15,9992
spacev1b,euclidean,robust-prune,100,10000,1402020720,103,1401768930.1786,1401952490.5,1388613817,1402020720,13,9991
spacev1b,euclidean,robust-prune,100,10000,1402020720,104,1401775234.6121,1401954667.0,1388991230,1402020720,12,9990
spacev1b,euclidean,robust-prune,100,10000,1402020720,105,1401781524.2812,1401956779.5,1390204500,1402020720,11,9990
spacev1b,euclidean,robust-prune,100,10000,1402020720,106,1401787523.1116,1401959214.5,1390434090,1402020720,11,9990
spacev1b,euclidean,robust-prune,100,10000,1402020720,107,1401793355.5959,1401961013.0,1390588165,1402020720,11,9990
spacev1b,euclidean,robust-prune,100,10000,1402020720,108,1401799160.2072,1401963312.0,1390760504,1402020720,8,9988
spacev1b,euclidean,robust-prune,100,10000,1402020720,109,1401804559.6396,1401965019.5,1390860563,1402020720,8,9986
spacev1b,euclidean,robust-prune,100,10000,1402020720,110,1401809612.0883,1401966844.0,1390896239,1402020720,8,9985
spacev1b,euclidean,robust-prune,100,10000,1402020720,111,1401814518.5555,1401968288.5,1390945649,1402020720,8,9985
spacev1b,euclidean,robust-prune,100,10000,1402020720,112,1401819309.7678,1401969914.0,1391093724,1402020720,7,9985
spacev1b,euclidean,robust-prune,100,10000,1402020720,113,1401824180.8591,1401971507.5,1391118982,1402020720,6,9982
spacev1b,euclidean,robust-prune,100,10000,1402020720,114,1401828473.4263,1401973241.0,1391205092,1402020720,6,9981
spacev1b,euclidean,robust-prune,100,10000,1402020720,115,1401832806.9655,1401974693.0,1391235978,1402020720,5,9978
spacev1b,euclidean,robust-prune,100,10000,1402020720,116,1401837353.6335,1401976246.5,1391286883,1402020720,4,9976
spacev1b,euclidean,robust-prune,100,10000,1402020720,117,1401841719.1908,1401977749.5,1391537357,1402020720,4,9976
spacev1b,euclidean,robust-prune,100,10000,1402020720,118,1401845688.4537,1401978791.0,1391682152,1402020720,3,9975
spacev1b,euclidean,robust-prune,100,10000,1402020720,119,1401849662.2593,1401980119.0,1392057611,1402020720,3,9973
spacev1b,euclidean,robust-prune,100,10000,1402020720,120,1401853685.4172,1401981298.0,1392152425,1402020720,1,9972
spacev1b,euclidean,robust-prune,100,10000,1402020720,121,1401857349.0738,1401982322.5,1392222907,1402020720,1,9972
spacev1b,euclidean,robust-prune,100,10000,1402020720,122,1401860712.4236,1401983181.5,1392333157,1402020720,1,9969
spacev1b,euclidean,robust-prune,100,10000,1402020720,123,1401864438.8024,1401984362.0,1392531742,1402020720,1,9969
spacev1b,euclidean,robust-prune,100,10000,1402020720,124,1401867963.819,1401985430.0,1392572432,1402020720,1,9969
spacev1b,euclidean,robust-prune,100,10000,1402020720,125,1401871546.1393,1401986837.0,1392689618,1402020720,1,9968
spacev1b,euclidean,robust-prune,100,10000,1402020720,126,1401875064.5233,1401987925.5,1392737889,1402020720,1,9967
spacev1b,euclidean,robust-prune,100,10000,1402020720,127,1401878122.5649,1401988843.5,1392816937,1402020720,1,9967
spacev1b,euclidean,robust-prune,100,10000,1402020720,128,1401881220.3972,1401989853.5,1393136570,1402020720,1,9967
spacev1b,euclidean,robust-prune,100,10000,1402020720,129,1401884109.3012,1401990732.5,1393207611,1402020720,1,9963
spacev1b,euclidean,robust-prune,100,10000,1402020720,130,1401887066.7631,1401991666.5,1393809034,1402020720,1,9962
spacev1b,euclidean,robust-prune,100,10000,1402020720,131,1401890010.583,1401992633.0,1393855337,1402020720,1,9960
spacev1b,euclidean,robust-prune,100,10000,1402020720,132,1401892806.9882,1401993314.5,1393914949,1402020720,1,9958
spacev1b,euclidean,robust-prune,100,10000,1402020720,133,1401895436.2395,1401994309.5,1393941957,1402020720,1,9957
spacev1b,euclidean,robust-prune,100,10000,1402020720,134,1401898015.0676,1401994954.0,1393976805,1402020720,1,9955
spacev1b,euclidean,robust-prune,100,10000,1402020720,135,1401900470.7752,1401995662.5,1394260653,1402020720,1,9954
spacev1b,euclidean,robust-prune,100,10000,1402020720,136,1401902902.1344,1401996356.0,1394277417,1402020720,1,9954
spacev1b,euclidean,robust-prune,100,10000,1402020720,137,1401905428.2832,1401997044.5,1394323270,1402020720,1,9951
spacev1b,euclidean,robust-prune,100,10000,1402020720,138,1401907824.7035,1401997731.5,1394505784,1402020720,1,9948
spacev1b,euclidean,robust-prune,100,10000,1402020720,139,1401910030.8242,1401998328.5,1394605119,1402020720,1,9948
spacev1b,euclidean,robust-prune,100,10000,1402020720,140,1401912219.2063,1401999025.5,1394718457,1402020720,1,9948
spacev1b,euclidean,robust-prune,100,10000,1402020720,141,1401914492.4828,1401999669.5,1395138979,1402020720,0,9946
spacev1b,euclidean,robust-prune,100,10000,1402020720,142,1401916554.266,1402000155.0,1395210170,1402020720,0,9944
spacev1b,euclidean,robust-prune,100,10000,1402020720,143,1401918585.6066,1402000803.5,1395241600,1402020720,0,9940
spacev1b,euclidean,robust-prune,100,10000,1402020720,144,1401920676.0511,1402001247.5,1395349369,1402020720,0,9938
spacev1b,euclidean,robust-prune,100,10000,1402020720,145,1401922579.6535,1402001757.5,1395426089,1402020720,0,9936
spacev1b,euclidean,robust-prune,100,10000,1402020720,146,1401924445.8031,1402002330.0,1395448030,1402020720,0,9933
spacev1b,euclidean,robust-prune,100,10000,1402020720,147,1401926367.215,1402002813.0,1395499201,1402020720,0,9931
spacev1b,euclidean,robust-prune,100,10000,1402020720,148,1401928140.4791,1402003346.0,1395597823,1402020720,0,9927
spacev1b,euclidean,robust-prune,100,10000,1402020720,149,1401929861.2067,1402003769.0,1395608173,1402020720,0,9924
spacev1b,euclidean,robust-prune,100,10000,1402020720,150,1401931602.8487,1402004213.0,1395651620,1402020720,0,9923
spacev1b,euclidean,robust-prune,100,10000,1402020720,151,1401933284.5015,1402004688.0,1395661739,1402020720,0,9921
spacev1b,euclidean,robust-prune,100,10000,1402020720,152,1401934812.16,1402004989.5,1395685287,1402020720,0,9918
spacev1b,euclidean,robust-prune,100,10000,1402020720,153,1401936356.6637,1402005418.5,1395715169,1402020720,0,9918
spacev1b,euclidean,robust-prune,100,10000,1402020720,154,1401937873.1325,1402005790.5,1395741745,1402020720,0,9916
spacev1b,euclidean,robust-prune,100,10000,1402020720,155,1401939738.1507,1402006197.5,1395863226,1402020720,0,9914
spacev1b,euclidean,robust-prune,100,10000,1402020720,156,1401941363.0495,1402006609.5,1396317796,1402020720,0,9911
spacev1b,euclidean,robust-prune,100,10000,1402020720,157,1401942827.236,1402006981.0,1396392650,1402020720,0,9907
spacev1b,euclidean,robust-prune,100,10000,1402020720,158,1401944295.8344,1402007289.5,1396405761,1402020720,0,9906
spacev1b,euclidean,robust-prune,100,10000,1402020720,159,1401945774.175,1402007680.5,1396411516,1402020720,0,9903
spacev1b,euclidean,robust-prune,100,10000,1402020720,160,1401947012.2614,1402007960.5,1396540783,1402020720,0,9901
spacev1b,euclidean,robust-prune,100,10000,1402020720,161,1401948320.6705,1402008249.0,1396562620,1402020720,0,9897
spacev1b,euclidean,robust-prune,100,10000,1402020720,162,1401949611.2826,1402008561.5,1396571275,1402020720,0,9895
spacev1b,euclidean,robust-prune,100,10000,1402020720,163,1401950949.4964,1402008841.0,1396574557,1402020720,0,9894
spacev1b,euclidean,robust-prune,100,10000,1402020720,164,1401952236.1541,1402009197.5,1396637689,1402020720,0,9892
spacev1b,euclidean,robust-prune,100,10000,1402020720,165,1401953524.8001,1402009489.5,1396673846,1402020720,0,9889
spacev1b,euclidean,robust-prune,100,10000,1402020720,166,1401954730.7586,1402009773.0,1396693753,1402020720,0,9888
spacev1b,euclidean,robust-prune,100,10000,1402020720,167,1401955898.4146,1402010037.5,1396838388,1402020720,0,9883
spacev1b,euclidean,robust-prune,100,10000,1402020720,168,1401957024.0583,1402010246.0,1397219831,1402020720,0,9882
spacev1b,euclidean,robust-prune,100,10000,1402020720,169,1401958161.4826,1402010493.0,1397262701,1402020720,0,9879
spacev1b,euclidean,robust-prune,100,10000,1402020720,170,1401959159.2977,1402010725.0,1397267157,1402020720,0,9878
spacev1b,euclidean,robust-prune,100,10000,1402020720,171,1401960201.5186,1402011011.0,1397274854,1402020720,0,9874
spacev1b,euclidean,robust-prune,100,10000,1402020720,172,1401961311.1339,1402011198.0,1397497225,1402020720,0,9871
spacev1b,euclidean,robust-prune,100,10000,1402020720,173,1401962280.7149,1402011446.0,1397658675,1402020720,0,9869
spacev1b,euclidean,robust-prune,100,10000,1402020720,174,1401963266.8675,1402011669.0,1397695388,1402020720,0,9866
spacev1b,euclidean,robust-prune,100,10000,1402020720,175,1401964249.4455,1402011868.0,1397704595,1402020720,0,9865
spacev1b,euclidean,robust-prune,100,10000,1402020720,176,1401965209.8019,1402012114.5,1398140890,1402020720,0,9863
spacev1b,euclidean,robust-prune,100,10000,1402020720,177,1401966157.6706,1402012302.5,1398170896,1402020720,0,9861
spacev1b,euclidean,robust-prune,100,10000,1402020720,178,1401967060.0335,1402012536.5,1398232988,1402020720,0,9858
spacev1b,euclidean,robust-prune,100,10000,1402020720,179,1401967931.4506,1402012778.5,1398247156,1402020720,0,9854
spacev1b,euclidean,robust-prune,100,10000,1402020720,180,1401969164.5677,1402012962.5,1398392617,1402020720,0,9849
spacev1b,euclidean,robust-prune,100,10000,1402020720,181,1401969993.4677,1402013132.5,1398399288,1402020720,0,9842
spacev1b,euclidean,robust-prune,100,10000,1402020720,182,1401970771.313,1402013319.5,1398444622,1402020720,0,9838
spacev1b,euclidean,robust-prune,100,10000,1402020720,183,1401971575.3742,1402013477.0,1398452606,1402020720,0,9836
spacev1b,euclidean,robust-prune,100,10000,1402020720,184,1401972366.0866,1402013664.5,1398454129,1402020720,0,9831
spacev1b,euclidean,robust-prune,100,10000,1402020720,185,1401973121.9782,1402013830.5,1398458647,1402020720,0,9830
spacev1b,euclidean,robust-prune,100,10000,1402020720,186,1401973880.3258,1402013992.0,1398466611,1402020720,0,9827
spacev1b,euclidean,robust-prune,100,10000,1402020720,187,1401974590.5995,1402014175.5,1398488685,1402020720,0,9822
spacev1b,euclidean,robust-prune,100,10000,1402020720,188,1401975370.9644,1402014307.0,1398499072,1402020720,0,9818
spacev1b,euclidean,robust-prune,100,10000,1402020720,189,1401976136.6098,1402014479.0,1398526218,1402020720,0,9814
spacev1b,euclidean,robust-prune,100,10000,1402020720,190,1401976860.4972,1402014634.5,1398538293,1402020720,0,9812
spacev1b,euclidean,robust-prune,100,10000,1402020720,191,1401977570.7847,1402014741.5,1398602148,1402020720,0,9809
spacev1b,euclidean,robust-prune,100,10000,1402020720,192,1401978256.4352,1402014866.0,1398621987,1402020720,0,9806
spacev1b,euclidean,robust-prune,100,10000,1402020720,193,1401978970.55,1402015049.0,1398660817,1402020720,0,9803
spacev1b,euclidean,robust-prune,100,10000,1402020720,194,1401979617.3845,1402015163.0,1398693128,1402020720,0,9798
spacev1b,euclidean,robust-prune,100,10000,1402020720,195,1401980313.8006,1402015298.5,1398720315,1402020720,0,9794
spacev1b,euclidean,robust-prune,100,10000,1402020720,196,1401981009.5588,1402015415.5,1398775130,1402020720,0,9789
spacev1b,euclidean,robust-prune,100,10000,1402020720,197,1401981596.6325,1402015522.5,1398845794,1402020720,0,9786
spacev1b,euclidean,robust-prune,100,10000,1402020720,198,1401982198.3636,1402015639.0,1398880527,1402020720,0,9782
spacev1b,euclidean,robust-prune,100,10000,1402020720,199,1401982797.4551,1402015739.5,1398950470,1402020720,0,9779
spacev1b,euclidean,robust-prune,100,10000,1402020720,200,1401983373.0183,1402015842.5,1398953759,1402020720,0,9774
spacev1b,euclidean,robust-prune,100,10000,1402020720,201,1401983936.8165,1402015963.0,1398994846,1402020720,0,9770
spacev1b,euclidean,robust-prune,100,10000,1402020720,202,1401984441.7051,1402016044.5,1399027733,1402020720,0,9767
spacev1b,euclidean,robust-prune,100,10000,1402020720,203,1401984995.0593,1402016180.5,1399081700,1402020720,0,9761
spacev1b,euclidean,robust-prune,100,10000,1402020720,204,1401985561.9404,1402016275.5,1399168109,1402020720,0,9756
spacev1b,euclidean,robust-prune,100,10000,1402020720,205,1401986068.1351,1402016353.5,1399230944,1402020720,0,9752
spacev1b,euclidean,robust-prune,100,10000,1402020720,206,1401986650.5953,1402016461.0,1399239566,1402020720,0,9750
spacev1b,euclidean,robust-prune,100,10000,1402020720,207,1401987155.0941,1402016546.0,1399283113,1402020720,0,9749
spacev1b,euclidean,robust-prune,100,10000,1402020720,208,1401987655.3432,1402016633.0,1399314828,1402020720,0,9740
spacev1b,euclidean,robust-prune,100,10000,1402020720,209,1401988128.5078,1402016702.0,1399341315,1402020720,0,9737
spacev1b,euclidean,robust-prune,100,10000,1402020720,210,1401988587.0424,1402016803.5,1399353238,1402020720,0,9731
spacev1b,euclidean,robust-prune,100,10000,1402020720,211,1401989051.1702,1402016887.0,1399420865,1402020720,0,9729
spacev1b,euclidean,robust-prune,100,10000,1402020720,212,1401989489.9294,1402016979.0,1399438317,1402020720,0,9726
spacev1b,euclidean,robust-prune,100,10000,1402020720,213,1401989928.6476,1402017034.0,1399451214,1402020720,0,9721
spacev1b,euclidean,robust-prune,100,10000,1402020720,214,1401990442.6948,1402017128.0,1399457551,1402020720,0,9718
spacev1b,euclidean,robust-prune,100,10000,1402020720,215,1401990885.9685,1402017201.5,1399459909,1402020720,0,9716
spacev1b,euclidean,robust-prune,100,10000,1402020720,216,1401991286.627,1402017246.0,1399461791,1402020720,0,9710
spacev1b,euclidean,robust-prune,100,10000,1402020720,217,1401991722.0746,1402017328.5,1399467544,1402020720,0,9702
spacev1b,euclidean,robust-prune,100,10000,1402020720,218,1401992127.1957,1402017399.0,1399494294,1402020720,0,9694
spacev1b,euclidean,robust-prune,100,10000,1402020720,219,1401992498.6955,1402017461.5,1399501459,1402020720,0,9689
spacev1b,euclidean,robust-prune,100,10000,1402020720,220,1401992898.4248,1402017528.5,1399529683,1402020720,0,9684
spacev1b,euclidean,robust-prune,100,10000,1402020720,221,1401993300.07,1402017598.5,1399549919,1402020720,0,9676
spacev1b,euclidean,robust-prune,100,10000,1402020720,222,1401993679.7993,1402017668.0,1399558603,1402020720,0,9670
spacev1b,euclidean,robust-prune,100,10000,1402020720,223,1401994083.3576,1402017735.0,1399560899,1402020720,0,9660
spacev1b,euclidean,robust-prune,100,10000,1402020720,224,1401994479.1419,1402017783.5,1399565254,1402020720,0,9655
spacev1b,euclidean,robust-prune,100,10000,1402020720,225,1401994831.1255,1402017855.0,1399571974,1402020720,0,9645
spacev1b,euclidean,robust-prune,100,10000,1402020720,226,1401995193.5239,1402017913.0,1399646021,1402020720,0,9638
spacev1b,euclidean,robust-prune,100,10000,1402020720,227,1401995558.2449,1402017974.5,1399663054,1402020720,0,9631
spacev1b,euclidean,robust-prune,100,10000,1402020720,228,1401995910.3451,1402018029.0,1399665105,1402020720,0,9622
spacev1b,euclidean,robust-prune,100,10000,1402020720,229,1401996288.3224,1402018091.0,1399678007,1402020720,0,9619
spacev1b,euclidean,robust-prune,100,10000,1402020720,230,1401996626.8545,1402018138.0,1399698361,1402020720,0,9607
spacev1b,euclidean,robust-prune,100,10000,1402020720,231,1401996937.3094,1402018198.5,1399728796,1402020720,0,9598
spacev1b,euclidean,robust-prune,100,10000,1402020720,232,1401997247.6615,1402018245.0,1399730862,1402020720,0,9589
spacev1b,euclidean,robust-prune,100,10000,1402020720,233,1401997578.5976,1402018293.5,1399796921,1402020720,0,9581
spacev1b,euclidean,robust-prune,100,10000,1402020720,234,1401997899.8757,1402018344.0,1399871849,1402020720,0,9571
spacev1b,euclidean,robust-prune,100,10000,1402020720,235,1401998206.5889,1402018372.0,1399883377,1402020720,0,9562
spacev1b,euclidean,robust-prune,100,10000,1402020720,236,1401998501.7742,1402018423.0,1399892445,1402020720,0,9557
spacev1b,euclidean,robust-prune,100,10000,1402020720,237,1401998784.5796,1402018467.0,1399920196,1402020720,0,9552
spacev1b,euclidean,robust-prune,100,10000,1402020720,238,1401999087.1771,1402018500.5,1399929774,1402020720,0,9546
spacev1b,euclidean,robust-prune,100,10000,1402020720,239,1401999388.7575,1402018547.0,1399958609,1402020720,0,9533
spacev1b,euclidean,robust-prune,100,10000,1402020720,240,1401999697.2483,1402018590.0,1399998140,1402020720,0,9524
spacev1b,euclidean,robust-prune,100,10000,1402020720,241,1401999982.7193,1402018629.5,1400019093,1402020720,0,9513
spacev1b,euclidean,robust-prune,100,10000,1402020720,242,1402000253.5952,1402018672.0,1400025994,1402020720,0,9506
spacev1b,euclidean,robust-prune,100,10000,1402020720,243,1402000526.3946,1402018702.0,1400047591,1402020720,0,9492
spacev1b,euclidean,robust-prune,100,10000,1402020720,244,1402000800.7351,1402018745.0,1400063709,1402020720,0,9485
spacev1b,euclidean,robust-prune,100,10000,1402020720,245,1402001089.304,1402018780.0,1400394737,1402020720,0,9478
spacev1b,euclidean,robust-prune,100,10000,1402020720,246,1402001311.4956,1402018816.5,1400398605,1402020720,0,9468
spacev1b,euclidean,robust-prune,100,10000,1402020720,247,1402001548.1641,1402018856.0,1400435777,1402020720,0,9462
spacev1b,euclidean,robust-prune,100,10000,1402020720,248,1402001786.9711,1402018890.5,1400437169,1402020720,0,9455
spacev1b,euclidean,robust-prune,100,10000,1402020720,249,1402002028.7612,1402018919.5,1400469447,1402020720,0,9443
spacev1b,euclidean,robust-prune,100,10000,1402020720,250,1402002259.8227,1402018955.0,1400472362,1402020720,0,9437
spacev1b,euclidean,robust-prune,100,10000,1402020720,251,1402002488.9491,1402018987.5,1400478942,1402020720,0,9422
spacev1b,euclidean,robust-prune,100,10000,1402020720,252,1402002724.2875,1402019019.5,1400486118,1402020720,0,9411
spacev1b,euclidean,robust-prune,100,10000,1402020720,253,1402002960.2479,1402019049.5,1400491306,1402020720,0,9401
spacev1b,euclidean,robust-prune,100,10000,1402020720,254,1402003202.1592,1402019074.5,1400498007,1402020720,0,9396
spacev1b,euclidean,robust-prune,100,10000,1402020720,255,1402003429.8401,1402019104.0,1400533752,1402020720,0,9389
spacev1b,euclidean,robust-prune,100,10000,1402020720,256,1402003640.3342,1402019128.0,1400542673,1402020720,0,9379
spacev1b,euclidean,robust-prune,100,10000,1402020720,257,1402003838.2561,1402019154.0,1400550883,1402020720,0,9371
spacev1b,euclidean,robust-prune,100,10000,1402020720,258,1402004047.7476,1402019186.0,1400568055,1402020720,0,9363
spacev1b,euclidean,robust-prune,100,10000,1402020720,259,1402004266.1734,1402019215.0,1400572037,1402020720,0,9353
spacev1b,euclidean,robust-prune,100,10000,1402020720,260,1402004446.9728,1402019239.0,1400575063,1402020720,0,9343
spacev1b,euclidean,robust-prune,100,10000,1402020720,261,1402004628.3932,1402019265.5,1400578433,1402020720,0,9330
spacev1b,euclidean,robust-prune,100,10000,1402020720,262,1402004862.9927,1402019295.0,1400578938,1402020720,0,9328
spacev1b,euclidean,robust-prune,100,10000,1402020720,263,1402005060.987,1402019318.0,1400579504,1402020720,0,9321
spacev1b,euclidean,robust-prune,100,10000,1402020720,264,1402005246.9127,1402019352.0,1400584205,1402020720,0,9309
spacev1b,euclidean,robust-prune,100,10000,1402020720,265,1402005437.3294,1402019372.0,1400586158,1402020720,0,9298
spacev1b,euclidean,robust-prune,100,10000,1402020720,266,1402005630.95,1402019393.5,1400588705,1402020720,0,9288
spacev1b,euclidean,robust-prune,100,10000,1402020720,267,1402005910.4085,1402019407.0,1400608062,1402020720,0,9281
spacev1b,euclidean,robust-prune,100,10000,1402020720,268,1402006100.8936,1402019431.0,1400647363,1402020720,0,9273
spacev1b,euclidean,robust-prune,100,10000,1402020720,269,1402006303.8934,1402019450.5,1400678821,1402020720,0,9257
spacev1b,euclidean,robust-prune,100,10000,1402020720,270,1402006475.6098,1402019470.5,1400682401,1402020720,0,9242
spacev1b,euclidean,robust-prune,100,10000,1402020720,271,1402006636.2557,1402019494.0,1400684102,1402020720,0,9229
spacev1b,euclidean,robust-prune,100,10000,1402020720,272,1402006825.3268,1402019514.5,1400685583,1402020720,0,9221
spacev1b,euclidean,robust-prune,100,10000,1402020720,273,1402006985.7605,1402019529.0,1400686942,1402020720,0,9210
spacev1b,euclidean,robust-prune,100,10000,1402020720,274,1402007151.6732,1402019552.0,1400691886,1402020720,0,9202
spacev1b,euclidean,robust-prune,100,10000,1402020720,275,1402007311.9639,1402019569.0,1400693351,1402020720,0,9190
spacev1b,euclidean,robust-prune,100,10000,1402020720,276,1402007461.8042,1402019589.5,1400697301,1402020720,0,9176
spacev1b,euclidean,robust-prune,100,10000,1402020720,277,1402007628.0675,1402019605.0,1400699250,1402020720,0,9166
spacev1b,euclidean,robust-prune,100,10000,1402020720,278,1402007791.7922,1402019627.0,1400780685,1402020720,0,9158
spacev1b,euclidean,robust-prune,100,10000,1402020720,279,1402007943.8349,1402019643.0,1400788599,1402020720,0,9146
spacev1b,euclidean,robust-prune,100,10000,1402020720,280,1402008079.9231,1402019669.0,1400790917,1402020720,0,9128
spacev1b,euclidean,robust-prune,100,10000,1402020720,281,1402008231.5375,1402019686.0,1400795776,1402020720,0,9115
spacev1b,euclidean,robust-prune,100,10000,1402020720,282,1402008383.5272,1402019704.0,1400805086,1402020720,0,9101
spacev1b,euclidean,robust-prune,100,10000,1402020720,283,1402008538.2062,1402019722.5,1400813040,1402020720,0,9093
spacev1b,euclidean,robust-prune,100,10000,1402020720,284,1402008690.0075,1402019744.0,1400820773,1402020720,0,9086
spacev1b,euclidean,robust-prune,100,10000,1402020720,285,1402008846.2101,1402019758.0,1400839444,1402020720,0,9077
spacev1b,euclidean,robust-prune,100,10000,1402020720,286,1402008988.332,1402019771.0,1400846116,1402020720,0,9059
spacev1b,euclidean,robust-prune,100,10000,1402020720,287,1402009171.2646,1402019787.0,1400848774,1402020720,0,9050
spacev1b,euclidean,robust-prune,100,10000,1402020720,288,1402009317.3604,1402019802.5,1400850036,1402020720,0,9041
spacev1b,euclidean,robust-prune,100,10000,1402020720,289,1402009440.3592,1402019818.0,1400874557,1402020720,0,9019
spacev1b,euclidean,robust-prune,100,10000,1402020720,290,1402009560.2378,1402019832.0,1400877887,1402020720,0,9005
spacev1b,euclidean,robust-prune,100,10000,1402020720,291,1402009684.2025,1402019846.0,1400886090,1402020720,0,8990
spacev1b,euclidean,robust-prune,100,10000,1402020720,292,1402009807.7422,1402019861.0,1400890050,1402020720,0,8984
spacev1b,euclidean,robust-prune,100,10000,1402020720,293,1402009932.0396,1402019870.5,1400905354,1402020720,0,8967
spacev1b,euclidean,robust-prune,100,10000,1402020720,294,1402010039.5205,1402019883.0,1400912111,1402020720,0,8960
spacev1b,euclidean,robust-prune,100,10000,1402020720,295,1402010153.1652,1402019893.0,1400916458,1402020720,0,8951
spacev1b,euclidean,robust-prune,100,10000,1402020720,296,1402010269.4169,1402019905.5,1400920557,1402020720,0,8940
spacev1b,euclidean,robust-prune,100,10000,1402020720,297,1402010374.7269,1402019921.0,1400925699,1402020720,0,8923
spacev1b,euclidean,robust-prune,100,10000,1402020720,298,1402010484.5837,1402019933.5,1400927568,1402020720,0,8910
spacev1b,euclidean,robust-prune,100,10000,1402020720,299,1402010599.5086,1402019946.5,1400928484,1402020720,0,8889
spacev1b,euclidean,robust-prune,100,10000,1402020720,300,1402010714.445,1402019959.0,1400980697,1402020720,0,8874
spacev1b,euclidean,robust-prune,100,10000,1402020720,301,1402010821.7337,1402019967.5,1400993103,1402020720,0,8867
spacev1b,euclidean,robust-prune,100,10000,1402020720,302,1402010936.5779,1402019977.0,1400995980,1402020720,0,8850
spacev1b,euclidean,robust-prune,100,10000,1402020720,303,1402011044.9227,1402019989.0,1401005812,1402020720,0,8845
spacev1b,euclidean,robust-prune,100,10000,1402020720,304,1402011142.0695,1402019999.0,1401007236,1402020720,0,8830
spacev1b,euclidean,robust-prune,100,10000,1402020720,305,1402011245.0076,1402020011.0,1401012904,1402020720,0,8816
spacev1b,euclidean,robust-prune,100,10000,1402020720,306,1402011350.4028,1402020021.0,1401014470,1402020720,0,8805
spacev1b,euclidean,robust-prune,100,10000,1402020720,307,1402011452.5847,1402020031.0,1401015751,1402020720,0,8787
spacev1b,euclidean,robust-prune,100,10000,1402020720,308,1402011550.5037,1402020044.0,1401019764,1402020720,0,8768
spacev1b,euclidean,robust-prune,100,10000,1402020720,309,1402011662.6487,1402020054.0,1401029662,1402020720,0,8753
spacev1b,euclidean,robust-prune,100,10000,1402020720,310,1402011758.3479,1402020065.0,1401033147,1402020720,0,8742
spacev1b,euclidean,robust-prune,100,10000,1402020720,311,1402011852.8237,1402020076.0,1401033896,1402020720,0,8730
spacev1b,euclidean,robust-prune,100,10000,1402020720,312,1402011953.5532,1402020088.0,1401034798,1402020720,0,8714
spacev1b,euclidean,robust-prune,100,10000,1402020720,313,1402012044.8585,1402020095.0,1401036291,1402020720,0,8699
spacev1b,euclidean,robust-prune,100,10000,1402020720,314,1402012147.0793,1402020103.0,1401037145,1402020720,0,8676
spacev1b,euclidean,robust-prune,100,10000,1402020720,315,1402012241.2784,1402020112.0,1401038495,1402020720,0,8657
spacev1b,euclidean,robust-prune,100,10000,1402020720,316,1402012325.4829,1402020121.0,1401040367,1402020720,0,8640
spacev1b,euclidean,robust-prune,100,10000,1402020720,317,1402012418.7869,1402020132.0,1401045193,1402020720,0,8624
spacev1b,euclidean,robust-prune,100,10000,1402020720,318,1402012505.2585,1402020139.0,1401048775,1402020720,0,8611
spacev1b,euclidean,robust-prune,100,10000,1402020720,319,1402012580.4608,1402020146.5,1401051261,1402020720,0,8592
spacev1b,euclidean,robust-prune,100,10000,1402020720,320,1402012668.2143,1402020155.0,1401059838,1402020720,0,8573
spacev1b,euclidean,robust-prune,100,10000,1402020720,321,1402012744.7019,1402020165.0,1401069615,1402020720,0,8557
spacev1b,euclidean,robust-prune,100,10000,1402020720,322,1402012830.2448,1402020174.0,1401070361,1402020720,0,8542
spacev1b,euclidean,robust-prune,100,10000,1402020720,323,1402012915.136,1402020182.0,1401098419,1402020720,0,8520
spacev1b,euclidean,robust-prune,100,10000,1402020720,324,1402012988.1212,1402020190.0,1401102590,1402020720,0,8498
spacev1b,euclidean,robust-prune,100,10000,1402020720,325,1402013068.5897,1402020196.0,1401102797,1402020720,0,8485
spacev1b,euclidean,robust-prune,100,10000,1402020720,326,1402013146.4052,1402020206.0,1401103446,1402020720,0,8472
spacev1b,euclidean,robust-prune,100,10000,1402020720,327,1402013228.4679,1402020215.0,1401152238,1402020720,0,8455
spacev1b,euclidean,robust-prune,100,10000,1402020720,328,1402013297.9797,1402020223.0,1401152437,1402020720,0,8435
spacev1b,euclidean,robust-prune,100,10000,1402020720,329,1402013368.8141,1402020232.0,1401152841,1402020720,0,8424
spacev1b,euclidean,robust-prune,100,10000,1402020720,330,1402013442.8927,1402020237.0,1401163947,1402020720,0,8403
spacev1b,euclidean,robust-prune,100,10000,1402020720,331,1402013518.4117,1402020246.0,1401177649,1402020720,0,8385
spacev1b,euclidean,robust-prune,100,10000,1402020720,332,1402013592.8745,1402020253.5,1401178531,1402020720,0,8364
spacev1b,euclidean,robust-prune,100,10000,1402020720,333,1402013658.3814,1402020261.0,1401178909,1402020720,0,8345
spacev1b,euclidean,robust-prune,100,10000,1402020720,334,1402013730.8819,1402020267.0,1401181355,1402020720,0,8322
spacev1b,euclidean,robust-prune,100,10000,1402020720,335,1402013796.6537,1402020274.5,1401182914,1402020720,0,8308
spacev1b,euclidean,robust-prune,100,10000,1402020720,336,1402013877.5518,1402020281.0,1401184503,1402020720,0,8287
spacev1b,euclidean,robust-prune,100,10000,1402020720,337,1402013946.896,1402020287.0,1401186579,1402020720,0,8270
spacev1b,euclidean,robust-prune,100,10000,1402020720,338,1402014018.8828,1402020292.5,1401188058,1402020720,0,8259
spacev1b,euclidean,robust-prune,100,10000,1402020720,339,1402014083.6354,1402020300.0,1401189971,1402020720,0,8241
spacev1b,euclidean,robust-prune,100,10000,1402020720,340,1402014144.3339,1402020306.0,1401190366,1402020720,0,8225
spacev1b,euclidean,robust-prune,100,10000,1402020720,341,1402014206.6065,1402020311.0,1401192745,1402020720,0,8213
spacev1b,euclidean,robust-prune,100,10000,1402020720,342,1402014262.2104,1402020317.0,1401193978,1402020720,0,8195
spacev1b,euclidean,robust-prune,100,10000,1402020720,343,1402014324.6949,1402020322.5,1401198210,1402020720,0,8184
spacev1b,euclidean,robust-prune,100,10000,1402020720,344,1402014388.2318,1402020328.0,1401201698,1402020720,0,8165
spacev1b,euclidean,robust-prune,100,10000,1402020720,345,1402014448.9741,1402020333.0,1401201858,1402020720,0,8143
spacev1b,euclidean,robust-prune,100,10000,1402020720,346,1402014523.6175,1402020338.0,1401202991,1402020720,0,8129
spacev1b,euclidean,robust-prune,100,10000,1402020720,347,1402014580.3207,1402020343.5,1401204281,1402020720,0,8110
spacev1b,euclidean,robust-prune,100,10000,1402020720,348,1402014642.2552,1402020349.0,1401206357,1402020720,0,8087
spacev1b,euclidean,robust-prune,100,10000,1402020720,349,1402014708.4572,1402020354.5,1401207036,1402020720,0,8067
spacev1b,euclidean,robust-prune,100,10000,1402020720,350,1402014765.3928,1402020360.0,1401207928,1402020720,0,8058
spacev1b,euclidean,robust-prune,100,10000,1402020720,351,1402014820.2813,1402020366.0,1401209083,1402020720,0,8043
spacev1b,euclidean,robust-prune,100,10000,1402020720,352,1402014879.1717,1402020370.0,1401215070,1402020720,0,8022
spacev1b,euclidean,robust-prune,100,10000,1402020720,353,1402014943.04,1402020375.0,1401227001,1402020720,0,8006
spacev1b,euclidean,robust-prune,100,10000,1402020720,354,1402014998.7906,1402020381.0,1401227900,1402020720,0,7990
spacev1b,euclidean,robust-prune,100,10000,1402020720,355,1402015057.6497,1402020385.0,1401241757,1402020720,0,7970
spacev1b,euclidean,robust-prune,100,10000,1402020720,356,1402015112.8148,1402020390.5,1401244583,1402020720,0,7951
spacev1b,euclidean,robust-prune,100,10000,1402020720,357,1402015171.7412,1402020396.0,1401251559,1402020720,0,7939
spacev1b,euclidean,robust-prune,100,10000,1402020720,358,1402015227.67,1402020400.0,1401265308,1402020720,0,7916
spacev1b,euclidean,robust-prune,100,10000,1402020720,359,1402015275.992,1402020403.5,1401267434,1402020720,0,7894
spacev1b,euclidean,robust-prune,100,10000,1402020720,360,1402015329.6798,1402020409.0,1401268006,1402020720,0,7879
spacev1b,euclidean,robust-prune,100,10000,1402020720,361,1402015380.5358,1402020413.5,1401269043,1402020720,0,7864
spacev1b,euclidean,robust-prune,100,10000,1402020720,362,1402015431.1084,1402020418.0,1401272260,1402020720,0,7847
spacev1b,euclidean,robust-prune,100,10000,1402020720,363,1402015481.2172,1402020422.0,1401285703,1402020720,0,7824
spacev1b,euclidean,robust-prune,100,10000,1402020720,364,1402015531.6449,1402020426.5,1401286750,1402020720,0,7804
spacev1b,euclidean,robust-prune,100,10000,1402020720,365,1402015580.4791,1402020430.0,1401292817,1402020720,0,7783
spacev1b,euclidean,robust-prune,100,10000,1402020720,366,1402015625.2371,1402020434.0,1401293360,1402020720,0,7765
spacev1b,euclidean,robust-prune,100,10000,1402020720,367,1402015670.1342,1402020438.0,1401296070,1402020720,0,7753
spacev1b,euclidean,robust-prune,100,10000,1402020720,368,1402015718.6649,1402020443.5,1401307229,1402020720,0,7731
spacev1b,euclidean,robust-prune,100,10000,1402020720,369,1402015763.0956,1402020448.0,1401314534,1402020720,0,7709
spacev1b,euclidean,robust-prune,100,10000,1402020720,370,1402015816.2452,1402020451.0,1401318332,1402020720,0,7692
spacev1b,euclidean,robust-prune,100,10000,1402020720,371,1402015861.7737,1402020454.0,1401329394,1402020720,0,7676
spacev1b,euclidean,robust-prune,100,10000,1402020720,372,1402015905.8171,1402020460.0,1401331150,1402020720,0,7661
spacev1b,euclidean,robust-prune,100,10000,1402020720,373,1402015956.3449,1402020463.0,1401334189,1402020720,0,7643
spacev1b,euclidean,robust-prune,100,10000,1402020720,374,1402015998.0902,1402020467.0,1401334499,1402020720,0,7622
spacev1b,euclidean,robust-prune,100,10000,1402020720,375,1402016037.6248,1402020472.0,1401335772,1402020720,0,7603
spacev1b,euclidean,robust-prune,100,10000,1402020720,376,1402016079.8678,1402020474.5,1401336397,1402020720,0,7592
spacev1b,euclidean,robust-prune,100,10000,1402020720,377,1402016125.4363,1402020478.0,1401336548,1402020720,0,7567
spacev1b,euclidean,robust-prune,100,10000,1402020720,378,1402016170.7514,1402020483.0,1401338228,1402020720,0,7542
spacev1b,euclidean,robust-prune,100,10000,1402020720,379,1402016209.3541,1402020486.0,1401339613,1402020720,0,7514
spacev1b,euclidean,robust-prune,100,10000,1402020720,380,1402016247.6654,1402020490.0,1401341074,1402020720,0,7497
spacev1b,euclidean,robust-prune,100,10000,1402020720,381,1402016284.2207,1402020493.0,1401343733,1402020720,0,7477
spacev1b,euclidean,robust-prune,100,10000,1402020720,382,1402016323.1877,1402020497.0,1401345377,1402020720,0,7459
spacev1b,euclidean,robust-prune,100,10000,1402020720,383,1402016363.1668,1402020500.0,1401345928,1402020720,0,7444
spacev1b,euclidean,robust-prune,100,10000,1402020720,384,1402016402.3043,1402020504.0,1401347670,1402020720,0,7412
spacev1b,euclidean,robust-prune,100,10000,1402020720,385,1402016440.413,1402020507.0,1401348930,1402020720,0,7395
spacev1b,euclidean,robust-prune,100,10000,1402020720,386,1402016481.0019,1402020511.0,1401349226,1402020720,0,7370
spacev1b,euclidean,robust-prune,100,10000,1402020720,387,1402016516.8378,1402020513.0,1401350129,1402020720,0,7357
spacev1b,euclidean,robust-prune,100,10000,1402020720,388,1402016555.896,1402020516.0,1401352772,1402020720,0,7336
spacev1b,euclidean,robust-prune,100,10000,1402020720,389,1402016592.1494,1402020520.0,1401356079,1402020720,0,7318
spacev1b,euclidean,robust-prune,100,10000,1402020720,390,1402016626.2884,1402020523.0,1401359408,1402020720,0,7303
spacev1b,euclidean,robust-prune,100,10000,1402020720,391,1402016661.1713,1402020526.0,1401360770,1402020720,0,7282
spacev1b,euclidean,robust-prune,100,10000,1402020720,392,1402016700.8162,1402020528.0,1401362712,1402020720,0,7263
spacev1b,euclidean,robust-prune,100,10000,1402020720,393,1402016734.5307,1402020531.0,1401365991,1402020720,0,7238
spacev1b,euclidean,robust-prune,100,10000,1402020720,394,1402016765.5139,1402020534.0,1401367304,1402020720,0,7210
spacev1b,euclidean,robust-prune,100,10000,1402020720,395,1402016798.384,1402020537.0,1401367433,1402020720,0,7192
spacev1b,euclidean,robust-prune,100,10000,1402020720,396,1402016830.4806,1402020540.0,1401370011,1402020720,0,7170
spacev1b,euclidean,robust-prune,100,10000,1402020720,397,1402016863.1362,1402020542.5,1401370294,1402020720,0,7154
spacev1b,euclidean,robust-prune,100,10000,1402020720,398,1402016899.7943,1402020546.0,1401372967,1402020720,0,7131
spacev1b,euclidean,robust-prune,100,10000,1402020720,399,1402016933.7287,1402020549.0,1401373124,1402020720,0,7116
spacev1b,euclidean,robust-prune,100,10000,1402020720,400,1402016967.5844,1402020551.0,1401375252,1402020720,0,7084
spacev1b,euclidean,robust-prune,100,10000,1402020720,401,1402016999.788,1402020554.0,1401381004,1402020720,0,7065
spacev1b,euclidean,robust-prune,100,10000,1402020720,402,1402017039.1777,1402020558.0,1401382380,1402020720,0,7039
spacev1b,euclidean,robust-prune,100,10000,1402020720,403,1402017076.3895,1402020560.5,1401383206,1402020720,0,7018
spacev1b,euclidean,robust-prune,100,10000,1402020720,404,1402017105.661,1402020563.0,1401384346,1402020720,0,6997
spacev1b,euclidean,robust-prune,100,10000,1402020720,405,1402017137.8783,1402020565.0,1401387403,1402020720,0,6973
spacev1b,euclidean,robust-prune,100,10000,1402020720,406,1402017168.9452,1402020568.0,1401389080,1402020720,0,6951
spacev1b,euclidean,robust-prune,100,10000,1402020720,407,1402017198.7266,1402020571.0,1401389498,1402020720,0,6934
spacev1b,euclidean,robust-prune,100,10000,1402020720,408,1402017235.8944,1402020573.0,1401393827,1402020720,0,6912
spacev1b,euclidean,robust-prune,100,10000,1402020720,409,1402017266.047,1402020576.0,1401408337,1402020720,0,6885
spacev1b,euclidean,robust-prune,100,10000,1402020720,410,1402017298.5121,1402020579.0,1401409632,1402020720,0,6865
spacev1b,euclidean,robust-prune,100,10000,1402020720,411,1402017332.5993,1402020580.5,1401412361,1402020720,0,6847
spacev1b,euclidean,robust-prune,100,10000,1402020720,412,1402017358.494,1402020583.0,1401413077,1402020720,0,6830
spacev1b,euclidean,robust-prune,100,10000,1402020720,413,1402017387.7649,1402020586.0,1401413681,1402020720,0,6801
spacev1b,euclidean,robust-prune,100,10000,1402020720,414,1402017418.0527,1402020588.0,1401414664,1402020720,0,6784
spacev1b,euclidean,robust-prune,100,10000,1402020720,415,1402017445.2398,1402020590.0,1401416940,1402020720,0,6761
spacev1b,euclidean,robust-prune,100,10000,1402020720,416,1402017471.2868,1402020593.0,1401418191,1402020720,0,6744
spacev1b,euclidean,robust-prune,100,10000,1402020720,417,1402017500.2051,1402020595.0,1401422611,1402020720,0,6725
spacev1b,euclidean,robust-prune,100,10000,1402020720,418,1402017532.0443,1402020597.0,1401424036,1402020720,0,6705
spacev1b,euclidean,robust-prune,100,10000,1402020720,419,1402017560.2571,1402020599.5,1401424071,1402020720,0,6679
spacev1b,euclidean,robust-prune,100,10000,1402020720,420,1402017586.6696,1402020602.0,1401426055,1402020720,0,6660
spacev1b,euclidean,robust-prune,100,10000,1402020720,421,1402017611.6912,1402020604.0,1401426510,1402020720,0,6634
spacev1b,euclidean,robust-prune,100,10000,1402020720,422,1402017638.6303,1402020606.0,1401429894,1402020720,0,6616
spacev1b,euclidean,robust-prune,100,10000,1402020720,423,1402017663.7884,1402020608.0,1401430169,1402020720,0,6592
spacev1b,euclidean,robust-prune,100,10000,1402020720,424,1402017691.6211,1402020610.0,1401431139,1402020720,0,6571
spacev1b,euclidean,robust-prune,100,10000,1402020720,425,1402017714.3862,1402020611.0,1401433320,1402020720,0,6554
spacev1b,euclidean,robust-prune,100,10000,1402020720,426,1402017735.7555,1402020614.0,1401435231,1402020720,0,6528
spacev1b,euclidean,robust-prune,100,10000,1402020720,427,1402017758.5085,1402020615.0,1401435649,1402020720,0,6512
spacev1b,euclidean,robust-prune,100,10000,1402020720,428,1402017781.3077,1402020617.0,1401438080,1402020720,0,6489
spacev1b,euclidean,robust-prune,100,10000,1402020720,429,1402017804.8079,1402020620.0,1401438373,1402020720,0,6470
spacev1b,euclidean,robust-prune,100,10000,1402020720,430,1402017829.4657,1402020622.0,1401442897,1402020720,0,6443
spacev1b,euclidean,robust-prune,100,10000,1402020720,431,1402017857.4585,1402020623.0,1401445610,1402020720,0,6418
spacev1b,euclidean,robust-prune,100,10000,1402020720,432,1402017882.3675,1402020624.5,1401447509,1402020720,0,6396
spacev1b,euclidean,robust-prune,100,10000,1402020720,433,1402017902.3885,1402020627.0,1401448223,1402020720,0,6376
spacev1b,euclidean,robust-prune,100,10000,1402020720,434,1402017925.7587,1402020628.0,1401450020,1402020720,0,6355
spacev1b,euclidean,robust-prune,100,10000,1402020720,435,1402017947.7919,1402020630.0,1401450236,1402020720,0,6330
spacev1b,euclidean,robust-prune,100,10000,1402020720,436,1402017969.9977,1402020632.0,1401450382,1402020720,0,6311
spacev1b,euclidean,robust-prune,100,10000,1402020720,437,1402017990.7138,1402020634.0,1401454430,1402020720,0,6289
spacev1b,euclidean,robust-prune,100,10000,1402020720,438,1402018009.715,1402020635.0,1401455118,1402020720,0,6271
spacev1b,euclidean,robust-prune,100,10000,1402020720,439,1402018029.2432,1402020638.0,1401455793,1402020720,0,6250
spacev1b,euclidean,robust-prune,100,10000,1402020720,440,1402018051.7072,1402020639.0,1401455916,1402020720,0,6236
spacev1b,euclidean,robust-prune,100,10000,1402020720,441,1402018073.7666,1402020640.0,1401456665,1402020720,0,6219
spacev1b,euclidean,robust-prune,100,10000,1402020720,442,1402018093.7397,1402020642.0,1401457685,1402020720,0,6187
spacev1b,euclidean,robust-prune,100,10000,1402020720,443,1402018115.1806,1402020644.0,1401458961,1402020720,0,6169
spacev1b,euclidean,robust-prune,100,10000,1402020720,444,1402018137.9614,1402020645.0,1401461897,1402020720,0,6146
spacev1b,euclidean,robust-prune,100,10000,1402020720,445,1402018162.1768,1402020647.0,1401461999,1402020720,0,6119
spacev1b,euclidean,robust-prune,100,10000,1402020720,446,1402018183.7596,1402020649.0,1401463056,1402020720,0,6093
spacev1b,euclidean,robust-prune,100,10000,1402020720,447,1402018202.1131,1402020650.5,1401464788,1402020720,0,6077
spacev1b,euclidean,robust-prune,100,10000,1402020720,448,1402018220.2882,1402020652.0,1401465263,1402020720,0,6056
spacev1b,euclidean,robust-prune,100,10000,1402020720,449,1402018238.1015,1402020653.5,1401465580,1402020720,0,6033
spacev1b,euclidean,robust-prune,100,10000,1402020720,450,1402018259.6443,1402020655.0,1401465748,1402020720,0,6012
spacev1b,euclidean,robust-prune,100,10000,1402020720,451,1402018279.006,1402020657.0,1401466681,1402020720,0,5991
spacev1b,euclidean,robust-prune,100,10000,1402020720,452,1402018295.2223,1402020659.0,1401466987,1402020720,0,5968
spacev1b,euclidean,robust-prune,100,10000,1402020720,453,1402018313.5457,1402020660.0,1401468108,1402020720,0,5949
spacev1b,euclidean,robust-prune,100,10000,1402020720,454,1402018332.9523,1402020662.0,1401468974,1402020720,0,5930
spacev1b,euclidean,robust-prune,100,10000,1402020720,455,1402018353.6847,1402020663.0,1401472909,1402020720,0,5908
spacev1b,euclidean,robust-prune,100,10000,1402020720,456,1402018373.1532,1402020665.0,1401475040,1402020720,0,5891
spacev1b,euclidean,robust-prune,100,10000,1402020720,457,1402018393.9019,1402020667.0,1401477618,1402020720,0,5869
spacev1b,euclidean,robust-prune,100,10000,1402020720,458,1402018409.923,1402020668.0,1401479465,1402020720,0,5845
spacev1b,euclidean,robust-prune,100,10000,1402020720,459,1402018430.635,1402020670.0,1401484667,1402020720,0,5819
spacev1b,euclidean,robust-prune,100,10000,1402020720,460,1402018449.7747,1402020671.0,1401487235,1402020720,0,5798
spacev1b,euclidean,robust-prune,100,10000,1402020720,461,1402018470.0415,1402020672.5,1401490336,1402020720,0,5770
spacev1b,euclidean,robust-prune,100,10000,1402020720,462,1402018491.3703,1402020674.0,1401493564,1402020720,0,5756
spacev1b,euclidean,robust-prune,100,10000,1402020720,463,1402018507.6225,1402020675.0,1401495918,1402020720,0,5734
spacev1b,euclidean,robust-prune,100,10000,1402020720,464,1402018524.7802,1402020677.0,1401496147,1402020720,0,5712
spacev1b,euclidean,robust-prune,100,10000,1402020720,465,1402018543.23,1402020678.0,1401496358,1402020720,0,5683
spacev1b,euclidean,robust-prune,100,10000,1402020720,466,1402018559.6944,1402020679.5,1401497296,1402020720,0,5658
spacev1b,euclidean,robust-prune,100,10000,1402020720,467,1402018578.9978,1402020681.0,1401498341,1402020720,0,5639
spacev1b,euclidean,robust-prune,100,10000,1402020720,468,1402018595.8514,1402020682.0,1401498853,1402020720,0,5618
spacev1b,euclidean,robust-prune,100,10000,1402020720,469,1402018615.3099,1402020683.0,1401499724,1402020720,0,5602
spacev1b,euclidean,robust-prune,100,10000,1402020720,470,1402018630.9672,1402020685.0,1401500322,1402020720,0,5581
spacev1b,euclidean,robust-prune,100,10000,1402020720,471,1402018647.2639,1402020686.0,1401502134,1402020720,0,5560
spacev1b,euclidean,robust-prune,100,10000,1402020720,472,1402018666.3536,1402020688.0,1401507813,1402020720,0,5542
spacev1b,euclidean,robust-prune,100,10000,1402020720,473,1402018683.5645,1402020689.0,1401508656,1402020720,0,5520
spacev1b,euclidean,robust-prune,100,10000,1402020720,474,1402018698.0287,1402020690.0,1401509005,1402020720,0,5502
spacev1b,euclidean,robust-prune,100,10000,1402020720,475,1402018711.2709,1402020691.0,1401509491,1402020720,0,5480
spacev1b,euclidean,robust-prune,100,10000,1402020720,476,1402018727.6881,1402020692.5,1401509775,1402020720,0,5458
spacev1b,euclidean,robust-prune,100,10000,1402020720,477,1402018766.2161,1402020694.0,1401600365,1402020720,0,5434
spacev1b,euclidean,robust-prune,100,10000,1402020720,478,1402018785.4577,1402020695.0,1401601839,1402020720,0,5414
spacev1b,euclidean,robust-prune,100,10000,1402020720,479,1402018800.7011,1402020696.0,1401603737,1402020720,0,5391
spacev1b,euclidean,robust-prune,100,10000,1402020720,480,1402018819.1336,1402020698.0,1401605890,1402020720,0,5373
spacev1b,euclidean,robust-prune,100,10000,1402020720,481,1402018834.8441,1402020699.0,1401606197,1402020720,0,5353
spacev1b,euclidean,robust-prune,100,10000,1402020720,482,1402018849.1151,1402020700.0,1401606830,1402020720,0,5339
spacev1b,euclidean,robust-prune,100,10000,1402020720,483,1402018864.5558,1402020702.0,1401608628,1402020720,0,5324
spacev1b,euclidean,robust-prune,100,10000,1402020720,484,1402018878.725,1402020703.0,1401609015,1402020720,0,5305
spacev1b,euclidean,robust-prune,100,10000,1402020720,485,1402018894.8707,1402020704.0,1401609988,1402020720,0,5284
spacev1b,euclidean,robust-prune,100,10000,1402020720,486,1402018909.1846,1402020705.0,1401610893,1402020720,0,5266
spacev1b,euclidean,robust-prune,100,10000,1402020720,487,1402018923.165,1402020706.0,1401612997,1402020720,0,5242
spacev1b,euclidean,robust-prune,100,10000,1402020720,488,1402018936.3492,1402020707.0,1401613163,1402020720,0,5223
spacev1b,euclidean,robust-prune,100,10000,1402020720,489,1402018950.3524,1402020708.0,1401614381,1402020720,0,5203
spacev1b,euclidean,robust-prune,100,10000,1402020720,490,1402018961.6072,1402020710.0,1401617013,1402020720,0,5181
spacev1b,euclidean,robust-prune,100,10000,1402020720,491,1402018975.1207,1402020711.0,1401617349,1402020720,0,5163
spacev1b,euclidean,robust-prune,100,10000,1402020720,492,1402018987.1677,1402020712.0,1401620878,1402020720,0,5142
spacev1b,euclidean,robust-prune,100,10000,1402020720,493,1402019002.0572,1402020713.0,1401626121,1402020720,0,5126
spacev1b,euclidean,robust-prune,100,10000,1402020720,494,1402019015.1238,1402020714.0,1401626222,1402020720,0,5107
spacev1b,euclidean,robust-prune,100,10000,1402020720,495,1402019028.4749,1402020715.0,1401627042,1402020720,0,5093
spacev1b,euclidean,robust-prune,100,10000,1402020720,496,1402019040.3127,1402020716.0,1401627973,1402020720,0,5067
spacev1b,euclidean,robust-prune,100,10000,1402020720,497,1402019053.1483,1402020717.0,1401629338,1402020720,0,5045
spacev1b,euclidean,robust-prune,100,10000,1402020720,498,1402019067.3287,1402020718.0,1401629966,1402020720,0,5033
spacev1b,euclidean,robust-prune,100,10000,1402020720,499,1402019081.8463,1402020719.0,1401630027,1402020720,0,5004
spacev1b,euclidean,robust-prune,100,10000,1402020720,500,1402019095.8764,1402020720.0,1401633017,1402020720,0,4985
spacev1b,euclidean,robust-prune,100,10000,1402020720,501,1402019108.5636,1402020720.0,1401633383,1402020720,0,4963
spacev1b,euclidean,robust-prune,100,10000,1402020720,502,1402019120.2472,1402020720.0,1401633491,1402020720,0,4939
spacev1b,euclidean,robust-prune,100,10000,1402020720,503,1402019133.4815,1402020720.0,1401633624,1402020720,0,4923
spacev1b,euclidean,robust-prune,100,10000,1402020720,504,1402019149.7166,1402020720.0,1401633659,1402020720,0,4900
spacev1b,euclidean,robust-prune,100,10000,1402020720,505,1402019160.346,1402020720.0,1401634053,1402020720,0,4883
spacev1b,euclidean,robust-prune,100,10000,1402020720,506,1402019170.1443,1402020720.0,1401634952,1402020720,0,4860
spacev1b,euclidean,robust-prune,100,10000,1402020720,507,1402019180.3005,1402020720.0,1401636607,1402020720,0,4837
spacev1b,euclidean,robust-prune,100,10000,1402020720,508,1402019192.5587,1402020720.0,1401637305,1402020720,0,4813
spacev1b,euclidean,robust-prune,100,10000,1402020720,509,1402019204.9073,1402020720.0,1401638456,1402020720,0,4780
spacev1b,euclidean,robust-prune,100,10000,1402020720,510,1402019215.6722,1402020720.0,1401641433,1402020720,0,4755
spacev1b,euclidean,robust-prune,100,10000,1402020720,511,1402019228.511,1402020720.0,1401644523,1402020720,0,4732
spacev1b,euclidean,robust-prune,100,10000,1402020720,512,1402019239.5513,1402020720.0,1401658084,1402020720,0,4710
spacev1b,euclidean,robust-prune,100,10000,1402020720,513,1402019252.5951,1402020720.0,1401662849,1402020720,0,4687
spacev1b,euclidean,robust-prune,100,10000,1402020720,514,1402019262.5405,1402020720.0,1401663989,1402020720,0,4667
spacev1b,euclidean,robust-prune,100,10000,1402020720,515,1402019272.7475,1402020720.0,1401664364,1402020720,0,4650
spacev1b,euclidean,robust-prune,100,10000,1402020720,516,1402019283.9755,1402020720.0,1401669743,1402020720,0,4635
spacev1b,euclidean,robust-prune,100,10000,1402020720,517,1402019293.9993,1402020720.0,1401676325,1402020720,0,4613
spacev1b,euclidean,robust-prune,100,10000,1402020720,518,1402019304.3106,1402020720.0,1401677068,1402020720,0,4588
spacev1b,euclidean,robust-prune,100,10000,1402020720,519,1402019314.3057,1402020720.0,1401677920,1402020720,0,4569
spacev1b,euclidean,robust-prune,100,10000,1402020720,520,1402019325.0406,1402020720.0,1401680180,1402020720,0,4545
spacev1b,euclidean,robust-prune,100,10000,1402020720,521,1402019337.1025,1402020720.0,1401683922,1402020720,0,4536
spacev1b,euclidean,robust-prune,100,10000,1402020720,522,1402019346.4074,1402020720.0,1401684819,1402020720,0,4516
spacev1b,euclidean,robust-prune,100,10000,1402020720,523,1402019355.6883,1402020720.0,1401685465,1402020720,0,4496
spacev1b,euclidean,robust-prune,100,10000,1402020720,524,1402019367.0825,1402020720.0,1401687071,1402020720,0,4477
spacev1b,euclidean,robust-prune,100,10000,1402020720,525,1402019377.6487,1402020720.0,1401687227,1402020720,0,4458
spacev1b,euclidean,robust-prune,100,10000,1402020720,526,1402019386.5049,1402020720.0,1401689323,1402020720,0,4443
spacev1b,euclidean,robust-prune,100,10000,1402020720,527,1402019396.9392,1402020720.0,1401690111,1402020720,0,4428
spacev1b,euclidean,robust-prune,100,10000,1402020720,528,1402019406.0641,1402020720.0,1401690118,1402020720,0,4411
spacev1b,euclidean,robust-prune,100,10000,1402020720,529,1402019415.3277,1402020720.0,1401690544,1402020720,0,4396
spacev1b,euclidean,robust-prune,100,10000,1402020720,530,1402019425.2524,1402020720.0,1401698531,1402020720,0,4385
spacev1b,euclidean,robust-prune,100,10000,1402020720,531,1402019433.122,1402020720.0,1401698736,1402020720,0,4367
spacev1b,euclidean,robust-prune,100,10000,1402020720,532,1402019441.2772,1402020720.0,1401699938,1402020720,0,4349
spacev1b,euclidean,robust-prune,100,10000,1402020720,533,1402019450.4786,1402020720.0,1401700286,1402020720,0,4333
spacev1b,euclidean,robust-prune,100,10000,1402020720,534,1402019465.438,1402020720.0,1401700386,1402020720,0,4317
spacev1b,euclidean,robust-prune,100,10000,1402020720,535,1402019474.078,1402020720.0,1401700528,1402020720,0,4292
spacev1b,euclidean,robust-prune,100,10000,1402020720,536,1402019482.3745,1402020720.0,1401703646,1402020720,0,4273
spacev1b,euclidean,robust-prune,100,10000,1402020720,537,1402019492.3292,1402020720.0,1401704176,1402020720,0,4252
spacev1b,euclidean,robust-prune,100,10000,1402020720,538,1402019501.1837,1402020720.0,1401705997,1402020720,0,4238
spacev1b,euclidean,robust-prune,100,10000,1402020720,539,1402019509.502,1402020720.0,1401708868,1402020720,0,4213
spacev1b,euclidean,robust-prune,100,10000,1402020720,540,1402019518.3742,1402020720.0,1401711771,1402020720,0,4195
spacev1b,euclidean,robust-prune,100,10000,1402020720,541,1402019527.2827,1402020720.0,1401713692,1402020720,0,4173
spacev1b,euclidean,robust-prune,100,10000,1402020720,542,1402019536.0222,1402020720.0,1401717128,1402020720,0,4155
spacev1b,euclidean,robust-prune,100,10000,1402020720,543,1402019544.3471,1402020720.0,1401717399,1402020720,0,4148
spacev1b,euclidean,robust-prune,100,10000,1402020720,544,1402019552.9266,1402020720.0,1401718771,1402020720,0,4133
spacev1b,euclidean,robust-prune,100,10000,1402020720,545,1402019563.7672,1402020720.0,1401730803,1402020720,0,4116
spacev1b,euclidean,robust-prune,100,10000,1402020720,546,1402019571.552,1402020720.0,1401733978,1402020720,0,4097
spacev1b,euclidean,robust-prune,100,10000,1402020720,547,1402019580.6115,1402020720.0,1401734354,1402020720,0,4084
spacev1b,euclidean,robust-prune,100,10000,1402020720,548,1402019590.1207,1402020720.0,1401735138,1402020720,0,4071
spacev1b,euclidean,robust-prune,100,10000,1402020720,549,1402019600.2572,1402020720.0,1401735315,1402020720,0,4061
spacev1b,euclidean,robust-prune,100,10000,1402020720,550,1402019610.0323,1402020720.0,1401743829,1402020720,0,4040
spacev1b,euclidean,robust-prune,100,10000,1402020720,551,1402019616.9521,1402020720.0,1401746709,1402020720,0,4030
spacev1b,euclidean,robust-prune,100,10000,1402020720,552,1402019625.9405,1402020720.0,1401746758,1402020720,0,4004
spacev1b,euclidean,robust-prune,100,10000,1402020720,553,1402019633.791,1402020720.0,1401746848,1402020720,0,3991
spacev1b,euclidean,robust-prune,100,10000,1402020720,554,1402019642.3015,1402020720.0,1401747847,1402020720,0,3977
spacev1b,euclidean,robust-prune,100,10000,1402020720,555,1402019648.7707,1402020720.0,1401748606,1402020720,0,3963
spacev1b,euclidean,robust-prune,100,10000,1402020720,556,1402019655.9318,1402020720.0,1401750032,1402020720,0,3943
spacev1b,euclidean,robust-prune,100,10000,1402020720,557,1402019664.7239,1402020720.0,1401750289,1402020720,0,3920
spacev1b,euclidean,robust-prune,100,10000,1402020720,558,1402019672.5837,1402020720.0,1401750398,1402020720,0,3893
spacev1b,euclidean,robust-prune,100,10000,1402020720,559,1402019679.6232,1402020720.0,1401751555,1402020720,0,3878
spacev1b,euclidean,robust-prune,100,10000,1402020720,560,1402019685.6933,1402020720.0,1401751621,1402020720,0,3859
spacev1b,euclidean,robust-prune,100,10000,1402020720,561,1402019692.4803,1402020720.0,1401752224,1402020720,0,3835
spacev1b,euclidean,robust-prune,100,10000,1402020720,562,1402019700.3755,1402020720.0,1401753648,1402020720,0,3818
spacev1b,euclidean,robust-prune,100,10000,1402020720,563,1402019707.8621,1402020720.0,1401756009,1402020720,0,3800
spacev1b,euclidean,robust-prune,100,10000,1402020720,564,1402019714.4037,1402020720.0,1401756492,1402020720,0,3790
spacev1b,euclidean,robust-prune,100,10000,1402020720,565,1402019721.429,1402020720.0,1401756625,1402020720,0,3776
spacev1b,euclidean,robust-prune,100,10000,1402020720,566,1402019727.5193,1402020720.0,1401757320,1402020720,0,3766
spacev1b,euclidean,robust-prune,100,10000,1402020720,567,1402019734.7901,1402020720.0,1401757942,1402020720,0,3752
spacev1b,euclidean,robust-prune,100,10000,1402020720,568,1402019740.8955,1402020720.0,1401759260,1402020720,0,3727
spacev1b,euclidean,robust-prune,100,10000,1402020720,569,1402019748.4788,1402020720.0,1401759471,1402020720,0,3708
spacev1b,euclidean,robust-prune,100,10000,1402020720,570,1402019754.8847,1402020720.0,1401760411,1402020720,0,3698
spacev1b,euclidean,robust-prune,100,10000,1402020720,571,1402019763.2007,1402020720.0,1401761751,1402020720,0,3686
spacev1b,euclidean,robust-prune,100,10000,1402020720,572,1402019770.7424,1402020720.0,1401763651,1402020720,0,3671
spacev1b,euclidean,robust-prune,100,10000,1402020720,573,1402019778.2487,1402020720.0,1401764008,1402020720,0,3660
spacev1b,euclidean,robust-prune,100,10000,1402020720,574,1402019784.6112,1402020720.0,1401764262,1402020720,0,3647
spacev1b,euclidean,robust-prune,100,10000,1402020720,575,1402019790.6749,1402020720.0,1401764508,1402020720,0,3624
spacev1b,euclidean,robust-prune,100,10000,1402020720,576,1402019797.156,1402020720.0,1401764726,1402020720,0,3610
spacev1b,euclidean,robust-prune,100,10000,1402020720,577,1402019804.4798,1402020720.0,1401764787,1402020720,0,3584
spacev1b,euclidean,robust-prune,100,10000,1402020720,578,1402019812.0643,1402020720.0,1401765739,1402020720,0,3567
spacev1b,euclidean,robust-prune,100,10000,1402020720,579,1402019818.4148,1402020720.0,1401765855,1402020720,0,3552
spacev1b,euclidean,robust-prune,100,10000,1402020720,580,1402019825.5123,1402020720.0,1401766617,1402020720,0,3536
spacev1b,euclidean,robust-prune,100,10000,1402020720,581,1402019837.9939,1402020720.0,1401792925,1402020720,0,3516
spacev1b,euclidean,robust-prune,100,10000,1402020720,582,1402019844.5056,1402020720.0,1401793120,1402020720,0,3501
spacev1b,euclidean,robust-prune,100,10000,1402020720,583,1402019850.6786,1402020720.0,1401795502,1402020720,0,3484
spacev1b,euclidean,robust-prune,100,10000,1402020720,584,1402019855.6124,1402020720.0,1401795651,1402020720,0,3474
spacev1b,euclidean,robust-prune,100,10000,1402020720,585,1402019861.858,1402020720.0,1401797845,1402020720,0,3459
spacev1b,euclidean,robust-prune,100,10000,1402020720,586,1402019867.116,1402020720.0,1401798797,1402020720,0,3446
spacev1b,euclidean,robust-prune,100,10000,1402020720,587,1402019874.4696,1402020720.0,1401799686,1402020720,0,3427
spacev1b,euclidean,robust-prune,100,10000,1402020720,588,1402019880.5641,1402020720.0,1401800760,1402020720,0,3407
spacev1b,euclidean,robust-prune,100,10000,1402020720,589,1402019887.1494,1402020720.0,1401800844,1402020720,0,3381
spacev1b,euclidean,robust-prune,100,10000,1402020720,590,1402019892.6075,1402020720.0,1401802407,1402020720,0,3367
spacev1b,euclidean,robust-prune,100,10000,1402020720,591,1402019898.0001,1402020720.0,1401802599,1402020720,0,3358
spacev1b,euclidean,robust-prune,100,10000,1402020720,592,1402019904.5873,1402020720.0,1401802720,1402020720,0,3342
spacev1b,euclidean,robust-prune,100,10000,1402020720,593,1402019909.8661,1402020720.0,1401803067,1402020720,0,3337
spacev1b,euclidean,robust-prune,100,10000,1402020720,594,1402019916.1717,1402020720.0,1401807089,1402020720,0,3316
spacev1b,euclidean,robust-prune,100,10000,1402020720,595,1402019921.5112,1402020720.0,1401807928,1402020720,0,3309
spacev1b,euclidean,robust-prune,100,10000,1402020720,596,1402019927.1149,1402020720.0,1401808749,1402020720,0,3302
spacev1b,euclidean,robust-prune,100,10000,1402020720,597,1402019933.013,1402020720.0,1401808922,1402020720,0,3292
spacev1b,euclidean,robust-prune,100,10000,1402020720,598,1402019938.8732,1402020720.0,1401809254,1402020720,0,3284
spacev1b,euclidean,robust-prune,100,10000,1402020720,599,1402019944.046,1402020720.0,1401809324,1402020720,0,3262
spacev1b,euclidean,robust-prune,100,10000,1402020720,600,1402019950.8383,1402020720.0,1401809442,1402020720,0,3250
spacev1b,euclidean,robust-prune,100,10000,1402020720,601,1402019955.5063,1402020720.0,1401809861,1402020720,0,3240
spacev1b,euclidean,robust-prune,100,10000,1402020720,602,1402019960.4935,1402020720.0,1401810212,1402020720,0,3229
spacev1b,euclidean,robust-prune,100,10000,1402020720,603,1402019965.3199,1402020720.0,1401810434,1402020720,0,3220
spacev1b,euclidean,robust-prune,100,10000,1402020720,604,1402019970.4489,1402020720.0,1401810460,1402020720,0,3209
spacev1b,euclidean,robust-prune,100,10000,1402020720,605,1402019975.6134,1402020720.0,1401811063,1402020720,0,3197
spacev1b,euclidean,robust-prune,100,10000,1402020720,606,1402019980.8121,1402020720.0,1401811193,1402020720,0,3180
spacev1b,euclidean,robust-prune,100,10000,1402020720,607,1402019985.2427,1402020720.0,1401811401,1402020720,0,3162
spacev1b,euclidean,robust-prune,100,10000,1402020720,608,1402019990.006,1402020720.0,1401811973,1402020720,0,3151
spacev1b,euclidean,robust-prune,100,10000,1402020720,609,1402019994.9297,1402020720.0,1401812306,1402020720,0,3133
spacev1b,euclidean,robust-prune,100,10000,1402020720,610,1402019999.7168,1402020720.0,1401812397,1402020720,0,3112
spacev1b,euclidean,robust-prune,100,10000,1402020720,611,1402020004.3936,1402020720.0,1401812891,1402020720,0,3097
spacev1b,euclidean,robust-prune,100,10000,1402020720,612,1402020009.7896,1402020720.0,1401813008,1402020720,0,3087
spacev1b,euclidean,robust-prune,100,10000,1402020720,613,1402020014.7855,1402020720.0,1401813835,1402020720,0,3070
spacev1b,euclidean,robust-prune,100,10000,1402020720,614,1402020019.1278,1402020720.0,1401814427,1402020720,0,3065
spacev1b,euclidean,robust-prune,100,10000,1402020720,615,1402020023.8988,1402020720.0,1401814850,1402020720,0,3054
spacev1b,euclidean,robust-prune,100,10000,1402020720,616,1402020027.8967,1402020720.0,1401815433,1402020720,0,3044
spacev1b,euclidean,robust-prune,100,10000,1402020720,617,1402020032.6833,1402020720.0,1401815538,1402020720,0,3029
spacev1b,euclidean,robust-prune,100,10000,1402020720,618,1402020037.38,1402020720.0,1401815707,1402020720,0,3020
spacev1b,euclidean,robust-prune,100,10000,1402020720,619,1402020042.0273,1402020720.0,1401818008,1402020720,0,3011
spacev1b,euclidean,robust-prune,100,10000,1402020720,620,1402020046.0776,1402020720.0,1401818328,1402020720,0,2998
spacev1b,euclidean,robust-prune,100,10000,1402020720,621,1402020051.6786,1402020720.0,1401818865,1402020720,0,2987
spacev1b,euclidean,robust-prune,100,10000,1402020720,622,1402020055.9774,1402020720.0,1401819827,1402020720,0,2976
spacev1b,euclidean,robust-prune,100,10000,1402020720,623,1402020061.3618,1402020720.0,1401820002,1402020720,0,2959
spacev1b,euclidean,robust-prune,100,10000,1402020720,624,1402020066.5757,1402020720.0,1401820439,1402020720,0,2949
spacev1b,euclidean,robust-prune,100,10000,1402020720,625,1402020070.8924,1402020720.0,1401822242,1402020720,0,2936
spacev1b,euclidean,robust-prune,100,10000,1402020720,626,1402020075.5197,1402020720.0,1401822308,1402020720,0,2928
spacev1b,euclidean,robust-prune,100,10000,1402020720,627,1402020079.2289,1402020720.0,1401824982,1402020720,0,2917
spacev1b,euclidean,robust-prune,100,10000,1402020720,628,1402020083.1214,1402020720.0,1401824993,1402020720,0,2906
spacev1b,euclidean,robust-prune,100,10000,1402020720,629,1402020086.8469,1402020720.0,1401825158,1402020720,0,2897
spacev1b,euclidean,robust-prune,100,10000,1402020720,630,1402020090.8588,1402020720.0,1401825380,1402020720,0,2883
spacev1b,euclidean,robust-prune,100,10000,1402020720,631,1402020095.1271,1402020720.0,1401825479,1402020720,0,2867
spacev1b,euclidean,robust-prune,100,10000,1402020720,632,1402020099.291,1402020720.0,1401826677,1402020720,0,2860
spacev1b,euclidean,robust-prune,100,10000,1402020720,633,1402020103.9178,1402020720.0,1401827250,1402020720,0,2850
spacev1b,euclidean,robust-prune,100,10000,1402020720,634,1402020107.1881,1402020720.0,1401827298,1402020720,0,2837
spacev1b,euclidean,robust-prune,100,10000,1402020720,635,1402020112.8667,1402020720.0,1401828497,1402020720,0,2828
spacev1b,euclidean,robust-prune,100,10000,1402020720,636,1402020116.9176,1402020720.0,1401828940,1402020720,0,2819
spacev1b,euclidean,robust-prune,100,10000,1402020720,637,1402020120.6866,1402020720.0,1401830367,1402020720,0,2805
spacev1b,euclidean,robust-prune,100,10000,1402020720,638,1402020124.6833,1402020720.0,1401830711,1402020720,0,2791
spacev1b,euclidean,robust-prune,100,10000,1402020720,639,1402020128.1073,1402020720.0,1401830907,1402020720,0,2773
spacev1b,euclidean,robust-prune,100,10000,1402020720,640,1402020132.7289,1402020720.0,1401831500,1402020720,0,2764
spacev1b,euclidean,robust-prune,100,10000,1402020720,641,1402020136.7256,1402020720.0,1401831721,1402020720,0,2757
spacev1b,euclidean,robust-prune,100,10000,1402020720,642,1402020140.9473,1402020720.0,1401831869,1402020720,0,2746
spacev1b,euclidean,robust-prune,100,10000,1402020720,643,1402020144.272,1402020720.0,1401832213,1402020720,0,2733
spacev1b,euclidean,robust-prune,100,10000,1402020720,644,1402020148.0835,1402020720.0,1401832414,1402020720,0,2723
spacev1b,euclidean,robust-prune,100,10000,1402020720,645,1402020151.0011,1402020720.0,1401832487,1402020720,0,2712
spacev1b,euclidean,robust-prune,100,10000,1402020720,646,1402020154.2449,1402020720.0,1401833768,1402020720,0,2700
spacev1b,euclidean,robust-prune,100,10000,1402020720,647,1402020157.8011,1402020720.0,1401834320,1402020720,0,2685
spacev1b,euclidean,robust-prune,100,10000,1402020720,648,1402020161.6857,1402020720.0,1401834423,1402020720,0,2675
spacev1b,euclidean,robust-prune,100,10000,1402020720,649,1402020164.8039,1402020720.0,1401834450,1402020720,0,2661
spacev1b,euclidean,robust-prune,100,10000,1402020720,650,1402020167.9906,1402020720.0,1401834490,1402020720,0,2653
spacev1b,euclidean,robust-prune,100,10000,1402020720,651,1402020171.1305,1402020720.0,1401835061,1402020720,0,2643
spacev1b,euclidean,robust-prune,100,10000,1402020720,652,1402020173.8327,1402020720.0,1401835632,1402020720,0,2632
spacev1b,euclidean,robust-prune,100,10000,1402020720,653,1402020177.1352,1402020720.0,1401835780,1402020720,0,2625
spacev1b,euclidean,robust-prune,100,10000,1402020720,654,1402020180.1242,1402020720.0,1401835804,1402020720,0,2618
spacev1b,euclidean,robust-prune,100,10000,1402020720,655,1402020183.4734,1402020720.0,1401836412,1402020720,0,2605
spacev1b,euclidean,robust-prune,100,10000,1402020720,656,1402020187.3824,1402020720.0,1401836731,1402020720,0,2596
spacev1b,euclidean,robust-prune,100,10000,1402020720,657,1402020190.6709,1402020720.0,1401836770,1402020720,0,2584
spacev1b,euclidean,robust-prune,100,10000,1402020720,658,1402020193.7202,1402020720.0,1401836800,1402020720,0,2577
spacev1b,euclidean,robust-prune,100,10000,1402020720,659,1402020196.8433,1402020720.0,1401837707,1402020720,0,2563
spacev1b,euclidean,robust-prune,100,10000,1402020720,660,1402020200.0737,1402020720.0,1401837920,1402020720,0,2558
spacev1b,euclidean,robust-prune,100,10000,1402020720,661,1402020202.9784,1402020720.0,1401838076,1402020720,0,2549
spacev1b,euclidean,robust-prune,100,10000,1402020720,662,1402020206.5904,1402020720.0,1401838277,1402020720,0,2538
spacev1b,euclidean,robust-prune,100,10000,1402020720,663,1402020209.6464,1402020720.0,1401838545,1402020720,0,2531
spacev1b,euclidean,robust-prune,100,10000,1402020720,664,1402020213.7342,1402020720.0,1401844655,1402020720,0,2520
spacev1b,euclidean,robust-prune,100,10000,1402020720,665,1402020217.6406,1402020720.0,1401847726,1402020720,0,2507
spacev1b,euclidean,robust-prune,100,10000,1402020720,666,1402020220.9209,1402020720.0,1401848306,1402020720,0,2493
spacev1b,euclidean,robust-prune,100,10000,1402020720,667,1402020224.1243,1402020720.0,1401848512,1402020720,0,2480
spacev1b,euclidean,robust-prune,100,10000,1402020720,668,1402020227.2409,1402020720.0,1401849148,1402020720,0,2468
spacev1b,euclidean,robust-prune,100,10000,1402020720,669,1402020231.0248,1402020720.0,1401849201,1402020720,0,2461
spacev1b,euclidean,robust-prune,100,10000,1402020720,670,1402020233.7827,1402020720.0,1401849251,1402020720,0,2448
spacev1b,euclidean,robust-prune,100,10000,1402020720,671,1402020236.4452,1402020720.0,1401849277,1402020720,0,2438
spacev1b,euclidean,robust-prune,100,10000,1402020720,672,1402020240.0849,1402020720.0,1401857212,1402020720,0,2429
spacev1b,euclidean,robust-prune,100,10000,1402020720,673,1402020243.1178,1402020720.0,1401857831,1402020720,0,2415
spacev1b,euclidean,robust-prune,100,10000,1402020720,674,1402020246.1313,1402020720.0,1401859395,1402020720,0,2408
spacev1b,euclidean,robust-prune,100,10000,1402020720,675,1402020248.9489,1402020720.0,1401859693,1402020720,0,2401
spacev1b,euclidean,robust-prune,100,10000,1402020720,676,1402020251.5519,1402020720.0,1401859818,1402020720,0,2391
spacev1b,euclidean,robust-prune,100,10000,1402020720,677,1402020254.1272,1402020720.0,1401860082,1402020720,0,2381
spacev1b,euclidean,robust-prune,100,10000,1402020720,678,1402020256.4922,1402020720.0,1401860239,1402020720,0,2376
spacev1b,euclidean,robust-prune,100,10000,1402020720,679,1402020259.3041,1402020720.0,1401860465,1402020720,0,2368
spacev1b,euclidean,robust-prune,100,10000,1402020720,680,1402020262.2754,1402020720.0,1401860865,1402020720,0,2354
spacev1b,euclidean,robust-prune,100,10000,1402020720,681,1402020267.0505,1402020720.0,1401861118,1402020720,0,2348
spacev1b,euclidean,robust-prune,100,10000,1402020720,682,1402020270.063,1402020720.0,1401861225,1402020720,0,2337
spacev1b,euclidean,robust-prune,100,10000,1402020720,683,1402020273.0099,1402020720.0,1401861371,1402020720,0,2327
spacev1b,euclidean,robust-prune,100,10000,1402020720,684,1402020277.0432,1402020720.0,1401861413,1402020720,0,2316
spacev1b,euclidean,robust-prune,100,10000,1402020720,685,1402020279.3173,1402020720.0,1401862190,1402020720,0,2307
spacev1b,euclidean,robust-prune,100,10000,1402020720,686,1402020281.9512,1402020720.0,1401862424,1402020720,0,2293
spacev1b,euclidean,robust-prune,100,10000,1402020720,687,1402020285.2908,1402020720.0,1401862848,1402020720,0,2283
spacev1b,euclidean,robust-prune,100,10000,1402020720,688,1402020288.5397,1402020720.0,1401863181,1402020720,0,2279
spacev1b,euclidean,robust-prune,100,10000,1402020720,689,1402020291.7836,1402020720.0,1401863366,1402020720,0,2271
spacev1b,euclidean,robust-prune,100,10000,1402020720,690,1402020294.222,1402020720.0,1401864722,1402020720,0,2262
spacev1b,euclidean,robust-prune,100,10000,1402020720,691,1402020297.8162,1402020720.0,1401864834,1402020720,0,2253
spacev1b,euclidean,robust-prune,100,10000,1402020720,692,1402020300.4066,1402020720.0,1401865274,1402020720,0,2242
spacev1b,euclidean,robust-prune,100,10000,1402020720,693,1402020303.2199,1402020720.0,1401865349,1402020720,0,2231
spacev1b,euclidean,robust-prune,100,10000,1402020720,694,1402020305.2938,1402020720.0,1401865808,1402020720,0,2218
spacev1b,euclidean,robust-prune,100,10000,1402020720,695,1402020308.0957,1402020720.0,1401865831,1402020720,0,2213
spacev1b,euclidean,robust-prune,100,10000,1402020720,696,1402020310.3555,1402020720.0,1401866202,1402020720,0,2209
spacev1b,euclidean,robust-prune,100,10000,1402020720,697,1402020312.9646,1402020720.0,1401866214,1402020720,0,2198
spacev1b,euclidean,robust-prune,100,10000,1402020720,698,1402020315.1867,1402020720.0,1401866369,1402020720,0,2185
spacev1b,euclidean,robust-prune,100,10000,1402020720,699,1402020317.4873,1402020720.0,1401866940,1402020720,0,2173
spacev1b,euclidean,robust-prune,100,10000,1402020720,700,1402020319.9151,1402020720.0,1401867104,1402020720,0,2161
spacev1b,euclidean,robust-prune,100,10000,1402020720,701,1402020323.0572,1402020720.0,1401867159,1402020720,0,2150
spacev1b,euclidean,robust-prune,100,10000,1402020720,702,1402020325.9698,1402020720.0,1401874014,1402020720,0,2140
spacev1b,euclidean,robust-prune,100,10000,1402020720,703,1402020328.6913,1402020720.0,1401880302,1402020720,0,2136
spacev1b,euclidean,robust-prune,100,10000,1402020720,704,1402020331.2724,1402020720.0,1401880493,1402020720,0,2125
spacev1b,euclidean,robust-prune,100,10000,1402020720,705,1402020333.3407,1402020720.0,1401880572,1402020720,0,2117
spacev1b,euclidean,robust-prune,100,10000,1402020720,706,1402020335.4766,1402020720.0,1401881737,1402020720,0,2105
spacev1b,euclidean,robust-prune,100,10000,1402020720,707,1402020337.6522,1402020720.0,1401881803,1402020720,0,2093
spacev1b,euclidean,robust-prune,100,10000,1402020720,708,1402020339.8058,1402020720.0,1401882128,1402020720,0,2085
spacev1b,euclidean,robust-prune,100,10000,1402020720,709,1402020343.3976,1402020720.0,1401883131,1402020720,0,2075
spacev1b,euclidean,robust-prune,100,10000,1402020720,710,1402020345.9915,1402020720.0,1401884275,1402020720,0,2059
spacev1b,euclidean,robust-prune,100,10000,1402020720,711,1402020347.7857,1402020720.0,1401884387,1402020720,0,2049
spacev1b,euclidean,robust-prune,100,10000,1402020720,712,1402020349.6137,1402020720.0,1401884418,1402020720,0,2042
spacev1b,euclidean,robust-prune,100,10000,1402020720,713,1402020352.4577,1402020720.0,1401891269,1402020720,0,2033
spacev1b,euclidean,robust-prune,100,10000,1402020720,714,1402020355.4701,1402020720.0,1401898000,1402020720,0,2023
spacev1b,euclidean,robust-prune,100,10000,1402020720,715,1402020357.3601,1402020720.0,1401898081,1402020720,0,2010
spacev1b,euclidean,robust-prune,100,10000,1402020720,716,1402020359.421,1402020720.0,1401898180,1402020720,0,2000
spacev1b,euclidean,robust-prune,100,10000,1402020720,717,1402020361.4111,1402020720.0,1401899147,1402020720,0,1989
spacev1b,euclidean,robust-prune,100,10000,1402020720,718,1402020363.2399,1402020720.0,1401899274,1402020720,0,1980
spacev1b,euclidean,robust-prune,100,10000,1402020720,719,1402020365.4277,1402020720.0,1401899551,1402020720,0,1970
spacev1b,euclidean,robust-prune,100,10000,1402020720,720,1402020367.2819,1402020720.0,1401899638,1402020720,0,1964
spacev1b,euclidean,robust-prune,100,10000,1402020720,721,1402020369.488,1402020720.0,1401899660,1402020720,0,1956
spacev1b,euclidean,robust-prune,100,10000,1402020720,722,1402020371.6836,1402020720.0,1401899711,1402020720,0,1946
spacev1b,euclidean,robust-prune,100,10000,1402020720,723,1402020373.5385,1402020720.0,1401899916,1402020720,0,1940
spacev1b,euclidean,robust-prune,100,10000,1402020720,724,1402020375.8122,1402020720.0,1401900189,1402020720,0,1929
spacev1b,euclidean,robust-prune,100,10000,1402020720,725,1402020377.729,1402020720.0,1401900355,1402020720,0,1921
spacev1b,euclidean,robust-prune,100,10000,1402020720,726,1402020379.3432,1402020720.0,1401900566,1402020720,0,1913
spacev1b,euclidean,robust-prune,100,10000,1402020720,727,1402020381.2806,1402020720.0,1401901926,1402020720,0,1907
spacev1b,euclidean,robust-prune,100,10000,1402020720,728,1402020383.6161,1402020720.0,1401902014,1402020720,0,1897
spacev1b,euclidean,robust-prune,100,10000,1402020720,729,1402020385.9669,1402020720.0,1401905892,1402020720,0,1889
spacev1b,euclidean,robust-prune,100,10000,1402020720,730,1402020388.16,1402020720.0,1401905901,1402020720,0,1882
spacev1b,euclidean,robust-prune,100,10000,1402020720,731,1402020390.22,1402020720.0,1401905949,1402020720,0,1874
spacev1b,euclidean,robust-prune,100,10000,1402020720,732,1402020391.9576,1402020720.0,1401906017,1402020720,0,1864
spacev1b,euclidean,robust-prune,100,10000,1402020720,733,1402020393.5109,1402020720.0,1401906206,1402020720,0,1859
spacev1b,euclidean,robust-prune,100,10000,1402020720,734,1402020395.2697,1402020720.0,1401906312,1402020720,0,1854
spacev1b,euclidean,robust-prune,100,10000,1402020720,735,1402020397.1046,1402020720.0,1401906550,1402020720,0,1843
spacev1b,euclidean,robust-prune,100,10000,1402020720,736,1402020399.3147,1402020720.0,1401906741,1402020720,0,1837
spacev1b,euclidean,robust-prune,100,10000,1402020720,737,1402020401.2563,1402020720.0,1401906976,1402020720,0,1828
spacev1b,euclidean,robust-prune,100,10000,1402020720,738,1402020403.6998,1402020720.0,1401907235,1402020720,0,1815
spacev1b,euclidean,robust-prune,100,10000,1402020720,739,1402020406.04,1402020720.0,1401909788,1402020720,0,1806
spacev1b,euclidean,robust-prune,100,10000,1402020720,740,1402020407.8608,1402020720.0,1401909865,1402020720,0,1796
spacev1b,euclidean,robust-prune,100,10000,1402020720,741,1402020409.8433,1402020720.0,1401910007,1402020720,0,1788
spacev1b,euclidean,robust-prune,100,10000,1402020720,742,1402020411.7007,1402020720.0,1401910012,1402020720,0,1782
spacev1b,euclidean,robust-prune,100,10000,1402020720,743,1402020413.1846,1402020720.0,1401910067,1402020720,0,1775
spacev1b,euclidean,robust-prune,100,10000,1402020720,744,1402020415.192,1402020720.0,1401911602,1402020720,0,1765
spacev1b,euclidean,robust-prune,100,10000,1402020720,745,1402020417.0431,1402020720.0,1401911831,1402020720,0,1762
spacev1b,euclidean,robust-prune,100,10000,1402020720,746,1402020419.2599,1402020720.0,1401911847,1402020720,0,1758
spacev1b,euclidean,robust-prune,100,10000,1402020720,747,1402020421.1149,1402020720.0,1401912693,1402020720,0,1753
spacev1b,euclidean,robust-prune,100,10000,1402020720,748,1402020422.7574,1402020720.0,1401912726,1402020720,0,1744
spacev1b,euclidean,robust-prune,100,10000,1402020720,749,1402020424.5716,1402020720.0,1401912748,1402020720,0,1737
spacev1b,euclidean,robust-prune,100,10000,1402020720,750,1402020426.4922,1402020720.0,1401914651,1402020720,0,1725
spacev1b,euclidean,robust-prune,100,10000,1402020720,751,1402020428.1518,1402020720.0,1401915322,1402020720,0,1721
spacev1b,euclidean,robust-prune,100,10000,1402020720,752,1402020429.5153,1402020720.0,1401915853,1402020720,0,1716
spacev1b,euclidean,robust-prune,100,10000,1402020720,753,1402020430.8784,1402020720.0,1401915928,1402020720,0,1709
spacev1b,euclidean,robust-prune,100,10000,1402020720,754,1402020432.6352,1402020720.0,1401915956,1402020720,0,1703
spacev1b,euclidean,robust-prune,100,10000,1402020720,755,1402020434.1722,1402020720.0,1401916009,1402020720,0,1691
spacev1b,euclidean,robust-prune,100,10000,1402020720,756,1402020435.6054,1402020720.0,1401916060,1402020720,0,1684
spacev1b,euclidean,robust-prune,100,10000,1402020720,757,1402020437.1379,1402020720.0,1401916140,1402020720,0,1675
spacev1b,euclidean,robust-prune,100,10000,1402020720,758,1402020438.6004,1402020720.0,1401916768,1402020720,0,1669
spacev1b,euclidean,robust-prune,100,10000,1402020720,759,1402020439.9467,1402020720.0,1401916786,1402020720,0,1660
spacev1b,euclidean,robust-prune,100,10000,1402020720,760,1402020441.4857,1402020720.0,1401916852,1402020720,0,1653
spacev1b,euclidean,robust-prune,100,10000,1402020720,761,1402020443.0679,1402020720.0,1401917104,1402020720,0,1646
spacev1b,euclidean,robust-prune,100,10000,1402020720,762,1402020444.5436,1402020720.0,1401917590,1402020720,0,1642
spacev1b,euclidean,robust-prune,100,10000,1402020720,763,1402020446.0885,1402020720.0,1401917913,1402020720,0,1637
spacev1b,euclidean,robust-prune,100,10000,1402020720,764,1402020447.4164,1402020720.0,1401918013,1402020720,0,1630
spacev1b,euclidean,robust-prune,100,10000,1402020720,765,1402020448.8057,1402020720.0,1401918158,1402020720,0,1623
spacev1b,euclidean,robust-prune,100,10000,1402020720,766,1402020451.277,1402020720.0,1401918224,1402020720,0,1619
spacev1b,euclidean,robust-prune,100,10000,1402020720,767,1402020452.735,1402020720.0,1401918306,1402020720,0,1610
spacev1b,euclidean,robust-prune,100,10000,1402020720,768,1402020453.9687,1402020720.0,1401918479,1402020720,0,1601
spacev1b,euclidean,robust-prune,100,10000,1402020720,769,1402020455.4615,1402020720.0,1401918550,1402020720,0,1592
spacev1b,euclidean,robust-prune,100,10000,1402020720,770,1402020456.9673,1402020720.0,1401918855,1402020720,0,1585
spacev1b,euclidean,robust-prune,100,10000,1402020720,771,1402020458.4958,1402020720.0,1401918889,1402020720,0,1579
spacev1b,euclidean,robust-prune,100,10000,1402020720,772,1402020459.8034,1402020720.0,1401919032,1402020720,0,1577
spacev1b,euclidean,robust-prune,100,10000,1402020720,773,1402020461.1121,1402020720.0,1401919083,1402020720,0,1571
spacev1b,euclidean,robust-prune,100,10000,1402020720,774,1402020462.8306,1402020720.0,1401919300,1402020720,0,1566
spacev1b,euclidean,robust-prune,100,10000,1402020720,775,1402020463.9945,1402020720.0,1401919328,1402020720,0,1563
spacev1b,euclidean,robust-prune,100,10000,1402020720,776,1402020465.3379,1402020720.0,1401919374,1402020720,0,1561
spacev1b,euclidean,robust-prune,100,10000,1402020720,777,1402020466.8381,1402020720.0,1401919457,1402020720,0,1547
spacev1b,euclidean,robust-prune,100,10000,1402020720,778,1402020468.169,1402020720.0,1401919488,1402020720,0,1539
spacev1b,euclidean,robust-prune,100,10000,1402020720,779,1402020469.3828,1402020720.0,1401919490,1402020720,0,1532
spacev1b,euclidean,robust-prune,100,10000,1402020720,780,1402020470.5154,1402020720.0,1401919603,1402020720,0,1528
spacev1b,euclidean,robust-prune,100,10000,1402020720,781,1402020472.0663,1402020720.0,1401919625,1402020720,0,1520
spacev1b,euclidean,robust-prune,100,10000,1402020720,782,1402020473.3721,1402020720.0,1401919641,1402020720,0,1512
spacev1b,euclidean,robust-prune,100,10000,1402020720,783,1402020474.8778,1402020720.0,1401919655,1402020720,0,1504
spacev1b,euclidean,robust-prune,100,10000,1402020720,784,1402020475.9372,1402020720.0,1401919696,1402020720,0,1495
spacev1b,euclidean,robust-prune,100,10000,1402020720,785,1402020477.1423,1402020720.0,1401919944,1402020720,0,1489
spacev1b,euclidean,robust-prune,100,10000,1402020720,786,1402020478.5309,1402020720.0,1401920117,1402020720,0,1487
spacev1b,euclidean,robust-prune,100,10000,1402020720,787,1402020479.9758,1402020720.0,1401920279,1402020720,0,1476
spacev1b,euclidean,robust-prune,100,10000,1402020720,788,1402020481.355,1402020720.0,1401921129,1402020720,0,1468
spacev1b,euclidean,robust-prune,100,10000,1402020720,789,1402020482.4221,1402020720.0,1401921220,1402020720,0,1460
spacev1b,euclidean,robust-prune,100,10000,1402020720,790,1402020483.4826,1402020720.0,1401921253,1402020720,0,1456
spacev1b,euclidean,robust-prune,100,10000,1402020720,791,1402020484.6532,1402020720.0,1401921803,1402020720,0,1452
spacev1b,euclidean,robust-prune,100,10000,1402020720,792,1402020486.2092,1402020720.0,1401922026,1402020720,0,1445
spacev1b,euclidean,robust-prune,100,10000,1402020720,793,1402020487.3483,1402020720.0,1401922236,1402020720,0,1437
spacev1b,euclidean,robust-prune,100,10000,1402020720,794,1402020489.5276,1402020720.0,1401922514,1402020720,0,1431
spacev1b,euclidean,robust-prune,100,10000,1402020720,795,1402020490.8804,1402020720.0,1401922842,1402020720,0,1422
spacev1b,euclidean,robust-prune,100,10000,1402020720,796,1402020492.0099,1402020720.0,1401922885,1402020720,0,1417
spacev1b,euclidean,robust-prune,100,10000,1402020720,797,1402020493.1437,1402020720.0,1401922992,1402020720,0,1413
spacev1b,euclidean,robust-prune,100,10000,1402020720,798,1402020494.2057,1402020720.0,1401923028,1402020720,0,1408
spacev1b,euclidean,robust-prune,100,10000,1402020720,799,1402020495.2256,1402020720.0,1401923157,1402020720,0,1400
spacev1b,euclidean,robust-prune,100,10000,1402020720,800,1402020496.3254,1402020720.0,1401923189,1402020720,0,1393
spacev1b,euclidean,robust-prune,100,10000,1402020720,801,1402020497.4563,1402020720.0,1401923247,1402020720,0,1387
spacev1b,euclidean,robust-prune,100,10000,1402020720,802,1402020498.7762,1402020720.0,1401923403,1402020720,0,1384
spacev1b,euclidean,robust-prune,100,10000,1402020720,803,1402020499.8758,1402020720.0,1401923482,1402020720,0,1377
spacev1b,euclidean,robust-prune,100,10000,1402020720,804,1402020500.8944,1402020720.0,1401923870,1402020720,0,1362
spacev1b,euclidean,robust-prune,100,10000,1402020720,805,1402020502.1165,1402020720.0,1401924020,1402020720,0,1357
spacev1b,euclidean,robust-prune,100,10000,1402020720,806,1402020503.3071,1402020720.0,1401924034,1402020720,0,1354
spacev1b,euclidean,robust-prune,100,10000,1402020720,807,1402020504.532,1402020720.0,1401924321,1402020720,0,1350
spacev1b,euclidean,robust-prune,100,10000,1402020720,808,1402020505.5665,1402020720.0,1401924697,1402020720,0,1344
spacev1b,euclidean,robust-prune,100,10000,1402020720,809,1402020506.9905,1402020720.0,1401924737,1402020720,0,1339
spacev1b,euclidean,robust-prune,100,10000,1402020720,810,1402020508.176,1402020720.0,1401924928,1402020720,0,1336
spacev1b,euclidean,robust-prune,100,10000,1402020720,811,1402020509.1656,1402020720.0,1401925141,1402020720,0,1330
spacev1b,euclidean,robust-prune,100,10000,1402020720,812,1402020510.2704,1402020720.0,1401925154,1402020720,0,1322
spacev1b,euclidean,robust-prune,100,10000,1402020720,813,1402020511.3695,1402020720.0,1401925170,1402020720,0,1315
spacev1b,euclidean,robust-prune,100,10000,1402020720,814,1402020512.3871,1402020720.0,1401925473,1402020720,0,1310
spacev1b,euclidean,robust-prune,100,10000,1402020720,815,1402020513.9329,1402020720.0,1401929762,1402020720,0,1306
spacev1b,euclidean,robust-prune,100,10000,1402020720,816,1402020515.0902,1402020720.0,1401930183,1402020720,0,1300
spacev1b,euclidean,robust-prune,100,10000,1402020720,817,1402020516.0615,1402020720.0,1401930263,1402020720,0,1294
spacev1b,euclidean,robust-prune,100,10000,1402020720,818,1402020517.4099,1402020720.0,1401930717,1402020720,0,1289
spacev1b,euclidean,robust-prune,100,10000,1402020720,819,1402020518.6384,1402020720.0,1401930933,1402020720,0,1277
spacev1b,euclidean,robust-prune,100,10000,1402020720,820,1402020520.1189,1402020720.0,1401930982,1402020720,0,1273
spacev1b,euclidean,robust-prune,100,10000,1402020720,821,1402020521.2176,1402020720.0,1401931431,1402020720,0,1264
spacev1b,euclidean,robust-prune,100,10000,1402020720,822,1402020522.1674,1402020720.0,1401931569,1402020720,0,1260
spacev1b,euclidean,robust-prune,100,10000,1402020720,823,1402020523.2992,1402020720.0,1401932110,1402020720,0,1257
spacev1b,euclidean,robust-prune,100,10000,1402020720,824,1402020525.0276,1402020720.0,1401932281,1402020720,0,1249
spacev1b,euclidean,robust-prune,100,10000,1402020720,825,1402020526.132,1402020720.0,1401932525,1402020720,0,1248
spacev1b,euclidean,robust-prune,100,10000,1402020720,826,1402020527.1557,1402020720.0,1401932965,1402020720,0,1242
spacev1b,euclidean,robust-prune,100,10000,1402020720,827,1402020528.2771,1402020720.0,1401932973,1402020720,0,1234
spacev1b,euclidean,robust-prune,100,10000,1402020720,828,1402020529.2306,1402020720.0,1401933690,1402020720,0,1228
spacev1b,euclidean,robust-prune,100,10000,1402020720,829,1402020530.278,1402020720.0,1401933755,1402020720,0,1223
spacev1b,euclidean,robust-prune,100,10000,1402020720,830,1402020531.2136,1402020720.0,1401933777,1402020720,0,1217
spacev1b,euclidean,robust-prune,100,10000,1402020720,831,1402020532.1786,1402020720.0,1401933805,1402020720,0,1210
spacev1b,euclidean,robust-prune,100,10000,1402020720,832,1402020533.4965,1402020720.0,1401937398,1402020720,0,1209
spacev1b,euclidean,robust-prune,100,10000,1402020720,833,1402020534.5664,1402020720.0,1401937597,1402020720,0,1204
spacev1b,euclidean,robust-prune,100,10000,1402020720,834,1402020535.4458,1402020720.0,1401937631,1402020720,0,1200
spacev1b,euclidean,robust-prune,100,10000,1402020720,835,1402020536.4766,1402020720.0,1401937919,1402020720,0,1194
spacev1b,euclidean,robust-prune,100,10000,1402020720,836,1402020537.3196,1402020720.0,1401938047,1402020720,0,1190
spacev1b,euclidean,robust-prune,100,10000,1402020720,837,1402020538.3064,1402020720.0,1401938503,1402020720,0,1189
spacev1b,euclidean,robust-prune,100,10000,1402020720,838,1402020539.2817,1402020720.0,1401938608,1402020720,0,1181
spacev1b,euclidean,robust-prune,100,10000,1402020720,839,1402020540.2631,1402020720.0,1401938625,1402020720,0,1177
spacev1b,euclidean,robust-prune,100,10000,1402020720,840,1402020541.5393,1402020720.0,1401940075,1402020720,0,1170
spacev1b,euclidean,robust-prune,100,10000,1402020720,841,1402020542.4366,1402020720.0,1401940133,1402020720,0,1166
spacev1b,euclidean,robust-prune,100,10000,1402020720,842,1402020543.3074,1402020720.0,1401940192,1402020720,0,1162
spacev1b,euclidean,robust-prune,100,10000,1402020720,843,1402020544.1732,1402020720.0,1401940648,1402020720,0,1156
spacev1b,euclidean,robust-prune,100,10000,1402020720,844,1402020544.9897,1402020720.0,1401940691,1402020720,0,1151
spacev1b,euclidean,robust-prune,100,10000,1402020720,845,1402020546.1933,1402020720.0,1401940921,1402020720,0,1147
spacev1b,euclidean,robust-prune,100,10000,1402020720,846,1402020547.0174,1402020720.0,1401940990,1402020720,0,1142
spacev1b,euclidean,robust-prune,100,10000,1402020720,847,1402020547.7807,1402020720.0,1401941016,1402020720,0,1136
spacev1b,euclidean,robust-prune,100,10000,1402020720,848,1402020548.6607,1402020720.0,1401941055,1402020720,0,1130
spacev1b,euclidean,robust-prune,100,10000,1402020720,849,1402020549.4266,1402020720.0,1401941135,1402020720,0,1124
spacev1b,euclidean,robust-prune,100,10000,1402020720,850,1402020550.2033,1402020720.0,1401941410,1402020720,0,1123
spacev1b,euclidean,robust-prune,100,10000,1402020720,851,1402020551.0501,1402020720.0,1401941739,1402020720,0,1118
spacev1b,euclidean,robust-prune,100,10000,1402020720,852,1402020552.0077,1402020720.0,1401941929,1402020720,0,1113
spacev1b,euclidean,robust-prune,100,10000,1402020720,853,1402020553.0101,1402020720.0,1401942011,1402020720,0,1107
spacev1b,euclidean,robust-prune,100,10000,1402020720,854,1402020554.2628,1402020720.0,1401943720,1402020720,0,1103
spacev1b,euclidean,robust-prune,100,10000,1402020720,855,1402020555.1342,1402020720.0,1401943861,1402020720,0,1098
spacev1b,euclidean,robust-prune,100,10000,1402020720,856,1402020555.8408,1402020720.0,1401943905,1402020720,0,1097
spacev1b,euclidean,robust-prune,100,10000,1402020720,857,1402020556.6597,1402020720.0,1401943956,1402020720,0,1091
spacev1b,euclidean,robust-prune,100,10000,1402020720,858,1402020557.5185,1402020720.0,1401944316,1402020720,0,1087
spacev1b,euclidean,robust-prune,100,10000,1402020720,859,1402020558.4679,1402020720.0,1401944373,1402020720,0,1084
spacev1b,euclidean,robust-prune,100,10000,1402020720,860,1402020559.5217,1402020720.0,1401944685,1402020720,0,1080
spacev1b,euclidean,robust-prune,100,10000,1402020720,861,1402020560.3314,1402020720.0,1401945034,1402020720,0,1076
spacev1b,euclidean,robust-prune,100,10000,1402020720,862,1402020561.1772,1402020720.0,1401945195,1402020720,0,1069
spacev1b,euclidean,robust-prune,100,10000,1402020720,863,1402020561.8693,1402020720.0,1401945241,1402020720,0,1063
spacev1b,euclidean,robust-prune,100,10000,1402020720,864,1402020562.7585,1402020720.0,1401945414,1402020720,0,1056
spacev1b,euclidean,robust-prune,100,10000,1402020720,865,1402020563.6714,1402020720.0,1401946141,1402020720,0,1054
spacev1b,euclidean,robust-prune,100,10000,1402020720,866,1402020564.5279,1402020720.0,1401946332,1402020720,0,1051
spacev1b,euclidean,robust-prune,100,10000,1402020720,867,1402020565.2936,1402020720.0,1401946605,1402020720,0,1048
spacev1b,euclidean,robust-prune,100,10000,1402020720,868,1402020566.2768,1402020720.0,1401946663,1402020720,0,1046
spacev1b,euclidean,robust-prune,100,10000,1402020720,869,1402020566.958,1402020720.0,1401946715,1402020720,0,1042
spacev1b,euclidean,robust-prune,100,10000,1402020720,870,1402020567.6232,1402020720.0,1401946739,1402020720,0,1038
spacev1b,euclidean,robust-prune,100,10000,1402020720,871,1402020568.4769,1402020720.0,1401946781,1402020720,0,1032
spacev1b,euclidean,robust-prune,100,10000,1402020720,872,1402020569.7407,1402020720.0,1401948257,1402020720,0,1030
spacev1b,euclidean,robust-prune,100,10000,1402020720,873,1402020570.5894,1402020720.0,1401948394,1402020720,0,1024
spacev1b,euclidean,robust-prune,100,10000,1402020720,874,1402020571.3918,1402020720.0,1401948543,1402020720,0,1019
spacev1b,euclidean,robust-prune,100,10000,1402020720,875,1402020572.0817,1402020720.0,1401948675,1402020720,0,1018
spacev1b,euclidean,robust-prune,100,10000,1402020720,876,1402020572.9168,1402020720.0,1401948945,1402020720,0,1016
spacev1b,euclidean,robust-prune,100,10000,1402020720,877,1402020573.694,1402020720.0,1401949087,1402020720,0,1012
spacev1b,euclidean,robust-prune,100,10000,1402020720,878,1402020574.4189,1402020720.0,1401949623,1402020720,0,1009
spacev1b,euclidean,robust-prune,100,10000,1402020720,879,1402020575.1601,1402020720.0,1401949710,1402020720,0,1006
spacev1b,euclidean,robust-prune,100,10000,1402020720,880,1402020576.0175,1402020720.0,1401951885,1402020720,0,1001
spacev1b,euclidean,robust-prune,100,10000,1402020720,881,1402020576.7766,1402020720.0,1401952176,1402020720,0,998
spacev1b,euclidean,robust-prune,100,10000,1402020720,882,1402020577.451,1402020720.0,1401952453,1402020720,0,994
spacev1b,euclidean,robust-prune,100,10000,1402020720,883,1402020578.1745,1402020720.0,1401953778,1402020720,0,991
spacev1b,euclidean,robust-prune,100,10000,1402020720,884,1402020578.8641,1402020720.0,1401953873,1402020720,0,988
spacev1b,euclidean,robust-prune,100,10000,1402020720,885,1402020579.5011,1402020720.0,1401954116,1402020720,0,985
spacev1b,euclidean,robust-prune,100,10000,1402020720,886,1402020580.5276,1402020720.0,1401955258,1402020720,0,981
spacev1b,euclidean,robust-prune,100,10000,1402020720,887,1402020581.1283,1402020720.0,1401955733,1402020720,0,979
spacev1b,euclidean,robust-prune,100,10000,1402020720,888,1402020581.9275,1402020720.0,1401955791,1402020720,0,975
spacev1b,euclidean,robust-prune,100,10000,1402020720,889,1402020582.744,1402020720.0,1401955821,1402020720,0,972
spacev1b,euclidean,robust-prune,100,10000,1402020720,890,1402020583.5837,1402020720.0,1401956042,1402020720,0,967
spacev1b,euclidean,robust-prune,100,10000,1402020720,891,1402020584.2637,1402020720.0,1401956084,1402020720,0,962
spacev1b,euclidean,robust-prune,100,10000,1402020720,892,1402020585.0103,1402020720.0,1401956278,1402020720,0,959
spacev1b,euclidean,robust-prune,100,10000,1402020720,893,1402020585.7293,1402020720.0,1401957076,1402020720,0,957
spacev1b,euclidean,robust-prune,100,10000,1402020720,894,1402020586.4354,1402020720.0,1401957119,1402020720,0,953
spacev1b,euclidean,robust-prune,100,10000,1402020720,895,1402020587.4194,1402020720.0,1401957138,1402020720,0,950
spacev1b,euclidean,robust-prune,100,10000,1402020720,896,1402020588.0462,1402020720.0,1401957163,1402020720,0,947
spacev1b,euclidean,robust-prune,100,10000,1402020720,897,1402020588.6331,1402020720.0,1401957339,1402020720,0,946
spacev1b,euclidean,robust-prune,100,10000,1402020720,898,1402020589.2831,1402020720.0,1401957456,1402020720,0,941
spacev1b,euclidean,robust-prune,100,10000,1402020720,899,1402020589.9483,1402020720.0,1401957504,1402020720,0,935
spacev1b,euclidean,robust-prune,100,10000,1402020720,900,1402020590.5084,1402020720.0,1401957640,1402020720,0,932
spacev1b,euclidean,robust-prune,100,10000,1402020720,901,1402020591.0633,1402020720.0,1401957663,1402020720,0,927
spacev1b,euclidean,robust-prune,100,10000,1402020720,902,1402020591.6463,1402020720.0,1401958104,1402020720,0,925
spacev1b,euclidean,robust-prune,100,10000,1402020720,903,1402020592.275,1402020720.0,1401958516,1402020720,0,923
spacev1b,euclidean,robust-prune,100,10000,1402020720,904,1402020592.9414,1402020720.0,1401958527,1402020720,0,917
spacev1b,euclidean,robust-prune,100,10000,1402020720,905,1402020593.5278,1402020720.0,1401958544,1402020720,0,910
spacev1b,euclidean,robust-prune,100,10000,1402020720,906,1402020594.0005,1402020720.0,1401958587,1402020720,0,908
spacev1b,euclidean,robust-prune,100,10000,1402020720,907,1402020594.8093,1402020720.0,1401958635,1402020720,0,905
spacev1b,euclidean,robust-prune,100,10000,1402020720,908,1402020595.3327,1402020720.0,1401958794,1402020720,0,901
spacev1b,euclidean,robust-prune,100,10000,1402020720,909,1402020595.9031,1402020720.0,1401958855,1402020720,0,898
spacev1b,euclidean,robust-prune,100,10000,1402020720,910,1402020596.4945,1402020720.0,1401958905,1402020720,0,895
spacev1b,euclidean,robust-prune,100,10000,1402020720,911,1402020597.1112,1402020720.0,1401958943,1402020720,0,888
spacev1b,euclidean,robust-prune,100,10000,1402020720,912,1402020597.6812,1402020720.0,1401958951,1402020720,0,883
spacev1b,euclidean,robust-prune,100,10000,1402020720,913,1402020598.3938,1402020720.0,1401960576,1402020720,0,878
spacev1b,euclidean,robust-prune,100,10000,1402020720,914,1402020599.0325,1402020720.0,1401961128,1402020720,0,874
spacev1b,euclidean,robust-prune,100,10000,1402020720,915,1402020599.784,1402020720.0,1401961220,1402020720,0,872
spacev1b,euclidean,robust-prune,100,10000,1402020720,916,1402020600.3324,1402020720.0,1401961292,1402020720,0,868
spacev1b,euclidean,robust-prune,100,10000,1402020720,917,1402020600.8684,1402020720.0,1401962063,1402020720,0,866
spacev1b,euclidean,robust-prune,100,10000,1402020720,918,1402020601.5381,1402020720.0,1401962837,1402020720,0,864
spacev1b,euclidean,robust-prune,100,10000,1402020720,919,1402020602.1581,1402020720.0,1401963149,1402020720,0,861
spacev1b,euclidean,robust-prune,100,10000,1402020720,920,1402020602.6215,1402020720.0,1401963250,1402020720,0,856
spacev1b,euclidean,robust-prune,100,10000,1402020720,921,1402020603.1448,1402020720.0,1401963308,1402020720,0,850
spacev1b,euclidean,robust-prune,100,10000,1402020720,922,1402020603.7618,1402020720.0,1401963321,1402020720,0,848
spacev1b,euclidean,robust-prune,100,10000,1402020720,923,1402020604.3089,1402020720.0,1401963385,1402020720,0,841
spacev1b,euclidean,robust-prune,100,10000,1402020720,924,1402020604.9694,1402020720.0,1401963469,1402020720,0,838
spacev1b,euclidean,robust-prune,100,10000,1402020720,925,1402020605.6883,1402020720.0,1401963746,1402020720,0,834
spacev1b,euclidean,robust-prune,100,10000,1402020720,926,1402020606.1469,1402020720.0,1401963761,1402020720,0,832
spacev1b,euclidean,robust-prune,100,10000,1402020720,927,1402020606.5657,1402020720.0,1401963793,1402020720,0,826
spacev1b,euclidean,robust-prune,100,10000,1402020720,928,1402020607.0682,1402020720.0,1401963812,1402020720,0,825
spacev1b,euclidean,robust-prune,100,10000,1402020720,929,1402020607.65,1402020720.0,1401964970,1402020720,0,822
spacev1b,euclidean,robust-prune,100,10000,1402020720,930,1402020608.1544,1402020720.0,1401965178,1402020720,0,818
spacev1b,euclidean,robust-prune,100,10000,1402020720,931,1402020608.7754,1402020720.0,1401965213,1402020720,0,815
spacev1b,euclidean,robust-prune,100,10000,1402020720,932,1402020609.2131,1402020720.0,1401965276,1402020720,0,814
spacev1b,euclidean,robust-prune,100,10000,1402020720,933,1402020609.7648,1402020720.0,1401965908,1402020720,0,808
spacev1b,euclidean,robust-prune,100,10000,1402020720,934,1402020610.4423,1402020720.0,1401965918,1402020720,0,806
spacev1b,euclidean,robust-prune,100,10000,1402020720,935,1402020611.014,1402020720.0,1401965993,1402020720,0,803
spacev1b,euclidean,robust-prune,100,10000,1402020720,936,1402020611.931,1402020720.0,1401969309,1402020720,0,797
spacev1b,euclidean,robust-prune,100,10000,1402020720,937,1402020612.5853,1402020720.0,1401969374,1402020720,0,796
spacev1b,euclidean,robust-prune,100,10000,1402020720,938,1402020613.1085,1402020720.0,1401969443,1402020720,0,793
spacev1b,euclidean,robust-prune,100,10000,1402020720,939,1402020613.5086,1402020720.0,1401969568,1402020720,0,790
spacev1b,euclidean,robust-prune,100,10000,1402020720,940,1402020614.0183,1402020720.0,1401969715,1402020720,0,788
spacev1b,euclidean,robust-prune,100,10000,1402020720,941,1402020614.4779,1402020720.0,1401969847,1402020720,0,781
spacev1b,euclidean,robust-prune,100,10000,1402020720,942,1402020614.9606,1402020720.0,1401970112,1402020720,0,778
spacev1b,euclidean,robust-prune,100,10000,1402020720,943,1402020615.4178,1402020720.0,1401970142,1402020720,0,776
spacev1b,euclidean,robust-prune,100,10000,1402020720,944,1402020616.052,1402020720.0,1401972200,1402020720,0,772
spacev1b,euclidean,robust-prune,100,10000,1402020720,945,1402020616.6241,1402020720.0,1401972330,1402020720,0,766
spacev1b,euclidean,robust-prune,100,10000,1402020720,946,1402020617.1737,1402020720.0,1401972391,1402020720,0,763
spacev1b,euclidean,robust-prune,100,10000,1402020720,947,1402020617.6732,1402020720.0,1401972723,1402020720,0,759
spacev1b,euclidean,robust-prune,100,10000,1402020720,948,1402020618.1161,1402020720.0,1401972728,1402020720,0,754
spacev1b,euclidean,robust-prune,100,10000,1402020720,949,1402020618.6857,1402020720.0,1401972740,1402020720,0,750
spacev1b,euclidean,robust-prune,100,10000,1402020720,950,1402020619.1547,1402020720.0,1401972846,1402020720,0,746
spacev1b,euclidean,robust-prune,100,10000,1402020720,951,1402020619.6774,1402020720.0,1401973121,1402020720,0,744
spacev1b,euclidean,robust-prune,100,10000,1402020720,952,1402020620.1669,1402020720.0,1401973292,1402020720,0,743
spacev1b,euclidean,robust-prune,100,10000,1402020720,953,1402020620.684,1402020720.0,1401973542,1402020720,0,743
spacev1b,euclidean,robust-prune,100,10000,1402020720,954,1402020621.2156,1402020720.0,1401974741,1402020720,0,736
spacev1b,euclidean,robust-prune,100,10000,1402020720,955,1402020621.6991,1402020720.0,1401975382,1402020720,0,733
spacev1b,euclidean,robust-prune,100,10000,1402020720,956,1402020622.1026,1402020720.0,1401975410,1402020720,0,726
spacev1b,euclidean,robust-prune,100,10000,1402020720,957,1402020622.5215,1402020720.0,1401975424,1402020720,0,724
spacev1b,euclidean,robust-prune,100,10000,1402020720,958,1402020622.964,1402020720.0,1401975551,1402020720,0,723
spacev1b,euclidean,robust-prune,100,10000,1402020720,959,1402020623.4363,1402020720.0,1401975561,1402020720,0,721
spacev1b,euclidean,robust-prune,100,10000,1402020720,960,1402020623.8724,1402020720.0,1401975608,1402020720,0,719
spacev1b,euclidean,robust-prune,100,10000,1402020720,961,1402020624.465,1402020720.0,1401975679,1402020720,0,716
spacev1b,euclidean,robust-prune,100,10000,1402020720,962,1402020624.839,1402020720.0,1401975713,1402020720,0,710
spacev1b,euclidean,robust-prune,100,10000,1402020720,963,1402020625.309,1402020720.0,1401975887,1402020720,0,707
spacev1b,euclidean,robust-prune,100,10000,1402020720,964,1402020625.7219,1402020720.0,1401975903,1402020720,0,703
spacev1b,euclidean,robust-prune,100,10000,1402020720,965,1402020626.1508,1402020720.0,1401975973,1402020720,0,702
spacev1b,euclidean,robust-prune,100,10000,1402020720,966,1402020626.5083,1402020720.0,1401976059,1402020720,0,700
spacev1b,euclidean,robust-prune,100,10000,1402020720,967,1402020626.8807,1402020720.0,1401976249,1402020720,0,696
spacev1b,euclidean,robust-prune,100,10000,1402020720,968,1402020627.3681,1402020720.0,1401976285,1402020720,0,691
spacev1b,euclidean,robust-prune,100,10000,1402020720,969,1402020627.8198,1402020720.0,1401976341,1402020720,0,688
spacev1b,euclidean,robust-prune,100,10000,1402020720,970,1402020628.23,1402020720.0,1401976459,1402020720,0,688
spacev1b,euclidean,robust-prune,100,10000,1402020720,971,1402020628.6007,1402020720.0,1401976478,1402020720,0,687
spacev1b,euclidean,robust-prune,100,10000,1402020720,972,1402020629.0125,1402020720.0,1401976484,1402020720,0,683
spacev1b,euclidean,robust-prune,100,10000,1402020720,973,1402020629.4784,1402020720.0,1401977281,1402020720,0,682
spacev1b,euclidean,robust-prune,100,10000,1402020720,974,1402020630.0283,1402020720.0,1401977427,1402020720,0,679
spacev1b,euclidean,robust-prune,100,10000,1402020720,975,1402020630.4641,1402020720.0,1401977445,1402020720,0,672
spacev1b,euclidean,robust-prune,100,10000,1402020720,976,1402020630.9192,1402020720.0,1401977684,1402020720,0,669
spacev1b,euclidean,robust-prune,100,10000,1402020720,977,1402020631.318,1402020720.0,1401977734,1402020720,0,666
spacev1b,euclidean,robust-prune,100,10000,1402020720,978,1402020631.7456,1402020720.0,1401978666,1402020720,0,661
spacev1b,euclidean,robust-prune,100,10000,1402020720,979,1402020632.1611,1402020720.0,1401978720,1402020720,0,659
spacev1b,euclidean,robust-prune,100,10000,1402020720,980,1402020632.5221,1402020720.0,1401978726,1402020720,0,656
spacev1b,euclidean,robust-prune,100,10000,1402020720,981,1402020632.9374,1402020720.0,1401978735,1402020720,0,654
spacev1b,euclidean,robust-prune,100,10000,1402020720,982,1402020633.2853,1402020720.0,1401978745,1402020720,0,652
spacev1b,euclidean,robust-prune,100,10000,1402020720,983,1402020633.6725,1402020720.0,1401978878,1402020720,0,649
spacev1b,euclidean,robust-prune,100,10000,1402020720,984,1402020634.0451,1402020720.0,1401979377,1402020720,0,647
spacev1b,euclidean,robust-prune,100,10000,1402020720,985,1402020634.6272,1402020720.0,1401979412,1402020720,0,640
spacev1b,euclidean,robust-prune,100,10000,1402020720,986,1402020634.9797,1402020720.0,1401979476,1402020720,0,639
spacev1b,euclidean,robust-prune,100,10000,1402020720,987,1402020635.5426,1402020720.0,1401979546,1402020720,0,638
spacev1b,euclidean,robust-prune,100,10000,1402020720,988,1402020635.8667,1402020720.0,1401979580,1402020720,0,635
spacev1b,euclidean,robust-prune,100,10000,1402020720,989,1402020636.1871,1402020720.0,1401979591,1402020720,0,635
spacev1b,euclidean,robust-prune,100,10000,1402020720,990,1402020636.5202,1402020720.0,1401979614,1402020720,0,634
spacev1b,euclidean,robust-prune,100,10000,1402020720,991,1402020636.8749,1402020720.0,1401979720,1402020720,0,631
spacev1b,euclidean,robust-prune,100,10000,1402020720,992,1402020637.1926,1402020720.0,1401979745,1402020720,0,627
spacev1b,euclidean,robust-prune,100,10000,1402020720,993,1402020637.5757,1402020720.0,1401980030,1402020720,0,625
spacev1b,euclidean,robust-prune,100,10000,1402020720,994,1402020637.907,1402020720.0,1401980042,1402020720,0,625
spacev1b,euclidean,robust-prune,100,10000,1402020720,995,1402020638.2869,1402020720.0,1401980063,1402020720,0,620
spacev1b,euclidean,robust-prune,100,10000,1402020720,996,1402020638.7124,1402020720.0,1401980086,1402020720,0,618
spacev1b,euclidean,robust-prune,100,10000,1402020720,997,1402020639.2808,1402020720.0,1401980550,1402020720,0,618
spacev1b,euclidean,robust-prune,100,10000,1402020720,998,1402020639.8048,1402020720.0,1401981890,1402020720,0,617
spacev1b,euclidean,robust-prune,100,10000,1402020720,999,1402020640.1842,1402020720.0,1401981945,1402020720,0,615
spacev1b,euclidean,robust-prune,100,10000,1402020720,1000,1402020640.4631,1402020720.0,1401981964,1402020720,0,615
spacev1b,euclidean,robust-prune,100,10000,1402020720,1001,1402020640.833,1402020720.0,1401982030,1402020720,0,613
spacev1b,euclidean,robust-prune,100,10000,1402020720,1002,1402020641.2356,1402020720.0,1401982517,1402020720,0,609
spacev1b,euclidean,robust-prune,100,10000,1402020720,1003,1402020641.697,1402020720.0,1401982734,1402020720,0,604
spacev1b,euclidean,robust-prune,100,10000,1402020720,1004,1402020642.1259,1402020720.0,1401983374,1402020720,0,602
spacev1b,euclidean,robust-prune,100,10000,1402020720,1005,1402020642.4705,1402020720.0,1401983550,1402020720,0,601
spacev1b,euclidean,robust-prune,100,10000,1402020720,1006,1402020642.7825,1402020720.0,1401983579,1402020720,0,600
spacev1b,euclidean,robust-prune,100,10000,1402020720,1007,1402020643.0962,1402020720.0,1401983817,1402020720,0,600
spacev1b,euclidean,robust-prune,100,10000,1402020720,1008,1402020643.6357,1402020720.0,1401983826,1402020720,0,597
spacev1b,euclidean,robust-prune,100,10000,1402020720,1009,1402020643.9651,1402020720.0,1401983861,1402020720,0,596
spacev1b,euclidean,robust-prune,100,10000,1402020720,1010,1402020644.2726,1402020720.0,1401983909,1402020720,0,593
spacev1b,euclidean,robust-prune,100,10000,1402020720,1011,1402020644.6724,1402020720.0,1401984106,1402020720,0,589
spacev1b,euclidean,robust-prune,100,10000,1402020720,1012,1402020645.0846,1402020720.0,1401984159,1402020720,0,587
spacev1b,euclidean,robust-prune,100,10000,1402020720,1013,1402020645.3639,1402020720.0,1401984175,1402020720,0,584
spacev1b,euclidean,robust-prune,100,10000,1402020720,1014,1402020645.7104,1402020720.0,1401984197,1402020720,0,580
spacev1b,euclidean,robust-prune,100,10000,1402020720,1015,1402020646.0534,1402020720.0,1401984207,1402020720,0,577
spacev1b,euclidean,robust-prune,100,10000,1402020720,1016,1402020646.3757,1402020720.0,1401984378,1402020720,0,575
spacev1b,euclidean,robust-prune,100,10000,1402020720,1017,1402020646.7497,1402020720.0,1401984410,1402020720,0,571
spacev1b,euclidean,robust-prune,100,10000,1402020720,1018,1402020647.137,1402020720.0,1401984411,1402020720,0,567
spacev1b,euclidean,robust-prune,100,10000,1402020720,1019,1402020647.9275,1402020720.0,1401984420,1402020720,0,566
spacev1b,euclidean,robust-prune,100,10000,1402020720,1020,1402020648.3133,1402020720.0,1401984450,1402020720,0,564
spacev1b,euclidean,robust-prune,100,10000,1402020720,1021,1402020648.6972,1402020720.0,1401984461,1402020720,0,563
spacev1b,euclidean,robust-prune,100,10000,1402020720,1022,1402020649.0568,1402020720.0,1401984631,1402020720,0,562
spacev1b,euclidean,robust-prune,100,10000,1402020720,1023,1402020649.3211,1402020720.0,1401984681,1402020720,0,557
spacev1b,euclidean,robust-prune,100,10000,1402020720,1024,1402020649.6786,1402020720.0,1401984762,1402020720,0,554
spacev1b,euclidean,robust-prune,100,10000,1402020720,1025,1402020649.9317,1402020720.0,1401984889,1402020720,0,551
spacev1b,euclidean,robust-prune,100,10000,1402020720,1026,1402020650.3382,1402020720.0,1401984957,1402020720,0,550
spacev1b,euclidean,robust-prune,100,10000,1402020720,1027,1402020650.6466,1402020720.0,1401984964,1402020720,0,548
spacev1b,euclidean,robust-prune,100,10000,1402020720,1028,1402020651.0541,1402020720.0,1401985591,1402020720,0,547
spacev1b,euclidean,robust-prune,100,10000,1402020720,1029,1402020651.4135,1402020720.0,1401985593,1402020720,0,545
spacev1b,euclidean,robust-prune,100,10000,1402020720,1030,1402020651.6754,1402020720.0,1401985617,1402020720,0,545
spacev1b,euclidean,robust-prune,100,10000,1402020720,1031,1402020651.9862,1402020720.0,1401985628,1402020720,0,543
spacev1b,euclidean,robust-prune,100,10000,1402020720,1032,1402020652.3234,1402020720.0,1401985688,1402020720,0,540
spacev1b,euclidean,robust-prune,100,10000,1402020720,1033,1402020652.6303,1402020720.0,1401985767,1402020720,0,539
spacev1b,euclidean,robust-prune,100,10000,1402020720,1034,1402020652.9193,1402020720.0,1401985782,1402020720,0,538
spacev1b,euclidean,robust-prune,100,10000,1402020720,1035,1402020653.1937,1402020720.0,1401986194,1402020720,0,537
spacev1b,euclidean,robust-prune,100,10000,1402020720,1036,1402020653.4469,1402020720.0,1401986221,1402020720,0,533
spacev1b,euclidean,robust-prune,100,10000,1402020720,1037,1402020653.791,1402020720.0,1401986449,1402020720,0,530
spacev1b,euclidean,robust-prune,100,10000,1402020720,1038,1402020654.0717,1402020720.0,1401986484,1402020720,0,526
spacev1b,euclidean,robust-prune,100,10000,1402020720,1039,1402020654.4258,1402020720.0,1401987414,1402020720,0,522
spacev1b,euclidean,robust-prune,100,10000,1402020720,1040,1402020654.6864,1402020720.0,1401987694,1402020720,0,519
spacev1b,euclidean,robust-prune,100,10000,1402020720,1041,1402020654.948,1402020720.0,1401988185,1402020720,0,519
spacev1b,euclidean,robust-prune,100,10000,1402020720,1042,1402020655.2729,1402020720.0,1401989078,1402020720,0,516
spacev1b,euclidean,robust-prune,100,10000,1402020720,1043,1402020655.5894,1402020720.0,1401989138,1402020720,0,515
spacev1b,euclidean,robust-prune,100,10000,1402020720,1044,1402020655.8739,1402020720.0,1401989156,1402020720,0,514
spacev1b,euclidean,robust-prune,100,10000,1402020720,1045,1402020656.1737,1402020720.0,1401989695,1402020720,0,512
spacev1b,euclidean,robust-prune,100,10000,1402020720,1046,1402020656.553,1402020720.0,1401989977,1402020720,0,509
spacev1b,euclidean,robust-prune,100,10000,1402020720,1047,1402020656.8856,1402020720.0,1401989985,1402020720,0,507
spacev1b,euclidean,robust-prune,100,10000,1402020720,1048,1402020657.1551,1402020720.0,1401990332,1402020720,0,506
spacev1b,euclidean,robust-prune,100,10000,1402020720,1049,1402020657.4375,1402020720.0,1401990507,1402020720,0,504
spacev1b,euclidean,robust-prune,100,10000,1402020720,1050,1402020657.6867,1402020720.0,1401990625,1402020720,0,503
spacev1b,euclidean,robust-prune,100,10000,1402020720,1051,1402020657.9209,1402020720.0,1401991014,1402020720,0,503
spacev1b,euclidean,robust-prune,100,10000,1402020720,1052,1402020658.217,1402020720.0,1401991121,1402020720,0,501
spacev1b,euclidean,robust-prune,100,10000,1402020720,1053,1402020658.5817,1402020720.0,1401991375,1402020720,0,498
spacev1b,euclidean,robust-prune,100,10000,1402020720,1054,1402020658.9,1402020720.0,1401991631,1402020720,0,495
spacev1b,euclidean,robust-prune,100,10000,1402020720,1055,1402020659.1401,1402020720.0,1401991643,1402020720,0,495
spacev1b,euclidean,robust-prune,100,10000,1402020720,1056,1402020659.3494,1402020720.0,1401991657,1402020720,0,493
spacev1b,euclidean,robust-prune,100,10000,1402020720,1057,1402020659.6603,1402020720.0,1401991718,1402020720,0,492
spacev1b,euclidean,robust-prune,100,10000,1402020720,1058,1402020659.9127,1402020720.0,1401991728,1402020720,0,491
spacev1b,euclidean,robust-prune,100,10000,1402020720,1059,1402020660.2789,1402020720.0,1401991738,1402020720,0,488
spacev1b,euclidean,robust-prune,100,10000,1402020720,1060,1402020660.5082,1402020720.0,1401991749,1402020720,0,486
spacev1b,euclidean,robust-prune,100,10000,1402020720,1061,1402020660.8449,1402020720.0,1401991788,1402020720,0,484
spacev1b,euclidean,robust-prune,100,10000,1402020720,1062,1402020661.0812,1402020720.0,1401992027,1402020720,0,481
spacev1b,euclidean,robust-prune,100,10000,1402020720,1063,1402020661.3925,1402020720.0,1401992123,1402020720,0,479
spacev1b,euclidean,robust-prune,100,10000,1402020720,1064,1402020661.6268,1402020720.0,1401992155,1402020720,0,477
spacev1b,euclidean,robust-prune,100,10000,1402020720,1065,1402020661.871,1402020720.0,1401992187,1402020720,0,473
spacev1b,euclidean,robust-prune,100,10000,1402020720,1066,1402020662.1962,1402020720.0,1401992372,1402020720,0,470
spacev1b,euclidean,robust-prune,100,10000,1402020720,1067,1402020662.4844,1402020720.0,1401992440,1402020720,0,469
spacev1b,euclidean,robust-prune,100,10000,1402020720,1068,1402020662.7357,1402020720.0,1401992522,1402020720,0,467
spacev1b,euclidean,robust-prune,100,10000,1402020720,1069,1402020663.0205,1402020720.0,1401992536,1402020720,0,465
spacev1b,euclidean,robust-prune,100,10000,1402020720,1070,1402020663.3258,1402020720.0,1401992615,1402020720,0,462
spacev1b,euclidean,robust-prune,100,10000,1402020720,1071,1402020663.6209,1402020720.0,1401992974,1402020720,0,459
spacev1b,euclidean,robust-prune,100,10000,1402020720,1072,1402020663.8519,1402020720.0,1401993003,1402020720,0,458
spacev1b,euclidean,robust-prune,100,10000,1402020720,1073,1402020664.1399,1402020720.0,1401993065,1402020720,0,456
spacev1b,euclidean,robust-prune,100,10000,1402020720,1074,1402020664.3864,1402020720.0,1401993081,1402020720,0,455
spacev1b,euclidean,robust-prune,100,10000,1402020720,1075,1402020664.7514,1402020720.0,1401993353,1402020720,0,452
spacev1b,euclidean,robust-prune,100,10000,1402020720,1076,1402020665.0501,1402020720.0,1401993665,1402020720,0,451
spacev1b,euclidean,robust-prune,100,10000,1402020720,1077,1402020665.284,1402020720.0,1401993726,1402020720,0,449
spacev1b,euclidean,robust-prune,100,10000,1402020720,1078,1402020665.5411,1402020720.0,1401993788,1402020720,0,447
spacev1b,euclidean,robust-prune,100,10000,1402020720,1079,1402020665.7793,1402020720.0,1401993803,1402020720,0,446
spacev1b,euclidean,robust-prune,100,10000,1402020720,1080,1402020665.9964,1402020720.0,1401993808,1402020720,0,442
spacev1b,euclidean,robust-prune,100,10000,1402020720,1081,1402020666.243,1402020720.0,1401993819,1402020720,0,440
spacev1b,euclidean,robust-prune,100,10000,1402020720,1082,1402020666.4465,1402020720.0,1401993829,1402020720,0,437
spacev1b,euclidean,robust-prune,100,10000,1402020720,1083,1402020666.6728,1402020720.0,1401993976,1402020720,0,436
spacev1b,euclidean,robust-prune,100,10000,1402020720,1084,1402020666.9092,1402020720.0,1401994102,1402020720,0,436
spacev1b,euclidean,robust-prune,100,10000,1402020720,1085,1402020667.1315,1402020720.0,1401994112,1402020720,0,434
spacev1b,euclidean,robust-prune,100,10000,1402020720,1086,1402020667.3907,1402020720.0,1401994293,1402020720,0,434
spacev1b,euclidean,robust-prune,100,10000,1402020720,1087,1402020667.6208,1402020720.0,1401994339,1402020720,0,434
spacev1b,euclidean,robust-prune,100,10000,1402020720,1088,1402020667.9239,1402020720.0,1401994361,1402020720,0,432
spacev1b,euclidean,robust-prune,100,10000,1402020720,1089,1402020668.1323,1402020720.0,1401994582,1402020720,0,432
spacev1b,euclidean,robust-prune,100,10000,1402020720,1090,1402020668.3871,1402020720.0,1401994609,1402020720,0,432
spacev1b,euclidean,robust-prune,100,10000,1402020720,1091,1402020668.5974,1402020720.0,1401994676,1402020720,0,430
spacev1b,euclidean,robust-prune,100,10000,1402020720,1092,1402020668.8402,1402020720.0,1401995032,1402020720,0,429
spacev1b,euclidean,robust-prune,100,10000,1402020720,1093,1402020669.0661,1402020720.0,1401995098,1402020720,0,428
spacev1b,euclidean,robust-prune,100,10000,1402020720,1094,1402020669.275,1402020720.0,1401995118,1402020720,0,427
spacev1b,euclidean,robust-prune,100,10000,1402020720,1095,1402020669.4937,1402020720.0,1401995119,1402020720,0,426
spacev1b,euclidean,robust-prune,100,10000,1402020720,1096,1402020669.8138,1402020720.0,1401995121,1402020720,0,425
spacev1b,euclidean,robust-prune,100,10000,1402020720,1097,1402020670.0582,1402020720.0,1401995239,1402020720,0,424
spacev1b,euclidean,robust-prune,100,10000,1402020720,1098,1402020670.2809,1402020720.0,1401995445,1402020720,0,424
spacev1b,euclidean,robust-prune,100,10000,1402020720,1099,1402020670.5429,1402020720.0,1401995455,1402020720,0,422
spacev1b,euclidean,robust-prune,100,10000,1402020720,1100,1402020670.7474,1402020720.0,1401995497,1402020720,0,421
spacev1b,euclidean,robust-prune,100,10000,1402020720,1101,1402020671.0144,1402020720.0,1401995914,1402020720,0,420
spacev1b,euclidean,robust-prune,100,10000,1402020720,1102,1402020671.2593,1402020720.0,1401995920,1402020720,0,418
spacev1b,euclidean,robust-prune,100,10000,1402020720,1103,1402020671.5083,1402020720.0,1401996055,1402020720,0,415
spacev1b,euclidean,robust-prune,100,10000,1402020720,1104,1402020671.7054,1402020720.0,1401996093,1402020720,0,413
spacev1b,euclidean,robust-prune,100,10000,1402020720,1105,1402020671.9417,1402020720.0,1401996120,1402020720,0,412
spacev1b,euclidean,robust-prune,100,10000,1402020720,1106,1402020672.2415,1402020720.0,1401996375,1402020720,0,412
spacev1b,euclidean,robust-prune,100,10000,1402020720,1107,1402020672.4404,1402020720.0,1401996407,1402020720,0,411
spacev1b,euclidean,robust-prune,100,10000,1402020720,1108,1402020672.6266,1402020720.0,1401996426,1402020720,0,410
spacev1b,euclidean,robust-prune,100,10000,1402020720,1109,1402020672.7916,1402020720.0,1401996438,1402020720,0,407
spacev1b,euclidean,robust-prune,100,10000,1402020720,1110,1402020672.9994,1402020720.0,1401996477,1402020720,0,405
spacev1b,euclidean,robust-prune,100,10000,1402020720,1111,1402020673.229,1402020720.0,1401996482,1402020720,0,403
spacev1b,euclidean,robust-prune,100,10000,1402020720,1112,1402020673.4244,1402020720.0,1401996515,1402020720,0,401
spacev1b,euclidean,robust-prune,100,10000,1402020720,1113,1402020673.6444,1402020720.0,1401996915,1402020720,0,400
spacev1b,euclidean,robust-prune,100,10000,1402020720,1114,1402020673.8503,1402020720.0,1401996956,1402020720,0,399
spacev1b,euclidean,robust-prune,100,10000,1402020720,1115,1402020674.0699,1402020720.0,1401996966,1402020720,0,398
spacev1b,euclidean,robust-prune,100,10000,1402020720,1116,1402020674.3121,1402020720.0,1401997012,1402020720,0,398
spacev1b,euclidean,robust-prune,100,10000,1402020720,1117,1402020674.4721,1402020720.0,1401997022,1402020720,0,396
spacev1b,euclidean,robust-prune,100,10000,1402020720,1118,1402020674.6934,1402020720.0,1401997393,1402020720,0,395
spacev1b,euclidean,robust-prune,100,10000,1402020720,1119,1402020674.922,1402020720.0,1401997515,1402020720,0,395
spacev1b,euclidean,robust-prune,100,10000,1402020720,1120,1402020675.1192,1402020720.0,1401997556,1402020720,0,395
spacev1b,euclidean,robust-prune,100,10000,1402020720,1121,1402020675.286,1402020720.0,1401997641,1402020720,0,394
spacev1b,euclidean,robust-prune,100,10000,1402020720,1122,1402020675.4755,1402020720.0,1401997654,1402020720,0,394
spacev1b,euclidean,robust-prune,100,10000,1402020720,1123,1402020675.6868,1402020720.0,1401997679,1402020720,0,392
spacev1b,euclidean,robust-prune,100,10000,1402020720,1124,1402020675.9343,1402020720.0,1401997725,1402020720,0,392
spacev1b,euclidean,robust-prune,100,10000,1402020720,1125,1402020676.198,1402020720.0,1401998449,1402020720,0,392
spacev1b,euclidean,robust-prune,100,10000,1402020720,1126,1402020676.3682,1402020720.0,1401998531,1402020720,0,391
spacev1b,euclidean,robust-prune,100,10000,1402020720,1127,1402020676.5295,1402020720.0,1401998570,1402020720,0,390
spacev1b,euclidean,robust-prune,100,10000,1402020720,1128,1402020676.722,1402020720.0,1401998639,1402020720,0,386
spacev1b,euclidean,robust-prune,100,10000,1402020720,1129,1402020676.9002,1402020720.0,1401998775,1402020720,0,382
spacev1b,euclidean,robust-prune,100,10000,1402020720,1130,1402020677.1865,1402020720.0,1401999167,1402020720,0,380
spacev1b,euclidean,robust-prune,100,10000,1402020720,1131,1402020677.3407,1402020720.0,1401999242,1402020720,0,379
spacev1b,euclidean,robust-prune,100,10000,1402020720,1132,1402020677.5153,1402020720.0,1401999251,1402020720,0,378
spacev1b,euclidean,robust-prune,100,10000,1402020720,1133,1402020677.7196,1402020720.0,1401999374,1402020720,0,375
spacev1b,euclidean,robust-prune,100,10000,1402020720,1134,1402020677.9483,1402020720.0,1401999390,1402020720,0,374
spacev1b,euclidean,robust-prune,100,10000,1402020720,1135,1402020678.1256,1402020720.0,1401999479,1402020720,0,372
spacev1b,euclidean,robust-prune,100,10000,1402020720,1136,1402020678.2873,1402020720.0,1401999490,1402020720,0,372
spacev1b,euclidean,robust-prune,100,10000,1402020720,1137,1402020678.6312,1402020720.0,1401999500,1402020720,0,369
spacev1b,euclidean,robust-prune,100,10000,1402020720,1138,1402020678.8139,1402020720.0,1401999682,1402020720,0,369
spacev1b,euclidean,robust-prune,100,10000,1402020720,1139,1402020678.9745,1402020720.0,1401999764,1402020720,0,368
spacev1b,euclidean,robust-prune,100,10000,1402020720,1140,1402020679.1331,1402020720.0,1401999831,1402020720,0,365
spacev1b,euclidean,robust-prune,100,10000,1402020720,1141,1402020679.3044,1402020720.0,1401999867,1402020720,0,364
spacev1b,euclidean,robust-prune,100,10000,1402020720,1142,1402020679.4541,1402020720.0,1401999872,1402020720,0,364
spacev1b,euclidean,robust-prune,100,10000,1402020720,1143,1402020679.6791,1402020720.0,1401999961,1402020720,0,362
spacev1b,euclidean,robust-prune,100,10000,1402020720,1144,1402020680.0,1402020720.0,1402001422,1402020720,0,360
spacev1b,euclidean,robust-prune,100,10000,1402020720,1145,1402020680.1868,1402020720.0,1402001427,1402020720,0,359
spacev1b,euclidean,robust-prune,100,10000,1402020720,1146,1402020680.4073,1402020720.0,1402001439,1402020720,0,358
spacev1b,euclidean,robust-prune,100,10000,1402020720,1147,1402020680.5746,1402020720.0,1402001507,1402020720,0,357
spacev1b,euclidean,robust-prune,100,10000,1402020720,1148,1402020680.7748,1402020720.0,1402001517,1402020720,0,357
spacev1b,euclidean,robust-prune,100,10000,1402020720,1149,1402020680.9136,1402020720.0,1402001542,1402020720,0,354
spacev1b,euclidean,robust-prune,100,10000,1402020720,1150,1402020681.0631,1402020720.0,1402001587,1402020720,0,352
spacev1b,euclidean,robust-prune,100,10000,1402020720,1151,1402020681.265,1402020720.0,1402001612,1402020720,0,350
spacev1b,euclidean,robust-prune,100,10000,1402020720,1152,1402020681.4879,1402020720.0,1402001980,1402020720,0,350
spacev1b,euclidean,robust-prune,100,10000,1402020720,1153,1402020681.6836,1402020720.0,1402002191,1402020720,0,348
spacev1b,euclidean,robust-prune,100,10000,1402020720,1154,1402020681.8456,1402020720.0,1402002202,1402020720,0,347
spacev1b,euclidean,robust-prune,100,10000,1402020720,1155,1402020682.0054,1402020720.0,1402002256,1402020720,0,345
spacev1b,euclidean,robust-prune,100,10000,1402020720,1156,1402020682.1464,1402020720.0,1402002270,1402020720,0,345
spacev1b,euclidean,robust-prune,100,10000,1402020720,1157,1402020682.3542,1402020720.0,1402002443,1402020720,0,343
spacev1b,euclidean,robust-prune,100,10000,1402020720,1158,1402020682.5273,1402020720.0,1402002642,1402020720,0,341
spacev1b,euclidean,robust-prune,100,10000,1402020720,1159,1402020682.6917,1402020720.0,1402002644,1402020720,0,340
spacev1b,euclidean,robust-prune,100,10000,1402020720,1160,1402020682.8328,1402020720.0,1402002724,1402020720,0,339
spacev1b,euclidean,robust-prune,100,10000,1402020720,1161,1402020682.977,1402020720.0,1402002805,1402020720,0,338
spacev1b,euclidean,robust-prune,100,10000,1402020720,1162,1402020683.1346,1402020720.0,1402002852,1402020720,0,335
spacev1b,euclidean,robust-prune,100,10000,1402020720,1163,1402020683.3361,1402020720.0,1402002858,1402020720,0,334
spacev1b,euclidean,robust-prune,100,10000,1402020720,1164,1402020683.4869,1402020720.0,1402002862,1402020720,0,332
spacev1b,euclidean,robust-prune,100,10000,1402020720,1165,1402020683.6491,1402020720.0,1402002876,1402020720,0,331
spacev1b,euclidean,robust-prune,100,10000,1402020720,1166,1402020683.8881,1402020720.0,1402002962,1402020720,0,329
spacev1b,euclidean,robust-prune,100,10000,1402020720,1167,1402020684.0257,1402020720.0,1402003003,1402020720,0,328
spacev1b,euclidean,robust-prune,100,10000,1402020720,1168,1402020684.2119,1402020720.0,1402003006,1402020720,0,326
spacev1b,euclidean,robust-prune,100,10000,1402020720,1169,1402020684.3775,1402020720.0,1402003023,1402020720,0,325
spacev1b,euclidean,robust-prune,100,10000,1402020720,1170,1402020684.5103,1402020720.0,1402003044,1402020720,0,325
spacev1b,euclidean,robust-prune,100,10000,1402020720,1171,1402020684.6626,1402020720.0,1402003059,1402020720,0,325
spacev1b,euclidean,robust-prune,100,10000,1402020720,1172,1402020684.8004,1402020720.0,1402003064,1402020720,0,325
spacev1b,euclidean,robust-prune,100,10000,1402020720,1173,1402020684.9515,1402020720.0,1402003080,1402020720,0,325
spacev1b,euclidean,robust-prune,100,10000,1402020720,1174,1402020685.0942,1402020720.0,1402003090,1402020720,0,325
spacev1b,euclidean,robust-prune,100,10000,1402020720,1175,1402020685.297,1402020720.0,1402003138,1402020720,0,325
spacev1b,euclidean,robust-prune,100,10000,1402020720,1176,1402020685.444,1402020720.0,1402003542,1402020720,0,323
spacev1b,euclidean,robust-prune,100,10000,1402020720,1177,1402020685.5774,1402020720.0,1402003568,1402020720,0,322
spacev1b,euclidean,robust-prune,100,10000,1402020720,1178,1402020685.7308,1402020720.0,1402003609,1402020720,0,322
spacev1b,euclidean,robust-prune,100,10000,1402020720,1179,1402020685.9056,1402020720.0,1402003830,1402020720,0,322
spacev1b,euclidean,robust-prune,100,10000,1402020720,1180,1402020686.0286,1402020720.0,1402003843,1402020720,0,321
spacev1b,euclidean,robust-prune,100,10000,1402020720,1181,1402020686.1964,1402020720.0,1402003858,1402020720,0,319
spacev1b,euclidean,robust-prune,100,10000,1402020720,1182,1402020686.3197,1402020720.0,1402003873,1402020720,0,319
spacev1b,euclidean,robust-prune,100,10000,1402020720,1183,1402020686.5399,1402020720.0,1402003898,1402020720,0,318
spacev1b,euclidean,robust-prune,100,10000,1402020720,1184,1402020686.6911,1402020720.0,1402003906,1402020720,0,318
spacev1b,euclidean,robust-prune,100,10000,1402020720,1185,1402020686.8105,1402020720.0,1402003913,1402020720,0,318
spacev1b,euclidean,robust-prune,100,10000,1402020720,1186,1402020686.9645,1402020720.0,1402003930,1402020720,0,317
spacev1b,euclidean,robust-prune,100,10000,1402020720,1187,1402020687.1088,1402020720.0,1402003935,1402020720,0,317
spacev1b,euclidean,robust-prune,100,10000,1402020720,1188,1402020687.239,1402020720.0,1402003946,1402020720,0,315
spacev1b,euclidean,robust-prune,100,10000,1402020720,1189,1402020687.385,1402020720.0,1402003957,1402020720,0,314
spacev1b,euclidean,robust-prune,100,10000,1402020720,1190,1402020687.5115,1402020720.0,1402003992,1402020720,0,309
spacev1b,euclidean,robust-prune,100,10000,1402020720,1191,1402020687.7691,1402020720.0,1402003997,1402020720,0,308
spacev1b,euclidean,robust-prune,100,10000,1402020720,1192,1402020687.9391,1402020720.0,1402004015,1402020720,0,303
spacev1b,euclidean,robust-prune,100,10000,1402020720,1193,1402020688.0907,1402020720.0,1402004365,1402020720,0,302
spacev1b,euclidean,robust-prune,100,10000,1402020720,1194,1402020688.2347,1402020720.0,1402004520,1402020720,0,301
spacev1b,euclidean,robust-prune,100,10000,1402020720,1195,1402020688.411,1402020720.0,1402004525,1402020720,0,300
spacev1b,euclidean,robust-prune,100,10000,1402020720,1196,1402020688.5285,1402020720.0,1402004664,1402020720,0,300
spacev1b,euclidean,robust-prune,100,10000,1402020720,1197,1402020688.6671,1402020720.0,1402004667,1402020720,0,299
spacev1b,euclidean,robust-prune,100,10000,1402020720,1198,1402020688.7916,1402020720.0,1402004685,1402020720,0,298
spacev1b,euclidean,robust-prune,100,10000,1402020720,1199,1402020688.9589,1402020720.0,1402004687,1402020720,0,298
spacev1b,euclidean,robust-prune,100,10000,1402020720,1200,1402020689.1259,1402020720.0,1402004690,1402020720,0,298
spacev1b,euclidean,robust-prune,100,10000,1402020720,1201,1402020689.2584,1402020720.0,1402004694,1402020720,0,297
spacev1b,euclidean,robust-prune,100,10000,1402020720,1202,1402020689.4367,1402020720.0,1402004701,1402020720,0,296
spacev1b,euclidean,robust-prune,100,10000,1402020720,1203,1402020689.5687,1402020720.0,1402004705,1402020720,0,295
spacev1b,euclidean,robust-prune,100,10000,1402020720,1204,1402020689.723,1402020720.0,1402004710,1402020720,0,295
spacev1b,euclidean,robust-prune,100,10000,1402020720,1205,1402020689.8411,1402020720.0,1402004752,1402020720,0,294
spacev1b,euclidean,robust-prune,100,10000,1402020720,1206,1402020690.0219,1402020720.0,1402004796,1402020720,0,292
spacev1b,euclidean,robust-prune,100,10000,1402020720,1207,1402020690.1996,1402020720.0,1402004802,1402020720,0,292
spacev1b,euclidean,robust-prune,100,10000,1402020720,1208,1402020690.2987,1402020720.0,1402004810,1402020720,0,291
spacev1b,euclidean,robust-prune,100,10000,1402020720,1209,1402020690.4172,1402020720.0,1402004854,1402020720,0,289
spacev1b,euclidean,robust-prune,100,10000,1402020720,1210,1402020690.5758,1402020720.0,1402004861,1402020720,0,287
spacev1b,euclidean,robust-prune,100,10000,1402020720,1211,1402020690.688,1402020720.0,1402004875,1402020720,0,285
spacev1b,euclidean,robust-prune,100,10000,1402020720,1212,1402020690.8026,1402020720.0,1402004890,1402020720,0,284
spacev1b,euclidean,robust-prune,100,10000,1402020720,1213,1402020690.9135,1402020720.0,1402004914,1402020720,0,283
spacev1b,euclidean,robust-prune,100,10000,1402020720,1214,1402020691.0392,1402020720.0,1402004999,1402020720,0,282
spacev1b,euclidean,robust-prune,100,10000,1402020720,1215,1402020691.1383,1402020720.0,1402005101,1402020720,0,281
spacev1b,euclidean,robust-prune,100,10000,1402020720,1216,1402020691.2655,1402020720.0,1402005106,1402020720,0,281
spacev1b,euclidean,robust-prune,100,10000,1402020720,1217,1402020691.4343,1402020720.0,1402005499,1402020720,0,277
spacev1b,euclidean,robust-prune,100,10000,1402020720,1218,1402020691.5416,1402020720.0,1402005516,1402020720,0,273
spacev1b,euclidean,robust-prune,100,10000,1402020720,1219,1402020691.6611,1402020720.0,1402005581,1402020720,0,273
spacev1b,euclidean,robust-prune,100,10000,1402020720,1220,1402020691.8258,1402020720.0,1402005797,1402020720,0,271
spacev1b,euclidean,robust-prune,100,10000,1402020720,1221,1402020691.9697,1402020720.0,1402005863,1402020720,0,270
spacev1b,euclidean,robust-prune,100,10000,1402020720,1222,1402020692.1148,1402020720.0,1402005908,1402020720,0,269
spacev1b,euclidean,robust-prune,100,10000,1402020720,1223,1402020692.2333,1402020720.0,1402005958,1402020720,0,268
spacev1b,euclidean,robust-prune,100,10000,1402020720,1224,1402020692.3275,1402020720.0,1402005964,1402020720,0,267
spacev1b,euclidean,robust-prune,100,10000,1402020720,1225,1402020692.4425,1402020720.0,1402005967,1402020720,0,265
spacev1b,euclidean,robust-prune,100,10000,1402020720,1226,1402020692.541,1402020720.0,1402005984,1402020720,0,264
spacev1b,euclidean,robust-prune,100,10000,1402020720,1227,1402020692.6444,1402020720.0,1402005989,1402020720,0,263
spacev1b,euclidean,robust-prune,100,10000,1402020720,1228,1402020692.7764,1402020720.0,1402006068,1402020720,0,262
spacev1b,euclidean,robust-prune,100,10000,1402020720,1229,1402020692.8817,1402020720.0,1402006083,1402020720,0,261
spacev1b,euclidean,robust-prune,100,10000,1402020720,1230,1402020693.0076,1402020720.0,1402006094,1402020720,0,261
spacev1b,euclidean,robust-prune,100,10000,1402020720,1231,1402020693.097,1402020720.0,1402006147,1402020720,0,260
spacev1b,euclidean,robust-prune,100,10000,1402020720,1232,1402020693.2198,1402020720.0,1402006218,1402020720,0,259
spacev1b,euclidean,robust-prune,100,10000,1402020720,1233,1402020693.3462,1402020720.0,1402006346,1402020720,0,259
spacev1b,euclidean,robust-prune,100,10000,1402020720,1234,1402020693.5131,1402020720.0,1402006355,1402020720,0,256
spacev1b,euclidean,robust-prune,100,10000,1402020720,1235,1402020693.6065,1402020720.0,1402006363,1402020720,0,256
spacev1b,euclidean,robust-prune,100,10000,1402020720,1236,1402020693.7018,1402020720.0,1402006370,1402020720,0,255
spacev1b,euclidean,robust-prune,100,10000,1402020720,1237,1402020693.7791,1402020720.0,1402006379,1402020720,0,255
spacev1b,euclidean,robust-prune,100,10000,1402020720,1238,1402020693.8644,1402020720.0,1402006406,1402020720,0,254
spacev1b,euclidean,robust-prune,100,10000,1402020720,1239,1402020694.0131,1402020720.0,1402006660,1402020720,0,254
spacev1b,euclidean,robust-prune,100,10000,1402020720,1240,1402020694.1267,1402020720.0,1402006686,1402020720,0,253
spacev1b,euclidean,robust-prune,100,10000,1402020720,1241,1402020694.2402,1402020720.0,1402006692,1402020720,0,252
spacev1b,euclidean,robust-prune,100,10000,1402020720,1242,1402020694.3482,1402020720.0,1402006718,1402020720,0,251
spacev1b,euclidean,robust-prune,100,10000,1402020720,1243,1402020694.4533,1402020720.0,1402006731,1402020720,0,251
spacev1b,euclidean,robust-prune,100,10000,1402020720,1244,1402020694.5708,1402020720.0,1402006734,1402020720,0,250
spacev1b,euclidean,robust-prune,100,10000,1402020720,1245,1402020694.6681,1402020720.0,1402006736,1402020720,0,249
spacev1b,euclidean,robust-prune,100,10000,1402020720,1246,1402020694.7823,1402020720.0,1402006891,1402020720,0,248
spacev1b,euclidean,robust-prune,100,10000,1402020720,1247,1402020694.9857,1402020720.0,1402006935,1402020720,0,248
spacev1b,euclidean,robust-prune,100,10000,1402020720,1248,1402020695.0904,1402020720.0,1402006936,1402020720,0,247
spacev1b,euclidean,robust-prune,100,10000,1402020720,1249,1402020695.2128,1402020720.0,1402007111,1402020720,0,245
spacev1b,euclidean,robust-prune,100,10000,1402020720,1250,1402020695.3162,1402020720.0,1402007113,1402020720,0,245
spacev1b,euclidean,robust-prune,100,10000,1402020720,1251,1402020695.4044,1402020720.0,1402007128,1402020720,0,243
spacev1b,euclidean,robust-prune,100,10000,1402020720,1252,1402020695.4868,1402020720.0,1402007148,1402020720,0,242
spacev1b,euclidean,robust-prune,100,10000,1402020720,1253,1402020695.5794,1402020720.0,1402007163,1402020720,0,240
spacev1b,euclidean,robust-prune,100,10000,1402020720,1254,1402020695.7255,1402020720.0,1402007241,1402020720,0,239
spacev1b,euclidean,robust-prune,100,10000,1402020720,1255,1402020695.8258,1402020720.0,1402007279,1402020720,0,237
spacev1b,euclidean,robust-prune,100,10000,1402020720,1256,1402020695.9544,1402020720.0,1402007284,1402020720,0,237
spacev1b,euclidean,robust-prune,100,10000,1402020720,1257,1402020696.0579,1402020720.0,1402007295,1402020720,0,235
spacev1b,euclidean,robust-prune,100,10000,1402020720,1258,1402020696.1651,1402020720.0,1402007329,1402020720,0,233
spacev1b,euclidean,robust-prune,100,10000,1402020720,1259,1402020696.2614,1402020720.0,1402007331,1402020720,0,233
spacev1b,euclidean,robust-prune,100,10000,1402020720,1260,1402020696.4365,1402020720.0,1402007368,1402020720,0,230
spacev1b,euclidean,robust-prune,100,10000,1402020720,1261,1402020696.5175,1402020720.0,1402007382,1402020720,0,229
spacev1b,euclidean,robust-prune,100,10000,1402020720,1262,1402020696.6278,1402020720.0,1402007389,1402020720,0,229
spacev1b,euclidean,robust-prune,100,10000,1402020720,1263,1402020696.7258,1402020720.0,1402007412,1402020720,0,228
spacev1b,euclidean,robust-prune,100,10000,1402020720,1264,1402020696.8106,1402020720.0,1402007423,1402020720,0,226
spacev1b,euclidean,robust-prune,100,10000,1402020720,1265,1402020696.9408,1402020720.0,1402007632,1402020720,0,226
spacev1b,euclidean,robust-prune,100,10000,1402020720,1266,1402020697.0261,1402020720.0,1402007704,1402020720,0,226
spacev1b,euclidean,robust-prune,100,10000,1402020720,1267,1402020697.1112,1402020720.0,1402007725,1402020720,0,225
spacev1b,euclidean,robust-prune,100,10000,1402020720,1268,1402020697.1974,1402020720.0,1402007743,1402020720,0,224
spacev1b,euclidean,robust-prune,100,10000,1402020720,1269,1402020697.31,1402020720.0,1402007761,1402020720,0,222
spacev1b,euclidean,robust-prune,100,10000,1402020720,1270,1402020697.4065,1402020720.0,1402007769,1402020720,0,220
spacev1b,euclidean,robust-prune,100,10000,1402020720,1271,1402020697.5205,1402020720.0,1402007992,1402020720,0,218
spacev1b,euclidean,robust-prune,100,10000,1402020720,1272,1402020697.5895,1402020720.0,1402008000,1402020720,0,218
spacev1b,euclidean,robust-prune,100,10000,1402020720,1273,1402020697.6763,1402020720.0,1402008007,1402020720,0,216
spacev1b,euclidean,robust-prune,100,10000,1402020720,1274,1402020697.769,1402020720.0,1402008102,1402020720,0,216
spacev1b,euclidean,robust-prune,100,10000,1402020720,1275,1402020697.8644,1402020720.0,1402008115,1402020720,0,215
spacev1b,euclidean,robust-prune,100,10000,1402020720,1276,1402020697.9353,1402020720.0,1402008145,1402020720,0,214
spacev1b,euclidean,robust-prune,100,10000,1402020720,1277,1402020698.0156,1402020720.0,1402008157,1402020720,0,213
spacev1b,euclidean,robust-prune,100,10000,1402020720,1278,1402020698.1026,1402020720.0,1402008181,1402020720,0,212
spacev1b,euclidean,robust-prune,100,10000,1402020720,1279,1402020698.2134,1402020720.0,1402008190,1402020720,0,211
spacev1b,euclidean,robust-prune,100,10000,1402020720,1280,1402020698.3095,1402020720.0,1402008271,1402020720,0,211
spacev1b,euclidean,robust-prune,100,10000,1402020720,1281,1402020698.3892,1402020720.0,1402008283,1402020720,0,210
spacev1b,euclidean,robust-prune,100,10000,1402020720,1282,1402020698.4782,1402020720.0,1402008490,1402020720,0,210
spacev1b,euclidean,robust-prune,100,10000,1402020720,1283,1402020698.5656,1402020720.0,1402008507,1402020720,0,210
spacev1b,euclidean,robust-prune,100,10000,1402020720,1284,1402020698.6375,1402020720.0,1402008516,1402020720,0,208
spacev1b,euclidean,robust-prune,100,10000,1402020720,1285,1402020698.7208,1402020720.0,1402008521,1402020720,0,208
spacev1b,euclidean,robust-prune,100,10000,1402020720,1286,1402020698.7985,1402020720.0,1402008527,1402020720,0,207
spacev1b,euclidean,robust-prune,100,10000,1402020720,1287,1402020698.8882,1402020720.0,1402008530,1402020720,0,206
spacev1b,euclidean,robust-prune,100,10000,1402020720,1288,1402020698.9714,1402020720.0,1402008579,1402020720,0,205
spacev1b,euclidean,robust-prune,100,10000,1402020720,1289,1402020699.0889,1402020720.0,1402008611,1402020720,0,203
spacev1b,euclidean,robust-prune,100,10000,1402020720,1290,1402020699.1607,1402020720.0,1402008618,1402020720,0,203
spacev1b,euclidean,robust-prune,100,10000,1402020720,1291,1402020699.2475,1402020720.0,1402008627,1402020720,0,203
spacev1b,euclidean,robust-prune,100,10000,1402020720,1292,1402020699.3373,1402020720.0,1402008702,1402020720,0,203
spacev1b,euclidean,robust-prune,100,10000,1402020720,1293,1402020699.4114,1402020720.0,1402008703,1402020720,0,203
spacev1b,euclidean,robust-prune,100,10000,1402020720,1294,1402020699.5782,1402020720.0,1402008707,1402020720,0,203
spacev1b,euclidean,robust-prune,100,10000,1402020720,1295,1402020699.6563,1402020720.0,1402008709,1402020720,0,203
spacev1b,euclidean,robust-prune,100,10000,1402020720,1296,1402020699.736,1402020720.0,1402008752,1402020720,0,203
spacev1b,euclidean,robust-prune,100,10000,1402020720,1297,1402020699.8234,1402020720.0,1402008754,1402020720,0,202
spacev1b,euclidean,robust-prune,100,10000,1402020720,1298,1402020699.9071,1402020720.0,1402008776,1402020720,0,201
spacev1b,euclidean,robust-prune,100,10000,1402020720,1299,1402020699.9749,1402020720.0,1402008782,1402020720,0,201
spacev1b,euclidean,robust-prune,100,10000,1402020720,1300,1402020700.0642,1402020720.0,1402008800,1402020720,0,201
spacev1b,euclidean,robust-prune,100,10000,1402020720,1301,1402020700.1343,1402020720.0,1402008806,1402020720,0,200
spacev1b,euclidean,robust-prune,100,10000,1402020720,1302,1402020700.2114,1402020720.0,1402008812,1402020720,0,199
spacev1b,euclidean,robust-prune,100,10000,1402020720,1303,1402020700.2971,1402020720.0,1402008818,1402020720,0,197
spacev1b,euclidean,robust-prune,100,10000,1402020720,1304,1402020700.3768,1402020720.0,1402008823,1402020720,0,197
spacev1b,euclidean,robust-prune,100,10000,1402020720,1305,1402020700.4559,1402020720.0,1402008915,1402020720,0,197
spacev1b,euclidean,robust-prune,100,10000,1402020720,1306,1402020700.5496,1402020720.0,1402008917,1402020720,0,196
spacev1b,euclidean,robust-prune,100,10000,1402020720,1307,1402020700.6334,1402020720.0,1402008925,1402020720,0,195
spacev1b,euclidean,robust-prune,100,10000,1402020720,1308,1402020700.7207,1402020720.0,1402008999,1402020720,0,194
spacev1b,euclidean,robust-prune,100,10000,1402020720,1309,1402020700.8077,1402020720.0,1402009002,1402020720,0,194
spacev1b,euclidean,robust-prune,100,10000,1402020720,1310,1402020700.8637,1402020720.0,1402009005,1402020720,0,194
spacev1b,euclidean,robust-prune,100,10000,1402020720,1311,1402020700.9293,1402020720.0,1402009045,1402020720,0,194
spacev1b,euclidean,robust-prune,100,10000,1402020720,1312,1402020701.0018,1402020720.0,1402009072,1402020720,0,194
spacev1b,euclidean,robust-prune,100,10000,1402020720,1313,1402020701.0746,1402020720.0,1402009126,1402020720,0,193
spacev1b,euclidean,robust-prune,100,10000,1402020720,1314,1402020701.1513,1402020720.0,1402009129,1402020720,0,192
spacev1b,euclidean,robust-prune,100,10000,1402020720,1315,1402020701.2181,1402020720.0,1402009203,1402020720,0,191
spacev1b,euclidean,robust-prune,100,10000,1402020720,1316,1402020701.3068,1402020720.0,1402009343,1402020720,0,191
spacev1b,euclidean,robust-prune,100,10000,1402020720,1317,1402020701.3919,1402020720.0,1402009352,1402020720,0,190
spacev1b,euclidean,robust-prune,100,10000,1402020720,1318,1402020701.4712,1402020720.0,1402009357,1402020720,0,190
spacev1b,euclidean,robust-prune,100,10000,1402020720,1319,1402020701.5541,1402020720.0,1402009375,1402020720,0,190
spacev1b,euclidean,robust-prune,100,10000,1402020720,1320,1402020701.6283,1402020720.0,1402009385,1402020720,0,190
spacev1b,euclidean,robust-prune,100,10000,1402020720,1321,1402020701.7099,1402020720.0,1402009444,1402020720,0,190
spacev1b,euclidean,robust-prune,100,10000,1402020720,1322,1402020701.8089,1402020720.0,1402009548,1402020720,0,189
spacev1b,euclidean,robust-prune,100,10000,1402020720,1323,1402020701.8921,1402020720.0,1402009552,1402020720,0,189
spacev1b,euclidean,robust-prune,100,10000,1402020720,1324,1402020701.9871,1402020720.0,1402009714,1402020720,0,188
spacev1b,euclidean,robust-prune,100,10000,1402020720,1325,1402020702.0545,1402020720.0,1402009717,1402020720,0,188
spacev1b,euclidean,robust-prune,100,10000,1402020720,1326,1402020702.1129,1402020720.0,1402009720,1402020720,0,186
spacev1b,euclidean,robust-prune,100,10000,1402020720,1327,1402020702.2005,1402020720.0,1402009747,1402020720,0,186
spacev1b,euclidean,robust-prune,100,10000,1402020720,1328,1402020702.288,1402020720.0,1402009857,1402020720,0,185
spacev1b,euclidean,robust-prune,100,10000,1402020720,1329,1402020702.3507,1402020720.0,1402009875,1402020720,0,185
spacev1b,euclidean,robust-prune,100,10000,1402020720,1330,1402020702.4187,1402020720.0,1402009929,1402020720,0,183
spacev1b,euclidean,robust-prune,100,10000,1402020720,1331,1402020702.496,1402020720.0,1402009932,1402020720,0,182
spacev1b,euclidean,robust-prune,100,10000,1402020720,1332,1402020702.5687,1402020720.0,1402009934,1402020720,0,180
spacev1b,euclidean,robust-prune,100,10000,1402020720,1333,1402020702.631,1402020720.0,1402009954,1402020720,0,180
spacev1b,euclidean,robust-prune,100,10000,1402020720,1334,1402020702.7128,1402020720.0,1402009960,1402020720,0,179
spacev1b,euclidean,robust-prune,100,10000,1402020720,1335,1402020702.802,1402020720.0,1402009963,1402020720,0,178
spacev1b,euclidean,robust-prune,100,10000,1402020720,1336,1402020702.8673,1402020720.0,1402009971,1402020720,0,178
spacev1b,euclidean,robust-prune,100,10000,1402020720,1337,1402020702.9366,1402020720.0,1402009976,1402020720,0,178
spacev1b,euclidean,robust-prune,100,10000,1402020720,1338,1402020703.01,1402020720.0,1402010008,1402020720,0,177
spacev1b,euclidean,robust-prune,100,10000,1402020720,1339,1402020703.0641,1402020720.0,1402010017,1402020720,0,176
spacev1b,euclidean,robust-prune,100,10000,1402020720,1340,1402020703.1351,1402020720.0,1402010045,1402020720,0,175
spacev1b,euclidean,robust-prune,100,10000,1402020720,1341,1402020703.2197,1402020720.0,1402010054,1402020720,0,175
spacev1b,euclidean,robust-prune,100,10000,1402020720,1342,1402020703.2771,1402020720.0,1402010057,1402020720,0,174
spacev1b,euclidean,robust-prune,100,10000,1402020720,1343,1402020703.4181,1402020720.0,1402010094,1402020720,0,174
spacev1b,euclidean,robust-prune,100,10000,1402020720,1344,1402020703.489,1402020720.0,1402010113,1402020720,0,173
spacev1b,euclidean,robust-prune,100,10000,1402020720,1345,1402020703.5576,1402020720.0,1402010214,1402020720,0,173
spacev1b,euclidean,robust-prune,100,10000,1402020720,1346,1402020703.6272,1402020720.0,1402010325,1402020720,0,173
spacev1b,euclidean,robust-prune,100,10000,1402020720,1347,1402020703.689,1402020720.0,1402010354,1402020720,0,171
spacev1b,euclidean,robust-prune,100,10000,1402020720,1348,1402020703.747,1402020720.0,1402010362,1402020720,0,170
spacev1b,euclidean,robust-prune,100,10000,1402020720,1349,1402020703.8254,1402020720.0,1402010444,1402020720,0,170
spacev1b,euclidean,robust-prune,100,10000,1402020720,1350,1402020703.8962,1402020720.0,1402010496,1402020720,0,170
spacev1b,euclidean,robust-prune,100,10000,1402020720,1351,1402020703.9766,1402020720.0,1402010549,1402020720,0,169
spacev1b,euclidean,robust-prune,100,10000,1402020720,1352,1402020704.0576,1402020720.0,1402010604,1402020720,0,166
spacev1b,euclidean,robust-prune,100,10000,1402020720,1353,1402020704.1214,1402020720.0,1402010625,1402020720,0,166
spacev1b,euclidean,robust-prune,100,10000,1402020720,1354,1402020704.1679,1402020720.0,1402010645,1402020720,0,165
spacev1b,euclidean,robust-prune,100,10000,1402020720,1355,1402020704.2269,1402020720.0,1402010680,1402020720,0,165
spacev1b,euclidean,robust-prune,100,10000,1402020720,1356,1402020704.2929,1402020720.0,1402010698,1402020720,0,164
spacev1b,euclidean,robust-prune,100,10000,1402020720,1357,1402020704.352,1402020720.0,1402010704,1402020720,0,163
spacev1b,euclidean,robust-prune,100,10000,1402020720,1358,1402020704.4235,1402020720.0,1402010710,1402020720,0,163
spacev1b,euclidean,robust-prune,100,10000,1402020720,1359,1402020704.4806,1402020720.0,1402010726,1402020720,0,161
spacev1b,euclidean,robust-prune,100,10000,1402020720,1360,1402020704.5591,1402020720.0,1402010733,1402020720,0,160
spacev1b,euclidean,robust-prune,100,10000,1402020720,1361,1402020704.6387,1402020720.0,1402010833,1402020720,0,160
spacev1b,euclidean,robust-prune,100,10000,1402020720,1362,1402020704.715,1402020720.0,1402010845,1402020720,0,160
spacev1b,euclidean,robust-prune,100,10000,1402020720,1363,1402020704.7838,1402020720.0,1402010849,1402020720,0,159
spacev1b,euclidean,robust-prune,100,10000,1402020720,1364,1402020704.8339,1402020720.0,1402010868,1402020720,0,158
spacev1b,euclidean,robust-prune,100,10000,1402020720,1365,1402020704.881,1402020720.0,1402010875,1402020720,0,158
spacev1b,euclidean,robust-prune,100,10000,1402020720,1366,1402020704.9642,1402020720.0,1402011097,1402020720,0,158
spacev1b,euclidean,robust-prune,100,10000,1402020720,1367,1402020705.0211,1402020720.0,1402011123,1402020720,0,158
spacev1b,euclidean,robust-prune,100,10000,1402020720,1368,1402020705.0804,1402020720.0,1402011175,1402020720,0,157
spacev1b,euclidean,robust-prune,100,10000,1402020720,1369,1402020705.1295,1402020720.0,1402011179,1402020720,0,156
spacev1b,euclidean,robust-prune,100,10000,1402020720,1370,1402020705.1769,1402020720.0,1402011184,1402020720,0,156
spacev1b,euclidean,robust-prune,100,10000,1402020720,1371,1402020705.2335,1402020720.0,1402011202,1402020720,0,155
spacev1b,euclidean,robust-prune,100,10000,1402020720,1372,1402020705.2892,1402020720.0,1402011206,1402020720,0,154
spacev1b,euclidean,robust-prune,100,10000,1402020720,1373,1402020705.3492,1402020720.0,1402011276,1402020720,0,154
spacev1b,euclidean,robust-prune,100,10000,1402020720,1374,1402020705.398,1402020720.0,1402011329,1402020720,0,153
spacev1b,euclidean,robust-prune,100,10000,1402020720,1375,1402020705.4518,1402020720.0,1402011348,1402020720,0,152
spacev1b,euclidean,robust-prune,100,10000,1402020720,1376,1402020705.5069,1402020720.0,1402011354,1402020720,0,152
spacev1b,euclidean,robust-prune,100,10000,1402020720,1377,1402020705.5596,1402020720.0,1402011396,1402020720,0,152
spacev1b,euclidean,robust-prune,100,10000,1402020720,1378,1402020705.624,1402020720.0,1402011481,1402020720,0,152
spacev1b,euclidean,robust-prune,100,10000,1402020720,1379,1402020705.6687,1402020720.0,1402011506,1402020720,0,152
spacev1b,euclidean,robust-prune,100,10000,1402020720,1380,1402020705.725,1402020720.0,1402011512,1402020720,0,152
spacev1b,euclidean,robust-prune,100,10000,1402020720,1381,1402020705.7734,1402020720.0,1402011537,1402020720,0,152
spacev1b,euclidean,robust-prune,100,10000,1402020720,1382,1402020705.8379,1402020720.0,1402011589,1402020720,0,151
spacev1b,euclidean,robust-prune,100,10000,1402020720,1383,1402020705.9005,1402020720.0,1402011602,1402020720,0,150
spacev1b,euclidean,robust-prune,100,10000,1402020720,1384,1402020705.9478,1402020720.0,1402011604,1402020720,0,150
spacev1b,euclidean,robust-prune,100,10000,1402020720,1385,1402020705.9911,1402020720.0,1402011650,1402020720,0,149
spacev1b,euclidean,robust-prune,100,10000,1402020720,1386,1402020706.0403,1402020720.0,1402011655,1402020720,0,148
spacev1b,euclidean,robust-prune,100,10000,1402020720,1387,1402020706.1274,1402020720.0,1402011902,1402020720,0,146
spacev1b,euclidean,robust-prune,100,10000,1402020720,1388,1402020706.1787,1402020720.0,1402011920,1402020720,0,145
spacev1b,euclidean,robust-prune,100,10000,1402020720,1389,1402020706.2309,1402020720.0,1402011924,1402020720,0,144
spacev1b,euclidean,robust-prune,100,10000,1402020720,1390,1402020706.2913,1402020720.0,1402011929,1402020720,0,144
spacev1b,euclidean,robust-prune,100,10000,1402020720,1391,1402020706.3306,1402020720.0,1402011936,1402020720,0,144
spacev1b,euclidean,robust-prune,100,10000,1402020720,1392,1402020706.3953,1402020720.0,1402011969,1402020720,0,141
spacev1b,euclidean,robust-prune,100,10000,1402020720,1393,1402020706.4588,1402020720.0,1402011979,1402020720,0,141
spacev1b,euclidean,robust-prune,100,10000,1402020720,1394,1402020706.5028,1402020720.0,1402011981,1402020720,0,141
spacev1b,euclidean,robust-prune,100,10000,1402020720,1395,1402020706.5624,1402020720.0,1402011993,1402020720,0,141
spacev1b,euclidean,robust-prune,100,10000,1402020720,1396,1402020706.6157,1402020720.0,1402011995,1402020720,0,140
spacev1b,euclidean,robust-prune,100,10000,1402020720,1397,1402020706.6639,1402020720.0,1402011997,1402020720,0,140
spacev1b,euclidean,robust-prune,100,10000,1402020720,1398,1402020706.7171,1402020720.0,1402012002,1402020720,0,140
spacev1b,euclidean,robust-prune,100,10000,1402020720,1399,1402020706.771,1402020720.0,1402012007,1402020720,0,140
spacev1b,euclidean,robust-prune,100,10000,1402020720,1400,1402020706.8272,1402020720.0,1402012096,1402020720,0,139
spacev1b,euclidean,robust-prune,100,10000,1402020720,1401,1402020706.872,1402020720.0,1402012111,1402020720,0,139
spacev1b,euclidean,robust-prune,100,10000,1402020720,1402,1402020706.9167,1402020720.0,1402012123,1402020720,0,139
spacev1b,euclidean,robust-prune,100,10000,1402020720,1403,1402020706.9579,1402020720.0,1402012126,1402020720,0,137
spacev1b,euclidean,robust-prune,100,10000,1402020720,1404,1402020707.0004,1402020720.0,1402012133,1402020720,0,137
spacev1b,euclidean,robust-prune,100,10000,1402020720,1405,1402020707.0503,1402020720.0,1402012219,1402020720,0,137
spacev1b,euclidean,robust-prune,100,10000,1402020720,1406,1402020707.0943,1402020720.0,1402012226,1402020720,0,137
spacev1b,euclidean,robust-prune,100,10000,1402020720,1407,1402020707.1432,1402020720.0,1402012228,1402020720,0,136
spacev1b,euclidean,robust-prune,100,10000,1402020720,1408,1402020707.2046,1402020720.0,1402012369,1402020720,0,136
spacev1b,euclidean,robust-prune,100,10000,1402020720,1409,1402020707.2421,1402020720.0,1402012371,1402020720,0,135
spacev1b,euclidean,robust-prune,100,10000,1402020720,1410,1402020707.2969,1402020720.0,1402012397,1402020720,0,135
spacev1b,euclidean,robust-prune,100,10000,1402020720,1411,1402020707.3433,1402020720.0,1402012408,1402020720,0,135
spacev1b,euclidean,robust-prune,100,10000,1402020720,1412,1402020707.3897,1402020720.0,1402012411,1402020720,0,134
spacev1b,euclidean,robust-prune,100,10000,1402020720,1413,1402020707.434,1402020720.0,1402012420,1402020720,0,133
spacev1b,euclidean,robust-prune,100,10000,1402020720,1414,1402020707.4909,1402020720.0,1402012424,1402020720,0,133
spacev1b,euclidean,robust-prune,100,10000,1402020720,1415,1402020707.5444,1402020720.0,1402012432,1402020720,0,133
spacev1b,euclidean,robust-prune,100,10000,1402020720,1416,1402020707.5969,1402020720.0,1402012438,1402020720,0,132
spacev1b,euclidean,robust-prune,100,10000,1402020720,1417,1402020707.6417,1402020720.0,1402012461,1402020720,0,131
spacev1b,euclidean,robust-prune,100,10000,1402020720,1418,1402020707.7199,1402020720.0,1402012665,1402020720,0,131
spacev1b,euclidean,robust-prune,100,10000,1402020720,1419,1402020707.7587,1402020720.0,1402012672,1402020720,0,131
spacev1b,euclidean,robust-prune,100,10000,1402020720,1420,1402020707.8202,1402020720.0,1402012707,1402020720,0,131
spacev1b,euclidean,robust-prune,100,10000,1402020720,1421,1402020707.8705,1402020720.0,1402012721,1402020720,0,129
spacev1b,euclidean,robust-prune,100,10000,1402020720,1422,1402020707.9076,1402020720.0,1402012735,1402020720,0,129
spacev1b,euclidean,robust-prune,100,10000,1402020720,1423,1402020707.942,1402020720.0,1402012737,1402020720,0,129
spacev1b,euclidean,robust-prune,100,10000,1402020720,1424,1402020708.001,1402020720.0,1402012766,1402020720,0,129
spacev1b,euclidean,robust-prune,100,10000,1402020720,1425,1402020708.0367,1402020720.0,1402012781,1402020720,0,129
spacev1b,euclidean,robust-prune,100,10000,1402020720,1426,1402020708.0784,1402020720.0,1402012824,1402020720,0,128
spacev1b,euclidean,robust-prune,100,10000,1402020720,1427,1402020708.1146,1402020720.0,1402012841,1402020720,0,127
spacev1b,euclidean,robust-prune,100,10000,1402020720,1428,1402020708.1513,1402020720.0,1402012845,1402020720,0,127
spacev1b,euclidean,robust-prune,100,10000,1402020720,1429,1402020708.1922,1402020720.0,1402012847,1402020720,0,126
spacev1b,euclidean,robust-prune,100,10000,1402020720,1430,1402020708.2429,1402020720.0,1402012900,1402020720,0,125
spacev1b,euclidean,robust-prune,100,10000,1402020720,1431,1402020708.2918,1402020720.0,1402012923,1402020720,0,125
spacev1b,euclidean,robust-prune,100,10000,1402020720,1432,1402020708.3285,1402020720.0,1402012940,1402020720,0,125
spacev1b,euclidean,robust-prune,100,10000,1402020720,1433,1402020708.381,1402020720.0,1402012949,1402020720,0,125
spacev1b,euclidean,robust-prune,100,10000,1402020720,1434,1402020708.4419,1402020720.0,1402012959,1402020720,0,125
spacev1b,euclidean,robust-prune,100,10000,1402020720,1435,1402020708.4923,1402020720.0,1402012972,1402020720,0,123
spacev1b,euclidean,robust-prune,100,10000,1402020720,1436,1402020708.5275,1402020720.0,1402012976,1402020720,0,123
spacev1b,euclidean,robust-prune,100,10000,1402020720,1437,1402020708.5729,1402020720.0,1402013014,1402020720,0,123
spacev1b,euclidean,robust-prune,100,10000,1402020720,1438,1402020708.6135,1402020720.0,1402013016,1402020720,0,123
spacev1b,euclidean,robust-prune,100,10000,1402020720,1439,1402020708.656,1402020720.0,1402013026,1402020720,0,122
spacev1b,euclidean,robust-prune,100,10000,1402020720,1440,1402020708.6882,1402020720.0,1402013033,1402020720,0,122
spacev1b,euclidean,robust-prune,100,10000,1402020720,1441,1402020708.7246,1402020720.0,1402013045,1402020720,0,122
spacev1b,euclidean,robust-prune,100,10000,1402020720,1442,1402020708.7724,1402020720.0,1402013057,1402020720,0,122
spacev1b,euclidean,robust-prune,100,10000,1402020720,1443,1402020708.8311,1402020720.0,1402013060,1402020720,0,120
spacev1b,euclidean,robust-prune,100,10000,1402020720,1444,1402020708.8649,1402020720.0,1402013064,1402020720,0,120
spacev1b,euclidean,robust-prune,100,10000,1402020720,1445,1402020708.9004,1402020720.0,1402013071,1402020720,0,120
spacev1b,euclidean,robust-prune,100,10000,1402020720,1446,1402020708.9536,1402020720.0,1402013097,1402020720,0,120
spacev1b,euclidean,robust-prune,100,10000,1402020720,1447,1402020708.9888,1402020720.0,1402013106,1402020720,0,119
spacev1b,euclidean,robust-prune,100,10000,1402020720,1448,1402020709.026,1402020720.0,1402013109,1402020720,0,119
spacev1b,euclidean,robust-prune,100,10000,1402020720,1449,1402020709.0633,1402020720.0,1402013118,1402020720,0,119
spacev1b,euclidean,robust-prune,100,10000,1402020720,1450,1402020709.1048,1402020720.0,1402013131,1402020720,0,119
spacev1b,euclidean,robust-prune,100,10000,1402020720,1451,1402020709.1411,1402020720.0,1402013172,1402020720,0,117
spacev1b,euclidean,robust-prune,100,10000,1402020720,1452,1402020709.1809,1402020720.0,1402013184,1402020720,0,116
spacev1b,euclidean,robust-prune,100,10000,1402020720,1453,1402020709.2269,1402020720.0,1402013193,1402020720,0,115
spacev1b,euclidean,robust-prune,100,10000,1402020720,1454,1402020709.2656,1402020720.0,1402013196,1402020720,0,115
spacev1b,euclidean,robust-prune,100,10000,1402020720,1455,1402020709.3009,1402020720.0,1402013203,1402020720,0,115
spacev1b,euclidean,robust-prune,100,10000,1402020720,1456,1402020709.3365,1402020720.0,1402013207,1402020720,0,115
spacev1b,euclidean,robust-prune,100,10000,1402020720,1457,1402020709.3721,1402020720.0,1402013214,1402020720,0,115
spacev1b,euclidean,robust-prune,100,10000,1402020720,1458,1402020709.4195,1402020720.0,1402013253,1402020720,0,114
spacev1b,euclidean,robust-prune,100,10000,1402020720,1459,1402020709.4551,1402020720.0,1402013255,1402020720,0,114
spacev1b,euclidean,robust-prune,100,10000,1402020720,1460,1402020709.502,1402020720.0,1402013257,1402020720,0,114
spacev1b,euclidean,robust-prune,100,10000,1402020720,1461,1402020709.5464,1402020720.0,1402013266,1402020720,0,112
spacev1b,euclidean,robust-prune,100,10000,1402020720,1462,1402020709.5834,1402020720.0,1402013307,1402020720,0,111
spacev1b,euclidean,robust-prune,100,10000,1402020720,1463,1402020709.6146,1402020720.0,1402013320,1402020720,0,111
spacev1b,euclidean,robust-prune,100,10000,1402020720,1464,1402020709.6458,1402020720.0,1402013322,1402020720,0,111
spacev1b,euclidean,robust-prune,100,10000,1402020720,1465,1402020709.6861,1402020720.0,1402013336,1402020720,0,111
spacev1b,euclidean,robust-prune,100,10000,1402020720,1466,1402020709.7267,1402020720.0,1402013345,1402020720,0,110
spacev1b,euclidean,robust-prune,100,10000,1402020720,1467,1402020709.7618,1402020720.0,1402013365,1402020720,0,110
spacev1b,euclidean,robust-prune,100,10000,1402020720,1468,1402020709.8006,1402020720.0,1402013372,1402020720,0,110
spacev1b,euclidean,robust-prune,100,10000,1402020720,1469,1402020709.8495,1402020720.0,1402013388,1402020720,0,110
spacev1b,euclidean,robust-prune,100,10000,1402020720,1470,1402020709.892,1402020720.0,1402013397,1402020720,0,110
spacev1b,euclidean,robust-prune,100,10000,1402020720,1471,1402020709.9585,1402020720.0,1402013399,1402020720,0,110
spacev1b,euclidean,robust-prune,100,10000,1402020720,1472,1402020709.9942,1402020720.0,1402013409,1402020720,0,110
spacev1b,euclidean,robust-prune,100,10000,1402020720,1473,1402020710.0396,1402020720.0,1402013431,1402020720,0,110
spacev1b,euclidean,robust-prune,100,10000,1402020720,1474,1402020710.0754,1402020720.0,1402013434,1402020720,0,109
spacev1b,euclidean,robust-prune,100,10000,1402020720,1475,1402020710.1113,1402020720.0,1402013452,1402020720,0,108
spacev1b,euclidean,robust-prune,100,10000,1402020720,1476,1402020710.1545,1402020720.0,1402013467,1402020720,0,108
spacev1b,euclidean,robust-prune,100,10000,1402020720,1477,1402020710.1843,1402020720.0,1402013477,1402020720,0,107
spacev1b,euclidean,robust-prune,100,10000,1402020720,1478,1402020710.2235,1402020720.0,1402013490,1402020720,0,107
spacev1b,euclidean,robust-prune,100,10000,1402020720,1479,1402020710.2524,1402020720.0,1402013504,1402020720,0,106
spacev1b,euclidean,robust-prune,100,10000,1402020720,1480,1402020710.2959,1402020720.0,1402013514,1402020720,0,106
spacev1b,euclidean,robust-prune,100,10000,1402020720,1481,1402020710.3278,1402020720.0,1402013527,1402020720,0,106
spacev1b,euclidean,robust-prune,100,10000,1402020720,1482,1402020710.35,1402020720.0,1402013530,1402020720,0,105
spacev1b,euclidean,robust-prune,100,10000,1402020720,1483,1402020710.3842,1402020720.0,1402013536,1402020720,0,105
spacev1b,euclidean,robust-prune,100,10000,1402020720,1484,1402020710.4186,1402020720.0,1402013546,1402020720,0,102
spacev1b,euclidean,robust-prune,100,10000,1402020720,1485,1402020710.4548,1402020720.0,1402013593,1402020720,0,101
spacev1b,euclidean,robust-prune,100,10000,1402020720,1486,1402020710.4911,1402020720.0,1402013606,1402020720,0,101
spacev1b,euclidean,robust-prune,100,10000,1402020720,1487,1402020710.5403,1402020720.0,1402013612,1402020720,0,101
spacev1b,euclidean,robust-prune,100,10000,1402020720,1488,1402020710.5709,1402020720.0,1402013613,1402020720,0,99
spacev1b,euclidean,robust-prune,100,10000,1402020720,1489,1402020710.6117,1402020720.0,1402013616,1402020720,0,99
spacev1b,euclidean,robust-prune,100,10000,1402020720,1490,1402020710.6518,1402020720.0,1402013621,1402020720,0,99
spacev1b,euclidean,robust-prune,100,10000,1402020720,1491,1402020710.6867,1402020720.0,1402013647,1402020720,0,98
spacev1b,euclidean,robust-prune,100,10000,1402020720,1492,1402020710.7122,1402020720.0,1402013655,1402020720,0,96
spacev1b,euclidean,robust-prune,100,10000,1402020720,1493,1402020710.7704,1402020720.0,1402013657,1402020720,0,96
spacev1b,euclidean,robust-prune,100,10000,1402020720,1494,1402020710.805,1402020720.0,1402013662,1402020720,0,96
spacev1b,euclidean,robust-prune,100,10000,1402020720,1495,1402020710.8325,1402020720.0,1402013666,1402020720,0,95
spacev1b,euclidean,robust-prune,100,10000,1402020720,1496,1402020710.8729,1402020720.0,1402013667,1402020720,0,95
spacev1b,euclidean,robust-prune,100,10000,1402020720,1497,1402020710.9028,1402020720.0,1402013680,1402020720,0,94
spacev1b,euclidean,robust-prune,100,10000,1402020720,1498,1402020710.936,1402020720.0,1402013694,1402020720,0,94
spacev1b,euclidean,robust-prune,100,10000,1402020720,1499,1402020710.9665,1402020720.0,1402013710,1402020720,0,94
spacev1b,euclidean,robust-prune,100,10000,1402020720,1500,1402020710.9962,1402020720.0,1402013716,1402020720,0,94
spacev1b,euclidean,robust-prune,100,10000,1402020720,1501,1402020711.0326,1402020720.0,1402013730,1402020720,0,94
spacev1b,euclidean,robust-prune,100,10000,1402020720,1502,1402020711.0652,1402020720.0,1402013731,1402020720,0,94
spacev1b,euclidean,robust-prune,100,10000,1402020720,1503,1402020711.0934,1402020720.0,1402013753,1402020720,0,94
spacev1b,euclidean,robust-prune,100,10000,1402020720,1504,1402020711.1365,1402020720.0,1402013758,1402020720,0,93
spacev1b,euclidean,robust-prune,100,10000,1402020720,1505,1402020711.1733,1402020720.0,1402013787,1402020720,0,91
spacev1b,euclidean,robust-prune,100,10000,1402020720,1506,1402020711.2075,1402020720.0,1402013794,1402020720,0,89
spacev1b,euclidean,robust-prune,100,10000,1402020720,1507,1402020711.2372,1402020720.0,1402013795,1402020720,0,89
spacev1b,euclidean,robust-prune,100,10000,1402020720,1508,1402020711.2694,1402020720.0,1402013799,1402020720,0,89
spacev1b,euclidean,robust-prune,100,10000,1402020720,1509,1402020711.3006,1402020720.0,1402013800,1402020720,0,89
spacev1b,euclidean,robust-prune,100,10000,1402020720,1510,1402020711.3245,1402020720.0,1402013803,1402020720,0,89
spacev1b,euclidean,robust-prune,100,10000,1402020720,1511,1402020711.3608,1402020720.0,1402013805,1402020720,0,89
spacev1b,euclidean,robust-prune,100,10000,1402020720,1512,1402020711.3906,1402020720.0,1402013808,1402020720,0,89
spacev1b,euclidean,robust-prune,100,10000,1402020720,1513,1402020711.4175,1402020720.0,1402013818,1402020720,0,89
spacev1b,euclidean,robust-prune,100,10000,1402020720,1514,1402020711.4507,1402020720.0,1402013821,1402020720,0,89
spacev1b,euclidean,robust-prune,100,10000,1402020720,1515,1402020711.4866,1402020720.0,1402013824,1402020720,0,89
spacev1b,euclidean,robust-prune,100,10000,1402020720,1516,1402020711.5139,1402020720.0,1402013835,1402020720,0,89
spacev1b,euclidean,robust-prune,100,10000,1402020720,1517,1402020711.5503,1402020720.0,1402013847,1402020720,0,89
spacev1b,euclidean,robust-prune,100,10000,1402020720,1518,1402020711.5787,1402020720.0,1402013855,1402020720,0,88
spacev1b,euclidean,robust-prune,100,10000,1402020720,1519,1402020711.6049,1402020720.0,1402013858,1402020720,0,88
spacev1b,euclidean,robust-prune,100,10000,1402020720,1520,1402020711.6312,1402020720.0,1402013859,1402020720,0,88
spacev1b,euclidean,robust-prune,100,10000,1402020720,1521,1402020711.6587,1402020720.0,1402013866,1402020720,0,88
spacev1b,euclidean,robust-prune,100,10000,1402020720,1522,1402020711.6883,1402020720.0,1402013906,1402020720,0,88
spacev1b,euclidean,robust-prune,100,10000,1402020720,1523,1402020711.7161,1402020720.0,1402013913,1402020720,0,88
spacev1b,euclidean,robust-prune,100,10000,1402020720,1524,1402020711.7604,1402020720.0,1402013928,1402020720,0,88
spacev1b,euclidean,robust-prune,100,10000,1402020720,1525,1402020711.7834,1402020720.0,1402013933,1402020720,0,87
spacev1b,euclidean,robust-prune,100,10000,1402020720,1526,1402020711.815,1402020720.0,1402013934,1402020720,0,87
spacev1b,euclidean,robust-prune,100,10000,1402020720,1527,1402020711.8468,1402020720.0,1402014003,1402020720,0,86
spacev1b,euclidean,robust-prune,100,10000,1402020720,1528,1402020711.8719,1402020720.0,1402014004,1402020720,0,86
spacev1b,euclidean,robust-prune,100,10000,1402020720,1529,1402020711.9007,1402020720.0,1402014030,1402020720,0,86
spacev1b,euclidean,robust-prune,100,10000,1402020720,1530,1402020711.936,1402020720.0,1402014036,1402020720,0,86
spacev1b,euclidean,robust-prune,100,10000,1402020720,1531,1402020711.963,1402020720.0,1402014056,1402020720,0,86
spacev1b,euclidean,robust-prune,100,10000,1402020720,1532,1402020711.9924,1402020720.0,1402014058,1402020720,0,86
spacev1b,euclidean,robust-prune,100,10000,1402020720,1533,1402020712.0195,1402020720.0,1402014066,1402020720,0,86
spacev1b,euclidean,robust-prune,100,10000,1402020720,1534,1402020712.054,1402020720.0,1402014069,1402020720,0,85
spacev1b,euclidean,robust-prune,100,10000,1402020720,1535,1402020712.0886,1402020720.0,1402014077,1402020720,0,85
spacev1b,euclidean,robust-prune,100,10000,1402020720,1536,1402020712.1158,1402020720.0,1402014106,1402020720,0,85
spacev1b,euclidean,robust-prune,100,10000,1402020720,1537,1402020712.1421,1402020720.0,1402014110,1402020720,0,85
spacev1b,euclidean,robust-prune,100,10000,1402020720,1538,1402020712.1627,1402020720.0,1402014126,1402020720,0,85
spacev1b,euclidean,robust-prune,100,10000,1402020720,1539,1402020712.1962,1402020720.0,1402014157,1402020720,0,85
spacev1b,euclidean,robust-prune,100,10000,1402020720,1540,1402020712.2259,1402020720.0,1402014160,1402020720,0,84
spacev1b,euclidean,robust-prune,100,10000,1402020720,1541,1402020712.2491,1402020720.0,1402014179,1402020720,0,84
spacev1b,euclidean,robust-prune,100,10000,1402020720,1542,1402020712.2741,1402020720.0,1402014181,1402020720,0,84
spacev1b,euclidean,robust-prune,100,10000,1402020720,1543,1402020712.304,1402020720.0,1402014189,1402020720,0,84
spacev1b,euclidean,robust-prune,100,10000,1402020720,1544,1402020712.326,1402020720.0,1402014190,1402020720,0,84
spacev1b,euclidean,robust-prune,100,10000,1402020720,1545,1402020712.3525,1402020720.0,1402014202,1402020720,0,84
spacev1b,euclidean,robust-prune,100,10000,1402020720,1546,1402020712.3777,1402020720.0,1402014217,1402020720,0,83
spacev1b,euclidean,robust-prune,100,10000,1402020720,1547,1402020712.4165,1402020720.0,1402014221,1402020720,0,83
spacev1b,euclidean,robust-prune,100,10000,1402020720,1548,1402020712.4455,1402020720.0,1402014223,1402020720,0,83
spacev1b,euclidean,robust-prune,100,10000,1402020720,1549,1402020712.4748,1402020720.0,1402014227,1402020720,0,81
spacev1b,euclidean,robust-prune,100,10000,1402020720,1550,1402020712.5028,1402020720.0,1402014236,1402020720,0,81
spacev1b,euclidean,robust-prune,100,10000,1402020720,1551,1402020712.528,1402020720.0,1402014238,1402020720,0,80
spacev1b,euclidean,robust-prune,100,10000,1402020720,1552,1402020712.5525,1402020720.0,1402014266,1402020720,0,80
spacev1b,euclidean,robust-prune,100,10000,1402020720,1553,1402020712.5779,1402020720.0,1402014278,1402020720,0,80
spacev1b,euclidean,robust-prune,100,10000,1402020720,1554,1402020712.6037,1402020720.0,1402014280,1402020720,0,80
spacev1b,euclidean,robust-prune,100,10000,1402020720,1555,1402020712.6268,1402020720.0,1402014281,1402020720,0,80
spacev1b,euclidean,robust-prune,100,10000,1402020720,1556,1402020712.6526,1402020720.0,1402014285,1402020720,0,80
spacev1b,euclidean,robust-prune,100,10000,1402020720,1557,1402020712.7055,1402020720.0,1402014287,1402020720,0,80
spacev1b,euclidean,robust-prune,100,10000,1402020720,1558,1402020712.7307,1402020720.0,1402014289,1402020720,0,79
spacev1b,euclidean,robust-prune,100,10000,1402020720,1559,1402020712.7694,1402020720.0,1402014459,1402020720,0,79
spacev1b,euclidean,robust-prune,100,10000,1402020720,1560,1402020712.7939,1402020720.0,1402014469,1402020720,0,77
spacev1b,euclidean,robust-prune,100,10000,1402020720,1561,1402020712.8185,1402020720.0,1402014471,1402020720,0,77
spacev1b,euclidean,robust-prune,100,10000,1402020720,1562,1402020712.8448,1402020720.0,1402014475,1402020720,0,77
spacev1b,euclidean,robust-prune,100,10000,1402020720,1563,1402020712.8644,1402020720.0,1402014479,1402020720,0,77
spacev1b,euclidean,robust-prune,100,10000,1402020720,1564,1402020712.8863,1402020720.0,1402014486,1402020720,0,77
spacev1b,euclidean,robust-prune,100,10000,1402020720,1565,1402020712.905,1402020720.0,1402014489,1402020720,0,77
spacev1b,euclidean,robust-prune,100,10000,1402020720,1566,1402020712.9245,1402020720.0,1402014493,1402020720,0,77
spacev1b,euclidean,robust-prune,100,10000,1402020720,1567,1402020712.944,1402020720.0,1402014496,1402020720,0,77
spacev1b,euclidean,robust-prune,100,10000,1402020720,1568,1402020712.9689,1402020720.0,1402014514,1402020720,0,76
spacev1b,euclidean,robust-prune,100,10000,1402020720,1569,1402020712.985,1402020720.0,1402014518,1402020720,0,75
spacev1b,euclidean,robust-prune,100,10000,1402020720,1570,1402020713.0098,1402020720.0,1402014522,1402020720,0,75
spacev1b,euclidean,robust-prune,100,10000,1402020720,1571,1402020713.031,1402020720.0,1402014528,1402020720,0,74
spacev1b,euclidean,robust-prune,100,10000,1402020720,1572,1402020713.063,1402020720.0,1402014571,1402020720,0,74
spacev1b,euclidean,robust-prune,100,10000,1402020720,1573,1402020713.0897,1402020720.0,1402014579,1402020720,0,74
spacev1b,euclidean,robust-prune,100,10000,1402020720,1574,1402020713.1202,1402020720.0,1402014612,1402020720,0,74
spacev1b,euclidean,robust-prune,100,10000,1402020720,1575,1402020713.1408,1402020720.0,1402014621,1402020720,0,74
spacev1b,euclidean,robust-prune,100,10000,1402020720,1576,1402020713.1657,1402020720.0,1402014623,1402020720,0,74
spacev1b,euclidean,robust-prune,100,10000,1402020720,1577,1402020713.1856,1402020720.0,1402014628,1402020720,0,73
spacev1b,euclidean,robust-prune,100,10000,1402020720,1578,1402020713.2022,1402020720.0,1402014635,1402020720,0,73
spacev1b,euclidean,robust-prune,100,10000,1402020720,1579,1402020713.2226,1402020720.0,1402014636,1402020720,0,73
spacev1b,euclidean,robust-prune,100,10000,1402020720,1580,1402020713.2543,1402020720.0,1402014643,1402020720,0,73
spacev1b,euclidean,robust-prune,100,10000,1402020720,1581,1402020713.2736,1402020720.0,1402014654,1402020720,0,73
spacev1b,euclidean,robust-prune,100,10000,1402020720,1582,1402020713.2933,1402020720.0,1402014671,1402020720,0,73
spacev1b,euclidean,robust-prune,100,10000,1402020720,1583,1402020713.3121,1402020720.0,1402014678,1402020720,0,73
spacev1b,euclidean,robust-prune,100,10000,1402020720,1584,1402020713.3285,1402020720.0,1402014683,1402020720,0,72
spacev1b,euclidean,robust-prune,100,10000,1402020720,1585,1402020713.3538,1402020720.0,1402014689,1402020720,0,71
spacev1b,euclidean,robust-prune,100,10000,1402020720,1586,1402020713.378,1402020720.0,1402014701,1402020720,0,71
spacev1b,euclidean,robust-prune,100,10000,1402020720,1587,1402020713.4023,1402020720.0,1402014706,1402020720,0,71
spacev1b,euclidean,robust-prune,100,10000,1402020720,1588,1402020713.424,1402020720.0,1402014712,1402020720,0,71
spacev1b,euclidean,robust-prune,100,10000,1402020720,1589,1402020713.4419,1402020720.0,1402014717,1402020720,0,70
spacev1b,euclidean,robust-prune,100,10000,1402020720,1590,1402020713.4627,1402020720.0,1402014724,1402020720,0,70
spacev1b,euclidean,robust-prune,100,10000,1402020720,1591,1402020713.4809,1402020720.0,1402014727,1402020720,0,69
spacev1b,euclidean,robust-prune,100,10000,1402020720,1592,1402020713.5012,1402020720.0,1402014729,1402020720,0,69
spacev1b,euclidean,robust-prune,100,10000,1402020720,1593,1402020713.5271,1402020720.0,1402014733,1402020720,0,69
spacev1b,euclidean,robust-prune,100,10000,1402020720,1594,1402020713.5513,1402020720.0,1402014744,1402020720,0,69
spacev1b,euclidean,robust-prune,100,10000,1402020720,1595,1402020713.5708,1402020720.0,1402014749,1402020720,0,69
spacev1b,euclidean,robust-prune,100,10000,1402020720,1596,1402020713.609,1402020720.0,1402014758,1402020720,0,67
spacev1b,euclidean,robust-prune,100,10000,1402020720,1597,1402020713.632,1402020720.0,1402014761,1402020720,0,66
spacev1b,euclidean,robust-prune,100,10000,1402020720,1598,1402020713.657,1402020720.0,1402014766,1402020720,0,65
spacev1b,euclidean,robust-prune,100,10000,1402020720,1599,1402020713.6778,1402020720.0,1402014771,1402020720,0,65
spacev1b,euclidean,robust-prune,100,10000,1402020720,1600,1402020713.707,1402020720.0,1402014778,1402020720,0,65
spacev1b,euclidean,robust-prune,100,10000,1402020720,1601,1402020713.7374,1402020720.0,1402014782,1402020720,0,64
spacev1b,euclidean,robust-prune,100,10000,1402020720,1602,1402020713.758,1402020720.0,1402014784,1402020720,0,64
spacev1b,euclidean,robust-prune,100,10000,1402020720,1603,1402020713.7786,1402020720.0,1402014791,1402020720,0,64
spacev1b,euclidean,robust-prune,100,10000,1402020720,1604,1402020713.8065,1402020720.0,1402014792,1402020720,0,63
spacev1b,euclidean,robust-prune,100,10000,1402020720,1605,1402020713.8295,1402020720.0,1402014795,1402020720,0,62
spacev1b,euclidean,robust-prune,100,10000,1402020720,1606,1402020713.8654,1402020720.0,1402014797,1402020720,0,62
spacev1b,euclidean,robust-prune,100,10000,1402020720,1607,1402020713.8803,1402020720.0,1402014805,1402020720,0,61
spacev1b,euclidean,robust-prune,100,10000,1402020720,1608,1402020713.9028,1402020720.0,1402014810,1402020720,0,61
spacev1b,euclidean,robust-prune,100,10000,1402020720,1609,1402020713.9274,1402020720.0,1402014827,1402020720,0,61
spacev1b,euclidean,robust-prune,100,10000,1402020720,1610,1402020713.9473,1402020720.0,1402014829,1402020720,0,59
spacev1b,euclidean,robust-prune,100,10000,1402020720,1611,1402020713.9629,1402020720.0,1402014833,1402020720,0,59
spacev1b,euclidean,robust-prune,100,10000,1402020720,1612,1402020713.9804,1402020720.0,1402014842,1402020720,0,59
spacev1b,euclidean,robust-prune,100,10000,1402020720,1613,1402020713.9985,1402020720.0,1402014844,1402020720,0,59
spacev1b,euclidean,robust-prune,100,10000,1402020720,1614,1402020714.0229,1402020720.0,1402014848,1402020720,0,59
spacev1b,euclidean,robust-prune,100,10000,1402020720,1615,1402020714.043,1402020720.0,1402014854,1402020720,0,58
spacev1b,euclidean,robust-prune,100,10000,1402020720,1616,1402020714.0671,1402020720.0,1402014860,1402020720,0,57
spacev1b,euclidean,robust-prune,100,10000,1402020720,1617,1402020714.0889,1402020720.0,1402014862,1402020720,0,57
spacev1b,euclidean,robust-prune,100,10000,1402020720,1618,1402020714.1046,1402020720.0,1402014865,1402020720,0,57
spacev1b,euclidean,robust-prune,100,10000,1402020720,1619,1402020714.1217,1402020720.0,1402014868,1402020720,0,57
spacev1b,euclidean,robust-prune,100,10000,1402020720,1620,1402020714.1454,1402020720.0,1402014874,1402020720,0,57
spacev1b,euclidean,robust-prune,100,10000,1402020720,1621,1402020714.1601,1402020720.0,1402014878,1402020720,0,57
spacev1b,euclidean,robust-prune,100,10000,1402020720,1622,1402020714.1754,1402020720.0,1402014879,1402020720,0,57
spacev1b,euclidean,robust-prune,100,10000,1402020720,1623,1402020714.1954,1402020720.0,1402014891,1402020720,0,57
spacev1b,euclidean,robust-prune,100,10000,1402020720,1624,1402020714.2123,1402020720.0,1402014892,1402020720,0,57
spacev1b,euclidean,robust-prune,100,10000,1402020720,1625,1402020714.2344,1402020720.0,1402014900,1402020720,0,57
spacev1b,euclidean,robust-prune,100,10000,1402020720,1626,1402020714.2512,1402020720.0,1402014908,1402020720,0,57
spacev1b,euclidean,robust-prune,100,10000,1402020720,1627,1402020714.2696,1402020720.0,1402014910,1402020720,0,57
spacev1b,euclidean,robust-prune,100,10000,1402020720,1628,1402020714.2883,1402020720.0,1402014913,1402020720,0,57
spacev1b,euclidean,robust-prune,100,10000,1402020720,1629,1402020714.3059,1402020720.0,1402014916,1402020720,0,57
spacev1b,euclidean,robust-prune,100,10000,1402020720,1630,1402020714.3178,1402020720.0,1402014919,1402020720,0,57
spacev1b,euclidean,robust-prune,100,10000,1402020720,1631,1402020714.3377,1402020720.0,1402014938,1402020720,0,57
spacev1b,euclidean,robust-prune,100,10000,1402020720,1632,1402020714.358,1402020720.0,1402014941,1402020720,0,57
spacev1b,euclidean,robust-prune,100,10000,1402020720,1633,1402020714.3827,1402020720.0,1402014945,1402020720,0,57
spacev1b,euclidean,robust-prune,100,10000,1402020720,1634,1402020714.3975,1402020720.0,1402014954,1402020720,0,57
spacev1b,euclidean,robust-prune,100,10000,1402020720,1635,1402020714.4119,1402020720.0,1402014956,1402020720,0,57
spacev1b,euclidean,robust-prune,100,10000,1402020720,1636,1402020714.4371,1402020720.0,1402014957,1402020720,0,56
spacev1b,euclidean,robust-prune,100,10000,1402020720,1637,1402020714.4563,1402020720.0,1402014958,1402020720,0,56
spacev1b,euclidean,robust-prune,100,10000,1402020720,1638,1402020714.4736,1402020720.0,1402014960,1402020720,0,56
spacev1b,euclidean,robust-prune,100,10000,1402020720,1639,1402020714.4965,1402020720.0,1402014967,1402020720,0,56
spacev1b,euclidean,robust-prune,100,10000,1402020720,1640,1402020714.5142,1402020720.0,1402014970,1402020720,0,56
spacev1b,euclidean,robust-prune,100,10000,1402020720,1641,1402020714.5307,1402020720.0,1402014973,1402020720,0,56
spacev1b,euclidean,robust-prune,100,10000,1402020720,1642,1402020714.5462,1402020720.0,1402014982,1402020720,0,56
spacev1b,euclidean,robust-prune,100,10000,1402020720,1643,1402020714.5653,1402020720.0,1402014991,1402020720,0,56
spacev1b,euclidean,robust-prune,100,10000,1402020720,1644,1402020714.5799,1402020720.0,1402014999,1402020720,0,56
spacev1b,euclidean,robust-prune,100,10000,1402020720,1645,1402020714.5953,1402020720.0,1402015000,1402020720,0,56
spacev1b,euclidean,robust-prune,100,10000,1402020720,1646,1402020714.6161,1402020720.0,1402015008,1402020720,0,56
spacev1b,euclidean,robust-prune,100,10000,1402020720,1647,1402020714.6338,1402020720.0,1402015018,1402020720,0,56
spacev1b,euclidean,robust-prune,100,10000,1402020720,1648,1402020714.6468,1402020720.0,1402015019,1402020720,0,56
spacev1b,euclidean,robust-prune,100,10000,1402020720,1649,1402020714.6615,1402020720.0,1402015020,1402020720,0,56
spacev1b,euclidean,robust-prune,100,10000,1402020720,1650,1402020714.6823,1402020720.0,1402015021,1402020720,0,56
spacev1b,euclidean,robust-prune,100,10000,1402020720,1651,1402020714.7056,1402020720.0,1402015079,1402020720,0,56
spacev1b,euclidean,robust-prune,100,10000,1402020720,1652,1402020714.7258,1402020720.0,1402015084,1402020720,0,56
spacev1b,euclidean,robust-prune,100,10000,1402020720,1653,1402020714.7414,1402020720.0,1402015085,1402020720,0,56
spacev1b,euclidean,robust-prune,100,10000,1402020720,1654,1402020714.7677,1402020720.0,1402015088,1402020720,0,56
spacev1b,euclidean,robust-prune,100,10000,1402020720,1655,1402020714.787,1402020720.0,1402015129,1402020720,0,55
spacev1b,euclidean,robust-prune,100,10000,1402020720,1656,1402020714.8039,1402020720.0,1402015130,1402020720,0,55
spacev1b,euclidean,robust-prune,100,10000,1402020720,1657,1402020714.8261,1402020720.0,1402015136,1402020720,0,55
spacev1b,euclidean,robust-prune,100,10000,1402020720,1658,1402020714.8403,1402020720.0,1402015143,1402020720,0,55
spacev1b,euclidean,robust-prune,100,10000,1402020720,1659,1402020714.8561,1402020720.0,1402015161,1402020720,0,55
spacev1b,euclidean,robust-prune,100,10000,1402020720,1660,1402020714.8722,1402020720.0,1402015177,1402020720,0,55
spacev1b,euclidean,robust-prune,100,10000,1402020720,1661,1402020714.8885,1402020720.0,1402015178,1402020720,0,55
spacev1b,euclidean,robust-prune,100,10000,1402020720,1662,1402020714.9039,1402020720.0,1402015182,1402020720,0,54
spacev1b,euclidean,robust-prune,100,10000,1402020720,1663,1402020714.9188,1402020720.0,1402015204,1402020720,0,54
spacev1b,euclidean,robust-prune,100,10000,1402020720,1664,1402020714.9331,1402020720.0,1402015205,1402020720,0,54
spacev1b,euclidean,robust-prune,100,10000,1402020720,1665,1402020714.9481,1402020720.0,1402015207,1402020720,0,54
spacev1b,euclidean,robust-prune,100,10000,1402020720,1666,1402020714.9666,1402020720.0,1402015214,1402020720,0,53
spacev1b,euclidean,robust-prune,100,10000,1402020720,1667,1402020714.9888,1402020720.0,1402015215,1402020720,0,53
spacev1b,euclidean,robust-prune,100,10000,1402020720,1668,1402020715.0049,1402020720.0,1402015221,1402020720,0,52
spacev1b,euclidean,robust-prune,100,10000,1402020720,1669,1402020715.0179,1402020720.0,1402015229,1402020720,0,52
spacev1b,euclidean,robust-prune,100,10000,1402020720,1670,1402020715.0364,1402020720.0,1402015235,1402020720,0,52
spacev1b,euclidean,robust-prune,100,10000,1402020720,1671,1402020715.0508,1402020720.0,1402015240,1402020720,0,52
spacev1b,euclidean,robust-prune,100,10000,1402020720,1672,1402020715.0667,1402020720.0,1402015243,1402020720,0,52
spacev1b,euclidean,robust-prune,100,10000,1402020720,1673,1402020715.0787,1402020720.0,1402015249,1402020720,0,51
spacev1b,euclidean,robust-prune,100,10000,1402020720,1674,1402020715.1092,1402020720.0,1402015406,1402020720,0,51
spacev1b,euclidean,robust-prune,100,10000,1402020720,1675,1402020715.1288,1402020720.0,1402015412,1402020720,0,51
spacev1b,euclidean,robust-prune,100,10000,1402020720,1676,1402020715.1435,1402020720.0,1402015420,1402020720,0,51
spacev1b,euclidean,robust-prune,100,10000,1402020720,1677,1402020715.1583,1402020720.0,1402015421,1402020720,0,50
spacev1b,euclidean,robust-prune,100,10000,1402020720,1678,1402020715.1759,1402020720.0,1402015422,1402020720,0,50
spacev1b,euclidean,robust-prune,100,10000,1402020720,1679,1402020715.1957,1402020720.0,1402015429,1402020720,0,50
spacev1b,euclidean,robust-prune,100,10000,1402020720,1680,1402020715.209,1402020720.0,1402015439,1402020720,0,49
spacev1b,euclidean,robust-prune,100,10000,1402020720,1681,1402020715.2237,1402020720.0,1402015445,1402020720,0,49
spacev1b,euclidean,robust-prune,100,10000,1402020720,1682,1402020715.235,1402020720.0,1402015447,1402020720,0,48
spacev1b,euclidean,robust-prune,100,10000,1402020720,1683,1402020715.2492,1402020720.0,1402015458,1402020720,0,48
spacev1b,euclidean,robust-prune,100,10000,1402020720,1684,1402020715.2625,1402020720.0,1402015460,1402020720,0,48
spacev1b,euclidean,robust-prune,100,10000,1402020720,1685,1402020715.2762,1402020720.0,1402015464,1402020720,0,48
spacev1b,euclidean,robust-prune,100,10000,1402020720,1686,1402020715.2882,1402020720.0,1402015467,1402020720,0,48
spacev1b,euclidean,robust-prune,100,10000,1402020720,1687,1402020715.2997,1402020720.0,1402015473,1402020720,0,48
spacev1b,euclidean,robust-prune,100,10000,1402020720,1688,1402020715.3136,1402020720.0,1402015475,1402020720,0,48
spacev1b,euclidean,robust-prune,100,10000,1402020720,1689,1402020715.3271,1402020720.0,1402015479,1402020720,0,48
spacev1b,euclidean,robust-prune,100,10000,1402020720,1690,1402020715.3425,1402020720.0,1402015484,1402020720,0,47
spacev1b,euclidean,robust-prune,100,10000,1402020720,1691,1402020715.36,1402020720.0,1402015508,1402020720,0,47
spacev1b,euclidean,robust-prune,100,10000,1402020720,1692,1402020715.3788,1402020720.0,1402015540,1402020720,0,47
spacev1b,euclidean,robust-prune,100,10000,1402020720,1693,1402020715.3893,1402020720.0,1402015541,1402020720,0,46
spacev1b,euclidean,robust-prune,100,10000,1402020720,1694,1402020715.4009,1402020720.0,1402015550,1402020720,0,46
spacev1b,euclidean,robust-prune,100,10000,1402020720,1695,1402020715.4158,1402020720.0,1402015556,1402020720,0,46
spacev1b,euclidean,robust-prune,100,10000,1402020720,1696,1402020715.4281,1402020720.0,1402015568,1402020720,0,46
spacev1b,euclidean,robust-prune,100,10000,1402020720,1697,1402020715.4468,1402020720.0,1402015608,1402020720,0,46
spacev1b,euclidean,robust-prune,100,10000,1402020720,1698,1402020715.4579,1402020720.0,1402015612,1402020720,0,46
spacev1b,euclidean,robust-prune,100,10000,1402020720,1699,1402020715.4735,1402020720.0,1402015627,1402020720,0,46
spacev1b,euclidean,robust-prune,100,10000,1402020720,1700,1402020715.4945,1402020720.0,1402015630,1402020720,0,45
spacev1b,euclidean,robust-prune,100,10000,1402020720,1701,1402020715.5168,1402020720.0,1402015698,1402020720,0,44
spacev1b,euclidean,robust-prune,100,10000,1402020720,1702,1402020715.5279,1402020720.0,1402015699,1402020720,0,44
spacev1b,euclidean,robust-prune,100,10000,1402020720,1703,1402020715.5428,1402020720.0,1402015701,1402020720,0,44
spacev1b,euclidean,robust-prune,100,10000,1402020720,1704,1402020715.5574,1402020720.0,1402015721,1402020720,0,44
spacev1b,euclidean,robust-prune,100,10000,1402020720,1705,1402020715.5656,1402020720.0,1402015722,1402020720,0,43
spacev1b,euclidean,robust-prune,100,10000,1402020720,1706,1402020715.5775,1402020720.0,1402015724,1402020720,0,43
spacev1b,euclidean,robust-prune,100,10000,1402020720,1707,1402020715.5908,1402020720.0,1402015729,1402020720,0,43
spacev1b,euclidean,robust-prune,100,10000,1402020720,1708,1402020715.6062,1402020720.0,1402015730,1402020720,0,43
spacev1b,euclidean,robust-prune,100,10000,1402020720,1709,1402020715.6199,1402020720.0,1402015732,1402020720,0,43
spacev1b,euclidean,robust-prune,100,10000,1402020720,1710,1402020715.6327,1402020720.0,1402015734,1402020720,0,43
spacev1b,euclidean,robust-prune,100,10000,1402020720,1711,1402020715.6448,1402020720.0,1402015742,1402020720,0,43
spacev1b,euclidean,robust-prune,100,10000,1402020720,1712,1402020715.6567,1402020720.0,1402015755,1402020720,0,43
spacev1b,euclidean,robust-prune,100,10000,1402020720,1713,1402020715.6718,1402020720.0,1402015770,1402020720,0,43
spacev1b,euclidean,robust-prune,100,10000,1402020720,1714,1402020715.6884,1402020720.0,1402015778,1402020720,0,43
spacev1b,euclidean,robust-prune,100,10000,1402020720,1715,1402020715.7037,1402020720.0,1402015779,1402020720,0,43
spacev1b,euclidean,robust-prune,100,10000,1402020720,1716,1402020715.7172,1402020720.0,1402015780,1402020720,0,43
spacev1b,euclidean,robust-prune,100,10000,1402020720,1717,1402020715.728,1402020720.0,1402015782,1402020720,0,42
spacev1b,euclidean,robust-prune,100,10000,1402020720,1718,1402020715.7417,1402020720.0,1402015787,1402020720,0,41
spacev1b,euclidean,robust-prune,100,10000,1402020720,1719,1402020715.7515,1402020720.0,1402015789,1402020720,0,41
spacev1b,euclidean,robust-prune,100,10000,1402020720,1720,1402020715.7634,1402020720.0,1402015793,1402020720,0,41
spacev1b,euclidean,robust-prune,100,10000,1402020720,1721,1402020715.7721,1402020720.0,1402015795,1402020720,0,41
spacev1b,euclidean,robust-prune,100,10000,1402020720,1722,1402020715.7854,1402020720.0,1402015798,1402020720,0,41
spacev1b,euclidean,robust-prune,100,10000,1402020720,1723,1402020715.7964,1402020720.0,1402015802,1402020720,0,41
spacev1b,euclidean,robust-prune,100,10000,1402020720,1724,1402020715.8101,1402020720.0,1402015816,1402020720,0,38
spacev1b,euclidean,robust-prune,100,10000,1402020720,1725,1402020715.8543,1402020720.0,1402015817,1402020720,0,38
spacev1b,euclidean,robust-prune,100,10000,1402020720,1726,1402020715.8636,1402020720.0,1402015819,1402020720,0,38
spacev1b,euclidean,robust-prune,100,10000,1402020720,1727,1402020715.8761,1402020720.0,1402015830,1402020720,0,38
spacev1b,euclidean,robust-prune,100,10000,1402020720,1728,1402020715.8904,1402020720.0,1402015832,1402020720,0,38
spacev1b,euclidean,robust-prune,100,10000,1402020720,1729,1402020715.9007,1402020720.0,1402015833,1402020720,0,38
spacev1b,euclidean,robust-prune,100,10000,1402020720,1730,1402020715.9127,1402020720.0,1402015834,1402020720,0,38
spacev1b,euclidean,robust-prune,100,10000,1402020720,1731,1402020715.9249,1402020720.0,1402015838,1402020720,0,38
spacev1b,euclidean,robust-prune,100,10000,1402020720,1732,1402020715.9361,1402020720.0,1402015840,1402020720,0,38
spacev1b,euclidean,robust-prune,100,10000,1402020720,1733,1402020715.9488,1402020720.0,1402015843,1402020720,0,38
spacev1b,euclidean,robust-prune,100,10000,1402020720,1734,1402020715.9591,1402020720.0,1402015846,1402020720,0,38
spacev1b,euclidean,robust-prune,100,10000,1402020720,1735,1402020715.9756,1402020720.0,1402015851,1402020720,0,38
spacev1b,euclidean,robust-prune,100,10000,1402020720,1736,1402020715.9893,1402020720.0,1402015865,1402020720,0,37
spacev1b,euclidean,robust-prune,100,10000,1402020720,1737,1402020716.0014,1402020720.0,1402015870,1402020720,0,37
spacev1b,euclidean,robust-prune,100,10000,1402020720,1738,1402020716.0147,1402020720.0,1402015874,1402020720,0,36
spacev1b,euclidean,robust-prune,100,10000,1402020720,1739,1402020716.0266,1402020720.0,1402015876,1402020720,0,36
spacev1b,euclidean,robust-prune,100,10000,1402020720,1740,1402020716.0375,1402020720.0,1402015883,1402020720,0,36
spacev1b,euclidean,robust-prune,100,10000,1402020720,1741,1402020716.0498,1402020720.0,1402015902,1402020720,0,36
spacev1b,euclidean,robust-prune,100,10000,1402020720,1742,1402020716.0615,1402020720.0,1402015906,1402020720,0,36
spacev1b,euclidean,robust-prune,100,10000,1402020720,1743,1402020716.073,1402020720.0,1402015912,1402020720,0,36
spacev1b,euclidean,robust-prune,100,10000,1402020720,1744,1402020716.0906,1402020720.0,1402015924,1402020720,0,36
spacev1b,euclidean,robust-prune,100,10000,1402020720,1745,1402020716.1037,1402020720.0,1402015926,1402020720,0,36
spacev1b,euclidean,robust-prune,100,10000,1402020720,1746,1402020716.1127,1402020720.0,1402015930,1402020720,0,36
spacev1b,euclidean,robust-prune,100,10000,1402020720,1747,1402020716.1288,1402020720.0,1402015983,1402020720,0,36
spacev1b,euclidean,robust-prune,100,10000,1402020720,1748,1402020716.1402,1402020720.0,1402015987,1402020720,0,36
spacev1b,euclidean,robust-prune,100,10000,1402020720,1749,1402020716.1537,1402020720.0,1402015995,1402020720,0,36
spacev1b,euclidean,robust-prune,100,10000,1402020720,1750,1402020716.1634,1402020720.0,1402015998,1402020720,0,36
spacev1b,euclidean,robust-prune,100,10000,1402020720,1751,1402020716.1761,1402020720.0,1402016006,1402020720,0,36
spacev1b,euclidean,robust-prune,100,10000,1402020720,1752,1402020716.1876,1402020720.0,1402016008,1402020720,0,36
spacev1b,euclidean,robust-prune,100,10000,1402020720,1753,1402020716.1965,1402020720.0,1402016012,1402020720,0,36
spacev1b,euclidean,robust-prune,100,10000,1402020720,1754,1402020716.2063,1402020720.0,1402016014,1402020720,0,36
spacev1b,euclidean,robust-prune,100,10000,1402020720,1755,1402020716.2186,1402020720.0,1402016022,1402020720,0,36
spacev1b,euclidean,robust-prune,100,10000,1402020720,1756,1402020716.2322,1402020720.0,1402016027,1402020720,0,35
spacev1b,euclidean,robust-prune,100,10000,1402020720,1757,1402020716.241,1402020720.0,1402016029,1402020720,0,35
spacev1b,euclidean,robust-prune,100,10000,1402020720,1758,1402020716.254,1402020720.0,1402016037,1402020720,0,35
spacev1b,euclidean,robust-prune,100,10000,1402020720,1759,1402020716.2657,1402020720.0,1402016049,1402020720,0,35
spacev1b,euclidean,robust-prune,100,10000,1402020720,1760,1402020716.2776,1402020720.0,1402016068,1402020720,0,35
spacev1b,euclidean,robust-prune,100,10000,1402020720,1761,1402020716.2877,1402020720.0,1402016075,1402020720,0,34
spacev1b,euclidean,robust-prune,100,10000,1402020720,1762,1402020716.2998,1402020720.0,1402016083,1402020720,0,34
spacev1b,euclidean,robust-prune,100,10000,1402020720,1763,1402020716.3107,1402020720.0,1402016091,1402020720,0,34
spacev1b,euclidean,robust-prune,100,10000,1402020720,1764,1402020716.3207,1402020720.0,1402016099,1402020720,0,34
spacev1b,euclidean,robust-prune,100,10000,1402020720,1765,1402020716.3291,1402020720.0,1402016103,1402020720,0,34
spacev1b,euclidean,robust-prune,100,10000,1402020720,1766,1402020716.3409,1402020720.0,1402016104,1402020720,0,34
spacev1b,euclidean,robust-prune,100,10000,1402020720,1767,1402020716.3487,1402020720.0,1402016112,1402020720,0,34
spacev1b,euclidean,robust-prune,100,10000,1402020720,1768,1402020716.3608,1402020720.0,1402016123,1402020720,0,34
spacev1b,euclidean,robust-prune,100,10000,1402020720,1769,1402020716.3695,1402020720.0,1402016125,1402020720,0,34
spacev1b,euclidean,robust-prune,100,10000,1402020720,1770,1402020716.3769,1402020720.0,1402016128,1402020720,0,34
spacev1b,euclidean,robust-prune,100,10000,1402020720,1771,1402020716.3867,1402020720.0,1402016138,1402020720,0,34
spacev1b,euclidean,robust-prune,100,10000,1402020720,1772,1402020716.3957,1402020720.0,1402016139,1402020720,0,34
spacev1b,euclidean,robust-prune,100,10000,1402020720,1773,1402020716.405,1402020720.0,1402016145,1402020720,0,34
spacev1b,euclidean,robust-prune,100,10000,1402020720,1774,1402020716.4157,1402020720.0,1402016151,1402020720,0,34
spacev1b,euclidean,robust-prune,100,10000,1402020720,1775,1402020716.4249,1402020720.0,1402016154,1402020720,0,34
spacev1b,euclidean,robust-prune,100,10000,1402020720,1776,1402020716.4384,1402020720.0,1402016156,1402020720,0,34
spacev1b,euclidean,robust-prune,100,10000,1402020720,1777,1402020716.4475,1402020720.0,1402016160,1402020720,0,34
spacev1b,euclidean,robust-prune,100,10000,1402020720,1778,1402020716.4591,1402020720.0,1402016162,1402020720,0,34
spacev1b,euclidean,robust-prune,100,10000,1402020720,1779,1402020716.4712,1402020720.0,1402016165,1402020720,0,34
spacev1b,euclidean,robust-prune,100,10000,1402020720,1780,1402020716.479,1402020720.0,1402016174,1402020720,0,34
spacev1b,euclidean,robust-prune,100,10000,1402020720,1781,1402020716.4917,1402020720.0,1402016179,1402020720,0,34
spacev1b,euclidean,robust-prune,100,10000,1402020720,1782,1402020716.5047,1402020720.0,1402016182,1402020720,0,34
spacev1b,euclidean,robust-prune,100,10000,1402020720,1783,1402020716.5161,1402020720.0,1402016186,1402020720,0,34
spacev1b,euclidean,robust-prune,100,10000,1402020720,1784,1402020716.5269,1402020720.0,1402016187,1402020720,0,34
spacev1b,euclidean,robust-prune,100,10000,1402020720,1785,1402020716.5358,1402020720.0,1402016191,1402020720,0,34
spacev1b,euclidean,robust-prune,100,10000,1402020720,1786,1402020716.5465,1402020720.0,1402016202,1402020720,0,34
spacev1b,euclidean,robust-prune,100,10000,1402020720,1787,1402020716.5575,1402020720.0,1402016204,1402020720,0,34
spacev1b,euclidean,robust-prune,100,10000,1402020720,1788,1402020716.5679,1402020720.0,1402016208,1402020720,0,34
spacev1b,euclidean,robust-prune,100,10000,1402020720,1789,1402020716.5837,1402020720.0,1402016209,1402020720,0,34
spacev1b,euclidean,robust-prune,100,10000,1402020720,1790,1402020716.5914,1402020720.0,1402016213,1402020720,0,34
spacev1b,euclidean,robust-prune,100,10000,1402020720,1791,1402020716.6013,1402020720.0,1402016220,1402020720,0,34
spacev1b,euclidean,robust-prune,100,10000,1402020720,1792,1402020716.6096,1402020720.0,1402016223,1402020720,0,34
spacev1b,euclidean,robust-prune,100,10000,1402020720,1793,1402020716.6227,1402020720.0,1402016237,1402020720,0,34
spacev1b,euclidean,robust-prune,100,10000,1402020720,1794,1402020716.6302,1402020720.0,1402016243,1402020720,0,34
spacev1b,euclidean,robust-prune,100,10000,1402020720,1795,1402020716.6407,1402020720.0,1402016251,1402020720,0,33
spacev1b,euclidean,robust-prune,100,10000,1402020720,1796,1402020716.6505,1402020720.0,1402016257,1402020720,0,33
spacev1b,euclidean,robust-prune,100,10000,1402020720,1797,1402020716.6596,1402020720.0,1402016260,1402020720,0,33
spacev1b,euclidean,robust-prune,100,10000,1402020720,1798,1402020716.6729,1402020720.0,1402016292,1402020720,0,33
spacev1b,euclidean,robust-prune,100,10000,1402020720,1799,1402020716.6846,1402020720.0,1402016298,1402020720,0,33
spacev1b,euclidean,robust-prune,100,10000,1402020720,1800,1402020716.6941,1402020720.0,1402016311,1402020720,0,33
spacev1b,euclidean,robust-prune,100,10000,1402020720,1801,1402020716.7091,1402020720.0,1402016316,1402020720,0,33
spacev1b,euclidean,robust-prune,100,10000,1402020720,1802,1402020716.7174,1402020720.0,1402016320,1402020720,0,33
spacev1b,euclidean,robust-prune,100,10000,1402020720,1803,1402020716.7264,1402020720.0,1402016321,1402020720,0,33
spacev1b,euclidean,robust-prune,100,10000,1402020720,1804,1402020716.7356,1402020720.0,1402016331,1402020720,0,33
spacev1b,euclidean,robust-prune,100,10000,1402020720,1805,1402020716.7461,1402020720.0,1402016333,1402020720,0,33
spacev1b,euclidean,robust-prune,100,10000,1402020720,1806,1402020716.7592,1402020720.0,1402016335,1402020720,0,33
spacev1b,euclidean,robust-prune,100,10000,1402020720,1807,1402020716.7692,1402020720.0,1402016336,1402020720,0,32
spacev1b,euclidean,robust-prune,100,10000,1402020720,1808,1402020716.7784,1402020720.0,1402016339,1402020720,0,32
spacev1b,euclidean,robust-prune,100,10000,1402020720,1809,1402020716.7868,1402020720.0,1402016348,1402020720,0,32
spacev1b,euclidean,robust-prune,100,10000,1402020720,1810,1402020716.7985,1402020720.0,1402016349,1402020720,0,32
spacev1b,euclidean,robust-prune,100,10000,1402020720,1811,1402020716.8092,1402020720.0,1402016355,1402020720,0,32
spacev1b,euclidean,robust-prune,100,10000,1402020720,1812,1402020716.8198,1402020720.0,1402016360,1402020720,0,32
spacev1b,euclidean,robust-prune,100,10000,1402020720,1813,1402020716.8278,1402020720.0,1402016363,1402020720,0,32
spacev1b,euclidean,robust-prune,100,10000,1402020720,1814,1402020716.8371,1402020720.0,1402016368,1402020720,0,32
spacev1b,euclidean,robust-prune,100,10000,1402020720,1815,1402020716.8486,1402020720.0,1402016378,1402020720,0,32
spacev1b,euclidean,robust-prune,100,10000,1402020720,1816,1402020716.8585,1402020720.0,1402016380,1402020720,0,32
spacev1b,euclidean,robust-prune,100,10000,1402020720,1817,1402020716.8667,1402020720.0,1402016382,1402020720,0,32
spacev1b,euclidean,robust-prune,100,10000,1402020720,1818,1402020716.8743,1402020720.0,1402016385,1402020720,0,32
spacev1b,euclidean,robust-prune,100,10000,1402020720,1819,1402020716.8816,1402020720.0,1402016386,1402020720,0,32
spacev1b,euclidean,robust-prune,100,10000,1402020720,1820,1402020716.8905,1402020720.0,1402016389,1402020720,0,31
spacev1b,euclidean,robust-prune,100,10000,1402020720,1821,1402020716.8984,1402020720.0,1402016395,1402020720,0,31
spacev1b,euclidean,robust-prune,100,10000,1402020720,1822,1402020716.9054,1402020720.0,1402016397,1402020720,0,31
spacev1b,euclidean,robust-prune,100,10000,1402020720,1823,1402020716.9137,1402020720.0,1402016399,1402020720,0,31
spacev1b,euclidean,robust-prune,100,10000,1402020720,1824,1402020716.9212,1402020720.0,1402016400,1402020720,0,31
spacev1b,euclidean,robust-prune,100,10000,1402020720,1825,1402020716.945,1402020720.0,1402016404,1402020720,0,31
spacev1b,euclidean,robust-prune,100,10000,1402020720,1826,1402020716.9518,1402020720.0,1402016410,1402020720,0,31
spacev1b,euclidean,robust-prune,100,10000,1402020720,1827,1402020716.9664,1402020720.0,1402016411,1402020720,0,31
spacev1b,euclidean,robust-prune,100,10000,1402020720,1828,1402020716.9762,1402020720.0,1402016416,1402020720,0,30
spacev1b,euclidean,robust-prune,100,10000,1402020720,1829,1402020716.9845,1402020720.0,1402016421,1402020720,0,30
spacev1b,euclidean,robust-prune,100,10000,1402020720,1830,1402020716.9919,1402020720.0,1402016423,1402020720,0,30
spacev1b,euclidean,robust-prune,100,10000,1402020720,1831,1402020716.9994,1402020720.0,1402016425,1402020720,0,30
spacev1b,euclidean,robust-prune,100,10000,1402020720,1832,1402020717.0057,1402020720.0,1402016427,1402020720,0,30
spacev1b,euclidean,robust-prune,100,10000,1402020720,1833,1402020717.0177,1402020720.0,1402016432,1402020720,0,30
spacev1b,euclidean,robust-prune,100,10000,1402020720,1834,1402020717.0283,1402020720.0,1402016440,1402020720,0,30
spacev1b,euclidean,robust-prune,100,10000,1402020720,1835,1402020717.0378,1402020720.0,1402016445,1402020720,0,30
spacev1b,euclidean,robust-prune,100,10000,1402020720,1836,1402020717.0467,1402020720.0,1402016447,1402020720,0,30
spacev1b,euclidean,robust-prune,100,10000,1402020720,1837,1402020717.0549,1402020720.0,1402016449,1402020720,0,29
spacev1b,euclidean,robust-prune,100,10000,1402020720,1838,1402020717.0615,1402020720.0,1402016450,1402020720,0,29
spacev1b,euclidean,robust-prune,100,10000,1402020720,1839,1402020717.0705,1402020720.0,1402016456,1402020720,0,29
spacev1b,euclidean,robust-prune,100,10000,1402020720,1840,1402020717.0785,1402020720.0,1402016457,1402020720,0,29
spacev1b,euclidean,robust-prune,100,10000,1402020720,1841,1402020717.0877,1402020720.0,1402016461,1402020720,0,29
spacev1b,euclidean,robust-prune,100,10000,1402020720,1842,1402020717.0972,1402020720.0,1402016471,1402020720,0,29
spacev1b,euclidean,robust-prune,100,10000,1402020720,1843,1402020717.1078,1402020720.0,1402016475,1402020720,0,29
spacev1b,euclidean,robust-prune,100,10000,1402020720,1844,1402020717.1152,1402020720.0,1402016476,1402020720,0,29
spacev1b,euclidean,robust-prune,100,10000,1402020720,1845,1402020717.1236,1402020720.0,1402016479,1402020720,0,29
spacev1b,euclidean,robust-prune,100,10000,1402020720,1846,1402020717.1481,1402020720.0,1402016651,1402020720,0,29
spacev1b,euclidean,robust-prune,100,10000,1402020720,1847,1402020717.1541,1402020720.0,1402016652,1402020720,0,29
spacev1b,euclidean,robust-prune,100,10000,1402020720,1848,1402020717.1607,1402020720.0,1402016657,1402020720,0,29
spacev1b,euclidean,robust-prune,100,10000,1402020720,1849,1402020717.1677,1402020720.0,1402016665,1402020720,0,29
spacev1b,euclidean,robust-prune,100,10000,1402020720,1850,1402020717.1753,1402020720.0,1402016675,1402020720,0,29
spacev1b,euclidean,robust-prune,100,10000,1402020720,1851,1402020717.1856,1402020720.0,1402016681,1402020720,0,29
spacev1b,euclidean,robust-prune,100,10000,1402020720,1852,1402020717.1926,1402020720.0,1402016683,1402020720,0,29
spacev1b,euclidean,robust-prune,100,10000,1402020720,1853,1402020717.2048,1402020720.0,1402016685,1402020720,0,29
spacev1b,euclidean,robust-prune,100,10000,1402020720,1854,1402020717.2147,1402020720.0,1402016699,1402020720,0,28
spacev1b,euclidean,robust-prune,100,10000,1402020720,1855,1402020717.223,1402020720.0,1402016703,1402020720,0,27
spacev1b,euclidean,robust-prune,100,10000,1402020720,1856,1402020717.2293,1402020720.0,1402016704,1402020720,0,27
spacev1b,euclidean,robust-prune,100,10000,1402020720,1857,1402020717.2357,1402020720.0,1402016707,1402020720,0,27
spacev1b,euclidean,robust-prune,100,10000,1402020720,1858,1402020717.2435,1402020720.0,1402016710,1402020720,0,27
spacev1b,euclidean,robust-prune,100,10000,1402020720,1859,1402020717.254,1402020720.0,1402016713,1402020720,0,27
spacev1b,euclidean,robust-prune,100,10000,1402020720,1860,1402020717.265,1402020720.0,1402016718,1402020720,0,27
spacev1b,euclidean,robust-prune,100,10000,1402020720,1861,1402020717.2711,1402020720.0,1402016724,1402020720,0,27
spacev1b,euclidean,robust-prune,100,10000,1402020720,1862,1402020717.2776,1402020720.0,1402016725,1402020720,0,27
spacev1b,euclidean,robust-prune,100,10000,1402020720,1863,1402020717.2827,1402020720.0,1402016726,1402020720,0,27
spacev1b,euclidean,robust-prune,100,10000,1402020720,1864,1402020717.2933,1402020720.0,1402016730,1402020720,0,27
spacev1b,euclidean,robust-prune,100,10000,1402020720,1865,1402020717.2995,1402020720.0,1402016734,1402020720,0,26
spacev1b,euclidean,robust-prune,100,10000,1402020720,1866,1402020717.3074,1402020720.0,1402016737,1402020720,0,26
spacev1b,euclidean,robust-prune,100,10000,1402020720,1867,1402020717.3148,1402020720.0,1402016753,1402020720,0,26
spacev1b,euclidean,robust-prune,100,10000,1402020720,1868,1402020717.3207,1402020720.0,1402016755,1402020720,0,26
spacev1b,euclidean,robust-prune,100,10000,1402020720,1869,1402020717.3277,1402020720.0,1402016757,1402020720,0,26
spacev1b,euclidean,robust-prune,100,10000,1402020720,1870,1402020717.3341,1402020720.0,1402016764,1402020720,0,26
spacev1b,euclidean,robust-prune,100,10000,1402020720,1871,1402020717.3415,1402020720.0,1402016768,1402020720,0,26
spacev1b,euclidean,robust-prune,100,10000,1402020720,1872,1402020717.3505,1402020720.0,1402016769,1402020720,0,25
spacev1b,euclidean,robust-prune,100,10000,1402020720,1873,1402020717.358,1402020720.0,1402016770,1402020720,0,25
spacev1b,euclidean,robust-prune,100,10000,1402020720,1874,1402020717.364,1402020720.0,1402016773,1402020720,0,25
spacev1b,euclidean,robust-prune,100,10000,1402020720,1875,1402020717.3741,1402020720.0,1402016786,1402020720,0,24
spacev1b,euclidean,robust-prune,100,10000,1402020720,1876,1402020717.3822,1402020720.0,1402016796,1402020720,0,24
spacev1b,euclidean,robust-prune,100,10000,1402020720,1877,1402020717.3876,1402020720.0,1402016797,1402020720,0,24
spacev1b,euclidean,robust-prune,100,10000,1402020720,1878,1402020717.3953,1402020720.0,1402016802,1402020720,0,24
spacev1b,euclidean,robust-prune,100,10000,1402020720,1879,1402020717.4031,1402020720.0,1402016803,1402020720,0,24
spacev1b,euclidean,robust-prune,100,10000,1402020720,1880,1402020717.4107,1402020720.0,1402016804,1402020720,0,24
spacev1b,euclidean,robust-prune,100,10000,1402020720,1881,1402020717.4166,1402020720.0,1402016805,1402020720,0,24
spacev1b,euclidean,robust-prune,100,10000,1402020720,1882,1402020717.4232,1402020720.0,1402016813,1402020720,0,24
spacev1b,euclidean,robust-prune,100,10000,1402020720,1883,1402020717.4301,1402020720.0,1402016817,1402020720,0,24
spacev1b,euclidean,robust-prune,100,10000,1402020720,1884,1402020717.4368,1402020720.0,1402016819,1402020720,0,24
spacev1b,euclidean,robust-prune,100,10000,1402020720,1885,1402020717.4427,1402020720.0,1402016820,1402020720,0,24
spacev1b,euclidean,robust-prune,100,10000,1402020720,1886,1402020717.4475,1402020720.0,1402016821,1402020720,0,24
spacev1b,euclidean,robust-prune,100,10000,1402020720,1887,1402020717.4555,1402020720.0,1402016827,1402020720,0,24
spacev1b,euclidean,robust-prune,100,10000,1402020720,1888,1402020717.4609,1402020720.0,1402016829,1402020720,0,24
spacev1b,euclidean,robust-prune,100,10000,1402020720,1889,1402020717.4691,1402020720.0,1402016865,1402020720,0,24
spacev1b,euclidean,robust-prune,100,10000,1402020720,1890,1402020717.4758,1402020720.0,1402016866,1402020720,0,24
spacev1b,euclidean,robust-prune,100,10000,1402020720,1891,1402020717.4823,1402020720.0,1402016873,1402020720,0,24
spacev1b,euclidean,robust-prune,100,10000,1402020720,1892,1402020717.4914,1402020720.0,1402016883,1402020720,0,24
spacev1b,euclidean,robust-prune,100,10000,1402020720,1893,1402020717.4991,1402020720.0,1402016891,1402020720,0,24
spacev1b,euclidean,robust-prune,100,10000,1402020720,1894,1402020717.505,1402020720.0,1402016898,1402020720,0,24
spacev1b,euclidean,robust-prune,100,10000,1402020720,1895,1402020717.5115,1402020720.0,1402016899,1402020720,0,24
spacev1b,euclidean,robust-prune,100,10000,1402020720,1896,1402020717.5183,1402020720.0,1402016902,1402020720,0,24
spacev1b,euclidean,robust-prune,100,10000,1402020720,1897,1402020717.5261,1402020720.0,1402016909,1402020720,0,24
spacev1b,euclidean,robust-prune,100,10000,1402020720,1898,1402020717.5335,1402020720.0,1402016919,1402020720,0,24
spacev1b,euclidean,robust-prune,100,10000,1402020720,1899,1402020717.5455,1402020720.0,1402016926,1402020720,0,24
spacev1b,euclidean,robust-prune,100,10000,1402020720,1900,1402020717.5528,1402020720.0,1402016928,1402020720,0,24
spacev1b,euclidean,robust-prune,100,10000,1402020720,1901,1402020717.5576,1402020720.0,1402016932,1402020720,0,24
spacev1b,euclidean,robust-prune,100,10000,1402020720,1902,1402020717.5631,1402020720.0,1402016933,1402020720,0,24
spacev1b,euclidean,robust-prune,100,10000,1402020720,1903,1402020717.5678,1402020720.0,1402016934,1402020720,0,24
spacev1b,euclidean,robust-prune,100,10000,1402020720,1904,1402020717.5765,1402020720.0,1402016956,1402020720,0,24
spacev1b,euclidean,robust-prune,100,10000,1402020720,1905,1402020717.5807,1402020720.0,1402016959,1402020720,0,23
spacev1b,euclidean,robust-prune,100,10000,1402020720,1906,1402020717.5877,1402020720.0,1402016965,1402020720,0,23
spacev1b,euclidean,robust-prune,100,10000,1402020720,1907,1402020717.5943,1402020720.0,1402016967,1402020720,0,23
spacev1b,euclidean,robust-prune,100,10000,1402020720,1908,1402020717.5988,1402020720.0,1402016971,1402020720,0,23
spacev1b,euclidean,robust-prune,100,10000,1402020720,1909,1402020717.6066,1402020720.0,1402016978,1402020720,0,23
spacev1b,euclidean,robust-prune,100,10000,1402020720,1910,1402020717.6116,1402020720.0,1402016979,1402020720,0,23
spacev1b,euclidean,robust-prune,100,10000,1402020720,1911,1402020717.6177,1402020720.0,1402016983,1402020720,0,23
spacev1b,euclidean,robust-prune,100,10000,1402020720,1912,1402020717.6266,1402020720.0,1402016985,1402020720,0,23
spacev1b,euclidean,robust-prune,100,10000,1402020720,1913,1402020717.6338,1402020720.0,1402017002,1402020720,0,23
spacev1b,euclidean,robust-prune,100,10000,1402020720,1914,1402020717.6399,1402020720.0,1402017006,1402020720,0,23
spacev1b,euclidean,robust-prune,100,10000,1402020720,1915,1402020717.6513,1402020720.0,1402017014,1402020720,0,23
spacev1b,euclidean,robust-prune,100,10000,1402020720,1916,1402020717.6609,1402020720.0,1402017015,1402020720,0,23
spacev1b,euclidean,robust-prune,100,10000,1402020720,1917,1402020717.6693,1402020720.0,1402017020,1402020720,0,23
spacev1b,euclidean,robust-prune,100,10000,1402020720,1918,1402020717.6757,1402020720.0,1402017027,1402020720,0,22
spacev1b,euclidean,robust-prune,100,10000,1402020720,1919,1402020717.6841,1402020720.0,1402017046,1402020720,0,22
spacev1b,euclidean,robust-prune,100,10000,1402020720,1920,1402020717.6886,1402020720.0,1402017049,1402020720,0,21
spacev1b,euclidean,robust-prune,100,10000,1402020720,1921,1402020717.7101,1402020720.0,1402017055,1402020720,0,21
spacev1b,euclidean,robust-prune,100,10000,1402020720,1922,1402020717.7156,1402020720.0,1402017060,1402020720,0,21
spacev1b,euclidean,robust-prune,100,10000,1402020720,1923,1402020717.7207,1402020720.0,1402017062,1402020720,0,21
spacev1b,euclidean,robust-prune,100,10000,1402020720,1924,1402020717.7268,1402020720.0,1402017066,1402020720,0,21
spacev1b,euclidean,robust-prune,100,10000,1402020720,1925,1402020717.7316,1402020720.0,1402017067,1402020720,0,21
spacev1b,euclidean,robust-prune,100,10000,1402020720,1926,1402020717.738,1402020720.0,1402017071,1402020720,0,21
spacev1b,euclidean,robust-prune,100,10000,1402020720,1927,1402020717.7435,1402020720.0,1402017074,1402020720,0,21
spacev1b,euclidean,robust-prune,100,10000,1402020720,1928,1402020717.7481,1402020720.0,1402017075,1402020720,0,21
spacev1b,euclidean,robust-prune,100,10000,1402020720,1929,1402020717.7529,1402020720.0,1402017077,1402020720,0,21
spacev1b,euclidean,robust-prune,100,10000,1402020720,1930,1402020717.7587,1402020720.0,1402017078,1402020720,0,21
spacev1b,euclidean,robust-prune,100,10000,1402020720,1931,1402020717.7637,1402020720.0,1402017080,1402020720,0,21
spacev1b,euclidean,robust-prune,100,10000,1402020720,1932,1402020717.7697,1402020720.0,1402017081,1402020720,0,21
spacev1b,euclidean,robust-prune,100,10000,1402020720,1933,1402020717.7752,1402020720.0,1402017082,1402020720,0,21
spacev1b,euclidean,robust-prune,100,10000,1402020720,1934,1402020717.78,1402020720.0,1402017086,1402020720,0,21
spacev1b,euclidean,robust-prune,100,10000,1402020720,1935,1402020717.7861,1402020720.0,1402017088,1402020720,0,21
spacev1b,euclidean,robust-prune,100,10000,1402020720,1936,1402020717.7919,1402020720.0,1402017089,1402020720,0,21
spacev1b,euclidean,robust-prune,100,10000,1402020720,1937,1402020717.7964,1402020720.0,1402017092,1402020720,0,20
spacev1b,euclidean,robust-prune,100,10000,1402020720,1938,1402020717.8017,1402020720.0,1402017094,1402020720,0,20
spacev1b,euclidean,robust-prune,100,10000,1402020720,1939,1402020717.8073,1402020720.0,1402017095,1402020720,0,20
spacev1b,euclidean,robust-prune,100,10000,1402020720,1940,1402020717.813,1402020720.0,1402017096,1402020720,0,20
spacev1b,euclidean,robust-prune,100,10000,1402020720,1941,1402020717.8168,1402020720.0,1402017097,1402020720,0,20
spacev1b,euclidean,robust-prune,100,10000,1402020720,1942,1402020717.8221,1402020720.0,1402017098,1402020720,0,20
spacev1b,euclidean,robust-prune,100,10000,1402020720,1943,1402020717.8267,1402020720.0,1402017100,1402020720,0,20
spacev1b,euclidean,robust-prune,100,10000,1402020720,1944,1402020717.8315,1402020720.0,1402017102,1402020720,0,20
spacev1b,euclidean,robust-prune,100,10000,1402020720,1945,1402020717.8361,1402020720.0,1402017103,1402020720,0,20
spacev1b,euclidean,robust-prune,100,10000,1402020720,1946,1402020717.8418,1402020720.0,1402017114,1402020720,0,20
spacev1b,euclidean,robust-prune,100,10000,1402020720,1947,1402020717.8467,1402020720.0,1402017117,1402020720,0,20
spacev1b,euclidean,robust-prune,100,10000,1402020720,1948,1402020717.8525,1402020720.0,1402017119,1402020720,0,20
spacev1b,euclidean,robust-prune,100,10000,1402020720,1949,1402020717.8578,1402020720.0,1402017123,1402020720,0,20
spacev1b,euclidean,robust-prune,100,10000,1402020720,1950,1402020717.8625,1402020720.0,1402017124,1402020720,0,20
spacev1b,euclidean,robust-prune,100,10000,1402020720,1951,1402020717.8693,1402020720.0,1402017128,1402020720,0,20
spacev1b,euclidean,robust-prune,100,10000,1402020720,1952,1402020717.8743,1402020720.0,1402017136,1402020720,0,20
spacev1b,euclidean,robust-prune,100,10000,1402020720,1953,1402020717.8817,1402020720.0,1402017140,1402020720,0,20
spacev1b,euclidean,robust-prune,100,10000,1402020720,1954,1402020717.8887,1402020720.0,1402017141,1402020720,0,20
spacev1b,euclidean,robust-prune,100,10000,1402020720,1955,1402020717.8937,1402020720.0,1402017144,1402020720,0,20
spacev1b,euclidean,robust-prune,100,10000,1402020720,1956,1402020717.8976,1402020720.0,1402017145,1402020720,0,20
spacev1b,euclidean,robust-prune,100,10000,1402020720,1957,1402020717.9038,1402020720.0,1402017146,1402020720,0,20
spacev1b,euclidean,robust-prune,100,10000,1402020720,1958,1402020717.9106,1402020720.0,1402017150,1402020720,0,20
spacev1b,euclidean,robust-prune,100,10000,1402020720,1959,1402020717.9171,1402020720.0,1402017152,1402020720,0,20
spacev1b,euclidean,robust-prune,100,10000,1402020720,1960,1402020717.9231,1402020720.0,1402017158,1402020720,0,20
spacev1b,euclidean,robust-prune,100,10000,1402020720,1961,1402020717.9281,1402020720.0,1402017160,1402020720,0,20
spacev1b,euclidean,robust-prune,100,10000,1402020720,1962,1402020717.937,1402020720.0,1402017164,1402020720,0,20
spacev1b,euclidean,robust-prune,100,10000,1402020720,1963,1402020717.9452,1402020720.0,1402017171,1402020720,0,20
spacev1b,euclidean,robust-prune,100,10000,1402020720,1964,1402020717.9639,1402020720.0,1402017315,1402020720,0,20
spacev1b,euclidean,robust-prune,100,10000,1402020720,1965,1402020717.9735,1402020720.0,1402017318,1402020720,0,20
spacev1b,euclidean,robust-prune,100,10000,1402020720,1966,1402020717.981,1402020720.0,1402017320,1402020720,0,20
spacev1b,euclidean,robust-prune,100,10000,1402020720,1967,1402020717.9863,1402020720.0,1402017328,1402020720,0,20
spacev1b,euclidean,robust-prune,100,10000,1402020720,1968,1402020717.991,1402020720.0,1402017334,1402020720,0,20
spacev1b,euclidean,robust-prune,100,10000,1402020720,1969,1402020717.996,1402020720.0,1402017335,1402020720,0,20
spacev1b,euclidean,robust-prune,100,10000,1402020720,1970,1402020718.0015,1402020720.0,1402017336,1402020720,0,20
spacev1b,euclidean,robust-prune,100,10000,1402020720,1971,1402020718.0061,1402020720.0,1402017341,1402020720,0,20
spacev1b,euclidean,robust-prune,100,10000,1402020720,1972,1402020718.0105,1402020720.0,1402017342,1402020720,0,20
spacev1b,euclidean,robust-prune,100,10000,1402020720,1973,1402020718.0152,1402020720.0,1402017344,1402020720,0,20
spacev1b,euclidean,robust-prune,100,10000,1402020720,1974,1402020718.0182,1402020720.0,1402017345,1402020720,0,20
spacev1b,euclidean,robust-prune,100,10000,1402020720,1975,1402020718.0229,1402020720.0,1402017346,1402020720,0,20
spacev1b,euclidean,robust-prune,100,10000,1402020720,1976,1402020718.0287,1402020720.0,1402017349,1402020720,0,20
spacev1b,euclidean,robust-prune,100,10000,1402020720,1977,1402020718.0333,1402020720.0,1402017353,1402020720,0,20
spacev1b,euclidean,robust-prune,100,10000,1402020720,1978,1402020718.0372,1402020720.0,1402017354,1402020720,0,20
spacev1b,euclidean,robust-prune,100,10000,1402020720,1979,1402020718.0427,1402020720.0,1402017355,1402020720,0,20
spacev1b,euclidean,robust-prune,100,10000,1402020720,1980,1402020718.0468,1402020720.0,1402017356,1402020720,0,20
spacev1b,euclidean,robust-prune,100,10000,1402020720,1981,1402020718.0593,1402020720.0,1402017358,1402020720,0,20
spacev1b,euclidean,robust-prune,100,10000,1402020720,1982,1402020718.0644,1402020720.0,1402017365,1402020720,0,20
spacev1b,euclidean,robust-prune,100,10000,1402020720,1983,1402020718.0687,1402020720.0,1402017366,1402020720,0,20
spacev1b,euclidean,robust-prune,100,10000,1402020720,1984,1402020718.0736,1402020720.0,1402017376,1402020720,0,20
spacev1b,euclidean,robust-prune,100,10000,1402020720,1985,1402020718.0782,1402020720.0,1402017379,1402020720,0,20
spacev1b,euclidean,robust-prune,100,10000,1402020720,1986,1402020718.0828,1402020720.0,1402017380,1402020720,0,20
spacev1b,euclidean,robust-prune,100,10000,1402020720,1987,1402020718.0893,1402020720.0,1402017381,1402020720,0,20
spacev1b,euclidean,robust-prune,100,10000,1402020720,1988,1402020718.0976,1402020720.0,1402017386,1402020720,0,20
spacev1b,euclidean,robust-prune,100,10000,1402020720,1989,1402020718.1022,1402020720.0,1402017387,1402020720,0,20
spacev1b,euclidean,robust-prune,100,10000,1402020720,1990,1402020718.1073,1402020720.0,1402017390,1402020720,0,20
spacev1b,euclidean,robust-prune,100,10000,1402020720,1991,1402020718.1147,1402020720.0,1402017397,1402020720,0,20
spacev1b,euclidean,robust-prune,100,10000,1402020720,1992,1402020718.1213,1402020720.0,1402017408,1402020720,0,20
spacev1b,euclidean,robust-prune,100,10000,1402020720,1993,1402020718.1259,1402020720.0,1402017411,1402020720,0,20
spacev1b,euclidean,robust-prune,100,10000,1402020720,1994,1402020718.1306,1402020720.0,1402017412,1402020720,0,20
spacev1b,euclidean,robust-prune,100,10000,1402020720,1995,1402020718.1353,1402020720.0,1402017415,1402020720,0,20
spacev1b,euclidean,robust-prune,100,10000,1402020720,1996,1402020718.1404,1402020720.0,1402017419,1402020720,0,20
spacev1b,euclidean,robust-prune,100,10000,1402020720,1997,1402020718.1448,1402020720.0,1402017421,1402020720,0,20
spacev1b,euclidean,robust-prune,100,10000,1402020720,1998,1402020718.1508,1402020720.0,1402017426,1402020720,0,20
spacev1b,euclidean,robust-prune,100,10000,1402020720,1999,1402020718.1582,1402020720.0,1402017440,1402020720,0,20
spacev1b,euclidean,robust-prune,100,10000,1402020720,2000,1402020718.1638,1402020720.0,1402017441,1402020720,0,20
spacev1b,euclidean,robust-prune,100,10000,1402020720,2001,1402020718.1698,1402020720.0,1402017442,1402020720,0,20
spacev1b,euclidean,robust-prune,100,10000,1402020720,2002,1402020718.1754,1402020720.0,1402017443,1402020720,0,20
spacev1b,euclidean,robust-prune,100,10000,1402020720,2003,1402020718.1788,1402020720.0,1402017445,1402020720,0,20
spacev1b,euclidean,robust-prune,100,10000,1402020720,2004,1402020718.1849,1402020720.0,1402017449,1402020720,0,20
spacev1b,euclidean,robust-prune,100,10000,1402020720,2005,1402020718.189,1402020720.0,1402017451,1402020720,0,20
spacev1b,euclidean,robust-prune,100,10000,1402020720,2006,1402020718.1926,1402020720.0,1402017455,1402020720,0,20
spacev1b,euclidean,robust-prune,100,10000,1402020720,2007,1402020718.1978,1402020720.0,1402017457,1402020720,0,20
spacev1b,euclidean,robust-prune,100,10000,1402020720,2008,1402020718.2047,1402020720.0,1402017468,1402020720,0,20
spacev1b,euclidean,robust-prune,100,10000,1402020720,2009,1402020718.2103,1402020720.0,1402017471,1402020720,0,20
spacev1b,euclidean,robust-prune,100,10000,1402020720,2010,1402020718.2144,1402020720.0,1402017474,1402020720,0,20
spacev1b,euclidean,robust-prune,100,10000,1402020720,2011,1402020718.2188,1402020720.0,1402017475,1402020720,0,20
spacev1b,euclidean,robust-prune,100,10000,1402020720,2012,1402020718.2227,1402020720.0,1402017476,1402020720,0,20
spacev1b,euclidean,robust-prune,100,10000,1402020720,2013,1402020718.2285,1402020720.0,1402017480,1402020720,0,20
spacev1b,euclidean,robust-prune,100,10000,1402020720,2014,1402020718.234,1402020720.0,1402017482,1402020720,0,20
spacev1b,euclidean,robust-prune,100,10000,1402020720,2015,1402020718.2371,1402020720.0,1402017483,1402020720,0,20
spacev1b,euclidean,robust-prune,100,10000,1402020720,2016,1402020718.243,1402020720.0,1402017490,1402020720,0,20
spacev1b,euclidean,robust-prune,100,10000,1402020720,2017,1402020718.252,1402020720.0,1402017524,1402020720,0,20
spacev1b,euclidean,robust-prune,100,10000,1402020720,2018,1402020718.2632,1402020720.0,1402017578,1402020720,0,20
spacev1b,euclidean,robust-prune,100,10000,1402020720,2019,1402020718.2674,1402020720.0,1402017579,1402020720,0,20
spacev1b,euclidean,robust-prune,100,10000,1402020720,2020,1402020718.2714,1402020720.0,1402017586,1402020720,0,20
spacev1b,euclidean,robust-prune,100,10000,1402020720,2021,1402020718.2762,1402020720.0,1402017587,1402020720,0,20
spacev1b,euclidean,robust-prune,100,10000,1402020720,2022,1402020718.2822,1402020720.0,1402017588,1402020720,0,20
spacev1b,euclidean,robust-prune,100,10000,1402020720,2023,1402020718.2876,1402020720.0,1402017591,1402020720,0,20
spacev1b,euclidean,robust-prune,100,10000,1402020720,2024,1402020718.2924,1402020720.0,1402017593,1402020720,0,20
spacev1b,euclidean,robust-prune,100,10000,1402020720,2025,1402020718.2977,1402020720.0,1402017596,1402020720,0,20
spacev1b,euclidean,robust-prune,100,10000,1402020720,2026,1402020718.3035,1402020720.0,1402017598,1402020720,0,20
spacev1b,euclidean,robust-prune,100,10000,1402020720,2027,1402020718.3068,1402020720.0,1402017602,1402020720,0,20
spacev1b,euclidean,robust-prune,100,10000,1402020720,2028,1402020718.3188,1402020720.0,1402017609,1402020720,0,20
spacev1b,euclidean,robust-prune,100,10000,1402020720,2029,1402020718.3252,1402020720.0,1402017620,1402020720,0,20
spacev1b,euclidean,robust-prune,100,10000,1402020720,2030,1402020718.3304,1402020720.0,1402017624,1402020720,0,20
spacev1b,euclidean,robust-prune,100,10000,1402020720,2031,1402020718.3358,1402020720.0,1402017625,1402020720,0,20
spacev1b,euclidean,robust-prune,100,10000,1402020720,2032,1402020718.3404,1402020720.0,1402017630,1402020720,0,20
spacev1b,euclidean,robust-prune,100,10000,1402020720,2033,1402020718.3448,1402020720.0,1402017631,1402020720,0,20
spacev1b,euclidean,robust-prune,100,10000,1402020720,2034,1402020718.3489,1402020720.0,1402017637,1402020720,0,20
spacev1b,euclidean,robust-prune,100,10000,1402020720,2035,1402020718.3542,1402020720.0,1402017638,1402020720,0,20
spacev1b,euclidean,robust-prune,100,10000,1402020720,2036,1402020718.3589,1402020720.0,1402017640,1402020720,0,20
spacev1b,euclidean,robust-prune,100,10000,1402020720,2037,1402020718.3629,1402020720.0,1402017647,1402020720,0,20
spacev1b,euclidean,robust-prune,100,10000,1402020720,2038,1402020718.3668,1402020720.0,1402017648,1402020720,0,20
spacev1b,euclidean,robust-prune,100,10000,1402020720,2039,1402020718.3709,1402020720.0,1402017649,1402020720,0,20
spacev1b,euclidean,robust-prune,100,10000,1402020720,2040,1402020718.3745,1402020720.0,1402017656,1402020720,0,20
spacev1b,euclidean,robust-prune,100,10000,1402020720,2041,1402020718.3806,1402020720.0,1402017661,1402020720,0,20
spacev1b,euclidean,robust-prune,100,10000,1402020720,2042,1402020718.3845,1402020720.0,1402017664,1402020720,0,20
spacev1b,euclidean,robust-prune,100,10000,1402020720,2043,1402020718.3887,1402020720.0,1402017666,1402020720,0,20
spacev1b,euclidean,robust-prune,100,10000,1402020720,2044,1402020718.3931,1402020720.0,1402017668,1402020720,0,19
spacev1b,euclidean,robust-prune,100,10000,1402020720,2045,1402020718.3979,1402020720.0,1402017682,1402020720,0,19
spacev1b,euclidean,robust-prune,100,10000,1402020720,2046,1402020718.4192,1402020720.0,1402017844,1402020720,0,19
spacev1b,euclidean,robust-prune,100,10000,1402020720,2047,1402020718.423,1402020720.0,1402017846,1402020720,0,19
spacev1b,euclidean,robust-prune,100,10000,1402020720,2048,1402020718.4266,1402020720.0,1402017847,1402020720,0,19
spacev1b,euclidean,robust-prune,100,10000,1402020720,2049,1402020718.4299,1402020720.0,1402017849,1402020720,0,19
spacev1b,euclidean,robust-prune,100,10000,1402020720,2050,1402020718.4352,1402020720.0,1402017850,1402020720,0,19
spacev1b,euclidean,robust-prune,100,10000,1402020720,2051,1402020718.4402,1402020720.0,1402017851,1402020720,0,19
spacev1b,euclidean,robust-prune,100,10000,1402020720,2052,1402020718.4475,1402020720.0,1402017880,1402020720,0,19
spacev1b,euclidean,robust-prune,100,10000,1402020720,2053,1402020718.4517,1402020720.0,1402017881,1402020720,0,19
spacev1b,euclidean,robust-prune,100,10000,1402020720,2054,1402020718.4554,1402020720.0,1402017884,1402020720,0,19
spacev1b,euclidean,robust-prune,100,10000,1402020720,2055,1402020718.4613,1402020720.0,1402017889,1402020720,0,19
spacev1b,euclidean,robust-prune,100,10000,1402020720,2056,1402020718.4679,1402020720.0,1402017890,1402020720,0,19
spacev1b,euclidean,robust-prune,100,10000,1402020720,2057,1402020718.4733,1402020720.0,1402017894,1402020720,0,19
spacev1b,euclidean,robust-prune,100,10000,1402020720,2058,1402020718.4781,1402020720.0,1402017904,1402020720,0,18
spacev1b,euclidean,robust-prune,100,10000,1402020720,2059,1402020718.483,1402020720.0,1402017908,1402020720,0,18
spacev1b,euclidean,robust-prune,100,10000,1402020720,2060,1402020718.4871,1402020720.0,1402017910,1402020720,0,18
spacev1b,euclidean,robust-prune,100,10000,1402020720,2061,1402020718.4932,1402020720.0,1402017911,1402020720,0,18
spacev1b,euclidean,robust-prune,100,10000,1402020720,2062,1402020718.4983,1402020720.0,1402017914,1402020720,0,18
spacev1b,euclidean,robust-prune,100,10000,1402020720,2063,1402020718.5028,1402020720.0,1402017916,1402020720,0,18
spacev1b,euclidean,robust-prune,100,10000,1402020720,2064,1402020718.5065,1402020720.0,1402017917,1402020720,0,18
spacev1b,euclidean,robust-prune,100,10000,1402020720,2065,1402020718.5102,1402020720.0,1402017918,1402020720,0,18
spacev1b,euclidean,robust-prune,100,10000,1402020720,2066,1402020718.5175,1402020720.0,1402017965,1402020720,0,18
spacev1b,euclidean,robust-prune,100,10000,1402020720,2067,1402020718.5219,1402020720.0,1402017967,1402020720,0,18
spacev1b,euclidean,robust-prune,100,10000,1402020720,2068,1402020718.5264,1402020720.0,1402017969,1402020720,0,18
spacev1b,euclidean,robust-prune,100,10000,1402020720,2069,1402020718.5301,1402020720.0,1402017971,1402020720,0,18
spacev1b,euclidean,robust-prune,100,10000,1402020720,2070,1402020718.5342,1402020720.0,1402017972,1402020720,0,18
spacev1b,euclidean,robust-prune,100,10000,1402020720,2071,1402020718.5393,1402020720.0,1402017978,1402020720,0,18
spacev1b,euclidean,robust-prune,100,10000,1402020720,2072,1402020718.544,1402020720.0,1402017981,1402020720,0,18
spacev1b,euclidean,robust-prune,100,10000,1402020720,2073,1402020718.5487,1402020720.0,1402017983,1402020720,0,18
spacev1b,euclidean,robust-prune,100,10000,1402020720,2074,1402020718.5533,1402020720.0,1402017988,1402020720,0,18
spacev1b,euclidean,robust-prune,100,10000,1402020720,2075,1402020718.557,1402020720.0,1402017990,1402020720,0,17
spacev1b,euclidean,robust-prune,100,10000,1402020720,2076,1402020718.5603,1402020720.0,1402017994,1402020720,0,17
spacev1b,euclidean,robust-prune,100,10000,1402020720,2077,1402020718.5643,1402020720.0,1402017996,1402020720,0,17
spacev1b,euclidean,robust-prune,100,10000,1402020720,2078,1402020718.5692,1402020720.0,1402018017,1402020720,0,17
spacev1b,euclidean,robust-prune,100,10000,1402020720,2079,1402020718.5724,1402020720.0,1402018019,1402020720,0,17
spacev1b,euclidean,robust-prune,100,10000,1402020720,2080,1402020718.5778,1402020720.0,1402018027,1402020720,0,17
spacev1b,euclidean,robust-prune,100,10000,1402020720,2081,1402020718.582,1402020720.0,1402018028,1402020720,0,17
spacev1b,euclidean,robust-prune,100,10000,1402020720,2082,1402020718.5857,1402020720.0,1402018029,1402020720,0,17
spacev1b,euclidean,robust-prune,100,10000,1402020720,2083,1402020718.5905,1402020720.0,1402018035,1402020720,0,17
spacev1b,euclidean,robust-prune,100,10000,1402020720,2084,1402020718.5946,1402020720.0,1402018036,1402020720,0,17
spacev1b,euclidean,robust-prune,100,10000,1402020720,2085,1402020718.5982,1402020720.0,1402018037,1402020720,0,17
spacev1b,euclidean,robust-prune,100,10000,1402020720,2086,1402020718.6016,1402020720.0,1402018039,1402020720,0,17
spacev1b,euclidean,robust-prune,100,10000,1402020720,2087,1402020718.6089,1402020720.0,1402018040,1402020720,0,17
spacev1b,euclidean,robust-prune,100,10000,1402020720,2088,1402020718.6109,1402020720.0,1402018041,1402020720,0,17
spacev1b,euclidean,robust-prune,100,10000,1402020720,2089,1402020718.6139,1402020720.0,1402018042,1402020720,0,17
spacev1b,euclidean,robust-prune,100,10000,1402020720,2090,1402020718.6198,1402020720.0,1402018070,1402020720,0,17
spacev1b,euclidean,robust-prune,100,10000,1402020720,2091,1402020718.6289,1402020720.0,1402018137,1402020720,0,17
spacev1b,euclidean,robust-prune,100,10000,1402020720,2092,1402020718.632,1402020720.0,1402018145,1402020720,0,16
spacev1b,euclidean,robust-prune,100,10000,1402020720,2093,1402020718.6352,1402020720.0,1402018146,1402020720,0,16
spacev1b,euclidean,robust-prune,100,10000,1402020720,2094,1402020718.6423,1402020720.0,1402018147,1402020720,0,16
spacev1b,euclidean,robust-prune,100,10000,1402020720,2095,1402020718.6448,1402020720.0,1402018149,1402020720,0,16
spacev1b,euclidean,robust-prune,100,10000,1402020720,2096,1402020718.6486,1402020720.0,1402018154,1402020720,0,16
spacev1b,euclidean,robust-prune,100,10000,1402020720,2097,1402020718.6514,1402020720.0,1402018155,1402020720,0,16
spacev1b,euclidean,robust-prune,100,10000,1402020720,2098,1402020718.6551,1402020720.0,1402018157,1402020720,0,16
spacev1b,euclidean,robust-prune,100,10000,1402020720,2099,1402020718.6587,1402020720.0,1402018158,1402020720,0,16
spacev1b,euclidean,robust-prune,100,10000,1402020720,2100,1402020718.6626,1402020720.0,1402018163,1402020720,0,16
spacev1b,euclidean,robust-prune,100,10000,1402020720,2101,1402020718.6676,1402020720.0,1402018166,1402020720,0,16
spacev1b,euclidean,robust-prune,100,10000,1402020720,2102,1402020718.671,1402020720.0,1402018170,1402020720,0,15
spacev1b,euclidean,robust-prune,100,10000,1402020720,2103,1402020718.6744,1402020720.0,1402018171,1402020720,0,15
spacev1b,euclidean,robust-prune,100,10000,1402020720,2104,1402020718.6774,1402020720.0,1402018172,1402020720,0,15
spacev1b,euclidean,robust-prune,100,10000,1402020720,2105,1402020718.6815,1402020720.0,1402018187,1402020720,0,15
spacev1b,euclidean,robust-prune,100,10000,1402020720,2106,1402020718.6848,1402020720.0,1402018189,1402020720,0,15
spacev1b,euclidean,robust-prune,100,10000,1402020720,2107,1402020718.6885,1402020720.0,1402018190,1402020720,0,15
spacev1b,euclidean,robust-prune,100,10000,1402020720,2108,1402020718.6922,1402020720.0,1402018191,1402020720,0,15
spacev1b,euclidean,robust-prune,100,10000,1402020720,2109,1402020718.6951,1402020720.0,1402018193,1402020720,0,15
spacev1b,euclidean,robust-prune,100,10000,1402020720,2110,1402020718.6985,1402020720.0,1402018194,1402020720,0,15
spacev1b,euclidean,robust-prune,100,10000,1402020720,2111,1402020718.7026,1402020720.0,1402018196,1402020720,0,15
spacev1b,euclidean,robust-prune,100,10000,1402020720,2112,1402020718.706,1402020720.0,1402018201,1402020720,0,15
spacev1b,euclidean,robust-prune,100,10000,1402020720,2113,1402020718.7104,1402020720.0,1402018203,1402020720,0,15
spacev1b,euclidean,robust-prune,100,10000,1402020720,2114,1402020718.7132,1402020720.0,1402018204,1402020720,0,15
spacev1b,euclidean,robust-prune,100,10000,1402020720,2115,1402020718.7164,1402020720.0,1402018208,1402020720,0,15
spacev1b,euclidean,robust-prune,100,10000,1402020720,2116,1402020718.7203,1402020720.0,1402018210,1402020720,0,15
spacev1b,euclidean,robust-prune,100,10000,1402020720,2117,1402020718.7233,1402020720.0,1402018215,1402020720,0,15
spacev1b,euclidean,robust-prune,100,10000,1402020720,2118,1402020718.7275,1402020720.0,1402018219,1402020720,0,15
spacev1b,euclidean,robust-prune,100,10000,1402020720,2119,1402020718.7328,1402020720.0,1402018225,1402020720,0,15
spacev1b,euclidean,robust-prune,100,10000,1402020720,2120,1402020718.7361,1402020720.0,1402018226,1402020720,0,15
spacev1b,euclidean,robust-prune,100,10000,1402020720,2121,1402020718.7405,1402020720.0,1402018227,1402020720,0,15
spacev1b,euclidean,robust-prune,100,10000,1402020720,2122,1402020718.7439,1402020720.0,1402018229,1402020720,0,15
spacev1b,euclidean,robust-prune,100,10000,1402020720,2123,1402020718.7477,1402020720.0,1402018231,1402020720,0,15
spacev1b,euclidean,robust-prune,100,10000,1402020720,2124,1402020718.7508,1402020720.0,1402018233,1402020720,0,15
spacev1b,euclidean,robust-prune,100,10000,1402020720,2125,1402020718.7548,1402020720.0,1402018236,1402020720,0,15
spacev1b,euclidean,robust-prune,100,10000,1402020720,2126,1402020718.7574,1402020720.0,1402018238,1402020720,0,15
spacev1b,euclidean,robust-prune,100,10000,1402020720,2127,1402020718.7604,1402020720.0,1402018243,1402020720,0,15
spacev1b,euclidean,robust-prune,100,10000,1402020720,2128,1402020718.7638,1402020720.0,1402018244,1402020720,0,15
spacev1b,euclidean,robust-prune,100,10000,1402020720,2129,1402020718.7709,1402020720.0,1402018245,1402020720,0,15
spacev1b,euclidean,robust-prune,100,10000,1402020720,2130,1402020718.7745,1402020720.0,1402018247,1402020720,0,15
spacev1b,euclidean,robust-prune,100,10000,1402020720,2131,1402020718.7775,1402020720.0,1402018248,1402020720,0,15
spacev1b,euclidean,robust-prune,100,10000,1402020720,2132,1402020718.7803,1402020720.0,1402018250,1402020720,0,15
spacev1b,euclidean,robust-prune,100,10000,1402020720,2133,1402020718.7837,1402020720.0,1402018252,1402020720,0,15
spacev1b,euclidean,robust-prune,100,10000,1402020720,2134,1402020718.7923,1402020720.0,1402018254,1402020720,0,15
spacev1b,euclidean,robust-prune,100,10000,1402020720,2135,1402020718.7956,1402020720.0,1402018255,1402020720,0,15
spacev1b,euclidean,robust-prune,100,10000,1402020720,2136,1402020718.799,1402020720.0,1402018256,1402020720,0,15
spacev1b,euclidean,robust-prune,100,10000,1402020720,2137,1402020718.8015,1402020720.0,1402018257,1402020720,0,15
spacev1b,euclidean,robust-prune,100,10000,1402020720,2138,1402020718.8047,1402020720.0,1402018259,1402020720,0,15
spacev1b,euclidean,robust-prune,100,10000,1402020720,2139,1402020718.8084,1402020720.0,1402018264,1402020720,0,15
spacev1b,euclidean,robust-prune,100,10000,1402020720,2140,1402020718.812,1402020720.0,1402018267,1402020720,0,15
spacev1b,euclidean,robust-prune,100,10000,1402020720,2141,1402020718.8151,1402020720.0,1402018268,1402020720,0,15
spacev1b,euclidean,robust-prune,100,10000,1402020720,2142,1402020718.8184,1402020720.0,1402018272,1402020720,0,15
spacev1b,euclidean,robust-prune,100,10000,1402020720,2143,1402020718.8227,1402020720.0,1402018275,1402020720,0,15
spacev1b,euclidean,robust-prune,100,10000,1402020720,2144,1402020718.8252,1402020720.0,1402018277,1402020720,0,15
spacev1b,euclidean,robust-prune,100,10000,1402020720,2145,1402020718.8279,1402020720.0,1402018279,1402020720,0,15
spacev1b,euclidean,robust-prune,100,10000,1402020720,2146,1402020718.8308,1402020720.0,1402018281,1402020720,0,15
spacev1b,euclidean,robust-prune,100,10000,1402020720,2147,1402020718.8344,1402020720.0,1402018284,1402020720,0,15
spacev1b,euclidean,robust-prune,100,10000,1402020720,2148,1402020718.8377,1402020720.0,1402018287,1402020720,0,15
spacev1b,euclidean,robust-prune,100,10000,1402020720,2149,1402020718.8417,1402020720.0,1402018296,1402020720,0,15
spacev1b,euclidean,robust-prune,100,10000,1402020720,2150,1402020718.8451,1402020720.0,1402018297,1402020720,0,15
spacev1b,euclidean,robust-prune,100,10000,1402020720,2151,1402020718.848,1402020720.0,1402018299,1402020720,0,15
spacev1b,euclidean,robust-prune,100,10000,1402020720,2152,1402020718.8512,1402020720.0,1402018301,1402020720,0,15
spacev1b,euclidean,robust-prune,100,10000,1402020720,2153,1402020718.8549,1402020720.0,1402018306,1402020720,0,15
spacev1b,euclidean,robust-prune,100,10000,1402020720,2154,1402020718.8602,1402020720.0,1402018308,1402020720,0,15
spacev1b,euclidean,robust-prune,100,10000,1402020720,2155,1402020718.8628,1402020720.0,1402018311,1402020720,0,15
spacev1b,euclidean,robust-prune,100,10000,1402020720,2156,1402020718.865,1402020720.0,1402018312,1402020720,0,15
spacev1b,euclidean,robust-prune,100,10000,1402020720,2157,1402020718.875,1402020720.0,1402018372,1402020720,0,15
spacev1b,euclidean,robust-prune,100,10000,1402020720,2158,1402020718.8779,1402020720.0,1402018375,1402020720,0,15
spacev1b,euclidean,robust-prune,100,10000,1402020720,2159,1402020718.8803,1402020720.0,1402018378,1402020720,0,15
spacev1b,euclidean,robust-prune,100,10000,1402020720,2160,1402020718.8828,1402020720.0,1402018380,1402020720,0,15
spacev1b,euclidean,robust-prune,100,10000,1402020720,2161,1402020718.885,1402020720.0,1402018381,1402020720,0,15
spacev1b,euclidean,robust-prune,100,10000,1402020720,2162,1402020718.8879,1402020720.0,1402018382,1402020720,0,15
spacev1b,euclidean,robust-prune,100,10000,1402020720,2163,1402020718.893,1402020720.0,1402018384,1402020720,0,15
spacev1b,euclidean,robust-prune,100,10000,1402020720,2164,1402020718.8961,1402020720.0,1402018385,1402020720,0,15
spacev1b,euclidean,robust-prune,100,10000,1402020720,2165,1402020718.8995,1402020720.0,1402018386,1402020720,0,15
spacev1b,euclidean,robust-prune,100,10000,1402020720,2166,1402020718.9033,1402020720.0,1402018387,1402020720,0,15
spacev1b,euclidean,robust-prune,100,10000,1402020720,2167,1402020718.9075,1402020720.0,1402018388,1402020720,0,15
spacev1b,euclidean,robust-prune,100,10000,1402020720,2168,1402020718.9109,1402020720.0,1402018391,1402020720,0,15
spacev1b,euclidean,robust-prune,100,10000,1402020720,2169,1402020718.9139,1402020720.0,1402018395,1402020720,0,15
spacev1b,euclidean,robust-prune,100,10000,1402020720,2170,1402020718.9242,1402020720.0,1402018427,1402020720,0,15
spacev1b,euclidean,robust-prune,100,10000,1402020720,2171,1402020718.93,1402020720.0,1402018461,1402020720,0,15
spacev1b,euclidean,robust-prune,100,10000,1402020720,2172,1402020718.9328,1402020720.0,1402018462,1402020720,0,15
spacev1b,euclidean,robust-prune,100,10000,1402020720,2173,1402020718.9377,1402020720.0,1402018482,1402020720,0,15
spacev1b,euclidean,robust-prune,100,10000,1402020720,2174,1402020718.9415,1402020720.0,1402018485,1402020720,0,15
spacev1b,euclidean,robust-prune,100,10000,1402020720,2175,1402020718.9442,1402020720.0,1402018486,1402020720,0,15
spacev1b,euclidean,robust-prune,100,10000,1402020720,2176,1402020718.9467,1402020720.0,1402018487,1402020720,0,15
spacev1b,euclidean,robust-prune,100,10000,1402020720,2177,1402020718.9496,1402020720.0,1402018490,1402020720,0,15
spacev1b,euclidean,robust-prune,100,10000,1402020720,2178,1402020718.9529,1402020720.0,1402018492,1402020720,0,15
spacev1b,euclidean,robust-prune,100,10000,1402020720,2179,1402020718.9562,1402020720.0,1402018502,1402020720,0,15
spacev1b,euclidean,robust-prune,100,10000,1402020720,2180,1402020718.9594,1402020720.0,1402018503,1402020720,0,15
spacev1b,euclidean,robust-prune,100,10000,1402020720,2181,1402020718.9622,1402020720.0,1402018504,1402020720,0,15
spacev1b,euclidean,robust-prune,100,10000,1402020720,2182,1402020718.9656,1402020720.0,1402018509,1402020720,0,15
spacev1b,euclidean,robust-prune,100,10000,1402020720,2183,1402020718.9678,1402020720.0,1402018511,1402020720,0,15
spacev1b,euclidean,robust-prune,100,10000,1402020720,2184,1402020718.9708,1402020720.0,1402018515,1402020720,0,15
spacev1b,euclidean,robust-prune,100,10000,1402020720,2185,1402020718.9737,1402020720.0,1402018516,1402020720,0,15
spacev1b,euclidean,robust-prune,100,10000,1402020720,2186,1402020718.976,1402020720.0,1402018517,1402020720,0,15
spacev1b,euclidean,robust-prune,100,10000,1402020720,2187,1402020718.9784,1402020720.0,1402018520,1402020720,0,15
spacev1b,euclidean,robust-prune,100,10000,1402020720,2188,1402020718.9816,1402020720.0,1402018522,1402020720,0,15
spacev1b,euclidean,robust-prune,100,10000,1402020720,2189,1402020718.9844,1402020720.0,1402018523,1402020720,0,15
spacev1b,euclidean,robust-prune,100,10000,1402020720,2190,1402020718.9877,1402020720.0,1402018525,1402020720,0,15
spacev1b,euclidean,robust-prune,100,10000,1402020720,2191,1402020718.9902,1402020720.0,1402018527,1402020720,0,15
spacev1b,euclidean,robust-prune,100,10000,1402020720,2192,1402020718.9939,1402020720.0,1402018544,1402020720,0,15
spacev1b,euclidean,robust-prune,100,10000,1402020720,2193,1402020718.9976,1402020720.0,1402018545,1402020720,0,15
spacev1b,euclidean,robust-prune,100,10000,1402020720,2194,1402020719.0009,1402020720.0,1402018554,1402020720,0,15
spacev1b,euclidean,robust-prune,100,10000,1402020720,2195,1402020719.0039,1402020720.0,1402018562,1402020720,0,15
spacev1b,euclidean,robust-prune,100,10000,1402020720,2196,1402020719.0114,1402020720.0,1402018606,1402020720,0,15
spacev1b,euclidean,robust-prune,100,10000,1402020720,2197,1402020719.0144,1402020720.0,1402018610,1402020720,0,15
spacev1b,euclidean,robust-prune,100,10000,1402020720,2198,1402020719.0244,1402020720.0,1402018690,1402020720,0,15
spacev1b,euclidean,robust-prune,100,10000,1402020720,2199,1402020719.0287,1402020720.0,1402018704,1402020720,0,15
spacev1b,euclidean,robust-prune,100,10000,1402020720,2200,1402020719.0316,1402020720.0,1402018707,1402020720,0,15
spacev1b,euclidean,robust-prune,100,10000,1402020720,2201,1402020719.0343,1402020720.0,1402018710,1402020720,0,15
spacev1b,euclidean,robust-prune,100,10000,1402020720,2202,1402020719.0363,1402020720.0,1402018712,1402020720,0,15
spacev1b,euclidean,robust-prune,100,10000,1402020720,2203,1402020719.0404,1402020720.0,1402018718,1402020720,0,15
spacev1b,euclidean,robust-prune,100,10000,1402020720,2204,1402020719.0436,1402020720.0,1402018724,1402020720,0,15
spacev1b,euclidean,robust-prune,100,10000,1402020720,2205,1402020719.0479,1402020720.0,1402018737,1402020720,0,15
spacev1b,euclidean,robust-prune,100,10000,1402020720,2206,1402020719.0513,1402020720.0,1402018738,1402020720,0,15
spacev1b,euclidean,robust-prune,100,10000,1402020720,2207,1402020719.0562,1402020720.0,1402018740,1402020720,0,15
spacev1b,euclidean,robust-prune,100,10000,1402020720,2208,1402020719.0596,1402020720.0,1402018741,1402020720,0,15
spacev1b,euclidean,robust-prune,100,10000,1402020720,2209,1402020719.0617,1402020720.0,1402018742,1402020720,0,15
spacev1b,euclidean,robust-prune,100,10000,1402020720,2210,1402020719.0649,1402020720.0,1402018749,1402020720,0,15
spacev1b,euclidean,robust-prune,100,10000,1402020720,2211,1402020719.0674,1402020720.0,1402018751,1402020720,0,15
spacev1b,euclidean,robust-prune,100,10000,1402020720,2212,1402020719.0707,1402020720.0,1402018752,1402020720,0,15
spacev1b,euclidean,robust-prune,100,10000,1402020720,2213,1402020719.0739,1402020720.0,1402018753,1402020720,0,15
spacev1b,euclidean,robust-prune,100,10000,1402020720,2214,1402020719.0764,1402020720.0,1402018754,1402020720,0,15
spacev1b,euclidean,robust-prune,100,10000,1402020720,2215,1402020719.079,1402020720.0,1402018757,1402020720,0,15
spacev1b,euclidean,robust-prune,100,10000,1402020720,2216,1402020719.0814,1402020720.0,1402018758,1402020720,0,15
spacev1b,euclidean,robust-prune,100,10000,1402020720,2217,1402020719.0869,1402020720.0,1402018789,1402020720,0,15
spacev1b,euclidean,robust-prune,100,10000,1402020720,2218,1402020719.0897,1402020720.0,1402018792,1402020720,0,15
spacev1b,euclidean,robust-prune,100,10000,1402020720,2219,1402020719.0921,1402020720.0,1402018796,1402020720,0,15
spacev1b,euclidean,robust-prune,100,10000,1402020720,2220,1402020719.0958,1402020720.0,1402018815,1402020720,0,15
spacev1b,euclidean,robust-prune,100,10000,1402020720,2221,1402020719.0989,1402020720.0,1402018816,1402020720,0,15
spacev1b,euclidean,robust-prune,100,10000,1402020720,2222,1402020719.1011,1402020720.0,1402018817,1402020720,0,15
spacev1b,euclidean,robust-prune,100,10000,1402020720,2223,1402020719.1036,1402020720.0,1402018818,1402020720,0,15
spacev1b,euclidean,robust-prune,100,10000,1402020720,2224,1402020719.1055,1402020720.0,1402018820,1402020720,0,15
spacev1b,euclidean,robust-prune,100,10000,1402020720,2225,1402020719.1087,1402020720.0,1402018821,1402020720,0,15
spacev1b,euclidean,robust-prune,100,10000,1402020720,2226,1402020719.1125,1402020720.0,1402018827,1402020720,0,15
spacev1b,euclidean,robust-prune,100,10000,1402020720,2227,1402020719.1152,1402020720.0,1402018829,1402020720,0,15
spacev1b,euclidean,robust-prune,100,10000,1402020720,2228,1402020719.1213,1402020720.0,1402018832,1402020720,0,15
spacev1b,euclidean,robust-prune,100,10000,1402020720,2229,1402020719.1248,1402020720.0,1402018834,1402020720,0,15
spacev1b,euclidean,robust-prune,100,10000,1402020720,2230,1402020719.127,1402020720.0,1402018836,1402020720,0,15
spacev1b,euclidean,robust-prune,100,10000,1402020720,2231,1402020719.1293,1402020720.0,1402018839,1402020720,0,15
spacev1b,euclidean,robust-prune,100,10000,1402020720,2232,1402020719.1318,1402020720.0,1402018842,1402020720,0,15
spacev1b,euclidean,robust-prune,100,10000,1402020720,2233,1402020719.139,1402020720.0,1402018878,1402020720,0,15
spacev1b,euclidean,robust-prune,100,10000,1402020720,2234,1402020719.142,1402020720.0,1402018880,1402020720,0,15
spacev1b,euclidean,robust-prune,100,10000,1402020720,2235,1402020719.1444,1402020720.0,1402018881,1402020720,0,15
spacev1b,euclidean,robust-prune,100,10000,1402020720,2236,1402020719.1484,1402020720.0,1402018897,1402020720,0,15
spacev1b,euclidean,robust-prune,100,10000,1402020720,2237,1402020719.152,1402020720.0,1402018902,1402020720,0,15
spacev1b,euclidean,robust-prune,100,10000,1402020720,2238,1402020719.1547,1402020720.0,1402018906,1402020720,0,15
spacev1b,euclidean,robust-prune,100,10000,1402020720,2239,1402020719.1586,1402020720.0,1402018914,1402020720,0,15
spacev1b,euclidean,robust-prune,100,10000,1402020720,2240,1402020719.1615,1402020720.0,1402018916,1402020720,0,15
spacev1b,euclidean,robust-prune,100,10000,1402020720,2241,1402020719.1637,1402020720.0,1402018917,1402020720,0,15
spacev1b,euclidean,robust-prune,100,10000,1402020720,2242,1402020719.1661,1402020720.0,1402018918,1402020720,0,15
spacev1b,euclidean,robust-prune,100,10000,1402020720,2243,1402020719.1687,1402020720.0,1402018919,1402020720,0,15
spacev1b,euclidean,robust-prune,100,10000,1402020720,2244,1402020719.1705,1402020720.0,1402018920,1402020720,0,15
spacev1b,euclidean,robust-prune,100,10000,1402020720,2245,1402020719.1728,1402020720.0,1402018921,1402020720,0,15
spacev1b,euclidean,robust-prune,100,10000,1402020720,2246,1402020719.1752,1402020720.0,1402018922,1402020720,0,15
spacev1b,euclidean,robust-prune,100,10000,1402020720,2247,1402020719.1808,1402020720.0,1402018923,1402020720,0,14
spacev1b,euclidean,robust-prune,100,10000,1402020720,2248,1402020719.184,1402020720.0,1402018924,1402020720,0,14
spacev1b,euclidean,robust-prune,100,10000,1402020720,2249,1402020719.1864,1402020720.0,1402018925,1402020720,0,14
spacev1b,euclidean,robust-prune,100,10000,1402020720,2250,1402020719.1906,1402020720.0,1402018926,1402020720,0,14
spacev1b,euclidean,robust-prune,100,10000,1402020720,2251,1402020719.1934,1402020720.0,1402018931,1402020720,0,14
spacev1b,euclidean,robust-prune,100,10000,1402020720,2252,1402020719.1959,1402020720.0,1402018932,1402020720,0,14
spacev1b,euclidean,robust-prune,100,10000,1402020720,2253,1402020719.1984,1402020720.0,1402018933,1402020720,0,14
spacev1b,euclidean,robust-prune,100,10000,1402020720,2254,1402020719.2008,1402020720.0,1402018934,1402020720,0,14
spacev1b,euclidean,robust-prune,100,10000,1402020720,2255,1402020719.2033,1402020720.0,1402018939,1402020720,0,13
spacev1b,euclidean,robust-prune,100,10000,1402020720,2256,1402020719.2105,1402020720.0,1402018941,1402020720,0,13
spacev1b,euclidean,robust-prune,100,10000,1402020720,2257,1402020719.2121,1402020720.0,1402018942,1402020720,0,13
spacev1b,euclidean,robust-prune,100,10000,1402020720,2258,1402020719.2149,1402020720.0,1402018943,1402020720,0,13
spacev1b,euclidean,robust-prune,100,10000,1402020720,2259,1402020719.2165,1402020720.0,1402018944,1402020720,0,13
spacev1b,euclidean,robust-prune,100,10000,1402020720,2260,1402020719.2184,1402020720.0,1402018946,1402020720,0,13
spacev1b,euclidean,robust-prune,100,10000,1402020720,2261,1402020719.223,1402020720.0,1402018976,1402020720,0,13
spacev1b,euclidean,robust-prune,100,10000,1402020720,2262,1402020719.2324,1402020720.0,1402019051,1402020720,0,13
spacev1b,euclidean,robust-prune,100,10000,1402020720,2263,1402020719.2346,1402020720.0,1402019052,1402020720,0,13
spacev1b,euclidean,robust-prune,100,10000,1402020720,2264,1402020719.2374,1402020720.0,1402019054,1402020720,0,13
spacev1b,euclidean,robust-prune,100,10000,1402020720,2265,1402020719.2403,1402020720.0,1402019060,1402020720,0,13
spacev1b,euclidean,robust-prune,100,10000,1402020720,2266,1402020719.2421,1402020720.0,1402019061,1402020720,0,13
spacev1b,euclidean,robust-prune,100,10000,1402020720,2267,1402020719.2448,1402020720.0,1402019062,1402020720,0,13
spacev1b,euclidean,robust-prune,100,10000,1402020720,2268,1402020719.2492,1402020720.0,1402019082,1402020720,0,13
spacev1b,euclidean,robust-prune,100,10000,1402020720,2269,1402020719.2518,1402020720.0,1402019085,1402020720,0,13
spacev1b,euclidean,robust-prune,100,10000,1402020720,2270,1402020719.2548,1402020720.0,1402019095,1402020720,0,13
spacev1b,euclidean,robust-prune,100,10000,1402020720,2271,1402020719.2573,1402020720.0,1402019096,1402020720,0,13
spacev1b,euclidean,robust-prune,100,10000,1402020720,2272,1402020719.2618,1402020720.0,1402019120,1402020720,0,13
spacev1b,euclidean,robust-prune,100,10000,1402020720,2273,1402020719.2639,1402020720.0,1402019121,1402020720,0,13
spacev1b,euclidean,robust-prune,100,10000,1402020720,2274,1402020719.2661,1402020720.0,1402019122,1402020720,0,13
spacev1b,euclidean,robust-prune,100,10000,1402020720,2275,1402020719.2685,1402020720.0,1402019125,1402020720,0,13
spacev1b,euclidean,robust-prune,100,10000,1402020720,2276,1402020719.2702,1402020720.0,1402019127,1402020720,0,13
spacev1b,euclidean,robust-prune,100,10000,1402020720,2277,1402020719.2731,1402020720.0,1402019132,1402020720,0,13
spacev1b,euclidean,robust-prune,100,10000,1402020720,2278,1402020719.2766,1402020720.0,1402019150,1402020720,0,13
spacev1b,euclidean,robust-prune,100,10000,1402020720,2279,1402020719.2796,1402020720.0,1402019153,1402020720,0,13
spacev1b,euclidean,robust-prune,100,10000,1402020720,2280,1402020719.2823,1402020720.0,1402019154,1402020720,0,13
spacev1b,euclidean,robust-prune,100,10000,1402020720,2281,1402020719.2844,1402020720.0,1402019156,1402020720,0,13
spacev1b,euclidean,robust-prune,100,10000,1402020720,2282,1402020719.2862,1402020720.0,1402019157,1402020720,0,13
spacev1b,euclidean,robust-prune,100,10000,1402020720,2283,1402020719.2879,1402020720.0,1402019158,1402020720,0,13
spacev1b,euclidean,robust-prune,100,10000,1402020720,2284,1402020719.29,1402020720.0,1402019159,1402020720,0,13
spacev1b,euclidean,robust-prune,100,10000,1402020720,2285,1402020719.2945,1402020720.0,1402019183,1402020720,0,13
spacev1b,euclidean,robust-prune,100,10000,1402020720,2286,1402020719.297,1402020720.0,1402019194,1402020720,0,13
spacev1b,euclidean,robust-prune,100,10000,1402020720,2287,1402020719.2995,1402020720.0,1402019204,1402020720,0,13
spacev1b,euclidean,robust-prune,100,10000,1402020720,2288,1402020719.3022,1402020720.0,1402019205,1402020720,0,13
spacev1b,euclidean,robust-prune,100,10000,1402020720,2289,1402020719.3038,1402020720.0,1402019206,1402020720,0,13
spacev1b,euclidean,robust-prune,100,10000,1402020720,2290,1402020719.3055,1402020720.0,1402019207,1402020720,0,13
spacev1b,euclidean,robust-prune,100,10000,1402020720,2291,1402020719.3077,1402020720.0,1402019213,1402020720,0,13
spacev1b,euclidean,robust-prune,100,10000,1402020720,2292,1402020719.3096,1402020720.0,1402019216,1402020720,0,13
spacev1b,euclidean,robust-prune,100,10000,1402020720,2293,1402020719.3119,1402020720.0,1402019218,1402020720,0,13
spacev1b,euclidean,robust-prune,100,10000,1402020720,2294,1402020719.3161,1402020720.0,1402019219,1402020720,0,13
spacev1b,euclidean,robust-prune,100,10000,1402020720,2295,1402020719.3195,1402020720.0,1402019229,1402020720,0,13
spacev1b,euclidean,robust-prune,100,10000,1402020720,2296,1402020719.3259,1402020720.0,1402019271,1402020720,0,13
spacev1b,euclidean,robust-prune,100,10000,1402020720,2297,1402020719.3317,1402020720.0,1402019295,1402020720,0,13
spacev1b,euclidean,robust-prune,100,10000,1402020720,2298,1402020719.3334,1402020720.0,1402019296,1402020720,0,13
spacev1b,euclidean,robust-prune,100,10000,1402020720,2299,1402020719.3363,1402020720.0,1402019301,1402020720,0,13
spacev1b,euclidean,robust-prune,100,10000,1402020720,2300,1402020719.3411,1402020720.0,1402019303,1402020720,0,13
spacev1b,euclidean,robust-prune,100,10000,1402020720,2301,1402020719.3439,1402020720.0,1402019314,1402020720,0,13
spacev1b,euclidean,robust-prune,100,10000,1402020720,2302,1402020719.3462,1402020720.0,1402019315,1402020720,0,13
spacev1b,euclidean,robust-prune,100,10000,1402020720,2303,1402020719.3496,1402020720.0,1402019316,1402020720,0,13
spacev1b,euclidean,robust-prune,100,10000,1402020720,2304,1402020719.3515,1402020720.0,1402019317,1402020720,0,13
spacev1b,euclidean,robust-prune,100,10000,1402020720,2305,1402020719.3547,1402020720.0,1402019331,1402020720,0,13
spacev1b,euclidean,robust-prune,100,10000,1402020720,2306,1402020719.3715,1402020720.0,1402019474,1402020720,0,13
spacev1b,euclidean,robust-prune,100,10000,1402020720,2307,1402020719.3735,1402020720.0,1402019475,1402020720,0,13
spacev1b,euclidean,robust-prune,100,10000,1402020720,2308,1402020719.3779,1402020720.0,1402019505,1402020720,0,13
spacev1b,euclidean,robust-prune,100,10000,1402020720,2309,1402020719.3816,1402020720.0,1402019508,1402020720,0,13
spacev1b,euclidean,robust-prune,100,10000,1402020720,2310,1402020719.3843,1402020720.0,1402019514,1402020720,0,13
spacev1b,euclidean,robust-prune,100,10000,1402020720,2311,1402020719.3877,1402020720.0,1402019525,1402020720,0,13
spacev1b,euclidean,robust-prune,100,10000,1402020720,2312,1402020719.3896,1402020720.0,1402019527,1402020720,0,13
spacev1b,euclidean,robust-prune,100,10000,1402020720,2313,1402020719.3933,1402020720.0,1402019534,1402020720,0,13
spacev1b,euclidean,robust-prune,100,10000,1402020720,2314,1402020719.398,1402020720.0,1402019546,1402020720,0,13
spacev1b,euclidean,robust-prune,100,10000,1402020720,2315,1402020719.4006,1402020720.0,1402019547,1402020720,0,13
spacev1b,euclidean,robust-prune,100,10000,1402020720,2316,1402020719.4029,1402020720.0,1402019549,1402020720,0,13
spacev1b,euclidean,robust-prune,100,10000,1402020720,2317,1402020719.4066,1402020720.0,1402019551,1402020720,0,13
spacev1b,euclidean,robust-prune,100,10000,1402020720,2318,1402020719.4091,1402020720.0,1402019556,1402020720,0,13
spacev1b,euclidean,robust-prune,100,10000,1402020720,2319,1402020719.4128,1402020720.0,1402019557,1402020720,0,13
spacev1b,euclidean,robust-prune,100,10000,1402020720,2320,1402020719.419,1402020720.0,1402019603,1402020720,0,13
spacev1b,euclidean,robust-prune,100,10000,1402020720,2321,1402020719.4223,1402020720.0,1402019608,1402020720,0,13
spacev1b,euclidean,robust-prune,100,10000,1402020720,2322,1402020719.4266,1402020720.0,1402019622,1402020720,0,13
spacev1b,euclidean,robust-prune,100,10000,1402020720,2323,1402020719.4294,1402020720.0,1402019629,1402020720,0,13
spacev1b,euclidean,robust-prune,100,10000,1402020720,2324,1402020719.4319,1402020720.0,1402019639,1402020720,0,13
spacev1b,euclidean,robust-prune,100,10000,1402020720,2325,1402020719.4362,1402020720.0,1402019666,1402020720,0,13
spacev1b,euclidean,robust-prune,100,10000,1402020720,2326,1402020719.4385,1402020720.0,1402019667,1402020720,0,13
spacev1b,euclidean,robust-prune,100,10000,1402020720,2327,1402020719.4419,1402020720.0,1402019669,1402020720,0,13
spacev1b,euclidean,robust-prune,100,10000,1402020720,2328,1402020719.4438,1402020720.0,1402019672,1402020720,0,13
spacev1b,euclidean,robust-prune,100,10000,1402020720,2329,1402020719.4455,1402020720.0,1402019673,1402020720,0,13
spacev1b,euclidean,robust-prune,100,10000,1402020720,2330,1402020719.4474,1402020720.0,1402019676,1402020720,0,13
spacev1b,euclidean,robust-prune,100,10000,1402020720,2331,1402020719.4493,1402020720.0,1402019677,1402020720,0,13
spacev1b,euclidean,robust-prune,100,10000,1402020720,2332,1402020719.4511,1402020720.0,1402019678,1402020720,0,13
spacev1b,euclidean,robust-prune,100,10000,1402020720,2333,1402020719.4537,1402020720.0,1402019681,1402020720,0,13
spacev1b,euclidean,robust-prune,100,10000,1402020720,2334,1402020719.4557,1402020720.0,1402019682,1402020720,0,13
spacev1b,euclidean,robust-prune,100,10000,1402020720,2335,1402020719.4574,1402020720.0,1402019685,1402020720,0,13
spacev1b,euclidean,robust-prune,100,10000,1402020720,2336,1402020719.4619,1402020720.0,1402019710,1402020720,0,13
spacev1b,euclidean,robust-prune,100,10000,1402020720,2337,1402020719.4644,1402020720.0,1402019712,1402020720,0,13
spacev1b,euclidean,robust-prune,100,10000,1402020720,2338,1402020719.4664,1402020720.0,1402019716,1402020720,0,13
spacev1b,euclidean,robust-prune,100,10000,1402020720,2339,1402020719.4708,1402020720.0,1402019732,1402020720,0,13
spacev1b,euclidean,robust-prune,100,10000,1402020720,2340,1402020719.4723,1402020720.0,1402019733,1402020720,0,13
spacev1b,euclidean,robust-prune,100,10000,1402020720,2341,1402020719.475,1402020720.0,1402019741,1402020720,0,13
spacev1b,euclidean,robust-prune,100,10000,1402020720,2342,1402020719.4775,1402020720.0,1402019750,1402020720,0,13
spacev1b,euclidean,robust-prune,100,10000,1402020720,2343,1402020719.4799,1402020720.0,1402019755,1402020720,0,13
spacev1b,euclidean,robust-prune,100,10000,1402020720,2344,1402020719.4846,1402020720.0,1402019772,1402020720,0,13
spacev1b,euclidean,robust-prune,100,10000,1402020720,2345,1402020719.4875,1402020720.0,1402019785,1402020720,0,13
spacev1b,euclidean,robust-prune,100,10000,1402020720,2346,1402020719.4898,1402020720.0,1402019788,1402020720,0,13
spacev1b,euclidean,robust-prune,100,10000,1402020720,2347,1402020719.4912,1402020720.0,1402019789,1402020720,0,13
spacev1b,euclidean,robust-prune,100,10000,1402020720,2348,1402020719.4937,1402020720.0,1402019790,1402020720,0,12
spacev1b,euclidean,robust-prune,100,10000,1402020720,2349,1402020719.4961,1402020720.0,1402019796,1402020720,0,12
spacev1b,euclidean,robust-prune,100,10000,1402020720,2350,1402020719.4986,1402020720.0,1402019798,1402020720,0,12
spacev1b,euclidean,robust-prune,100,10000,1402020720,2351,1402020719.501,1402020720.0,1402019807,1402020720,0,12
spacev1b,euclidean,robust-prune,100,10000,1402020720,2352,1402020719.5028,1402020720.0,1402019808,1402020720,0,12
spacev1b,euclidean,robust-prune,100,10000,1402020720,2353,1402020719.507,1402020720.0,1402019809,1402020720,0,12
spacev1b,euclidean,robust-prune,100,10000,1402020720,2354,1402020719.5151,1402020720.0,1402019819,1402020720,0,12
spacev1b,euclidean,robust-prune,100,10000,1402020720,2355,1402020719.5186,1402020720.0,1402019834,1402020720,0,12
spacev1b,euclidean,robust-prune,100,10000,1402020720,2356,1402020719.5204,1402020720.0,1402019836,1402020720,0,12
spacev1b,euclidean,robust-prune,100,10000,1402020720,2357,1402020719.5241,1402020720.0,1402019846,1402020720,0,12
spacev1b,euclidean,robust-prune,100,10000,1402020720,2358,1402020719.5261,1402020720.0,1402019848,1402020720,0,12
spacev1b,euclidean,robust-prune,100,10000,1402020720,2359,1402020719.5277,1402020720.0,1402019849,1402020720,0,12
spacev1b,euclidean,robust-prune,100,10000,1402020720,2360,1402020719.5296,1402020720.0,1402019851,1402020720,0,12
spacev1b,euclidean,robust-prune,100,10000,1402020720,2361,1402020719.5324,1402020720.0,1402019852,1402020720,0,12
spacev1b,euclidean,robust-prune,100,10000,1402020720,2362,1402020719.5342,1402020720.0,1402019855,1402020720,0,12
spacev1b,euclidean,robust-prune,100,10000,1402020720,2363,1402020719.5365,1402020720.0,1402019856,1402020720,0,12
spacev1b,euclidean,robust-prune,100,10000,1402020720,2364,1402020719.538,1402020720.0,1402019857,1402020720,0,12
spacev1b,euclidean,robust-prune,100,10000,1402020720,2365,1402020719.5396,1402020720.0,1402019858,1402020720,0,12
spacev1b,euclidean,robust-prune,100,10000,1402020720,2366,1402020719.5429,1402020720.0,1402019863,1402020720,0,12
spacev1b,euclidean,robust-prune,100,10000,1402020720,2367,1402020719.545,1402020720.0,1402019866,1402020720,0,12
spacev1b,euclidean,robust-prune,100,10000,1402020720,2368,1402020719.5469,1402020720.0,1402019867,1402020720,0,12
spacev1b,euclidean,robust-prune,100,10000,1402020720,2369,1402020719.5486,1402020720.0,1402019870,1402020720,0,12
spacev1b,euclidean,robust-prune,100,10000,1402020720,2370,1402020719.5505,1402020720.0,1402019871,1402020720,0,12
spacev1b,euclidean,robust-prune,100,10000,1402020720,2371,1402020719.5543,1402020720.0,1402019875,1402020720,0,12
spacev1b,euclidean,robust-prune,100,10000,1402020720,2372,1402020719.5573,1402020720.0,1402019876,1402020720,0,12
spacev1b,euclidean,robust-prune,100,10000,1402020720,2373,1402020719.56,1402020720.0,1402019879,1402020720,0,12
spacev1b,euclidean,robust-prune,100,10000,1402020720,2374,1402020719.5619,1402020720.0,1402019880,1402020720,0,11
spacev1b,euclidean,robust-prune,100,10000,1402020720,2375,1402020719.5656,1402020720.0,1402019883,1402020720,0,11
spacev1b,euclidean,robust-prune,100,10000,1402020720,2376,1402020719.5671,1402020720.0,1402019884,1402020720,0,11
spacev1b,euclidean,robust-prune,100,10000,1402020720,2377,1402020719.5686,1402020720.0,1402019886,1402020720,0,11
spacev1b,euclidean,robust-prune,100,10000,1402020720,2378,1402020719.5723,1402020720.0,1402019892,1402020720,0,11
spacev1b,euclidean,robust-prune,100,10000,1402020720,2379,1402020719.5741,1402020720.0,1402019893,1402020720,0,11
spacev1b,euclidean,robust-prune,100,10000,1402020720,2380,1402020719.5764,1402020720.0,1402019894,1402020720,0,11
spacev1b,euclidean,robust-prune,100,10000,1402020720,2381,1402020719.5777,1402020720.0,1402019895,1402020720,0,11
spacev1b,euclidean,robust-prune,100,10000,1402020720,2382,1402020719.5797,1402020720.0,1402019896,1402020720,0,11
spacev1b,euclidean,robust-prune,100,10000,1402020720,2383,1402020719.5825,1402020720.0,1402019899,1402020720,0,11
spacev1b,euclidean,robust-prune,100,10000,1402020720,2384,1402020719.5851,1402020720.0,1402019900,1402020720,0,11
spacev1b,euclidean,robust-prune,100,10000,1402020720,2385,1402020719.5871,1402020720.0,1402019902,1402020720,0,11
spacev1b,euclidean,robust-prune,100,10000,1402020720,2386,1402020719.5908,1402020720.0,1402019906,1402020720,0,11
spacev1b,euclidean,robust-prune,100,10000,1402020720,2387,1402020719.5923,1402020720.0,1402019907,1402020720,0,11
spacev1b,euclidean,robust-prune,100,10000,1402020720,2388,1402020719.595,1402020720.0,1402019909,1402020720,0,11
spacev1b,euclidean,robust-prune,100,10000,1402020720,2389,1402020719.5976,1402020720.0,1402019913,1402020720,0,11
spacev1b,euclidean,robust-prune,100,10000,1402020720,2390,1402020719.5996,1402020720.0,1402019914,1402020720,0,11
spacev1b,euclidean,robust-prune,100,10000,1402020720,2391,1402020719.6027,1402020720.0,1402019915,1402020720,0,11
spacev1b,euclidean,robust-prune,100,10000,1402020720,2392,1402020719.6047,1402020720.0,1402019917,1402020720,0,11
spacev1b,euclidean,robust-prune,100,10000,1402020720,2393,1402020719.6062,1402020720.0,1402019918,1402020720,0,11
spacev1b,euclidean,robust-prune,100,10000,1402020720,2394,1402020719.6094,1402020720.0,1402019919,1402020720,0,11
spacev1b,euclidean,robust-prune,100,10000,1402020720,2395,1402020719.6115,1402020720.0,1402019920,1402020720,0,11
spacev1b,euclidean,robust-prune,100,10000,1402020720,2396,1402020719.6132,1402020720.0,1402019921,1402020720,0,11
spacev1b,euclidean,robust-prune,100,10000,1402020720,2397,1402020719.615,1402020720.0,1402019922,1402020720,0,11
spacev1b,euclidean,robust-prune,100,10000,1402020720,2398,1402020719.6165,1402020720.0,1402019924,1402020720,0,11
spacev1b,euclidean,robust-prune,100,10000,1402020720,2399,1402020719.6183,1402020720.0,1402019925,1402020720,0,11
spacev1b,euclidean,robust-prune,100,10000,1402020720,2400,1402020719.62,1402020720.0,1402019927,1402020720,0,11
spacev1b,euclidean,robust-prune,100,10000,1402020720,2401,1402020719.6228,1402020720.0,1402019928,1402020720,0,11
spacev1b,euclidean,robust-prune,100,10000,1402020720,2402,1402020719.6258,1402020720.0,1402019931,1402020720,0,11
spacev1b,euclidean,robust-prune,100,10000,1402020720,2403,1402020719.6274,1402020720.0,1402019933,1402020720,0,11
spacev1b,euclidean,robust-prune,100,10000,1402020720,2404,1402020719.63,1402020720.0,1402019935,1402020720,0,11
spacev1b,euclidean,robust-prune,100,10000,1402020720,2405,1402020719.6317,1402020720.0,1402019936,1402020720,0,11
spacev1b,euclidean,robust-prune,100,10000,1402020720,2406,1402020719.6337,1402020720.0,1402019937,1402020720,0,11
spacev1b,euclidean,robust-prune,100,10000,1402020720,2407,1402020719.636,1402020720.0,1402019939,1402020720,0,11
spacev1b,euclidean,robust-prune,100,10000,1402020720,2408,1402020719.6378,1402020720.0,1402019940,1402020720,0,11
spacev1b,euclidean,robust-prune,100,10000,1402020720,2409,1402020719.6397,1402020720.0,1402019941,1402020720,0,11
spacev1b,euclidean,robust-prune,100,10000,1402020720,2410,1402020719.6415,1402020720.0,1402019942,1402020720,0,11
spacev1b,euclidean,robust-prune,100,10000,1402020720,2411,1402020719.6448,1402020720.0,1402019945,1402020720,0,11
spacev1b,euclidean,robust-prune,100,10000,1402020720,2412,1402020719.6488,1402020720.0,1402019948,1402020720,0,11
spacev1b,euclidean,robust-prune,100,10000,1402020720,2413,1402020719.6507,1402020720.0,1402019950,1402020720,0,11
spacev1b,euclidean,robust-prune,100,10000,1402020720,2414,1402020719.6523,1402020720.0,1402019951,1402020720,0,11
spacev1b,euclidean,robust-prune,100,10000,1402020720,2415,1402020719.6543,1402020720.0,1402019954,1402020720,0,11
spacev1b,euclidean,robust-prune,100,10000,1402020720,2416,1402020719.656,1402020720.0,1402019955,1402020720,0,11
spacev1b,euclidean,robust-prune,100,10000,1402020720,2417,1402020719.6581,1402020720.0,1402019956,1402020720,0,11
spacev1b,euclidean,robust-prune,100,10000,1402020720,2418,1402020719.66,1402020720.0,1402019960,1402020720,0,10
spacev1b,euclidean,robust-prune,100,10000,1402020720,2419,1402020719.6633,1402020720.0,1402019963,1402020720,0,10
spacev1b,euclidean,robust-prune,100,10000,1402020720,2420,1402020719.6668,1402020720.0,1402019967,1402020720,0,10
spacev1b,euclidean,robust-prune,100,10000,1402020720,2421,1402020719.6696,1402020720.0,1402019970,1402020720,0,10
spacev1b,euclidean,robust-prune,100,10000,1402020720,2422,1402020719.6718,1402020720.0,1402019974,1402020720,0,10
spacev1b,euclidean,robust-prune,100,10000,1402020720,2423,1402020719.6738,1402020720.0,1402019975,1402020720,0,10
spacev1b,euclidean,robust-prune,100,10000,1402020720,2424,1402020719.6758,1402020720.0,1402019976,1402020720,0,10
spacev1b,euclidean,robust-prune,100,10000,1402020720,2425,1402020719.6784,1402020720.0,1402019978,1402020720,0,10
spacev1b,euclidean,robust-prune,100,10000,1402020720,2426,1402020719.6804,1402020720.0,1402019981,1402020720,0,10
spacev1b,euclidean,robust-prune,100,10000,1402020720,2427,1402020719.6822,1402020720.0,1402019982,1402020720,0,10
spacev1b,euclidean,robust-prune,100,10000,1402020720,2428,1402020719.6839,1402020720.0,1402019986,1402020720,0,10
spacev1b,euclidean,robust-prune,100,10000,1402020720,2429,1402020719.686,1402020720.0,1402019987,1402020720,0,10
spacev1b,euclidean,robust-prune,100,10000,1402020720,2430,1402020719.6873,1402020720.0,1402019988,1402020720,0,10
spacev1b,euclidean,robust-prune,100,10000,1402020720,2431,1402020719.6892,1402020720.0,1402019995,1402020720,0,10
spacev1b,euclidean,robust-prune,100,10000,1402020720,2432,1402020719.6914,1402020720.0,1402019998,1402020720,0,10
spacev1b,euclidean,robust-prune,100,10000,1402020720,2433,1402020719.6932,1402020720.0,1402019999,1402020720,0,10
spacev1b,euclidean,robust-prune,100,10000,1402020720,2434,1402020719.6951,1402020720.0,1402020000,1402020720,0,10
spacev1b,euclidean,robust-prune,100,10000,1402020720,2435,1402020719.6971,1402020720.0,1402020001,1402020720,0,10
spacev1b,euclidean,robust-prune,100,10000,1402020720,2436,1402020719.6985,1402020720.0,1402020002,1402020720,0,10
spacev1b,euclidean,robust-prune,100,10000,1402020720,2437,1402020719.7,1402020720.0,1402020003,1402020720,0,10
spacev1b,euclidean,robust-prune,100,10000,1402020720,2438,1402020719.7017,1402020720.0,1402020004,1402020720,0,10
spacev1b,euclidean,robust-prune,100,10000,1402020720,2439,1402020719.7039,1402020720.0,1402020009,1402020720,0,10
spacev1b,euclidean,robust-prune,100,10000,1402020720,2440,1402020719.706,1402020720.0,1402020010,1402020720,0,10
spacev1b,euclidean,robust-prune,100,10000,1402020720,2441,1402020719.7076,1402020720.0,1402020011,1402020720,0,10
spacev1b,euclidean,robust-prune,100,10000,1402020720,2442,1402020719.7098,1402020720.0,1402020012,1402020720,0,10
spacev1b,euclidean,robust-prune,100,10000,1402020720,2443,1402020719.7114,1402020720.0,1402020013,1402020720,0,10
spacev1b,euclidean,robust-prune,100,10000,1402020720,2444,1402020719.7128,1402020720.0,1402020014,1402020720,0,10
spacev1b,euclidean,robust-prune,100,10000,1402020720,2445,1402020719.7146,1402020720.0,1402020015,1402020720,0,10
spacev1b,euclidean,robust-prune,100,10000,1402020720,2446,1402020719.7174,1402020720.0,1402020017,1402020720,0,10
spacev1b,euclidean,robust-prune,100,10000,1402020720,2447,1402020719.7195,1402020720.0,1402020018,1402020720,0,10
spacev1b,euclidean,robust-prune,100,10000,1402020720,2448,1402020719.7211,1402020720.0,1402020019,1402020720,0,10
spacev1b,euclidean,robust-prune,100,10000,1402020720,2449,1402020719.7225,1402020720.0,1402020020,1402020720,0,10
spacev1b,euclidean,robust-prune,100,10000,1402020720,2450,1402020719.7235,1402020720.0,1402020021,1402020720,0,10
spacev1b,euclidean,robust-prune,100,10000,1402020720,2451,1402020719.7258,1402020720.0,1402020023,1402020720,0,10
spacev1b,euclidean,robust-prune,100,10000,1402020720,2452,1402020719.7277,1402020720.0,1402020024,1402020720,0,10
spacev1b,euclidean,robust-prune,100,10000,1402020720,2453,1402020719.7296,1402020720.0,1402020025,1402020720,0,10
spacev1b,euclidean,robust-prune,100,10000,1402020720,2454,1402020719.7313,1402020720.0,1402020026,1402020720,0,10
spacev1b,euclidean,robust-prune,100,10000,1402020720,2455,1402020719.7335,1402020720.0,1402020031,1402020720,0,10
spacev1b,euclidean,robust-prune,100,10000,1402020720,2456,1402020719.7346,1402020720.0,1402020032,1402020720,0,10
spacev1b,euclidean,robust-prune,100,10000,1402020720,2457,1402020719.7362,1402020720.0,1402020033,1402020720,0,10
spacev1b,euclidean,robust-prune,100,10000,1402020720,2458,1402020719.7382,1402020720.0,1402020037,1402020720,0,10
spacev1b,euclidean,robust-prune,100,10000,1402020720,2459,1402020719.7395,1402020720.0,1402020038,1402020720,0,10
spacev1b,euclidean,robust-prune,100,10000,1402020720,2460,1402020719.7409,1402020720.0,1402020040,1402020720,0,10
spacev1b,euclidean,robust-prune,100,10000,1402020720,2461,1402020719.742,1402020720.0,1402020041,1402020720,0,10
spacev1b,euclidean,robust-prune,100,10000,1402020720,2462,1402020719.7432,1402020720.0,1402020042,1402020720,0,10
spacev1b,euclidean,robust-prune,100,10000,1402020720,2463,1402020719.7447,1402020720.0,1402020043,1402020720,0,10
spacev1b,euclidean,robust-prune,100,10000,1402020720,2464,1402020719.7463,1402020720.0,1402020046,1402020720,0,10
spacev1b,euclidean,robust-prune,100,10000,1402020720,2465,1402020719.7481,1402020720.0,1402020049,1402020720,0,10
spacev1b,euclidean,robust-prune,100,10000,1402020720,2466,1402020719.7507,1402020720.0,1402020050,1402020720,0,10
spacev1b,euclidean,robust-prune,100,10000,1402020720,2467,1402020719.7522,1402020720.0,1402020051,1402020720,0,10
spacev1b,euclidean,robust-prune,100,10000,1402020720,2468,1402020719.7537,1402020720.0,1402020052,1402020720,0,10
spacev1b,euclidean,robust-prune,100,10000,1402020720,2469,1402020719.7559,1402020720.0,1402020054,1402020720,0,10
spacev1b,euclidean,robust-prune,100,10000,1402020720,2470,1402020719.7576,1402020720.0,1402020056,1402020720,0,9
spacev1b,euclidean,robust-prune,100,10000,1402020720,2471,1402020719.7588,1402020720.0,1402020057,1402020720,0,9
spacev1b,euclidean,robust-prune,100,10000,1402020720,2472,1402020719.7608,1402020720.0,1402020058,1402020720,0,9
spacev1b,euclidean,robust-prune,100,10000,1402020720,2473,1402020719.7623,1402020720.0,1402020059,1402020720,0,9
spacev1b,euclidean,robust-prune,100,10000,1402020720,2474,1402020719.7637,1402020720.0,1402020061,1402020720,0,9
spacev1b,euclidean,robust-prune,100,10000,1402020720,2475,1402020719.7648,1402020720.0,1402020062,1402020720,0,9
spacev1b,euclidean,robust-prune,100,10000,1402020720,2476,1402020719.7661,1402020720.0,1402020064,1402020720,0,9
spacev1b,euclidean,robust-prune,100,10000,1402020720,2477,1402020719.7674,1402020720.0,1402020066,1402020720,0,9
spacev1b,euclidean,robust-prune,100,10000,1402020720,2478,1402020719.7686,1402020720.0,1402020069,1402020720,0,9
spacev1b,euclidean,robust-prune,100,10000,1402020720,2479,1402020719.7699,1402020720.0,1402020070,1402020720,0,9
spacev1b,euclidean,robust-prune,100,10000,1402020720,2480,1402020719.7717,1402020720.0,1402020072,1402020720,0,9
spacev1b,euclidean,robust-prune,100,10000,1402020720,2481,1402020719.7728,1402020720.0,1402020073,1402020720,0,9
spacev1b,euclidean,robust-prune,100,10000,1402020720,2482,1402020719.7747,1402020720.0,1402020074,1402020720,0,9
spacev1b,euclidean,robust-prune,100,10000,1402020720,2483,1402020719.7762,1402020720.0,1402020075,1402020720,0,9
spacev1b,euclidean,robust-prune,100,10000,1402020720,2484,1402020719.7778,1402020720.0,1402020077,1402020720,0,9
spacev1b,euclidean,robust-prune,100,10000,1402020720,2485,1402020719.7793,1402020720.0,1402020081,1402020720,0,9
spacev1b,euclidean,robust-prune,100,10000,1402020720,2486,1402020719.7804,1402020720.0,1402020082,1402020720,0,9
spacev1b,euclidean,robust-prune,100,10000,1402020720,2487,1402020719.7822,1402020720.0,1402020084,1402020720,0,9
spacev1b,euclidean,robust-prune,100,10000,1402020720,2488,1402020719.7834,1402020720.0,1402020085,1402020720,0,9
spacev1b,euclidean,robust-prune,100,10000,1402020720,2489,1402020719.7848,1402020720.0,1402020086,1402020720,0,9
spacev1b,euclidean,robust-prune,100,10000,1402020720,2490,1402020719.7862,1402020720.0,1402020087,1402020720,0,9
spacev1b,euclidean,robust-prune,100,10000,1402020720,2491,1402020719.7873,1402020720.0,1402020088,1402020720,0,9
spacev1b,euclidean,robust-prune,100,10000,1402020720,2492,1402020719.7887,1402020720.0,1402020089,1402020720,0,9
spacev1b,euclidean,robust-prune,100,10000,1402020720,2493,1402020719.7901,1402020720.0,1402020090,1402020720,0,9
spacev1b,euclidean,robust-prune,100,10000,1402020720,2494,1402020719.7915,1402020720.0,1402020092,1402020720,0,9
spacev1b,euclidean,robust-prune,100,10000,1402020720,2495,1402020719.7931,1402020720.0,1402020096,1402020720,0,9
spacev1b,euclidean,robust-prune,100,10000,1402020720,2496,1402020719.7944,1402020720.0,1402020098,1402020720,0,9
spacev1b,euclidean,robust-prune,100,10000,1402020720,2497,1402020719.7959,1402020720.0,1402020099,1402020720,0,9
spacev1b,euclidean,robust-prune,100,10000,1402020720,2498,1402020719.7972,1402020720.0,1402020101,1402020720,0,9
spacev1b,euclidean,robust-prune,100,10000,1402020720,2499,1402020719.7985,1402020720.0,1402020102,1402020720,0,9
spacev1b,euclidean,robust-prune,100,10000,1402020720,2500,1402020719.7998,1402020720.0,1402020104,1402020720,0,9
spacev1b,euclidean,robust-prune,100,10000,1402020720,2501,1402020719.8013,1402020720.0,1402020106,1402020720,0,9
spacev1b,euclidean,robust-prune,100,10000,1402020720,2502,1402020719.8026,1402020720.0,1402020108,1402020720,0,9
spacev1b,euclidean,robust-prune,100,10000,1402020720,2503,1402020719.8037,1402020720.0,1402020109,1402020720,0,9
spacev1b,euclidean,robust-prune,100,10000,1402020720,2504,1402020719.8051,1402020720.0,1402020111,1402020720,0,9
spacev1b,euclidean,robust-prune,100,10000,1402020720,2505,1402020719.8061,1402020720.0,1402020112,1402020720,0,9
spacev1b,euclidean,robust-prune,100,10000,1402020720,2506,1402020719.8072,1402020720.0,1402020113,1402020720,0,9
spacev1b,euclidean,robust-prune,100,10000,1402020720,2507,1402020719.8089,1402020720.0,1402020115,1402020720,0,9
spacev1b,euclidean,robust-prune,100,10000,1402020720,2508,1402020719.8101,1402020720.0,1402020117,1402020720,0,9
spacev1b,euclidean,robust-prune,100,10000,1402020720,2509,1402020719.8112,1402020720.0,1402020119,1402020720,0,9
spacev1b,euclidean,robust-prune,100,10000,1402020720,2510,1402020719.8128,1402020720.0,1402020120,1402020720,0,9
spacev1b,euclidean,robust-prune,100,10000,1402020720,2511,1402020719.814,1402020720.0,1402020121,1402020720,0,9
spacev1b,euclidean,robust-prune,100,10000,1402020720,2512,1402020719.8152,1402020720.0,1402020122,1402020720,0,9
spacev1b,euclidean,robust-prune,100,10000,1402020720,2513,1402020719.8167,1402020720.0,1402020123,1402020720,0,9
spacev1b,euclidean,robust-prune,100,10000,1402020720,2514,1402020719.8178,1402020720.0,1402020124,1402020720,0,9
spacev1b,euclidean,robust-prune,100,10000,1402020720,2515,1402020719.8189,1402020720.0,1402020125,1402020720,0,9
spacev1b,euclidean,robust-prune,100,10000,1402020720,2516,1402020719.8206,1402020720.0,1402020126,1402020720,0,9
spacev1b,euclidean,robust-prune,100,10000,1402020720,2517,1402020719.822,1402020720.0,1402020128,1402020720,0,9
spacev1b,euclidean,robust-prune,100,10000,1402020720,2518,1402020719.8235,1402020720.0,1402020129,1402020720,0,9
spacev1b,euclidean,robust-prune,100,10000,1402020720,2519,1402020719.8247,1402020720.0,1402020130,1402020720,0,9
spacev1b,euclidean,robust-prune,100,10000,1402020720,2520,1402020719.8259,1402020720.0,1402020131,1402020720,0,9
spacev1b,euclidean,robust-prune,100,10000,1402020720,2521,1402020719.8271,1402020720.0,1402020132,1402020720,0,9
spacev1b,euclidean,robust-prune,100,10000,1402020720,2522,1402020719.8282,1402020720.0,1402020133,1402020720,0,9
spacev1b,euclidean,robust-prune,100,10000,1402020720,2523,1402020719.8295,1402020720.0,1402020134,1402020720,0,9
spacev1b,euclidean,robust-prune,100,10000,1402020720,2524,1402020719.8306,1402020720.0,1402020136,1402020720,0,9
spacev1b,euclidean,robust-prune,100,10000,1402020720,2525,1402020719.8317,1402020720.0,1402020137,1402020720,0,9
spacev1b,euclidean,robust-prune,100,10000,1402020720,2526,1402020719.8328,1402020720.0,1402020138,1402020720,0,9
spacev1b,euclidean,robust-prune,100,10000,1402020720,2527,1402020719.8338,1402020720.0,1402020139,1402020720,0,9
spacev1b,euclidean,robust-prune,100,10000,1402020720,2528,1402020719.8347,1402020720.0,1402020140,1402020720,0,9
spacev1b,euclidean,robust-prune,100,10000,1402020720,2529,1402020719.8363,1402020720.0,1402020141,1402020720,0,9
spacev1b,euclidean,robust-prune,100,10000,1402020720,2530,1402020719.8379,1402020720.0,1402020142,1402020720,0,9
spacev1b,euclidean,robust-prune,100,10000,1402020720,2531,1402020719.839,1402020720.0,1402020144,1402020720,0,9
spacev1b,euclidean,robust-prune,100,10000,1402020720,2532,1402020719.8401,1402020720.0,1402020145,1402020720,0,8
spacev1b,euclidean,robust-prune,100,10000,1402020720,2533,1402020719.841,1402020720.0,1402020146,1402020720,0,8
spacev1b,euclidean,robust-prune,100,10000,1402020720,2534,1402020719.8421,1402020720.0,1402020147,1402020720,0,8
spacev1b,euclidean,robust-prune,100,10000,1402020720,2535,1402020719.8432,1402020720.0,1402020148,1402020720,0,8
spacev1b,euclidean,robust-prune,100,10000,1402020720,2536,1402020719.8443,1402020720.0,1402020150,1402020720,0,8
spacev1b,euclidean,robust-prune,100,10000,1402020720,2537,1402020719.8453,1402020720.0,1402020151,1402020720,0,8
spacev1b,euclidean,robust-prune,100,10000,1402020720,2538,1402020719.8463,1402020720.0,1402020152,1402020720,0,8
spacev1b,euclidean,robust-prune,100,10000,1402020720,2539,1402020719.8474,1402020720.0,1402020154,1402020720,0,8
spacev1b,euclidean,robust-prune,100,10000,1402020720,2540,1402020719.849,1402020720.0,1402020156,1402020720,0,8
spacev1b,euclidean,robust-prune,100,10000,1402020720,2541,1402020719.8499,1402020720.0,1402020157,1402020720,0,8
spacev1b,euclidean,robust-prune,100,10000,1402020720,2542,1402020719.8508,1402020720.0,1402020159,1402020720,0,8
spacev1b,euclidean,robust-prune,100,10000,1402020720,2543,1402020719.8517,1402020720.0,1402020160,1402020720,0,8
spacev1b,euclidean,robust-prune,100,10000,1402020720,2544,1402020719.8529,1402020720.0,1402020161,1402020720,0,8
spacev1b,euclidean,robust-prune,100,10000,1402020720,2545,1402020719.8538,1402020720.0,1402020162,1402020720,0,8
spacev1b,euclidean,robust-prune,100,10000,1402020720,2546,1402020719.8551,1402020720.0,1402020165,1402020720,0,8
spacev1b,euclidean,robust-prune,100,10000,1402020720,2547,1402020719.8564,1402020720.0,1402020168,1402020720,0,8
spacev1b,euclidean,robust-prune,100,10000,1402020720,2548,1402020719.8575,1402020720.0,1402020169,1402020720,0,8
spacev1b,euclidean,robust-prune,100,10000,1402020720,2549,1402020719.8587,1402020720.0,1402020170,1402020720,0,8
spacev1b,euclidean,robust-prune,100,10000,1402020720,2550,1402020719.8596,1402020720.0,1402020171,1402020720,0,8
spacev1b,euclidean,robust-prune,100,10000,1402020720,2551,1402020719.8604,1402020720.0,1402020172,1402020720,0,8
spacev1b,euclidean,robust-prune,100,10000,1402020720,2552,1402020719.8615,1402020720.0,1402020173,1402020720,0,8
spacev1b,euclidean,robust-prune,100,10000,1402020720,2553,1402020719.8624,1402020720.0,1402020174,1402020720,0,8
spacev1b,euclidean,robust-prune,100,10000,1402020720,2554,1402020719.8634,1402020720.0,1402020175,1402020720,0,7
spacev1b,euclidean,robust-prune,100,10000,1402020720,2555,1402020719.8645,1402020720.0,1402020177,1402020720,0,7
spacev1b,euclidean,robust-prune,100,10000,1402020720,2556,1402020719.8655,1402020720.0,1402020178,1402020720,0,7
spacev1b,euclidean,robust-prune,100,10000,1402020720,2557,1402020719.8665,1402020720.0,1402020179,1402020720,0,7
spacev1b,euclidean,robust-prune,100,10000,1402020720,2558,1402020719.8674,1402020720.0,1402020180,1402020720,0,7
spacev1b,euclidean,robust-prune,100,10000,1402020720,2559,1402020719.8689,1402020720.0,1402020181,1402020720,0,7
spacev1b,euclidean,robust-prune,100,10000,1402020720,2560,1402020719.8698,1402020720.0,1402020182,1402020720,0,7
spacev1b,euclidean,robust-prune,100,10000,1402020720,2561,1402020719.8706,1402020720.0,1402020183,1402020720,0,7
spacev1b,euclidean,robust-prune,100,10000,1402020720,2562,1402020719.8714,1402020720.0,1402020185,1402020720,0,7
spacev1b,euclidean,robust-prune,100,10000,1402020720,2563,1402020719.8723,1402020720.0,1402020186,1402020720,0,7
spacev1b,euclidean,robust-prune,100,10000,1402020720,2564,1402020719.8733,1402020720.0,1402020187,1402020720,0,7
spacev1b,euclidean,robust-prune,100,10000,1402020720,2565,1402020719.8741,1402020720.0,1402020188,1402020720,0,7
spacev1b,euclidean,robust-prune,100,10000,1402020720,2566,1402020719.875,1402020720.0,1402020189,1402020720,0,7
spacev1b,euclidean,robust-prune,100,10000,1402020720,2567,1402020719.8762,1402020720.0,1402020190,1402020720,0,7
spacev1b,euclidean,robust-prune,100,10000,1402020720,2568,1402020719.8779,1402020720.0,1402020192,1402020720,0,6
spacev1b,euclidean,robust-prune,100,10000,1402020720,2569,1402020719.8787,1402020720.0,1402020193,1402020720,0,6
spacev1b,euclidean,robust-prune,100,10000,1402020720,2570,1402020719.8797,1402020720.0,1402020194,1402020720,0,6
spacev1b,euclidean,robust-prune,100,10000,1402020720,2571,1402020719.8812,1402020720.0,1402020199,1402020720,0,6
spacev1b,euclidean,robust-prune,100,10000,1402020720,2572,1402020719.8827,1402020720.0,1402020208,1402020720,0,6
spacev1b,euclidean,robust-prune,100,10000,1402020720,2573,1402020719.8835,1402020720.0,1402020209,1402020720,0,6
spacev1b,euclidean,robust-prune,100,10000,1402020720,2574,1402020719.8847,1402020720.0,1402020211,1402020720,0,6
spacev1b,euclidean,robust-prune,100,10000,1402020720,2575,1402020719.8858,1402020720.0,1402020212,1402020720,0,6
spacev1b,euclidean,robust-prune,100,10000,1402020720,2576,1402020719.8867,1402020720.0,1402020213,1402020720,0,6
spacev1b,euclidean,robust-prune,100,10000,1402020720,2577,1402020719.8875,1402020720.0,1402020215,1402020720,0,6
spacev1b,euclidean,robust-prune,100,10000,1402020720,2578,1402020719.8882,1402020720.0,1402020216,1402020720,0,6
spacev1b,euclidean,robust-prune,100,10000,1402020720,2579,1402020719.8889,1402020720.0,1402020217,1402020720,0,6
spacev1b,euclidean,robust-prune,100,10000,1402020720,2580,1402020719.8897,1402020720.0,1402020218,1402020720,0,6
spacev1b,euclidean,robust-prune,100,10000,1402020720,2581,1402020719.8906,1402020720.0,1402020220,1402020720,0,6
spacev1b,euclidean,robust-prune,100,10000,1402020720,2582,1402020719.8916,1402020720.0,1402020222,1402020720,0,6
spacev1b,euclidean,robust-prune,100,10000,1402020720,2583,1402020719.8925,1402020720.0,1402020226,1402020720,0,6
spacev1b,euclidean,robust-prune,100,10000,1402020720,2584,1402020719.8935,1402020720.0,1402020227,1402020720,0,6
spacev1b,euclidean,robust-prune,100,10000,1402020720,2585,1402020719.8943,1402020720.0,1402020229,1402020720,0,6
spacev1b,euclidean,robust-prune,100,10000,1402020720,2586,1402020719.8951,1402020720.0,1402020231,1402020720,0,6
spacev1b,euclidean,robust-prune,100,10000,1402020720,2587,1402020719.8957,1402020720.0,1402020232,1402020720,0,6
spacev1b,euclidean,robust-prune,100,10000,1402020720,2588,1402020719.8967,1402020720.0,1402020234,1402020720,0,6
spacev1b,euclidean,robust-prune,100,10000,1402020720,2589,1402020719.8974,1402020720.0,1402020235,1402020720,0,6
spacev1b,euclidean,robust-prune,100,10000,1402020720,2590,1402020719.8983,1402020720.0,1402020237,1402020720,0,6
spacev1b,euclidean,robust-prune,100,10000,1402020720,2591,1402020719.8991,1402020720.0,1402020239,1402020720,0,6
spacev1b,euclidean,robust-prune,100,10000,1402020720,2592,1402020719.9009,1402020720.0,1402020241,1402020720,0,6
spacev1b,euclidean,robust-prune,100,10000,1402020720,2593,1402020719.9018,1402020720.0,1402020242,1402020720,0,6
spacev1b,euclidean,robust-prune,100,10000,1402020720,2594,1402020719.9027,1402020720.0,1402020243,1402020720,0,6
spacev1b,euclidean,robust-prune,100,10000,1402020720,2595,1402020719.9033,1402020720.0,1402020244,1402020720,0,6
spacev1b,euclidean,robust-prune,100,10000,1402020720,2596,1402020719.904,1402020720.0,1402020246,1402020720,0,6
spacev1b,euclidean,robust-prune,100,10000,1402020720,2597,1402020719.9048,1402020720.0,1402020247,1402020720,0,6
spacev1b,euclidean,robust-prune,100,10000,1402020720,2598,1402020719.9055,1402020720.0,1402020248,1402020720,0,6
spacev1b,euclidean,robust-prune,100,10000,1402020720,2599,1402020719.9066,1402020720.0,1402020249,1402020720,0,6
spacev1b,euclidean,robust-prune,100,10000,1402020720,2600,1402020719.9072,1402020720.0,1402020250,1402020720,0,6
spacev1b,euclidean,robust-prune,100,10000,1402020720,2601,1402020719.9078,1402020720.0,1402020251,1402020720,0,6
spacev1b,euclidean,robust-prune,100,10000,1402020720,2602,1402020719.9085,1402020720.0,1402020252,1402020720,0,6
spacev1b,euclidean,robust-prune,100,10000,1402020720,2603,1402020719.9093,1402020720.0,1402020253,1402020720,0,6
spacev1b,euclidean,robust-prune,100,10000,1402020720,2604,1402020719.9099,1402020720.0,1402020254,1402020720,0,6
spacev1b,euclidean,robust-prune,100,10000,1402020720,2605,1402020719.9108,1402020720.0,1402020257,1402020720,0,6
spacev1b,euclidean,robust-prune,100,10000,1402020720,2606,1402020719.9114,1402020720.0,1402020258,1402020720,0,6
spacev1b,euclidean,robust-prune,100,10000,1402020720,2607,1402020719.912,1402020720.0,1402020259,1402020720,0,6
spacev1b,euclidean,robust-prune,100,10000,1402020720,2608,1402020719.9127,1402020720.0,1402020260,1402020720,0,6
spacev1b,euclidean,robust-prune,100,10000,1402020720,2609,1402020719.9133,1402020720.0,1402020261,1402020720,0,6
spacev1b,euclidean,robust-prune,100,10000,1402020720,2610,1402020719.9142,1402020720.0,1402020262,1402020720,0,6
spacev1b,euclidean,robust-prune,100,10000,1402020720,2611,1402020719.9149,1402020720.0,1402020264,1402020720,0,6
spacev1b,euclidean,robust-prune,100,10000,1402020720,2612,1402020719.9156,1402020720.0,1402020265,1402020720,0,6
spacev1b,euclidean,robust-prune,100,10000,1402020720,2613,1402020719.9165,1402020720.0,1402020269,1402020720,0,6
spacev1b,euclidean,robust-prune,100,10000,1402020720,2614,1402020719.9174,1402020720.0,1402020271,1402020720,0,6
spacev1b,euclidean,robust-prune,100,10000,1402020720,2615,1402020719.918,1402020720.0,1402020272,1402020720,0,6
spacev1b,euclidean,robust-prune,100,10000,1402020720,2616,1402020719.9188,1402020720.0,1402020274,1402020720,0,6
spacev1b,euclidean,robust-prune,100,10000,1402020720,2617,1402020719.9195,1402020720.0,1402020275,1402020720,0,6
spacev1b,euclidean,robust-prune,100,10000,1402020720,2618,1402020719.9206,1402020720.0,1402020278,1402020720,0,6
spacev1b,euclidean,robust-prune,100,10000,1402020720,2619,1402020719.9213,1402020720.0,1402020279,1402020720,0,6
spacev1b,euclidean,robust-prune,100,10000,1402020720,2620,1402020719.9221,1402020720.0,1402020280,1402020720,0,6
spacev1b,euclidean,robust-prune,100,10000,1402020720,2621,1402020719.9228,1402020720.0,1402020282,1402020720,0,6
spacev1b,euclidean,robust-prune,100,10000,1402020720,2622,1402020719.9235,1402020720.0,1402020284,1402020720,0,6
spacev1b,euclidean,robust-prune,100,10000,1402020720,2623,1402020719.9243,1402020720.0,1402020285,1402020720,0,6
spacev1b,euclidean,robust-prune,100,10000,1402020720,2624,1402020719.9252,1402020720.0,1402020287,1402020720,0,6
spacev1b,euclidean,robust-prune,100,10000,1402020720,2625,1402020719.9258,1402020720.0,1402020288,1402020720,0,6
spacev1b,euclidean,robust-prune,100,10000,1402020720,2626,1402020719.9265,1402020720.0,1402020289,1402020720,0,6
spacev1b,euclidean,robust-prune,100,10000,1402020720,2627,1402020719.9274,1402020720.0,1402020293,1402020720,0,6
spacev1b,euclidean,robust-prune,100,10000,1402020720,2628,1402020719.9281,1402020720.0,1402020294,1402020720,0,5
spacev1b,euclidean,robust-prune,100,10000,1402020720,2629,1402020719.9287,1402020720.0,1402020295,1402020720,0,5
spacev1b,euclidean,robust-prune,100,10000,1402020720,2630,1402020719.9292,1402020720.0,1402020296,1402020720,0,5
spacev1b,euclidean,robust-prune,100,10000,1402020720,2631,1402020719.9298,1402020720.0,1402020298,1402020720,0,5
spacev1b,euclidean,robust-prune,100,10000,1402020720,2632,1402020719.9307,1402020720.0,1402020301,1402020720,0,5
spacev1b,euclidean,robust-prune,100,10000,1402020720,2633,1402020719.9313,1402020720.0,1402020303,1402020720,0,5
spacev1b,euclidean,robust-prune,100,10000,1402020720,2634,1402020719.932,1402020720.0,1402020304,1402020720,0,5
spacev1b,euclidean,robust-prune,100,10000,1402020720,2635,1402020719.9328,1402020720.0,1402020305,1402020720,0,5
spacev1b,euclidean,robust-prune,100,10000,1402020720,2636,1402020719.9337,1402020720.0,1402020307,1402020720,0,5
spacev1b,euclidean,robust-prune,100,10000,1402020720,2637,1402020719.9343,1402020720.0,1402020308,1402020720,0,5
spacev1b,euclidean,robust-prune,100,10000,1402020720,2638,1402020719.9348,1402020720.0,1402020309,1402020720,0,4
spacev1b,euclidean,robust-prune,100,10000,1402020720,2639,1402020719.9353,1402020720.0,1402020311,1402020720,0,4
spacev1b,euclidean,robust-prune,100,10000,1402020720,2640,1402020719.9357,1402020720.0,1402020312,1402020720,0,4
spacev1b,euclidean,robust-prune,100,10000,1402020720,2641,1402020719.9361,1402020720.0,1402020313,1402020720,0,4
spacev1b,euclidean,robust-prune,100,10000,1402020720,2642,1402020719.9367,1402020720.0,1402020315,1402020720,0,4
spacev1b,euclidean,robust-prune,100,10000,1402020720,2643,1402020719.9372,1402020720.0,1402020316,1402020720,0,4
spacev1b,euclidean,robust-prune,100,10000,1402020720,2644,1402020719.9376,1402020720.0,1402020317,1402020720,0,4
spacev1b,euclidean,robust-prune,100,10000,1402020720,2645,1402020719.9382,1402020720.0,1402020320,1402020720,0,4
spacev1b,euclidean,robust-prune,100,10000,1402020720,2646,1402020719.9386,1402020720.0,1402020321,1402020720,0,4
spacev1b,euclidean,robust-prune,100,10000,1402020720,2647,1402020719.9391,1402020720.0,1402020322,1402020720,0,4
spacev1b,euclidean,robust-prune,100,10000,1402020720,2648,1402020719.9397,1402020720.0,1402020324,1402020720,0,4
spacev1b,euclidean,robust-prune,100,10000,1402020720,2649,1402020719.9402,1402020720.0,1402020326,1402020720,0,4
spacev1b,euclidean,robust-prune,100,10000,1402020720,2650,1402020719.9406,1402020720.0,1402020327,1402020720,0,3
spacev1b,euclidean,robust-prune,100,10000,1402020720,2651,1402020719.9409,1402020720.0,1402020328,1402020720,0,3
spacev1b,euclidean,robust-prune,100,10000,1402020720,2652,1402020719.9413,1402020720.0,1402020329,1402020720,0,3
spacev1b,euclidean,robust-prune,100,10000,1402020720,2653,1402020719.9417,1402020720.0,1402020330,1402020720,0,3
spacev1b,euclidean,robust-prune,100,10000,1402020720,2654,1402020719.9421,1402020720.0,1402020332,1402020720,0,3
spacev1b,euclidean,robust-prune,100,10000,1402020720,2655,1402020719.9424,1402020720.0,1402020333,1402020720,0,3
spacev1b,euclidean,robust-prune,100,10000,1402020720,2656,1402020719.9428,1402020720.0,1402020335,1402020720,0,3
spacev1b,euclidean,robust-prune,100,10000,1402020720,2657,1402020719.9432,1402020720.0,1402020336,1402020720,0,3
spacev1b,euclidean,robust-prune,100,10000,1402020720,2658,1402020719.9435,1402020720.0,1402020337,1402020720,0,3
spacev1b,euclidean,robust-prune,100,10000,1402020720,2659,1402020719.9438,1402020720.0,1402020338,1402020720,0,3
spacev1b,euclidean,robust-prune,100,10000,1402020720,2660,1402020719.9441,1402020720.0,1402020339,1402020720,0,3
spacev1b,euclidean,robust-prune,100,10000,1402020720,2661,1402020719.9444,1402020720.0,1402020340,1402020720,0,3
spacev1b,euclidean,robust-prune,100,10000,1402020720,2662,1402020719.9448,1402020720.0,1402020341,1402020720,0,3
spacev1b,euclidean,robust-prune,100,10000,1402020720,2663,1402020719.9451,1402020720.0,1402020342,1402020720,0,3
spacev1b,euclidean,robust-prune,100,10000,1402020720,2664,1402020719.9454,1402020720.0,1402020343,1402020720,0,3
spacev1b,euclidean,robust-prune,100,10000,1402020720,2665,1402020719.9457,1402020720.0,1402020344,1402020720,0,3
spacev1b,euclidean,robust-prune,100,10000,1402020720,2666,1402020719.9462,1402020720.0,1402020345,1402020720,0,3
spacev1b,euclidean,robust-prune,100,10000,1402020720,2667,1402020719.9465,1402020720.0,1402020346,1402020720,0,3
spacev1b,euclidean,robust-prune,100,10000,1402020720,2668,1402020719.9468,1402020720.0,1402020347,1402020720,0,3
spacev1b,euclidean,robust-prune,100,10000,1402020720,2669,1402020719.9472,1402020720.0,1402020348,1402020720,0,3
spacev1b,euclidean,robust-prune,100,10000,1402020720,2670,1402020719.9478,1402020720.0,1402020350,1402020720,0,3
spacev1b,euclidean,robust-prune,100,10000,1402020720,2671,1402020719.9481,1402020720.0,1402020351,1402020720,0,3
spacev1b,euclidean,robust-prune,100,10000,1402020720,2672,1402020719.9486,1402020720.0,1402020353,1402020720,0,3
spacev1b,euclidean,robust-prune,100,10000,1402020720,2673,1402020719.9491,1402020720.0,1402020355,1402020720,0,3
spacev1b,euclidean,robust-prune,100,10000,1402020720,2674,1402020719.9495,1402020720.0,1402020356,1402020720,0,3
spacev1b,euclidean,robust-prune,100,10000,1402020720,2675,1402020719.9498,1402020720.0,1402020357,1402020720,0,3
spacev1b,euclidean,robust-prune,100,10000,1402020720,2676,1402020719.9501,1402020720.0,1402020358,1402020720,0,3
spacev1b,euclidean,robust-prune,100,10000,1402020720,2677,1402020719.9505,1402020720.0,1402020360,1402020720,0,3
spacev1b,euclidean,robust-prune,100,10000,1402020720,2678,1402020719.9508,1402020720.0,1402020361,1402020720,0,3
spacev1b,euclidean,robust-prune,100,10000,1402020720,2679,1402020719.9511,1402020720.0,1402020362,1402020720,0,3
spacev1b,euclidean,robust-prune,100,10000,1402020720,2680,1402020719.9514,1402020720.0,1402020363,1402020720,0,3
spacev1b,euclidean,robust-prune,100,10000,1402020720,2681,1402020719.9519,1402020720.0,1402020366,1402020720,0,3
spacev1b,euclidean,robust-prune,100,10000,1402020720,2682,1402020719.9522,1402020720.0,1402020367,1402020720,0,3
spacev1b,euclidean,robust-prune,100,10000,1402020720,2683,1402020719.9526,1402020720.0,1402020369,1402020720,0,3
spacev1b,euclidean,robust-prune,100,10000,1402020720,2684,1402020719.953,1402020720.0,1402020370,1402020720,0,3
spacev1b,euclidean,robust-prune,100,10000,1402020720,2685,1402020719.9533,1402020720.0,1402020371,1402020720,0,3
spacev1b,euclidean,robust-prune,100,10000,1402020720,2686,1402020719.9536,1402020720.0,1402020372,1402020720,0,3
spacev1b,euclidean,robust-prune,100,10000,1402020720,2687,1402020719.9539,1402020720.0,1402020373,1402020720,0,3
spacev1b,euclidean,robust-prune,100,10000,1402020720,2688,1402020719.9542,1402020720.0,1402020374,1402020720,0,3
spacev1b,euclidean,robust-prune,100,10000,1402020720,2689,1402020719.9545,1402020720.0,1402020375,1402020720,0,2
spacev1b,euclidean,robust-prune,100,10000,1402020720,2690,1402020719.9547,1402020720.0,1402020376,1402020720,0,2
spacev1b,euclidean,robust-prune,100,10000,1402020720,2691,1402020719.955,1402020720.0,1402020378,1402020720,0,2
spacev1b,euclidean,robust-prune,100,10000,1402020720,2692,1402020719.9553,1402020720.0,1402020380,1402020720,0,2
spacev1b,euclidean,robust-prune,100,10000,1402020720,2693,1402020719.9555,1402020720.0,1402020381,1402020720,0,2
spacev1b,euclidean,robust-prune,100,10000,1402020720,2694,1402020719.9557,1402020720.0,1402020382,1402020720,0,2
spacev1b,euclidean,robust-prune,100,10000,1402020720,2695,1402020719.956,1402020720.0,1402020384,1402020720,0,2
spacev1b,euclidean,robust-prune,100,10000,1402020720,2696,1402020719.9562,1402020720.0,1402020385,1402020720,0,2
spacev1b,euclidean,robust-prune,100,10000,1402020720,2697,1402020719.9567,1402020720.0,1402020388,1402020720,0,2
spacev1b,euclidean,robust-prune,100,10000,1402020720,2698,1402020719.9571,1402020720.0,1402020390,1402020720,0,2
spacev1b,euclidean,robust-prune,100,10000,1402020720,2699,1402020719.9573,1402020720.0,1402020391,1402020720,0,2
spacev1b,euclidean,robust-prune,100,10000,1402020720,2700,1402020719.9576,1402020720.0,1402020392,1402020720,0,2
spacev1b,euclidean,robust-prune,100,10000,1402020720,2701,1402020719.9578,1402020720.0,1402020393,1402020720,0,2
spacev1b,euclidean,robust-prune,100,10000,1402020720,2702,1402020719.9582,1402020720.0,1402020396,1402020720,0,2
spacev1b,euclidean,robust-prune,100,10000,1402020720,2703,1402020719.9584,1402020720.0,1402020397,1402020720,0,2
spacev1b,euclidean,robust-prune,100,10000,1402020720,2704,1402020719.9586,1402020720.0,1402020398,1402020720,0,2
spacev1b,euclidean,robust-prune,100,10000,1402020720,2705,1402020719.9588,1402020720.0,1402020399,1402020720,0,2
spacev1b,euclidean,robust-prune,100,10000,1402020720,2706,1402020719.959,1402020720.0,1402020400,1402020720,0,2
spacev1b,euclidean,robust-prune,100,10000,1402020720,2707,1402020719.9592,1402020720.0,1402020401,1402020720,0,2
spacev1b,euclidean,robust-prune,100,10000,1402020720,2708,1402020719.9594,1402020720.0,1402020402,1402020720,0,2
spacev1b,euclidean,robust-prune,100,10000,1402020720,2709,1402020719.9597,1402020720.0,1402020404,1402020720,0,2
spacev1b,euclidean,robust-prune,100,10000,1402020720,2710,1402020719.9599,1402020720.0,1402020405,1402020720,0,2
spacev1b,euclidean,robust-prune,100,10000,1402020720,2711,1402020719.9601,1402020720.0,1402020406,1402020720,0,2
spacev1b,euclidean,robust-prune,100,10000,1402020720,2712,1402020719.9606,1402020720.0,1402020409,1402020720,0,2
spacev1b,euclidean,robust-prune,100,10000,1402020720,2713,1402020719.9609,1402020720.0,1402020410,1402020720,0,2
spacev1b,euclidean,robust-prune,100,10000,1402020720,2714,1402020719.9611,1402020720.0,1402020411,1402020720,0,2
spacev1b,euclidean,robust-prune,100,10000,1402020720,2715,1402020719.9613,1402020720.0,1402020412,1402020720,0,2
spacev1b,euclidean,robust-prune,100,10000,1402020720,2716,1402020719.9616,1402020720.0,1402020413,1402020720,0,2
spacev1b,euclidean,robust-prune,100,10000,1402020720,2717,1402020719.9618,1402020720.0,1402020414,1402020720,0,2
spacev1b,euclidean,robust-prune,100,10000,1402020720,2718,1402020719.962,1402020720.0,1402020415,1402020720,0,2
spacev1b,euclidean,robust-prune,100,10000,1402020720,2719,1402020719.9622,1402020720.0,1402020416,1402020720,0,2
spacev1b,euclidean,robust-prune,100,10000,1402020720,2720,1402020719.9624,1402020720.0,1402020417,1402020720,0,2
spacev1b,euclidean,robust-prune,100,10000,1402020720,2721,1402020719.9626,1402020720.0,1402020418,1402020720,0,2
spacev1b,euclidean,robust-prune,100,10000,1402020720,2722,1402020719.9628,1402020720.0,1402020419,1402020720,0,2
spacev1b,euclidean,robust-prune,100,10000,1402020720,2723,1402020719.9631,1402020720.0,1402020421,1402020720,0,2
spacev1b,euclidean,robust-prune,100,10000,1402020720,2724,1402020719.9633,1402020720.0,1402020422,1402020720,0,2
spacev1b,euclidean,robust-prune,100,10000,1402020720,2725,1402020719.9637,1402020720.0,1402020424,1402020720,0,2
spacev1b,euclidean,robust-prune,100,10000,1402020720,2726,1402020719.964,1402020720.0,1402020426,1402020720,0,2
spacev1b,euclidean,robust-prune,100,10000,1402020720,2727,1402020719.9642,1402020720.0,1402020427,1402020720,0,2
spacev1b,euclidean,robust-prune,100,10000,1402020720,2728,1402020719.9645,1402020720.0,1402020429,1402020720,0,2
spacev1b,euclidean,robust-prune,100,10000,1402020720,2729,1402020719.9647,1402020720.0,1402020430,1402020720,0,2
spacev1b,euclidean,robust-prune,100,10000,1402020720,2730,1402020719.9649,1402020720.0,1402020431,1402020720,0,2
spacev1b,euclidean,robust-prune,100,10000,1402020720,2731,1402020719.9652,1402020720.0,1402020433,1402020720,0,2
spacev1b,euclidean,robust-prune,100,10000,1402020720,2732,1402020719.9654,1402020720.0,1402020434,1402020720,0,2
spacev1b,euclidean,robust-prune,100,10000,1402020720,2733,1402020719.9656,1402020720.0,1402020435,1402020720,0,2
spacev1b,euclidean,robust-prune,100,10000,1402020720,2734,1402020719.9658,1402020720.0,1402020436,1402020720,0,2
spacev1b,euclidean,robust-prune,100,10000,1402020720,2735,1402020719.9661,1402020720.0,1402020437,1402020720,0,2
spacev1b,euclidean,robust-prune,100,10000,1402020720,2736,1402020719.9663,1402020720.0,1402020438,1402020720,0,2
spacev1b,euclidean,robust-prune,100,10000,1402020720,2737,1402020719.9665,1402020720.0,1402020439,1402020720,0,2
spacev1b,euclidean,robust-prune,100,10000,1402020720,2738,1402020719.9667,1402020720.0,1402020440,1402020720,0,2
spacev1b,euclidean,robust-prune,100,10000,1402020720,2739,1402020719.967,1402020720.0,1402020441,1402020720,0,2
spacev1b,euclidean,robust-prune,100,10000,1402020720,2740,1402020719.9672,1402020720.0,1402020442,1402020720,0,2
spacev1b,euclidean,robust-prune,100,10000,1402020720,2741,1402020719.9674,1402020720.0,1402020443,1402020720,0,2
spacev1b,euclidean,robust-prune,100,10000,1402020720,2742,1402020719.9677,1402020720.0,1402020445,1402020720,0,2
spacev1b,euclidean,robust-prune,100,10000,1402020720,2743,1402020719.9681,1402020720.0,1402020447,1402020720,0,2
spacev1b,euclidean,robust-prune,100,10000,1402020720,2744,1402020719.9683,1402020720.0,1402020448,1402020720,0,2
spacev1b,euclidean,robust-prune,100,10000,1402020720,2745,1402020719.9686,1402020720.0,1402020449,1402020720,0,2
spacev1b,euclidean,robust-prune,100,10000,1402020720,2746,1402020719.9688,1402020720.0,1402020450,1402020720,0,2
spacev1b,euclidean,robust-prune,100,10000,1402020720,2747,1402020719.969,1402020720.0,1402020451,1402020720,0,2
spacev1b,euclidean,robust-prune,100,10000,1402020720,2748,1402020719.9692,1402020720.0,1402020452,1402020720,0,2
spacev1b,euclidean,robust-prune,100,10000,1402020720,2749,1402020719.9696,1402020720.0,1402020454,1402020720,0,2
spacev1b,euclidean,robust-prune,100,10000,1402020720,2750,1402020719.9698,1402020720.0,1402020455,1402020720,0,2
spacev1b,euclidean,robust-prune,100,10000,1402020720,2751,1402020719.97,1402020720.0,1402020456,1402020720,0,2
spacev1b,euclidean,robust-prune,100,10000,1402020720,2752,1402020719.9702,1402020720.0,1402020457,1402020720,0,2
spacev1b,euclidean,robust-prune,100,10000,1402020720,2753,1402020719.9704,1402020720.0,1402020458,1402020720,0,2
spacev1b,euclidean,robust-prune,100,10000,1402020720,2754,1402020719.9707,1402020720.0,1402020459,1402020720,0,2
spacev1b,euclidean,robust-prune,100,10000,1402020720,2755,1402020719.9709,1402020720.0,1402020460,1402020720,0,2
spacev1b,euclidean,robust-prune,100,10000,1402020720,2756,1402020719.9711,1402020720.0,1402020461,1402020720,0,2
spacev1b,euclidean,robust-prune,100,10000,1402020720,2757,1402020719.9714,1402020720.0,1402020463,1402020720,0,2
spacev1b,euclidean,robust-prune,100,10000,1402020720,2758,1402020719.9716,1402020720.0,1402020464,1402020720,0,2
spacev1b,euclidean,robust-prune,100,10000,1402020720,2759,1402020719.9719,1402020720.0,1402020466,1402020720,0,2
spacev1b,euclidean,robust-prune,100,10000,1402020720,2760,1402020719.9722,1402020720.0,1402020468,1402020720,0,2
spacev1b,euclidean,robust-prune,100,10000,1402020720,2761,1402020719.9724,1402020720.0,1402020469,1402020720,0,2
spacev1b,euclidean,robust-prune,100,10000,1402020720,2762,1402020719.9726,1402020720.0,1402020470,1402020720,0,2
spacev1b,euclidean,robust-prune,100,10000,1402020720,2763,1402020719.9728,1402020720.0,1402020471,1402020720,0,2
spacev1b,euclidean,robust-prune,100,10000,1402020720,2764,1402020719.973,1402020720.0,1402020472,1402020720,0,2
spacev1b,euclidean,robust-prune,100,10000,1402020720,2765,1402020719.9732,1402020720.0,1402020473,1402020720,0,2
spacev1b,euclidean,robust-prune,100,10000,1402020720,2766,1402020719.9735,1402020720.0,1402020475,1402020720,0,2
spacev1b,euclidean,robust-prune,100,10000,1402020720,2767,1402020719.9738,1402020720.0,1402020477,1402020720,0,2
spacev1b,euclidean,robust-prune,100,10000,1402020720,2768,1402020719.974,1402020720.0,1402020478,1402020720,0,2
spacev1b,euclidean,robust-prune,100,10000,1402020720,2769,1402020719.9742,1402020720.0,1402020479,1402020720,0,2
spacev1b,euclidean,robust-prune,100,10000,1402020720,2770,1402020719.9744,1402020720.0,1402020480,1402020720,0,2
spacev1b,euclidean,robust-prune,100,10000,1402020720,2771,1402020719.9746,1402020720.0,1402020481,1402020720,0,2
spacev1b,euclidean,robust-prune,100,10000,1402020720,2772,1402020719.9748,1402020720.0,1402020482,1402020720,0,2
spacev1b,euclidean,robust-prune,100,10000,1402020720,2773,1402020719.975,1402020720.0,1402020483,1402020720,0,2
spacev1b,euclidean,robust-prune,100,10000,1402020720,2774,1402020719.9752,1402020720.0,1402020484,1402020720,0,2
spacev1b,euclidean,robust-prune,100,10000,1402020720,2775,1402020719.9754,1402020720.0,1402020485,1402020720,0,2
spacev1b,euclidean,robust-prune,100,10000,1402020720,2776,1402020719.9756,1402020720.0,1402020486,1402020720,0,2
spacev1b,euclidean,robust-prune,100,10000,1402020720,2777,1402020719.9758,1402020720.0,1402020487,1402020720,0,2
spacev1b,euclidean,robust-prune,100,10000,1402020720,2778,1402020719.976,1402020720.0,1402020488,1402020720,0,2
spacev1b,euclidean,robust-prune,100,10000,1402020720,2779,1402020719.9762,1402020720.0,1402020489,1402020720,0,2
spacev1b,euclidean,robust-prune,100,10000,1402020720,2780,1402020719.9764,1402020720.0,1402020490,1402020720,0,2
spacev1b,euclidean,robust-prune,100,10000,1402020720,2781,1402020719.9766,1402020720.0,1402020491,1402020720,0,2
spacev1b,euclidean,robust-prune,100,10000,1402020720,2782,1402020719.9768,1402020720.0,1402020492,1402020720,0,2
spacev1b,euclidean,robust-prune,100,10000,1402020720,2783,1402020719.977,1402020720.0,1402020493,1402020720,0,2
spacev1b,euclidean,robust-prune,100,10000,1402020720,2784,1402020719.9773,1402020720.0,1402020495,1402020720,0,2
spacev1b,euclidean,robust-prune,100,10000,1402020720,2785,1402020719.9775,1402020720.0,1402020496,1402020720,0,2
spacev1b,euclidean,robust-prune,100,10000,1402020720,2786,1402020719.9777,1402020720.0,1402020497,1402020720,0,1
spacev1b,euclidean,robust-prune,100,10000,1402020720,2787,1402020719.9779,1402020720.0,1402020499,1402020720,0,1
spacev1b,euclidean,robust-prune,100,10000,1402020720,2788,1402020719.978,1402020720.0,1402020500,1402020720,0,1
spacev1b,euclidean,robust-prune,100,10000,1402020720,2789,1402020719.9782,1402020720.0,1402020502,1402020720,0,1
spacev1b,euclidean,robust-prune,100,10000,1402020720,2790,1402020719.9783,1402020720.0,1402020503,1402020720,0,1
spacev1b,euclidean,robust-prune,100,10000,1402020720,2791,1402020719.9784,1402020720.0,1402020504,1402020720,0,1
spacev1b,euclidean,robust-prune,100,10000,1402020720,2792,1402020719.9786,1402020720.0,1402020506,1402020720,0,1
spacev1b,euclidean,robust-prune,100,10000,1402020720,2793,1402020719.9788,1402020720.0,1402020508,1402020720,0,1
spacev1b,euclidean,robust-prune,100,10000,1402020720,2794,1402020719.9789,1402020720.0,1402020509,1402020720,0,1
spacev1b,euclidean,robust-prune,100,10000,1402020720,2795,1402020719.979,1402020720.0,1402020510,1402020720,0,1
spacev1b,euclidean,robust-prune,100,10000,1402020720,2796,1402020719.9791,1402020720.0,1402020511,1402020720,0,1
spacev1b,euclidean,robust-prune,100,10000,1402020720,2797,1402020719.9792,1402020720.0,1402020512,1402020720,0,1
spacev1b,euclidean,robust-prune,100,10000,1402020720,2798,1402020719.9793,1402020720.0,1402020513,1402020720,0,1
spacev1b,euclidean,robust-prune,100,10000,1402020720,2799,1402020719.9794,1402020720.0,1402020514,1402020720,0,1
spacev1b,euclidean,robust-prune,100,10000,1402020720,2800,1402020719.9795,1402020720.0,1402020515,1402020720,0,1
spacev1b,euclidean,robust-prune,100,10000,1402020720,2801,1402020719.9797,1402020720.0,1402020517,1402020720,0,1
spacev1b,euclidean,robust-prune,100,10000,1402020720,2802,1402020719.9798,1402020720.0,1402020518,1402020720,0,1
spacev1b,euclidean,robust-prune,100,10000,1402020720,2803,1402020719.9799,1402020720.0,1402020519,1402020720,0,1
spacev1b,euclidean,robust-prune,100,10000,1402020720,2804,1402020719.98,1402020720.0,1402020520,1402020720,0,1
spacev1b,euclidean,robust-prune,100,10000,1402020720,2805,1402020719.9802,1402020720.0,1402020522,1402020720,0,1
spacev1b,euclidean,robust-prune,100,10000,1402020720,2806,1402020719.9803,1402020720.0,1402020523,1402020720,0,1
spacev1b,euclidean,robust-prune,100,10000,1402020720,2807,1402020719.9804,1402020720.0,1402020524,1402020720,0,1
spacev1b,euclidean,robust-prune,100,10000,1402020720,2808,1402020719.9806,1402020720.0,1402020526,1402020720,0,1
spacev1b,euclidean,robust-prune,100,10000,1402020720,2809,1402020719.9807,1402020720.0,1402020527,1402020720,0,1
spacev1b,euclidean,robust-prune,100,10000,1402020720,2810,1402020719.9808,1402020720.0,1402020528,1402020720,0,1
spacev1b,euclidean,robust-prune,100,10000,1402020720,2811,1402020719.9809,1402020720.0,1402020529,1402020720,0,1
spacev1b,euclidean,robust-prune,100,10000,1402020720,2812,1402020719.981,1402020720.0,1402020530,1402020720,0,1
spacev1b,euclidean,robust-prune,100,10000,1402020720,2813,1402020719.9811,1402020720.0,1402020531,1402020720,0,1
spacev1b,euclidean,robust-prune,100,10000,1402020720,2814,1402020719.9812,1402020720.0,1402020532,1402020720,0,1
spacev1b,euclidean,robust-prune,100,10000,1402020720,2815,1402020719.9813,1402020720.0,1402020533,1402020720,0,1
spacev1b,euclidean,robust-prune,100,10000,1402020720,2816,1402020719.9814,1402020720.0,1402020534,1402020720,0,1
spacev1b,euclidean,robust-prune,100,10000,1402020720,2817,1402020719.9815,1402020720.0,1402020535,1402020720,0,1
spacev1b,euclidean,robust-prune,100,10000,1402020720,2818,1402020719.9816,1402020720.0,1402020536,1402020720,0,1
spacev1b,euclidean,robust-prune,100,10000,1402020720,2819,1402020719.9817,1402020720.0,1402020537,1402020720,0,1
spacev1b,euclidean,robust-prune,100,10000,1402020720,2820,1402020719.9818,1402020720.0,1402020538,1402020720,0,1
spacev1b,euclidean,robust-prune,100,10000,1402020720,2821,1402020719.9819,1402020720.0,1402020539,1402020720,0,1
spacev1b,euclidean,robust-prune,100,10000,1402020720,2822,1402020719.982,1402020720.0,1402020540,1402020720,0,1
spacev1b,euclidean,robust-prune,100,10000,1402020720,2823,1402020719.9821,1402020720.0,1402020541,1402020720,0,1
spacev1b,euclidean,robust-prune,100,10000,1402020720,2824,1402020719.9822,1402020720.0,1402020542,1402020720,0,1
spacev1b,euclidean,robust-prune,100,10000,1402020720,2825,1402020719.9823,1402020720.0,1402020543,1402020720,0,1
spacev1b,euclidean,robust-prune,100,10000,1402020720,2826,1402020719.9824,1402020720.0,1402020544,1402020720,0,1
spacev1b,euclidean,robust-prune,100,10000,1402020720,2827,1402020719.9825,1402020720.0,1402020545,1402020720,0,1
spacev1b,euclidean,robust-prune,100,10000,1402020720,2828,1402020719.9826,1402020720.0,1402020546,1402020720,0,1
spacev1b,euclidean,robust-prune,100,10000,1402020720,2829,1402020719.9827,1402020720.0,1402020547,1402020720,0,1
spacev1b,euclidean,robust-prune,100,10000,1402020720,2830,1402020719.9828,1402020720.0,1402020548,1402020720,0,1
spacev1b,euclidean,robust-prune,100,10000,1402020720,2831,1402020719.9829,1402020720.0,1402020549,1402020720,0,1
spacev1b,euclidean,robust-prune,100,10000,1402020720,2832,1402020719.9831,1402020720.0,1402020551,1402020720,0,1
spacev1b,euclidean,robust-prune,100,10000,1402020720,2833,1402020719.9833,1402020720.0,1402020553,1402020720,0,1
spacev1b,euclidean,robust-prune,100,10000,1402020720,2834,1402020719.9834,1402020720.0,1402020554,1402020720,0,1
spacev1b,euclidean,robust-prune,100,10000,1402020720,2835,1402020719.9835,1402020720.0,1402020555,1402020720,0,1
spacev1b,euclidean,robust-prune,100,10000,1402020720,2836,1402020719.9836,1402020720.0,1402020556,1402020720,0,1
spacev1b,euclidean,robust-prune,100,10000,1402020720,2837,1402020719.9837,1402020720.0,1402020557,1402020720,0,1
spacev1b,euclidean,robust-prune,100,10000,1402020720,2838,1402020719.9838,1402020720.0,1402020558,1402020720,0,1
spacev1b,euclidean,robust-prune,100,10000,1402020720,2839,1402020719.9839,1402020720.0,1402020559,1402020720,0,1
spacev1b,euclidean,robust-prune,100,10000,1402020720,2840,1402020719.984,1402020720.0,1402020560,1402020720,0,1
spacev1b,euclidean,robust-prune,100,10000,1402020720,2841,1402020719.9841,1402020720.0,1402020561,1402020720,0,1
spacev1b,euclidean,robust-prune,100,10000,1402020720,2842,1402020719.9842,1402020720.0,1402020562,1402020720,0,1
spacev1b,euclidean,robust-prune,100,10000,1402020720,2843,1402020719.9843,1402020720.0,1402020563,1402020720,0,1
spacev1b,euclidean,robust-prune,100,10000,1402020720,2844,1402020719.9844,1402020720.0,1402020564,1402020720,0,1
spacev1b,euclidean,robust-prune,100,10000,1402020720,2845,1402020719.9845,1402020720.0,1402020565,1402020720,0,1
spacev1b,euclidean,robust-prune,100,10000,1402020720,2846,1402020719.9846,1402020720.0,1402020566,1402020720,0,1
spacev1b,euclidean,robust-prune,100,10000,1402020720,2847,1402020719.9849,1402020720.0,1402020569,1402020720,0,1
spacev1b,euclidean,robust-prune,100,10000,1402020720,2848,1402020719.985,1402020720.0,1402020570,1402020720,0,1
spacev1b,euclidean,robust-prune,100,10000,1402020720,2849,1402020719.9852,1402020720.0,1402020572,1402020720,0,1
spacev1b,euclidean,robust-prune,100,10000,1402020720,2850,1402020719.9853,1402020720.0,1402020573,1402020720,0,1
spacev1b,euclidean,robust-prune,100,10000,1402020720,2851,1402020719.9855,1402020720.0,1402020575,1402020720,0,1
spacev1b,euclidean,robust-prune,100,10000,1402020720,2852,1402020719.9856,1402020720.0,1402020576,1402020720,0,1
spacev1b,euclidean,robust-prune,100,10000,1402020720,2853,1402020719.9857,1402020720.0,1402020577,1402020720,0,1
spacev1b,euclidean,robust-prune,100,10000,1402020720,2854,1402020719.9858,1402020720.0,1402020578,1402020720,0,1
spacev1b,euclidean,robust-prune,100,10000,1402020720,2855,1402020719.9859,1402020720.0,1402020579,1402020720,0,1
spacev1b,euclidean,robust-prune,100,10000,1402020720,2856,1402020719.986,1402020720.0,1402020580,1402020720,0,1
spacev1b,euclidean,robust-prune,100,10000,1402020720,2857,1402020719.9861,1402020720.0,1402020581,1402020720,0,1
spacev1b,euclidean,robust-prune,100,10000,1402020720,2858,1402020719.9862,1402020720.0,1402020582,1402020720,0,1
spacev1b,euclidean,robust-prune,100,10000,1402020720,2859,1402020719.9863,1402020720.0,1402020583,1402020720,0,1
spacev1b,euclidean,robust-prune,100,10000,1402020720,2860,1402020719.9864,1402020720.0,1402020584,1402020720,0,1
spacev1b,euclidean,robust-prune,100,10000,1402020720,2861,1402020719.9865,1402020720.0,1402020585,1402020720,0,1
spacev1b,euclidean,robust-prune,100,10000,1402020720,2862,1402020719.9866,1402020720.0,1402020586,1402020720,0,1
spacev1b,euclidean,robust-prune,100,10000,1402020720,2863,1402020719.9867,1402020720.0,1402020587,1402020720,0,1
spacev1b,euclidean,robust-prune,100,10000,1402020720,2864,1402020719.9868,1402020720.0,1402020588,1402020720,0,1
spacev1b,euclidean,robust-prune,100,10000,1402020720,2865,1402020719.9869,1402020720.0,1402020589,1402020720,0,1
spacev1b,euclidean,robust-prune,100,10000,1402020720,2866,1402020719.987,1402020720.0,1402020590,1402020720,0,1
spacev1b,euclidean,robust-prune,100,10000,1402020720,2867,1402020719.9871,1402020720.0,1402020591,1402020720,0,1
spacev1b,euclidean,robust-prune,100,10000,1402020720,2868,1402020719.9872,1402020720.0,1402020592,1402020720,0,1
spacev1b,euclidean,robust-prune,100,10000,1402020720,2869,1402020719.9873,1402020720.0,1402020593,1402020720,0,1
spacev1b,euclidean,robust-prune,100,10000,1402020720,2870,1402020719.9874,1402020720.0,1402020594,1402020720,0,1
spacev1b,euclidean,robust-prune,100,10000,1402020720,2871,1402020719.9876,1402020720.0,1402020596,1402020720,0,1
spacev1b,euclidean,robust-prune,100,10000,1402020720,2872,1402020719.9877,1402020720.0,1402020597,1402020720,0,1
spacev1b,euclidean,robust-prune,100,10000,1402020720,2873,1402020719.9878,1402020720.0,1402020598,1402020720,0,1
spacev1b,euclidean,robust-prune,100,10000,1402020720,2874,1402020719.9879,1402020720.0,1402020599,1402020720,0,1
spacev1b,euclidean,robust-prune,100,10000,1402020720,2875,1402020719.988,1402020720.0,1402020600,1402020720,0,1
spacev1b,euclidean,robust-prune,100,10000,1402020720,2876,1402020719.9881,1402020720.0,1402020601,1402020720,0,1
spacev1b,euclidean,robust-prune,100,10000,1402020720,2877,1402020719.9882,1402020720.0,1402020602,1402020720,0,1
spacev1b,euclidean,robust-prune,100,10000,1402020720,2878,1402020719.9883,1402020720.0,1402020603,1402020720,0,1
spacev1b,euclidean,robust-prune,100,10000,1402020720,2879,1402020719.9884,1402020720.0,1402020604,1402020720,0,1
spacev1b,euclidean,robust-prune,100,10000,1402020720,2880,1402020719.9885,1402020720.0,1402020605,1402020720,0,1
spacev1b,euclidean,robust-prune,100,10000,1402020720,2881,1402020719.9887,1402020720.0,1402020607,1402020720,0,1
spacev1b,euclidean,robust-prune,100,10000,1402020720,2882,1402020719.9888,1402020720.0,1402020608,1402020720,0,1
spacev1b,euclidean,robust-prune,100,10000,1402020720,2883,1402020719.9889,1402020720.0,1402020609,1402020720,0,1
spacev1b,euclidean,robust-prune,100,10000,1402020720,2884,1402020719.989,1402020720.0,1402020610,1402020720,0,1
spacev1b,euclidean,robust-prune,100,10000,1402020720,2885,1402020719.9891,1402020720.0,1402020611,1402020720,0,1
spacev1b,euclidean,robust-prune,100,10000,1402020720,2886,1402020719.9892,1402020720.0,1402020612,1402020720,0,1
spacev1b,euclidean,robust-prune,100,10000,1402020720,2887,1402020719.9893,1402020720.0,1402020613,1402020720,0,1
spacev1b,euclidean,robust-prune,100,10000,1402020720,2888,1402020719.9894,1402020720.0,1402020614,1402020720,0,1
spacev1b,euclidean,robust-prune,100,10000,1402020720,2889,1402020719.9895,1402020720.0,1402020615,1402020720,0,1
spacev1b,euclidean,robust-prune,100,10000,1402020720,2890,1402020719.9896,1402020720.0,1402020616,1402020720,0,1
spacev1b,euclidean,robust-prune,100,10000,1402020720,2891,1402020719.9897,1402020720.0,1402020617,1402020720,0,1
spacev1b,euclidean,robust-prune,100,10000,1402020720,2892,1402020719.9899,1402020720.0,1402020619,1402020720,0,1
spacev1b,euclidean,robust-prune,100,10000,1402020720,2893,1402020719.99,1402020720.0,1402020620,1402020720,0,1
spacev1b,euclidean,robust-prune,100,10000,1402020720,2894,1402020719.9902,1402020720.0,1402020622,1402020720,0,1
spacev1b,euclidean,robust-prune,100,10000,1402020720,2895,1402020719.9903,1402020720.0,1402020623,1402020720,0,1
spacev1b,euclidean,robust-prune,100,10000,1402020720,2896,1402020719.9904,1402020720.0,1402020624,1402020720,0,1
spacev1b,euclidean,robust-prune,100,10000,1402020720,2897,1402020719.9905,1402020720.0,1402020625,1402020720,0,1
spacev1b,euclidean,robust-prune,100,10000,1402020720,2898,1402020719.9906,1402020720.0,1402020626,1402020720,0,1
spacev1b,euclidean,robust-prune,100,10000,1402020720,2899,1402020719.9907,1402020720.0,1402020627,1402020720,0,1
spacev1b,euclidean,robust-prune,100,10000,1402020720,2900,1402020719.9908,1402020720.0,1402020628,1402020720,0,1
spacev1b,euclidean,robust-prune,100,10000,1402020720,2901,1402020719.9909,1402020720.0,1402020629,1402020720,0,1
spacev1b,euclidean,robust-prune,100,10000,1402020720,2902,1402020719.991,1402020720.0,1402020630,1402020720,0,1
spacev1b,euclidean,robust-prune,100,10000,1402020720,2903,1402020719.9911,1402020720.0,1402020631,1402020720,0,1
spacev1b,euclidean,robust-prune,100,10000,1402020720,2904,1402020719.9912,1402020720.0,1402020632,1402020720,0,1
spacev1b,euclidean,robust-prune,100,10000,1402020720,2905,1402020719.9913,1402020720.0,1402020633,1402020720,0,1
spacev1b,euclidean,robust-prune,100,10000,1402020720,2906,1402020719.9914,1402020720.0,1402020634,1402020720,0,1
spacev1b,euclidean,robust-prune,100,10000,1402020720,2907,1402020719.9915,1402020720.0,1402020635,1402020720,0,1
spacev1b,euclidean,robust-prune,100,10000,1402020720,2908,1402020719.9916,1402020720.0,1402020636,1402020720,0,1
spacev1b,euclidean,robust-prune,100,10000,1402020720,2909,1402020719.9917,1402020720.0,1402020637,1402020720,0,1
spacev1b,euclidean,robust-prune,100,10000,1402020720,2910,1402020719.9918,1402020720.0,1402020638,1402020720,0,1
spacev1b,euclidean,robust-prune,100,10000,1402020720,2911,1402020719.9919,1402020720.0,1402020639,1402020720,0,1
spacev1b,euclidean,robust-prune,100,10000,1402020720,2912,1402020719.9921,1402020720.0,1402020641,1402020720,0,1
spacev1b,euclidean,robust-prune,100,10000,1402020720,2913,1402020719.9923,1402020720.0,1402020643,1402020720,0,1
spacev1b,euclidean,robust-prune,100,10000,1402020720,2914,1402020719.9924,1402020720.0,1402020644,1402020720,0,1
spacev1b,euclidean,robust-prune,100,10000,1402020720,2915,1402020719.9926,1402020720.0,1402020646,1402020720,0,1
spacev1b,euclidean,robust-prune,100,10000,1402020720,2916,1402020719.9927,1402020720.0,1402020647,1402020720,0,1
spacev1b,euclidean,robust-prune,100,10000,1402020720,2917,1402020719.9929,1402020720.0,1402020649,1402020720,0,1
spacev1b,euclidean,robust-prune,100,10000,1402020720,2918,1402020719.993,1402020720.0,1402020650,1402020720,0,1
spacev1b,euclidean,robust-prune,100,10000,1402020720,2919,1402020719.9931,1402020720.0,1402020651,1402020720,0,1
spacev1b,euclidean,robust-prune,100,10000,1402020720,2920,1402020719.9932,1402020720.0,1402020652,1402020720,0,1
spacev1b,euclidean,robust-prune,100,10000,1402020720,2921,1402020719.9933,1402020720.0,1402020653,1402020720,0,1
spacev1b,euclidean,robust-prune,100,10000,1402020720,2922,1402020719.9934,1402020720.0,1402020654,1402020720,0,1
spacev1b,euclidean,robust-prune,100,10000,1402020720,2923,1402020719.9935,1402020720.0,1402020655,1402020720,0,1
spacev1b,euclidean,robust-prune,100,10000,1402020720,2924,1402020719.9936,1402020720.0,1402020656,1402020720,0,1
spacev1b,euclidean,robust-prune,100,10000,1402020720,2925,1402020719.9937,1402020720.0,1402020657,1402020720,0,1
spacev1b,euclidean,robust-prune,100,10000,1402020720,2926,1402020719.9938,1402020720.0,1402020658,1402020720,0,1
spacev1b,euclidean,robust-prune,100,10000,1402020720,2927,1402020719.9939,1402020720.0,1402020659,1402020720,0,1
spacev1b,euclidean,robust-prune,100,10000,1402020720,2928,1402020719.994,1402020720.0,1402020660,1402020720,0,1
spacev1b,euclidean,robust-prune,100,10000,1402020720,2929,1402020719.9941,1402020720.0,1402020661,1402020720,0,1
spacev1b,euclidean,robust-prune,100,10000,1402020720,2930,1402020719.9942,1402020720.0,1402020662,1402020720,0,1
spacev1b,euclidean,robust-prune,100,10000,1402020720,2931,1402020719.9944,1402020720.0,1402020664,1402020720,0,1
spacev1b,euclidean,robust-prune,100,10000,1402020720,2932,1402020719.9945,1402020720.0,1402020665,1402020720,0,1
spacev1b,euclidean,robust-prune,100,10000,1402020720,2933,1402020719.9946,1402020720.0,1402020666,1402020720,0,1
spacev1b,euclidean,robust-prune,100,10000,1402020720,2934,1402020719.9947,1402020720.0,1402020667,1402020720,0,1
spacev1b,euclidean,robust-prune,100,10000,1402020720,2935,1402020719.9948,1402020720.0,1402020668,1402020720,0,1
spacev1b,euclidean,robust-prune,100,10000,1402020720,2936,1402020719.9949,1402020720.0,1402020669,1402020720,0,1
spacev1b,euclidean,robust-prune,100,10000,1402020720,2937,1402020719.995,1402020720.0,1402020670,1402020720,0,1
spacev1b,euclidean,robust-prune,100,10000,1402020720,2938,1402020719.9951,1402020720.0,1402020671,1402020720,0,1
spacev1b,euclidean,robust-prune,100,10000,1402020720,2939,1402020719.9952,1402020720.0,1402020672,1402020720,0,1
spacev1b,euclidean,robust-prune,100,10000,1402020720,2940,1402020719.9953,1402020720.0,1402020673,1402020720,0,1
spacev1b,euclidean,robust-prune,100,10000,1402020720,2941,1402020719.9954,1402020720.0,1402020674,1402020720,0,1
spacev1b,euclidean,robust-prune,100,10000,1402020720,2942,1402020719.9955,1402020720.0,1402020675,1402020720,0,1
spacev1b,euclidean,robust-prune,100,10000,1402020720,2943,1402020719.9956,1402020720.0,1402020676,1402020720,0,1
spacev1b,euclidean,robust-prune,100,10000,1402020720,2944,1402020719.9957,1402020720.0,1402020677,1402020720,0,1
spacev1b,euclidean,robust-prune,100,10000,1402020720,2945,1402020719.9958,1402020720.0,1402020678,1402020720,0,1
spacev1b,euclidean,robust-prune,100,10000,1402020720,2946,1402020719.9959,1402020720.0,1402020679,1402020720,0,1
spacev1b,euclidean,robust-prune,100,10000,1402020720,2947,1402020719.9961,1402020720.0,1402020681,1402020720,0,1
spacev1b,euclidean,robust-prune,100,10000,1402020720,2948,1402020719.9962,1402020720.0,1402020682,1402020720,0,1
spacev1b,euclidean,robust-prune,100,10000,1402020720,2949,1402020719.9963,1402020720.0,1402020683,1402020720,0,1
spacev1b,euclidean,robust-prune,100,10000,1402020720,2950,1402020719.9964,1402020720.0,1402020684,1402020720,0,1
spacev1b,euclidean,robust-prune,100,10000,1402020720,2951,1402020719.9965,1402020720.0,1402020685,1402020720,0,1
spacev1b,euclidean,robust-prune,100,10000,1402020720,2952,1402020719.9966,1402020720.0,1402020686,1402020720,0,1
spacev1b,euclidean,robust-prune,100,10000,1402020720,2953,1402020719.9967,1402020720.0,1402020687,1402020720,0,1
spacev1b,euclidean,robust-prune,100,10000,1402020720,2954,1402020719.9968,1402020720.0,1402020688,1402020720,0,1
spacev1b,euclidean,robust-prune,100,10000,1402020720,2955,1402020719.9969,1402020720.0,1402020689,1402020720,0,1
spacev1b,euclidean,robust-prune,100,10000,1402020720,2956,1402020719.997,1402020720.0,1402020690,1402020720,0,1
spacev1b,euclidean,robust-prune,100,10000,1402020720,2957,1402020719.9971,1402020720.0,1402020691,1402020720,0,1
spacev1b,euclidean,robust-prune,100,10000,1402020720,2958,1402020719.9972,1402020720.0,1402020692,1402020720,0,1
spacev1b,euclidean,robust-prune,100,10000,1402020720,2959,1402020719.9973,1402020720.0,1402020693,1402020720,0,1
spacev1b,euclidean,robust-prune,100,10000,1402020720,2960,1402020719.9974,1402020720.0,1402020694,1402020720,0,1
spacev1b,euclidean,robust-prune,100,10000,1402020720,2961,1402020719.9975,1402020720.0,1402020695,1402020720,0,1
spacev1b,euclidean,robust-prune,100,10000,1402020720,2962,1402020719.9977,1402020720.0,1402020697,1402020720,0,1
spacev1b,euclidean,robust-prune,100,10000,1402020720,2963,1402020719.9978,1402020720.0,1402020698,1402020720,0,1
spacev1b,euclidean,robust-prune,100,10000,1402020720,2964,1402020719.9979,1402020720.0,1402020699,1402020720,0,1
spacev1b,euclidean,robust-prune,100,10000,1402020720,2965,1402020719.998,1402020720.0,1402020700,1402020720,0,1
spacev1b,euclidean,robust-prune,100,10000,1402020720,2966,1402020719.9981,1402020720.0,1402020701,1402020720,0,1
spacev1b,euclidean,robust-prune,100,10000,1402020720,2967,1402020719.9982,1402020720.0,1402020702,1402020720,0,1
spacev1b,euclidean,robust-prune,100,10000,1402020720,2968,1402020719.9983,1402020720.0,1402020703,1402020720,0,1
spacev1b,euclidean,robust-prune,100,10000,1402020720,2969,1402020719.9984,1402020720.0,1402020704,1402020720,0,1
spacev1b,euclidean,robust-prune,100,10000,1402020720,2970,1402020719.9985,1402020720.0,1402020705,1402020720,0,1
spacev1b,euclidean,robust-prune,100,10000,1402020720,2971,1402020719.9986,1402020720.0,1402020706,1402020720,0,1
spacev1b,euclidean,robust-prune,100,10000,1402020720,2972,1402020719.9987,1402020720.0,1402020707,1402020720,0,1
spacev1b,euclidean,robust-prune,100,10000,1402020720,2973,1402020719.9988,1402020720.0,1402020708,1402020720,0,1
spacev1b,euclidean,robust-prune,100,10000,1402020720,2974,1402020719.9989,1402020720.0,1402020709,1402020720,0,1
spacev1b,euclidean,robust-prune,100,10000,1402020720,2975,1402020719.999,1402020720.0,1402020710,1402020720,0,1
spacev1b,euclidean,robust-prune,100,10000,1402020720,2976,1402020719.9991,1402020720.0,1402020711,1402020720,0,1
spacev1b,euclidean,robust-prune,100,10000,1402020720,2977,1402020719.9992,1402020720.0,1402020712,1402020720,0,1
spacev1b,euclidean,robust-prune,100,10000,1402020720,2978,1402020719.9994,1402020720.0,1402020714,1402020720,0,1
spacev1b,euclidean,robust-prune,100,10000,1402020720,2979,1402020719.9995,1402020720.0,1402020715,1402020720,0,1
spacev1b,euclidean,robust-prune,100,10000,1402020720,2980,1402020719.9996,1402020720.0,1402020716,1402020720,0,1
spacev1b,euclidean,robust-prune,100,10000,1402020720,2981,1402020719.9997,1402020720.0,1402020717,1402020720,0,1
spacev1b,euclidean,robust-prune,100,10000,1402020720,2982,1402020719.9998,1402020720.0,1402020718,1402020720,0,1
spacev1b,euclidean,robust-prune,100,10000,1402020720,2983,1402020719.9999,1402020720.0,1402020719,1402020720,0,1
spacev1b,euclidean,robust-prune,100,10000,1402020720,2984,1402020720.0,1402020720.0,1402020720,1402020720,0,0
