dataset,metric,alpha,method,dimensions,sources,total points,edges,mean points covered,median points covered,min points covered,max points covered,sources below 99.5% coverage,sources below 100% coverage
coco_i2i,euclidean,1.2,robust-prune,-1,27200,113287,1,117.9736,16.0,2,8483,27200,27200
coco_i2i,euclidean,1.2,robust-prune,-1,27200,113287,2,254.1761,66.0,3,12112,27200,27200
coco_i2i,euclidean,1.2,robust-prune,-1,27200,113287,3,400.0961,132.0,4,19792,27200,27200
coco_i2i,euclidean,1.2,robust-prune,-1,27200,113287,4,546.4717,207.0,5,21742,27200,27200
coco_i2i,euclidean,1.2,robust-prune,-1,27200,113287,5,695.1678,288.0,6,24656,27200,27200
coco_i2i,euclidean,1.2,robust-prune,-1,27200,113287,6,842.1563,377.0,7,28810,27200,27200
coco_i2i,euclidean,1.2,robust-prune,-1,27200,113287,7,990.7097,464.5,8,41741,27200,27200
coco_i2i,euclidean,1.2,robust-prune,-1,27200,113287,8,1137.204,554.5,9,44291,27200,27200
coco_i2i,euclidean,1.2,robust-prune,-1,27200,113287,9,1281.8924,646.0,11,44919,27200,27200
coco_i2i,euclidean,1.2,robust-prune,-1,27200,113287,10,1428.7013,740.0,12,47022,27200,27200
coco_i2i,euclidean,1.2,robust-prune,-1,27200,113287,11,1573.5361,829.5,14,49179,27200,27200
coco_i2i,euclidean,1.2,robust-prune,-1,27200,113287,12,1720.1542,922.0,15,54135,27200,27200
coco_i2i,euclidean,1.2,robust-prune,-1,27200,113287,13,1872.2302,1017.0,17,59258,27200,27200
coco_i2i,euclidean,1.2,robust-prune,-1,27200,113287,14,2026.5485,1112.0,19,60443,27200,27200
coco_i2i,euclidean,1.2,robust-prune,-1,27200,113287,15,2182.5212,1205.0,20,62262,27200,27200
coco_i2i,euclidean,1.2,robust-prune,-1,27200,113287,16,2331.4461,1304.0,21,62274,27200,27200
coco_i2i,euclidean,1.2,robust-prune,-1,27200,113287,17,2485.9186,1397.0,22,62570,27200,27200
coco_i2i,euclidean,1.2,robust-prune,-1,27200,113287,18,2636.7379,1494.5,29,62949,27200,27200
coco_i2i,euclidean,1.2,robust-prune,-1,27200,113287,19,2789.0693,1587.5,31,64432,27200,27200
coco_i2i,euclidean,1.2,robust-prune,-1,27200,113287,20,2941.1973,1682.0,32,68467,27200,27200
coco_i2i,euclidean,1.2,robust-prune,-1,27200,113287,21,3096.4324,1778.0,40,68514,27200,27200
coco_i2i,euclidean,1.2,robust-prune,-1,27200,113287,22,3248.9401,1879.0,41,75121,27200,27200
coco_i2i,euclidean,1.2,robust-prune,-1,27200,113287,23,3402.4057,1970.0,45,75751,27200,27200
coco_i2i,euclidean,1.2,robust-prune,-1,27200,113287,24,3560.0811,2066.0,47,76800,27200,27200
coco_i2i,euclidean,1.2,robust-prune,-1,27200,113287,25,3719.5771,2161.0,48,79893,27200,27200
coco_i2i,euclidean,1.2,robust-prune,-1,27200,113287,26,3875.9863,2259.0,49,80356,27200,27200
coco_i2i,euclidean,1.2,robust-prune,-1,27200,113287,27,4031.5539,2347.0,50,84081,27200,27200
coco_i2i,euclidean,1.2,robust-prune,-1,27200,113287,28,4187.18,2446.5,52,84190,27200,27200
coco_i2i,euclidean,1.2,robust-prune,-1,27200,113287,29,4343.8412,2546.0,64,84371,27200,27200
coco_i2i,euclidean,1.2,robust-prune,-1,27200,113287,30,4502.5511,2644.0,66,84577,27200,27200
coco_i2i,euclidean,1.2,robust-prune,-1,27200,113287,31,4662.6847,2751.0,67,84702,27200,27200
coco_i2i,euclidean,1.2,robust-prune,-1,27200,113287,32,4820.5999,2858.0,68,85932,27200,27200
coco_i2i,euclidean,1.2,robust-prune,-1,27200,113287,33,4979.514,2956.0,69,87156,27200,27200
coco_i2i,euclidean,1.2,robust-prune,-1,27200,113287,34,5133.8749,3067.0,79,92345,27200,27200
coco_i2i,euclidean,1.2,robust-prune,-1,27200,113287,35,5293.4321,3174.5,80,92595,27200,27200
coco_i2i,euclidean,1.2,robust-prune,-1,27200,113287,36,5454.1875,3283.0,81,92652,27200,27200
coco_i2i,euclidean,1.2,robust-prune,-1,27200,113287,37,5612.2939,3386.0,84,92729,27200,27200
coco_i2i,euclidean,1.2,robust-prune,-1,27200,113287,38,5773.0993,3490.0,85,93076,27200,27200
coco_i2i,euclidean,1.2,robust-prune,-1,27200,113287,39,5933.5597,3598.0,86,96098,27200,27200
coco_i2i,euclidean,1.2,robust-prune,-1,27200,113287,40,6090.5206,3707.0,91,96378,27200,27200
coco_i2i,euclidean,1.2,robust-prune,-1,27200,113287,41,6251.6817,3825.0,92,102583,27200,27200
coco_i2i,euclidean,1.2,robust-prune,-1,27200,113287,42,6418.4632,3936.0,94,105917,27200,27200
coco_i2i,euclidean,1.2,robust-prune,-1,27200,113287,43,6579.2858,4060.0,96,106249,27200,27200
coco_i2i,euclidean,1.2,robust-prune,-1,27200,113287,44,6739.2939,4156.0,99,106360,27200,27200
coco_i2i,euclidean,1.2,robust-prune,-1,27200,113287,45,6905.4802,4271.5,100,106518,27200,27200
coco_i2i,euclidean,1.2,robust-prune,-1,27200,113287,46,7072.7096,4383.0,101,106609,27200,27200
coco_i2i,euclidean,1.2,robust-prune,-1,27200,113287,47,7238.8925,4502.5,105,106704,27200,27200
coco_i2i,euclidean,1.2,robust-prune,-1,27200,113287,48,7404.3775,4618.0,106,106756,27200,27200
coco_i2i,euclidean,1.2,robust-prune,-1,27200,113287,49,7565.5623,4729.0,108,106864,27200,27200
coco_i2i,euclidean,1.2,robust-prune,-1,27200,113287,50,7728.4492,4860.5,110,107088,27200,27200
coco_i2i,euclidean,1.2,robust-prune,-1,27200,113287,51,7896.8607,4960.0,111,107122,27200,27200
coco_i2i,euclidean,1.2,robust-prune,-1,27200,113287,52,8061.1699,5090.0,117,107148,27200,27200
coco_i2i,euclidean,1.2,robust-prune,-1,27200,113287,53,8223.9476,5201.0,119,107869,27200,27200
coco_i2i,euclidean,1.2,robust-prune,-1,27200,113287,54,8386.6208,5313.5,121,107906,27200,27200
coco_i2i,euclidean,1.2,robust-prune,-1,27200,113287,55,8556.0194,5454.0,122,108557,27200,27200
coco_i2i,euclidean,1.2,robust-prune,-1,27200,113287,56,8725.7808,5568.5,128,108614,27200,27200
coco_i2i,euclidean,1.2,robust-prune,-1,27200,113287,57,8895.1922,5688.0,138,108775,27200,27200
coco_i2i,euclidean,1.2,robust-prune,-1,27200,113287,58,9059.4562,5812.0,141,109054,27200,27200
coco_i2i,euclidean,1.2,robust-prune,-1,27200,113287,59,9227.7257,5932.0,142,109065,27200,27200
coco_i2i,euclidean,1.2,robust-prune,-1,27200,113287,60,9395.7506,6062.5,154,109069,27200,27200
coco_i2i,euclidean,1.2,robust-prune,-1,27200,113287,61,9566.9614,6194.5,155,109096,27200,27200
coco_i2i,euclidean,1.2,robust-prune,-1,27200,113287,62,9734.9257,6336.0,156,109102,27200,27200
coco_i2i,euclidean,1.2,robust-prune,-1,27200,113287,63,9902.4833,6457.0,157,109378,27200,27200
coco_i2i,euclidean,1.2,robust-prune,-1,27200,113287,64,10066.5892,6574.0,158,109432,27200,27200
coco_i2i,euclidean,1.2,robust-prune,-1,27200,113287,65,10239.7373,6693.0,160,109528,27200,27200
coco_i2i,euclidean,1.2,robust-prune,-1,27200,113287,66,10408.1507,6835.0,161,109965,27200,27200
coco_i2i,euclidean,1.2,robust-prune,-1,27200,113287,67,10575.3084,6956.0,171,109997,27200,27200
coco_i2i,euclidean,1.2,robust-prune,-1,27200,113287,68,10743.5704,7070.0,174,110013,27200,27200
coco_i2i,euclidean,1.2,robust-prune,-1,27200,113287,69,10908.054,7187.0,175,110043,27200,27200
coco_i2i,euclidean,1.2,robust-prune,-1,27200,113287,70,11078.5543,7319.0,177,110081,27200,27200
coco_i2i,euclidean,1.2,robust-prune,-1,27200,113287,71,11250.7099,7442.0,178,110106,27200,27200
coco_i2i,euclidean,1.2,robust-prune,-1,27200,113287,72,11423.2047,7564.0,181,110110,27200,27200
coco_i2i,euclidean,1.2,robust-prune,-1,27200,113287,73,11591.9053,7704.5,195,110214,27200,27200
coco_i2i,euclidean,1.2,robust-prune,-1,27200,113287,74,11759.6907,7840.0,196,110333,27200,27200
coco_i2i,euclidean,1.2,robust-prune,-1,27200,113287,75,11932.6624,7970.5,197,110345,27200,27200
coco_i2i,euclidean,1.2,robust-prune,-1,27200,113287,76,12105.2595,8111.5,202,110350,27200,27200
coco_i2i,euclidean,1.2,robust-prune,-1,27200,113287,77,12276.3314,8255.5,204,110369,27200,27200
coco_i2i,euclidean,1.2,robust-prune,-1,27200,113287,78,12449.907,8401.5,205,110500,27200,27200
coco_i2i,euclidean,1.2,robust-prune,-1,27200,113287,79,12626.6671,8540.5,209,110636,27200,27200
coco_i2i,euclidean,1.2,robust-prune,-1,27200,113287,80,12799.5554,8690.5,210,110676,27200,27200
coco_i2i,euclidean,1.2,robust-prune,-1,27200,113287,81,12970.6479,8816.5,212,111355,27200,27200
coco_i2i,euclidean,1.2,robust-prune,-1,27200,113287,82,13143.5725,8967.0,214,111359,27200,27200
coco_i2i,euclidean,1.2,robust-prune,-1,27200,113287,83,13315.5876,9109.0,216,111378,27200,27200
coco_i2i,euclidean,1.2,robust-prune,-1,27200,113287,84,13490.0868,9243.0,217,111380,27200,27200
coco_i2i,euclidean,1.2,robust-prune,-1,27200,113287,85,13665.5218,9374.0,228,111382,27200,27200
coco_i2i,euclidean,1.2,robust-prune,-1,27200,113287,86,13836.5281,9515.0,244,111387,27200,27200
coco_i2i,euclidean,1.2,robust-prune,-1,27200,113287,87,14010.8461,9647.0,248,111389,27200,27200
coco_i2i,euclidean,1.2,robust-prune,-1,27200,113287,88,14179.9165,9817.0,251,111390,27200,27200
coco_i2i,euclidean,1.2,robust-prune,-1,27200,113287,89,14349.543,9929.5,252,111415,27200,27200
coco_i2i,euclidean,1.2,robust-prune,-1,27200,113287,90,14521.4104,10069.0,266,112031,27200,27200
coco_i2i,euclidean,1.2,robust-prune,-1,27200,113287,91,14694.009,10228.5,268,112058,27200,27200
coco_i2i,euclidean,1.2,robust-prune,-1,27200,113287,92,14866.8343,10377.0,272,112108,27200,27200
coco_i2i,euclidean,1.2,robust-prune,-1,27200,113287,93,15043.5997,10535.5,273,112111,27200,27200
coco_i2i,euclidean,1.2,robust-prune,-1,27200,113287,94,15215.3156,10696.5,274,112180,27200,27200
coco_i2i,euclidean,1.2,robust-prune,-1,27200,113287,95,15387.2473,10843.5,280,112190,27200,27200
coco_i2i,euclidean,1.2,robust-prune,-1,27200,113287,96,15562.3536,10987.5,281,112664,27200,27200
coco_i2i,euclidean,1.2,robust-prune,-1,27200,113287,97,15738.104,11132.0,287,112681,27200,27200
coco_i2i,euclidean,1.2,robust-prune,-1,27200,113287,98,15907.8985,11297.0,288,112698,27200,27200
coco_i2i,euclidean,1.2,robust-prune,-1,27200,113287,99,16087.436,11442.5,290,112710,27200,27200
coco_i2i,euclidean,1.2,robust-prune,-1,27200,113287,100,16261.5088,11583.5,293,112713,27200,27200
coco_i2i,euclidean,1.2,robust-prune,-1,27200,113287,101,16435.4881,11755.0,303,112719,27200,27200
coco_i2i,euclidean,1.2,robust-prune,-1,27200,113287,102,16610.8756,11906.5,319,112751,27199,27200
coco_i2i,euclidean,1.2,robust-prune,-1,27200,113287,103,16789.1069,12070.0,348,112764,27199,27200
coco_i2i,euclidean,1.2,robust-prune,-1,27200,113287,104,16963.0548,12195.5,362,112810,27199,27200
coco_i2i,euclidean,1.2,robust-prune,-1,27200,113287,105,17135.5131,12377.5,363,112813,27199,27200
coco_i2i,euclidean,1.2,robust-prune,-1,27200,113287,106,17314.0719,12547.5,368,112841,27198,27200
coco_i2i,euclidean,1.2,robust-prune,-1,27200,113287,107,17485.5826,12688.5,369,112845,27198,27200
coco_i2i,euclidean,1.2,robust-prune,-1,27200,113287,108,17664.3835,12808.0,380,112854,27198,27200
coco_i2i,euclidean,1.2,robust-prune,-1,27200,113287,109,17841.1391,12953.0,401,112878,27198,27200
coco_i2i,euclidean,1.2,robust-prune,-1,27200,113287,110,18019.9506,13134.5,403,112918,27198,27200
coco_i2i,euclidean,1.2,robust-prune,-1,27200,113287,111,18200.1162,13271.0,405,112921,27198,27200
coco_i2i,euclidean,1.2,robust-prune,-1,27200,113287,112,18379.8536,13411.0,419,112970,27198,27200
coco_i2i,euclidean,1.2,robust-prune,-1,27200,113287,113,18555.818,13562.0,421,113071,27198,27200
coco_i2i,euclidean,1.2,robust-prune,-1,27200,113287,114,18732.0106,13718.0,427,113073,27198,27200
coco_i2i,euclidean,1.2,robust-prune,-1,27200,113287,115,18903.6251,13889.5,429,113081,27198,27200
coco_i2i,euclidean,1.2,robust-prune,-1,27200,113287,116,19078.0937,14050.5,433,113089,27198,27200
coco_i2i,euclidean,1.2,robust-prune,-1,27200,113287,117,19252.6993,14219.0,437,113093,27198,27200
coco_i2i,euclidean,1.2,robust-prune,-1,27200,113287,118,19431.534,14366.5,441,113103,27198,27200
coco_i2i,euclidean,1.2,robust-prune,-1,27200,113287,119,19610.8143,14541.5,444,113109,27198,27200
coco_i2i,euclidean,1.2,robust-prune,-1,27200,113287,120,19786.5503,14688.5,445,113112,27198,27200
coco_i2i,euclidean,1.2,robust-prune,-1,27200,113287,121,19963.4027,14848.0,446,113114,27198,27200
coco_i2i,euclidean,1.2,robust-prune,-1,27200,113287,122,20140.4461,15020.5,448,113144,27198,27200
coco_i2i,euclidean,1.2,robust-prune,-1,27200,113287,123,20317.6231,15216.0,452,113145,27198,27200
coco_i2i,euclidean,1.2,robust-prune,-1,27200,113287,124,20494.0762,15390.5,453,113147,27198,27200
coco_i2i,euclidean,1.2,robust-prune,-1,27200,113287,125,20672.1282,15573.0,457,113161,27198,27200
coco_i2i,euclidean,1.2,robust-prune,-1,27200,113287,126,20847.7989,15713.5,458,113164,27198,27200
coco_i2i,euclidean,1.2,robust-prune,-1,27200,113287,127,21025.2211,15861.0,459,113165,27198,27200
coco_i2i,euclidean,1.2,robust-prune,-1,27200,113287,128,21199.7953,16001.5,462,113172,27198,27200
coco_i2i,euclidean,1.2,robust-prune,-1,27200,113287,129,21376.0324,16158.5,463,113176,27198,27200
coco_i2i,euclidean,1.2,robust-prune,-1,27200,113287,130,21551.0599,16312.5,464,113182,27198,27200
coco_i2i,euclidean,1.2,robust-prune,-1,27200,113287,131,21728.3863,16466.5,468,113187,27198,27200
coco_i2i,euclidean,1.2,robust-prune,-1,27200,113287,132,21909.8576,16652.5,469,113189,27198,27200
coco_i2i,euclidean,1.2,robust-prune,-1,27200,113287,133,22087.2725,16796.5,471,113191,27198,27200
coco_i2i,euclidean,1.2,robust-prune,-1,27200,113287,134,22265.886,16993.0,483,113192,27198,27200
coco_i2i,euclidean,1.2,robust-prune,-1,27200,113287,135,22446.1529,17170.0,491,113197,27198,27200
coco_i2i,euclidean,1.2,robust-prune,-1,27200,113287,136,22622.9101,17343.5,492,113201,27198,27200
coco_i2i,euclidean,1.2,robust-prune,-1,27200,113287,137,22800.6511,17524.5,500,113210,27198,27200
coco_i2i,euclidean,1.2,robust-prune,-1,27200,113287,138,22976.3947,17677.0,508,113211,27198,27200
coco_i2i,euclidean,1.2,robust-prune,-1,27200,113287,139,23154.198,17854.0,527,113213,27198,27200
coco_i2i,euclidean,1.2,robust-prune,-1,27200,113287,140,23331.5232,18046.5,569,113217,27198,27200
coco_i2i,euclidean,1.2,robust-prune,-1,27200,113287,141,23505.0156,18222.0,574,113218,27198,27200
coco_i2i,euclidean,1.2,robust-prune,-1,27200,113287,142,23679.4156,18353.5,575,113219,27198,27200
coco_i2i,euclidean,1.2,robust-prune,-1,27200,113287,143,23857.8081,18528.0,582,113221,27198,27200
coco_i2i,euclidean,1.2,robust-prune,-1,27200,113287,144,24033.2188,18708.5,583,113228,27198,27200
coco_i2i,euclidean,1.2,robust-prune,-1,27200,113287,145,24206.5098,18869.0,585,113230,27198,27200
coco_i2i,euclidean,1.2,robust-prune,-1,27200,113287,146,24380.9719,19041.5,607,113231,27198,27200
coco_i2i,euclidean,1.2,robust-prune,-1,27200,113287,147,24558.4872,19214.0,608,113233,27198,27200
coco_i2i,euclidean,1.2,robust-prune,-1,27200,113287,148,24739.0713,19427.5,609,113235,27198,27200
coco_i2i,euclidean,1.2,robust-prune,-1,27200,113287,149,24920.9813,19586.0,631,113237,27198,27200
coco_i2i,euclidean,1.2,robust-prune,-1,27200,113287,150,25096.9722,19721.0,638,113239,27198,27200
coco_i2i,euclidean,1.2,robust-prune,-1,27200,113287,151,25275.3423,19915.5,640,113241,27197,27200
coco_i2i,euclidean,1.2,robust-prune,-1,27200,113287,152,25453.8242,20074.5,660,113242,27196,27200
coco_i2i,euclidean,1.2,robust-prune,-1,27200,113287,153,25630.7782,20272.0,677,113246,27196,27200
coco_i2i,euclidean,1.2,robust-prune,-1,27200,113287,154,25810.1206,20485.5,701,113247,27196,27200
coco_i2i,euclidean,1.2,robust-prune,-1,27200,113287,155,25988.0264,20676.0,705,113258,27196,27200
coco_i2i,euclidean,1.2,robust-prune,-1,27200,113287,156,26172.3177,20835.0,709,113260,27196,27200
coco_i2i,euclidean,1.2,robust-prune,-1,27200,113287,157,26350.1736,21005.0,741,113261,27196,27200
coco_i2i,euclidean,1.2,robust-prune,-1,27200,113287,158,26530.9174,21162.0,745,113263,27196,27200
coco_i2i,euclidean,1.2,robust-prune,-1,27200,113287,159,26707.3484,21345.0,752,113264,27196,27200
coco_i2i,euclidean,1.2,robust-prune,-1,27200,113287,160,26883.1777,21525.0,755,113266,27196,27200
coco_i2i,euclidean,1.2,robust-prune,-1,27200,113287,161,27068.02,21725.5,756,113267,27196,27200
coco_i2i,euclidean,1.2,robust-prune,-1,27200,113287,162,27243.4441,21903.5,758,113272,27196,27200
coco_i2i,euclidean,1.2,robust-prune,-1,27200,113287,163,27419.9706,22062.0,759,113273,27195,27200
coco_i2i,euclidean,1.2,robust-prune,-1,27200,113287,164,27598.3259,22222.5,760,113275,27195,27200
coco_i2i,euclidean,1.2,robust-prune,-1,27200,113287,165,27773.9975,22402.5,766,113277,27195,27200
coco_i2i,euclidean,1.2,robust-prune,-1,27200,113287,166,27948.0976,22576.5,778,113278,27195,27200
coco_i2i,euclidean,1.2,robust-prune,-1,27200,113287,167,28122.2106,22761.5,781,113280,27195,27200
coco_i2i,euclidean,1.2,robust-prune,-1,27200,113287,168,28296.9126,22908.5,819,113281,27195,27200
coco_i2i,euclidean,1.2,robust-prune,-1,27200,113287,169,28473.3506,23084.5,859,113284,27195,27200
coco_i2i,euclidean,1.2,robust-prune,-1,27200,113287,170,28653.7311,23282.0,860,113285,27195,27200
coco_i2i,euclidean,1.2,robust-prune,-1,27200,113287,171,28831.6715,23454.0,861,113286,27195,27200
coco_i2i,euclidean,1.2,robust-prune,-1,27200,113287,172,29010.8149,23651.5,862,113287,27194,27199
coco_i2i,euclidean,1.2,robust-prune,-1,27200,113287,173,29188.2775,23804.5,863,113287,27194,27199
coco_i2i,euclidean,1.2,robust-prune,-1,27200,113287,174,29365.6367,23987.5,864,113287,27194,27199
coco_i2i,euclidean,1.2,robust-prune,-1,27200,113287,175,29542.7136,24188.5,865,113287,27194,27199
coco_i2i,euclidean,1.2,robust-prune,-1,27200,113287,176,29717.8067,24358.0,866,113287,27194,27199
coco_i2i,euclidean,1.2,robust-prune,-1,27200,113287,177,29890.1997,24548.0,876,113287,27193,27199
coco_i2i,euclidean,1.2,robust-prune,-1,27200,113287,178,30067.427,24772.5,877,113287,27193,27199
coco_i2i,euclidean,1.2,robust-prune,-1,27200,113287,179,30243.2593,24922.0,920,113287,27192,27199
coco_i2i,euclidean,1.2,robust-prune,-1,27200,113287,180,30420.0868,25088.5,926,113287,27191,27199
coco_i2i,euclidean,1.2,robust-prune,-1,27200,113287,181,30600.776,25273.0,928,113287,27191,27199
coco_i2i,euclidean,1.2,robust-prune,-1,27200,113287,182,30774.2208,25459.0,932,113287,27191,27199
coco_i2i,euclidean,1.2,robust-prune,-1,27200,113287,183,30952.2849,25660.5,933,113287,27191,27199
coco_i2i,euclidean,1.2,robust-prune,-1,27200,113287,184,31127.7369,25900.0,939,113287,27191,27199
coco_i2i,euclidean,1.2,robust-prune,-1,27200,113287,185,31300.3669,26074.5,954,113287,27191,27199
coco_i2i,euclidean,1.2,robust-prune,-1,27200,113287,186,31472.0596,26248.0,959,113287,27191,27199
coco_i2i,euclidean,1.2,robust-prune,-1,27200,113287,187,31650.2056,26409.0,961,113287,27191,27199
coco_i2i,euclidean,1.2,robust-prune,-1,27200,113287,188,31823.3963,26587.0,965,113287,27191,27199
coco_i2i,euclidean,1.2,robust-prune,-1,27200,113287,189,31992.6851,26764.0,969,113287,27191,27199
coco_i2i,euclidean,1.2,robust-prune,-1,27200,113287,190,32169.3903,26946.0,971,113287,27191,27199
coco_i2i,euclidean,1.2,robust-prune,-1,27200,113287,191,32340.0683,27120.0,974,113287,27191,27199
coco_i2i,euclidean,1.2,robust-prune,-1,27200,113287,192,32513.4778,27300.5,976,113287,27190,27199
coco_i2i,euclidean,1.2,robust-prune,-1,27200,113287,193,32685.4146,27507.0,977,113287,27190,27199
coco_i2i,euclidean,1.2,robust-prune,-1,27200,113287,194,32864.1219,27695.0,979,113287,27190,27198
coco_i2i,euclidean,1.2,robust-prune,-1,27200,113287,195,33042.911,27868.5,985,113287,27188,27198
coco_i2i,euclidean,1.2,robust-prune,-1,27200,113287,196,33220.8492,28069.5,986,113287,27188,27198
coco_i2i,euclidean,1.2,robust-prune,-1,27200,113287,197,33393.06,28287.5,987,113287,27187,27198
coco_i2i,euclidean,1.2,robust-prune,-1,27200,113287,198,33565.0359,28454.0,989,113287,27187,27198
coco_i2i,euclidean,1.2,robust-prune,-1,27200,113287,199,33741.1889,28651.5,990,113287,27187,27198
coco_i2i,euclidean,1.2,robust-prune,-1,27200,113287,200,33915.9976,28854.5,999,113287,27187,27198
coco_i2i,euclidean,1.2,robust-prune,-1,27200,113287,201,34089.1746,29059.0,1001,113287,27187,27198
coco_i2i,euclidean,1.2,robust-prune,-1,27200,113287,202,34259.9504,29254.5,1020,113287,27187,27198
coco_i2i,euclidean,1.2,robust-prune,-1,27200,113287,203,34429.1995,29433.0,1021,113287,27186,27198
coco_i2i,euclidean,1.2,robust-prune,-1,27200,113287,204,34607.0646,29603.0,1028,113287,27186,27198
coco_i2i,euclidean,1.2,robust-prune,-1,27200,113287,205,34781.578,29805.5,1029,113287,27186,27198
coco_i2i,euclidean,1.2,robust-prune,-1,27200,113287,206,34955.4706,29936.0,1031,113287,27186,27198
coco_i2i,euclidean,1.2,robust-prune,-1,27200,113287,207,35130.8499,30143.5,1036,113287,27186,27198
coco_i2i,euclidean,1.2,robust-prune,-1,27200,113287,208,35307.1509,30368.0,1042,113287,27185,27198
coco_i2i,euclidean,1.2,robust-prune,-1,27200,113287,209,35482.3446,30551.5,1044,113287,27185,27198
coco_i2i,euclidean,1.2,robust-prune,-1,27200,113287,210,35660.5308,30707.0,1045,113287,27185,27198
coco_i2i,euclidean,1.2,robust-prune,-1,27200,113287,211,35839.2728,30895.5,1047,113287,27185,27198
coco_i2i,euclidean,1.2,robust-prune,-1,27200,113287,212,36010.2243,31080.5,1050,113287,27184,27198
coco_i2i,euclidean,1.2,robust-prune,-1,27200,113287,213,36181.2849,31258.0,1052,113287,27184,27198
coco_i2i,euclidean,1.2,robust-prune,-1,27200,113287,214,36353.0738,31438.0,1055,113287,27184,27198
coco_i2i,euclidean,1.2,robust-prune,-1,27200,113287,215,36525.6143,31621.0,1085,113287,27184,27198
coco_i2i,euclidean,1.2,robust-prune,-1,27200,113287,216,36700.2496,31809.0,1088,113287,27184,27198
coco_i2i,euclidean,1.2,robust-prune,-1,27200,113287,217,36868.908,32015.0,1089,113287,27183,27198
coco_i2i,euclidean,1.2,robust-prune,-1,27200,113287,218,37040.1879,32239.0,1091,113287,27181,27198
coco_i2i,euclidean,1.2,robust-prune,-1,27200,113287,219,37216.0021,32434.0,1102,113287,27180,27198
coco_i2i,euclidean,1.2,robust-prune,-1,27200,113287,220,37390.1177,32620.5,1103,113287,27180,27198
coco_i2i,euclidean,1.2,robust-prune,-1,27200,113287,221,37561.2403,32803.0,1107,113287,27179,27198
coco_i2i,euclidean,1.2,robust-prune,-1,27200,113287,222,37734.8717,33014.0,1109,113287,27178,27198
coco_i2i,euclidean,1.2,robust-prune,-1,27200,113287,223,37907.6723,33179.0,1113,113287,27178,27198
coco_i2i,euclidean,1.2,robust-prune,-1,27200,113287,224,38077.9797,33369.5,1114,113287,27177,27198
coco_i2i,euclidean,1.2,robust-prune,-1,27200,113287,225,38249.175,33592.0,1117,113287,27177,27198
coco_i2i,euclidean,1.2,robust-prune,-1,27200,113287,226,38423.0214,33835.5,1118,113287,27176,27198
coco_i2i,euclidean,1.2,robust-prune,-1,27200,113287,227,38597.3892,34017.0,1125,113287,27175,27198
coco_i2i,euclidean,1.2,robust-prune,-1,27200,113287,228,38770.0224,34234.5,1126,113287,27174,27198
coco_i2i,euclidean,1.2,robust-prune,-1,27200,113287,229,38941.9941,34429.0,1127,113287,27173,27198
coco_i2i,euclidean,1.2,robust-prune,-1,27200,113287,230,39110.0427,34631.0,1137,113287,27172,27198
coco_i2i,euclidean,1.2,robust-prune,-1,27200,113287,231,39278.1782,34840.0,1138,113287,27171,27198
coco_i2i,euclidean,1.2,robust-prune,-1,27200,113287,232,39451.5475,34975.5,1139,113287,27170,27198
coco_i2i,euclidean,1.2,robust-prune,-1,27200,113287,233,39622.3085,35158.5,1143,113287,27170,27198
coco_i2i,euclidean,1.2,robust-prune,-1,27200,113287,234,39790.4779,35410.5,1146,113287,27170,27197
coco_i2i,euclidean,1.2,robust-prune,-1,27200,113287,235,39961.753,35586.0,1147,113287,27169,27197
coco_i2i,euclidean,1.2,robust-prune,-1,27200,113287,236,40135.236,35786.0,1148,113287,27168,27197
coco_i2i,euclidean,1.2,robust-prune,-1,27200,113287,237,40306.085,35996.5,1150,113287,27168,27197
coco_i2i,euclidean,1.2,robust-prune,-1,27200,113287,238,40476.3225,36226.0,1151,113287,27168,27197
coco_i2i,euclidean,1.2,robust-prune,-1,27200,113287,239,40641.7426,36389.0,1153,113287,27166,27197
coco_i2i,euclidean,1.2,robust-prune,-1,27200,113287,240,40809.9127,36595.5,1158,113287,27166,27197
coco_i2i,euclidean,1.2,robust-prune,-1,27200,113287,241,40977.4841,36796.5,1161,113287,27166,27197
coco_i2i,euclidean,1.2,robust-prune,-1,27200,113287,242,41146.8695,36998.0,1164,113287,27166,27197
coco_i2i,euclidean,1.2,robust-prune,-1,27200,113287,243,41315.5011,37176.5,1165,113287,27166,27197
coco_i2i,euclidean,1.2,robust-prune,-1,27200,113287,244,41482.5948,37388.5,1167,113287,27166,27197
coco_i2i,euclidean,1.2,robust-prune,-1,27200,113287,245,41652.009,37600.0,1168,113287,27166,27197
coco_i2i,euclidean,1.2,robust-prune,-1,27200,113287,246,41818.2936,37767.5,1171,113287,27166,27197
coco_i2i,euclidean,1.2,robust-prune,-1,27200,113287,247,41984.9881,37935.5,1173,113287,27166,27196
coco_i2i,euclidean,1.2,robust-prune,-1,27200,113287,248,42150.0226,38089.5,1174,113287,27165,27196
coco_i2i,euclidean,1.2,robust-prune,-1,27200,113287,249,42318.628,38326.0,1175,113287,27164,27196
coco_i2i,euclidean,1.2,robust-prune,-1,27200,113287,250,42483.776,38516.5,1176,113287,27164,27196
coco_i2i,euclidean,1.2,robust-prune,-1,27200,113287,251,42651.1633,38749.5,1177,113287,27162,27196
coco_i2i,euclidean,1.2,robust-prune,-1,27200,113287,252,42819.9769,38918.5,1178,113287,27161,27196
coco_i2i,euclidean,1.2,robust-prune,-1,27200,113287,253,42984.1019,39129.5,1182,113287,27160,27195
coco_i2i,euclidean,1.2,robust-prune,-1,27200,113287,254,43152.0715,39351.0,1184,113287,27159,27195
coco_i2i,euclidean,1.2,robust-prune,-1,27200,113287,255,43322.35,39532.0,1187,113287,27159,27195
coco_i2i,euclidean,1.2,robust-prune,-1,27200,113287,256,43489.6848,39720.5,1192,113287,27159,27195
coco_i2i,euclidean,1.2,robust-prune,-1,27200,113287,257,43653.0893,39906.0,1193,113287,27158,27195
coco_i2i,euclidean,1.2,robust-prune,-1,27200,113287,258,43826.7965,40114.0,1194,113287,27156,27195
coco_i2i,euclidean,1.2,robust-prune,-1,27200,113287,259,43993.6671,40370.0,1196,113287,27156,27195
coco_i2i,euclidean,1.2,robust-prune,-1,27200,113287,260,44158.5343,40522.0,1197,113287,27156,27195
coco_i2i,euclidean,1.2,robust-prune,-1,27200,113287,261,44322.6158,40726.0,1198,113287,27156,27194
coco_i2i,euclidean,1.2,robust-prune,-1,27200,113287,262,44489.7123,40891.5,1199,113287,27155,27194
coco_i2i,euclidean,1.2,robust-prune,-1,27200,113287,263,44656.9,41049.0,1208,113287,27155,27194
coco_i2i,euclidean,1.2,robust-prune,-1,27200,113287,264,44822.6214,41258.5,1211,113287,27155,27194
coco_i2i,euclidean,1.2,robust-prune,-1,27200,113287,265,44986.0829,41435.0,1212,113287,27154,27194
coco_i2i,euclidean,1.2,robust-prune,-1,27200,113287,266,45147.7433,41613.5,1217,113287,27153,27194
coco_i2i,euclidean,1.2,robust-prune,-1,27200,113287,267,45315.1688,41851.5,1219,113287,27152,27194
coco_i2i,euclidean,1.2,robust-prune,-1,27200,113287,268,45483.37,42021.0,1220,113287,27151,27194
coco_i2i,euclidean,1.2,robust-prune,-1,27200,113287,269,45649.9881,42254.0,1222,113287,27149,27193
coco_i2i,euclidean,1.2,robust-prune,-1,27200,113287,270,45815.5632,42433.5,1223,113287,27147,27192
coco_i2i,euclidean,1.2,robust-prune,-1,27200,113287,271,45976.1268,42608.5,1229,113287,27145,27191
coco_i2i,euclidean,1.2,robust-prune,-1,27200,113287,272,46141.5889,42786.0,1231,113287,27144,27190
coco_i2i,euclidean,1.2,robust-prune,-1,27200,113287,273,46304.5985,43027.5,1233,113287,27144,27190
coco_i2i,euclidean,1.2,robust-prune,-1,27200,113287,274,46471.858,43240.0,1234,113287,27144,27190
coco_i2i,euclidean,1.2,robust-prune,-1,27200,113287,275,46638.389,43414.5,1238,113287,27143,27190
coco_i2i,euclidean,1.2,robust-prune,-1,27200,113287,276,46800.6699,43595.5,1240,113287,27139,27190
coco_i2i,euclidean,1.2,robust-prune,-1,27200,113287,277,46969.8363,43860.0,1251,113287,27139,27190
coco_i2i,euclidean,1.2,robust-prune,-1,27200,113287,278,47130.8117,44047.0,1267,113287,27135,27190
coco_i2i,euclidean,1.2,robust-prune,-1,27200,113287,279,47294.3506,44303.5,1269,113287,27135,27190
coco_i2i,euclidean,1.2,robust-prune,-1,27200,113287,280,47454.8797,44469.0,1270,113287,27133,27190
coco_i2i,euclidean,1.2,robust-prune,-1,27200,113287,281,47620.8383,44680.5,1273,113287,27131,27190
coco_i2i,euclidean,1.2,robust-prune,-1,27200,113287,282,47783.0633,44831.5,1277,113287,27130,27189
coco_i2i,euclidean,1.2,robust-prune,-1,27200,113287,283,47947.8435,45032.0,1278,113287,27130,27189
coco_i2i,euclidean,1.2,robust-prune,-1,27200,113287,284,48105.5859,45200.5,1281,113287,27128,27189
coco_i2i,euclidean,1.2,robust-prune,-1,27200,113287,285,48265.1431,45378.5,1283,113287,27127,27189
coco_i2i,euclidean,1.2,robust-prune,-1,27200,113287,286,48425.4302,45598.5,1287,113287,27127,27188
coco_i2i,euclidean,1.2,robust-prune,-1,27200,113287,287,48583.9936,45843.0,1291,113287,27127,27188
coco_i2i,euclidean,1.2,robust-prune,-1,27200,113287,288,48749.4785,46025.5,1294,113287,27127,27188
coco_i2i,euclidean,1.2,robust-prune,-1,27200,113287,289,48912.5628,46218.5,1296,113287,27127,27187
coco_i2i,euclidean,1.2,robust-prune,-1,27200,113287,290,49075.7057,46390.0,1297,113287,27127,27187
coco_i2i,euclidean,1.2,robust-prune,-1,27200,113287,291,49236.4309,46582.0,1299,113287,27127,27187
coco_i2i,euclidean,1.2,robust-prune,-1,27200,113287,292,49398.9872,46758.0,1304,113287,27125,27187
coco_i2i,euclidean,1.2,robust-prune,-1,27200,113287,293,49554.7899,46929.0,1315,113287,27123,27187
coco_i2i,euclidean,1.2,robust-prune,-1,27200,113287,294,49717.9256,47121.5,1316,113287,27122,27186
coco_i2i,euclidean,1.2,robust-prune,-1,27200,113287,295,49874.4323,47344.0,1317,113287,27121,27186
coco_i2i,euclidean,1.2,robust-prune,-1,27200,113287,296,50031.6524,47519.0,1337,113287,27118,27186
coco_i2i,euclidean,1.2,robust-prune,-1,27200,113287,297,50187.508,47717.5,1338,113287,27117,27186
coco_i2i,euclidean,1.2,robust-prune,-1,27200,113287,298,50346.8083,47918.5,1339,113287,27114,27186
coco_i2i,euclidean,1.2,robust-prune,-1,27200,113287,299,50503.1152,48114.5,1342,113287,27112,27186
coco_i2i,euclidean,1.2,robust-prune,-1,27200,113287,300,50656.4952,48260.0,1343,113287,27112,27186
coco_i2i,euclidean,1.2,robust-prune,-1,27200,113287,301,50815.4315,48504.5,1344,113287,27111,27185
coco_i2i,euclidean,1.2,robust-prune,-1,27200,113287,302,50975.0712,48718.0,1347,113287,27108,27185
coco_i2i,euclidean,1.2,robust-prune,-1,27200,113287,303,51138.3987,48872.5,1348,113287,27105,27185
coco_i2i,euclidean,1.2,robust-prune,-1,27200,113287,304,51303.3988,49125.5,1355,113287,27103,27184
coco_i2i,euclidean,1.2,robust-prune,-1,27200,113287,305,51465.9044,49287.5,1356,113287,27103,27184
coco_i2i,euclidean,1.2,robust-prune,-1,27200,113287,306,51620.457,49474.5,1366,113287,27100,27184
coco_i2i,euclidean,1.2,robust-prune,-1,27200,113287,307,51780.7659,49708.5,1367,113287,27099,27183
coco_i2i,euclidean,1.2,robust-prune,-1,27200,113287,308,51938.0907,49879.0,1374,113287,27097,27183
coco_i2i,euclidean,1.2,robust-prune,-1,27200,113287,309,52092.1292,50081.0,1375,113287,27097,27183
coco_i2i,euclidean,1.2,robust-prune,-1,27200,113287,310,52246.8311,50284.5,1376,113287,27096,27183
coco_i2i,euclidean,1.2,robust-prune,-1,27200,113287,311,52403.4674,50461.5,1381,113287,27094,27183
coco_i2i,euclidean,1.2,robust-prune,-1,27200,113287,312,52559.3928,50700.0,1386,113287,27093,27183
coco_i2i,euclidean,1.2,robust-prune,-1,27200,113287,313,52718.8206,50922.5,1387,113287,27092,27182
coco_i2i,euclidean,1.2,robust-prune,-1,27200,113287,314,52876.9741,51081.0,1388,113287,27091,27181
coco_i2i,euclidean,1.2,robust-prune,-1,27200,113287,315,53034.2666,51273.0,1390,113287,27090,27180
coco_i2i,euclidean,1.2,robust-prune,-1,27200,113287,316,53190.3753,51453.0,1392,113287,27087,27180
coco_i2i,euclidean,1.2,robust-prune,-1,27200,113287,317,53344.9411,51644.5,1393,113287,27083,27180
coco_i2i,euclidean,1.2,robust-prune,-1,27200,113287,318,53503.4212,51866.0,1394,113287,27079,27180
coco_i2i,euclidean,1.2,robust-prune,-1,27200,113287,319,53657.8478,52057.5,1396,113287,27079,27180
coco_i2i,euclidean,1.2,robust-prune,-1,27200,113287,320,53811.6125,52208.0,1398,113287,27076,27180
coco_i2i,euclidean,1.2,robust-prune,-1,27200,113287,321,53965.5256,52415.5,1401,113287,27076,27180
coco_i2i,euclidean,1.2,robust-prune,-1,27200,113287,322,54122.5023,52591.0,1403,113287,27075,27180
coco_i2i,euclidean,1.2,robust-prune,-1,27200,113287,323,54274.4278,52773.0,1407,113287,27071,27180
coco_i2i,euclidean,1.2,robust-prune,-1,27200,113287,324,54429.6706,52954.0,1408,113287,27071,27180
coco_i2i,euclidean,1.2,robust-prune,-1,27200,113287,325,54577.8709,53142.5,1409,113287,27069,27179
coco_i2i,euclidean,1.2,robust-prune,-1,27200,113287,326,54731.7833,53347.5,1410,113287,27064,27179
coco_i2i,euclidean,1.2,robust-prune,-1,27200,113287,327,54883.4339,53561.0,1411,113287,27062,27176
coco_i2i,euclidean,1.2,robust-prune,-1,27200,113287,328,55037.9962,53774.0,1413,113287,27062,27176
coco_i2i,euclidean,1.2,robust-prune,-1,27200,113287,329,55185.5746,53940.5,1415,113287,27059,27176
coco_i2i,euclidean,1.2,robust-prune,-1,27200,113287,330,55336.5664,54174.5,1417,113287,27057,27176
coco_i2i,euclidean,1.2,robust-prune,-1,27200,113287,331,55486.608,54379.5,1418,113287,27055,27176
coco_i2i,euclidean,1.2,robust-prune,-1,27200,113287,332,55638.424,54574.0,1419,113287,27053,27176
coco_i2i,euclidean,1.2,robust-prune,-1,27200,113287,333,55789.0607,54763.0,1423,113287,27052,27176
coco_i2i,euclidean,1.2,robust-prune,-1,27200,113287,334,55938.7806,54962.5,1424,113287,27049,27176
coco_i2i,euclidean,1.2,robust-prune,-1,27200,113287,335,56091.6171,55122.5,1427,113287,27043,27175
coco_i2i,euclidean,1.2,robust-prune,-1,27200,113287,336,56242.9717,55342.0,1434,113287,27042,27175
coco_i2i,euclidean,1.2,robust-prune,-1,27200,113287,337,56392.2225,55592.5,1435,113287,27037,27174
coco_i2i,euclidean,1.2,robust-prune,-1,27200,113287,338,56541.5538,55757.5,1458,113287,27037,27173
coco_i2i,euclidean,1.2,robust-prune,-1,27200,113287,339,56690.2641,55923.5,1461,113287,27035,27172
coco_i2i,euclidean,1.2,robust-prune,-1,27200,113287,340,56840.8217,56119.5,1462,113287,27033,27171
coco_i2i,euclidean,1.2,robust-prune,-1,27200,113287,341,56991.2801,56354.5,1467,113287,27031,27171
coco_i2i,euclidean,1.2,robust-prune,-1,27200,113287,342,57135.6338,56523.5,1468,113287,27028,27170
coco_i2i,euclidean,1.2,robust-prune,-1,27200,113287,343,57287.3144,56697.0,1469,113287,27027,27169
coco_i2i,euclidean,1.2,robust-prune,-1,27200,113287,344,57434.9636,56851.0,1470,113287,27024,27169
coco_i2i,euclidean,1.2,robust-prune,-1,27200,113287,345,57585.099,57015.0,1471,113287,27023,27169
coco_i2i,euclidean,1.2,robust-prune,-1,27200,113287,346,57733.0867,57193.5,1473,113287,27019,27166
coco_i2i,euclidean,1.2,robust-prune,-1,27200,113287,347,57877.0687,57390.5,1474,113287,27018,27166
coco_i2i,euclidean,1.2,robust-prune,-1,27200,113287,348,58028.6005,57564.0,1477,113287,27014,27164
coco_i2i,euclidean,1.2,robust-prune,-1,27200,113287,349,58179.2047,57799.5,1479,113287,27012,27163
coco_i2i,euclidean,1.2,robust-prune,-1,27200,113287,350,58324.5279,57955.0,1481,113287,27009,27163
coco_i2i,euclidean,1.2,robust-prune,-1,27200,113287,351,58468.3185,58176.0,1482,113287,27009,27163
coco_i2i,euclidean,1.2,robust-prune,-1,27200,113287,352,58617.4135,58362.0,1489,113287,27007,27162
coco_i2i,euclidean,1.2,robust-prune,-1,27200,113287,353,58761.4794,58554.5,1490,113287,27007,27161
coco_i2i,euclidean,1.2,robust-prune,-1,27200,113287,354,58905.7785,58691.0,1491,113287,27006,27161
coco_i2i,euclidean,1.2,robust-prune,-1,27200,113287,355,59050.8138,58897.5,1495,113287,27003,27161
coco_i2i,euclidean,1.2,robust-prune,-1,27200,113287,356,59196.6075,59132.5,1497,113287,27001,27160
coco_i2i,euclidean,1.2,robust-prune,-1,27200,113287,357,59341.5322,59313.0,1498,113287,26998,27159
coco_i2i,euclidean,1.2,robust-prune,-1,27200,113287,358,59486.966,59486.0,1502,113287,26994,27159
coco_i2i,euclidean,1.2,robust-prune,-1,27200,113287,359,59630.1646,59694.0,1505,113287,26990,27159
coco_i2i,euclidean,1.2,robust-prune,-1,27200,113287,360,59776.3289,59871.0,1507,113287,26988,27159
coco_i2i,euclidean,1.2,robust-prune,-1,27200,113287,361,59920.6244,60122.0,1508,113287,26986,27159
coco_i2i,euclidean,1.2,robust-prune,-1,27200,113287,362,60063.4573,60306.5,1509,113287,26981,27159
coco_i2i,euclidean,1.2,robust-prune,-1,27200,113287,363,60209.5458,60484.0,1510,113287,26980,27158
coco_i2i,euclidean,1.2,robust-prune,-1,27200,113287,364,60355.8774,60659.5,1525,113287,26977,27157
coco_i2i,euclidean,1.2,robust-prune,-1,27200,113287,365,60493.8315,60784.0,1528,113287,26975,27157
coco_i2i,euclidean,1.2,robust-prune,-1,27200,113287,366,60635.6855,60941.0,1529,113287,26972,27156
coco_i2i,euclidean,1.2,robust-prune,-1,27200,113287,367,60780.8955,61166.5,1531,113287,26970,27154
coco_i2i,euclidean,1.2,robust-prune,-1,27200,113287,368,60925.9889,61357.5,1532,113287,26969,27153
coco_i2i,euclidean,1.2,robust-prune,-1,27200,113287,369,61066.2082,61521.5,1533,113287,26969,27153
coco_i2i,euclidean,1.2,robust-prune,-1,27200,113287,370,61207.0156,61721.0,1537,113287,26966,27153
coco_i2i,euclidean,1.2,robust-prune,-1,27200,113287,371,61345.7408,61876.5,1538,113287,26965,27153
coco_i2i,euclidean,1.2,robust-prune,-1,27200,113287,372,61482.7944,62104.5,1539,113287,26964,27152
coco_i2i,euclidean,1.2,robust-prune,-1,27200,113287,373,61622.7781,62275.0,1542,113287,26961,27151
coco_i2i,euclidean,1.2,robust-prune,-1,27200,113287,374,61760.5289,62439.0,1545,113287,26958,27151
coco_i2i,euclidean,1.2,robust-prune,-1,27200,113287,375,61896.8934,62603.0,1546,113287,26956,27151
coco_i2i,euclidean,1.2,robust-prune,-1,27200,113287,376,62040.1949,62856.0,1548,113287,26954,27151
coco_i2i,euclidean,1.2,robust-prune,-1,27200,113287,377,62181.5817,63019.0,1549,113287,26953,27151
coco_i2i,euclidean,1.2,robust-prune,-1,27200,113287,378,62322.2476,63243.5,1552,113287,26951,27150
coco_i2i,euclidean,1.2,robust-prune,-1,27200,113287,379,62461.7451,63367.0,1553,113287,26949,27148
coco_i2i,euclidean,1.2,robust-prune,-1,27200,113287,380,62599.835,63564.0,1555,113287,26949,27147
coco_i2i,euclidean,1.2,robust-prune,-1,27200,113287,381,62734.7311,63721.5,1556,113287,26942,27146
coco_i2i,euclidean,1.2,robust-prune,-1,27200,113287,382,62871.7506,63928.0,1557,113287,26940,27145
coco_i2i,euclidean,1.2,robust-prune,-1,27200,113287,383,63006.8997,64123.0,1561,113287,26939,27144
coco_i2i,euclidean,1.2,robust-prune,-1,27200,113287,384,63147.2001,64300.5,1563,113287,26938,27144
coco_i2i,euclidean,1.2,robust-prune,-1,27200,113287,385,63284.768,64463.0,1564,113287,26937,27142
coco_i2i,euclidean,1.2,robust-prune,-1,27200,113287,386,63425.9852,64647.0,1568,113287,26935,27142
coco_i2i,euclidean,1.2,robust-prune,-1,27200,113287,387,63561.5261,64820.5,1569,113287,26930,27141
coco_i2i,euclidean,1.2,robust-prune,-1,27200,113287,388,63696.3019,65021.5,1570,113287,26924,27141
coco_i2i,euclidean,1.2,robust-prune,-1,27200,113287,389,63831.8626,65175.0,1571,113287,26923,27141
coco_i2i,euclidean,1.2,robust-prune,-1,27200,113287,390,63962.4235,65300.0,1574,113287,26919,27140
coco_i2i,euclidean,1.2,robust-prune,-1,27200,113287,391,64095.0445,65455.0,1575,113287,26914,27140
coco_i2i,euclidean,1.2,robust-prune,-1,27200,113287,392,64228.7506,65589.5,1576,113287,26911,27140
coco_i2i,euclidean,1.2,robust-prune,-1,27200,113287,393,64364.4115,65818.5,1577,113287,26908,27139
coco_i2i,euclidean,1.2,robust-prune,-1,27200,113287,394,64499.8502,65993.0,1578,113287,26905,27138
coco_i2i,euclidean,1.2,robust-prune,-1,27200,113287,395,64637.6859,66180.5,1581,113287,26899,27138
coco_i2i,euclidean,1.2,robust-prune,-1,27200,113287,396,64774.0029,66349.0,1582,113287,26895,27138
coco_i2i,euclidean,1.2,robust-prune,-1,27200,113287,397,64908.9981,66511.0,1583,113287,26891,27137
coco_i2i,euclidean,1.2,robust-prune,-1,27200,113287,398,65045.8617,66672.5,1591,113287,26886,27133
coco_i2i,euclidean,1.2,robust-prune,-1,27200,113287,399,65180.9315,66847.5,1594,113287,26886,27132
coco_i2i,euclidean,1.2,robust-prune,-1,27200,113287,400,65313.7742,66995.0,1596,113287,26883,27131
coco_i2i,euclidean,1.2,robust-prune,-1,27200,113287,401,65442.8062,67135.0,1600,113287,26880,27130
coco_i2i,euclidean,1.2,robust-prune,-1,27200,113287,402,65574.173,67333.5,1601,113287,26878,27130
coco_i2i,euclidean,1.2,robust-prune,-1,27200,113287,403,65709.4378,67482.5,1603,113287,26873,27130
coco_i2i,euclidean,1.2,robust-prune,-1,27200,113287,404,65842.923,67674.0,1622,113287,26871,27129
coco_i2i,euclidean,1.2,robust-prune,-1,27200,113287,405,65975.3151,67824.0,1623,113287,26867,27127
coco_i2i,euclidean,1.2,robust-prune,-1,27200,113287,406,66108.8231,67968.0,1624,113287,26864,27127
coco_i2i,euclidean,1.2,robust-prune,-1,27200,113287,407,66239.4214,68135.5,1626,113287,26859,27126
coco_i2i,euclidean,1.2,robust-prune,-1,27200,113287,408,66375.1686,68245.5,1628,113287,26855,27123
coco_i2i,euclidean,1.2,robust-prune,-1,27200,113287,409,66508.903,68416.0,1632,113287,26847,27122
coco_i2i,euclidean,1.2,robust-prune,-1,27200,113287,410,66645.4358,68633.5,1633,113287,26846,27119
coco_i2i,euclidean,1.2,robust-prune,-1,27200,113287,411,66771.0368,68793.5,1634,113287,26837,27119
coco_i2i,euclidean,1.2,robust-prune,-1,27200,113287,412,66905.0432,68982.5,1636,113287,26833,27118
coco_i2i,euclidean,1.2,robust-prune,-1,27200,113287,413,67035.1816,69132.5,1638,113287,26827,27117
coco_i2i,euclidean,1.2,robust-prune,-1,27200,113287,414,67165.5336,69281.5,1642,113287,26822,27116
coco_i2i,euclidean,1.2,robust-prune,-1,27200,113287,415,67300.3031,69554.5,1644,113287,26818,27115
coco_i2i,euclidean,1.2,robust-prune,-1,27200,113287,416,67433.9264,69708.0,1645,113287,26813,27115
coco_i2i,euclidean,1.2,robust-prune,-1,27200,113287,417,67562.2431,69862.5,1646,113287,26808,27113
coco_i2i,euclidean,1.2,robust-prune,-1,27200,113287,418,67694.4744,70020.0,1647,113287,26806,27113
coco_i2i,euclidean,1.2,robust-prune,-1,27200,113287,419,67821.1874,70172.0,1648,113287,26802,27112
coco_i2i,euclidean,1.2,robust-prune,-1,27200,113287,420,67951.403,70365.5,1651,113287,26798,27110
coco_i2i,euclidean,1.2,robust-prune,-1,27200,113287,421,68081.4392,70514.5,1653,113287,26793,27108
coco_i2i,euclidean,1.2,robust-prune,-1,27200,113287,422,68209.8806,70658.5,1656,113287,26790,27106
coco_i2i,euclidean,1.2,robust-prune,-1,27200,113287,423,68335.4133,70841.0,1658,113287,26786,27105
coco_i2i,euclidean,1.2,robust-prune,-1,27200,113287,424,68462.8443,70976.0,1660,113287,26781,27104
coco_i2i,euclidean,1.2,robust-prune,-1,27200,113287,425,68591.5149,71143.0,1661,113287,26774,27104
coco_i2i,euclidean,1.2,robust-prune,-1,27200,113287,426,68721.8649,71303.0,1662,113287,26767,27102
coco_i2i,euclidean,1.2,robust-prune,-1,27200,113287,427,68850.5027,71462.5,1745,113287,26758,27101
coco_i2i,euclidean,1.2,robust-prune,-1,27200,113287,428,68979.7505,71637.5,1746,113287,26752,27098
coco_i2i,euclidean,1.2,robust-prune,-1,27200,113287,429,69108.0026,71791.5,1748,113287,26742,27097
coco_i2i,euclidean,1.2,robust-prune,-1,27200,113287,430,69228.7893,71924.5,1751,113287,26734,27096
coco_i2i,euclidean,1.2,robust-prune,-1,27200,113287,431,69352.5383,72073.0,1752,113287,26727,27095
coco_i2i,euclidean,1.2,robust-prune,-1,27200,113287,432,69474.6626,72266.5,1760,113287,26721,27094
coco_i2i,euclidean,1.2,robust-prune,-1,27200,113287,433,69601.7735,72386.5,1763,113287,26717,27092
coco_i2i,euclidean,1.2,robust-prune,-1,27200,113287,434,69728.7144,72580.5,1764,113287,26711,27091
coco_i2i,euclidean,1.2,robust-prune,-1,27200,113287,435,69853.6375,72742.0,1766,113287,26705,27088
coco_i2i,euclidean,1.2,robust-prune,-1,27200,113287,436,69977.5393,72889.5,1767,113287,26696,27087
coco_i2i,euclidean,1.2,robust-prune,-1,27200,113287,437,70104.1294,73052.0,1768,113287,26692,27084
coco_i2i,euclidean,1.2,robust-prune,-1,27200,113287,438,70227.3156,73225.5,1769,113287,26684,27084
coco_i2i,euclidean,1.2,robust-prune,-1,27200,113287,439,70349.769,73369.0,1776,113287,26680,27080
coco_i2i,euclidean,1.2,robust-prune,-1,27200,113287,440,70474.2054,73520.5,1777,113287,26676,27078
coco_i2i,euclidean,1.2,robust-prune,-1,27200,113287,441,70595.5701,73665.5,1778,113287,26669,27077
coco_i2i,euclidean,1.2,robust-prune,-1,27200,113287,442,70720.6703,73784.0,2015,113287,26664,27076
coco_i2i,euclidean,1.2,robust-prune,-1,27200,113287,443,70840.6691,73938.5,2017,113287,26657,27074
coco_i2i,euclidean,1.2,robust-prune,-1,27200,113287,444,70964.8822,74125.0,2019,113287,26654,27072
coco_i2i,euclidean,1.2,robust-prune,-1,27200,113287,445,71086.4531,74261.0,2021,113287,26646,27071
coco_i2i,euclidean,1.2,robust-prune,-1,27200,113287,446,71205.9709,74433.5,2023,113287,26641,27070
coco_i2i,euclidean,1.2,robust-prune,-1,27200,113287,447,71329.4294,74595.5,2324,113287,26635,27069
coco_i2i,euclidean,1.2,robust-prune,-1,27200,113287,448,71450.6563,74770.5,2325,113287,26633,27069
coco_i2i,euclidean,1.2,robust-prune,-1,27200,113287,449,71571.1528,74935.0,2332,113287,26631,27065
coco_i2i,euclidean,1.2,robust-prune,-1,27200,113287,450,71696.3686,75145.5,2336,113287,26626,27064
coco_i2i,euclidean,1.2,robust-prune,-1,27200,113287,451,71817.0635,75297.5,2340,113287,26621,27063
coco_i2i,euclidean,1.2,robust-prune,-1,27200,113287,452,71940.5456,75433.0,2341,113287,26618,27060
coco_i2i,euclidean,1.2,robust-prune,-1,27200,113287,453,72061.9854,75567.5,2343,113287,26611,27058
coco_i2i,euclidean,1.2,robust-prune,-1,27200,113287,454,72180.0454,75700.0,2347,113287,26601,27056
coco_i2i,euclidean,1.2,robust-prune,-1,27200,113287,455,72300.9154,75814.0,2353,113287,26599,27055
coco_i2i,euclidean,1.2,robust-prune,-1,27200,113287,456,72419.7373,75943.5,2354,113287,26593,27054
coco_i2i,euclidean,1.2,robust-prune,-1,27200,113287,457,72538.6783,76105.5,2355,113287,26587,27054
coco_i2i,euclidean,1.2,robust-prune,-1,27200,113287,458,72659.9569,76227.0,2359,113287,26581,27053
coco_i2i,euclidean,1.2,robust-prune,-1,27200,113287,459,72778.4479,76385.0,2366,113287,26575,27051
coco_i2i,euclidean,1.2,robust-prune,-1,27200,113287,460,72896.1014,76515.5,2369,113287,26566,27049
coco_i2i,euclidean,1.2,robust-prune,-1,27200,113287,461,73011.1743,76674.5,2372,113287,26562,27048
coco_i2i,euclidean,1.2,robust-prune,-1,27200,113287,462,73127.8192,76804.5,2374,113287,26555,27047
coco_i2i,euclidean,1.2,robust-prune,-1,27200,113287,463,73244.4731,76957.0,2386,113287,26546,27041
coco_i2i,euclidean,1.2,robust-prune,-1,27200,113287,464,73360.5143,77115.5,2419,113287,26537,27040
coco_i2i,euclidean,1.2,robust-prune,-1,27200,113287,465,73476.8872,77273.5,2430,113287,26531,27040
coco_i2i,euclidean,1.2,robust-prune,-1,27200,113287,466,73592.3578,77428.5,2434,113287,26529,27039
coco_i2i,euclidean,1.2,robust-prune,-1,27200,113287,467,73707.7651,77603.0,2464,113287,26525,27038
coco_i2i,euclidean,1.2,robust-prune,-1,27200,113287,468,73829.0981,77778.5,2474,113287,26521,27036
coco_i2i,euclidean,1.2,robust-prune,-1,27200,113287,469,73945.8118,77965.5,2475,113287,26511,27035
coco_i2i,euclidean,1.2,robust-prune,-1,27200,113287,470,74059.6118,78049.0,2477,113287,26503,27032
coco_i2i,euclidean,1.2,robust-prune,-1,27200,113287,471,74178.1673,78217.5,2481,113287,26494,27028
coco_i2i,euclidean,1.2,robust-prune,-1,27200,113287,472,74293.103,78376.0,2487,113287,26486,27024
coco_i2i,euclidean,1.2,robust-prune,-1,27200,113287,473,74406.6945,78519.5,2499,113287,26477,27020
coco_i2i,euclidean,1.2,robust-prune,-1,27200,113287,474,74521.9833,78662.5,2503,113287,26472,27018
coco_i2i,euclidean,1.2,robust-prune,-1,27200,113287,475,74637.1614,78812.0,2504,113287,26465,27017
coco_i2i,euclidean,1.2,robust-prune,-1,27200,113287,476,74748.5736,78924.5,2505,113287,26456,27013
coco_i2i,euclidean,1.2,robust-prune,-1,27200,113287,477,74862.764,79086.5,2507,113287,26447,27012
coco_i2i,euclidean,1.2,robust-prune,-1,27200,113287,478,74974.1746,79258.0,2538,113287,26439,27010
coco_i2i,euclidean,1.2,robust-prune,-1,27200,113287,479,75087.8655,79406.0,2540,113287,26430,27008
coco_i2i,euclidean,1.2,robust-prune,-1,27200,113287,480,75199.9664,79525.0,2541,113287,26423,27007
coco_i2i,euclidean,1.2,robust-prune,-1,27200,113287,481,75313.0637,79693.0,2542,113287,26415,27003
coco_i2i,euclidean,1.2,robust-prune,-1,27200,113287,482,75427.7564,79812.0,2554,113287,26405,27002
coco_i2i,euclidean,1.2,robust-prune,-1,27200,113287,483,75539.6521,79956.5,2611,113287,26399,27001
coco_i2i,euclidean,1.2,robust-prune,-1,27200,113287,484,75652.9918,80066.5,2612,113287,26393,27001
coco_i2i,euclidean,1.2,robust-prune,-1,27200,113287,485,75764.5124,80244.5,2614,113287,26383,27000
coco_i2i,euclidean,1.2,robust-prune,-1,27200,113287,486,75877.3375,80355.0,2620,113287,26377,26997
coco_i2i,euclidean,1.2,robust-prune,-1,27200,113287,487,75989.6356,80464.5,2626,113287,26367,26992
coco_i2i,euclidean,1.2,robust-prune,-1,27200,113287,488,76100.236,80600.0,2628,113287,26364,26991
coco_i2i,euclidean,1.2,robust-prune,-1,27200,113287,489,76208.3243,80727.5,2629,113287,26360,26987
coco_i2i,euclidean,1.2,robust-prune,-1,27200,113287,490,76317.9212,80879.5,2630,113287,26354,26986
coco_i2i,euclidean,1.2,robust-prune,-1,27200,113287,491,76427.9521,81047.5,2631,113287,26347,26984
coco_i2i,euclidean,1.2,robust-prune,-1,27200,113287,492,76536.6935,81160.5,2632,113287,26341,26983
coco_i2i,euclidean,1.2,robust-prune,-1,27200,113287,493,76648.4334,81321.5,2636,113287,26339,26982
coco_i2i,euclidean,1.2,robust-prune,-1,27200,113287,494,76761.5907,81445.5,2637,113287,26330,26977
coco_i2i,euclidean,1.2,robust-prune,-1,27200,113287,495,76870.3724,81558.5,2639,113287,26320,26973
coco_i2i,euclidean,1.2,robust-prune,-1,27200,113287,496,76978.5507,81698.5,2643,113287,26307,26973
coco_i2i,euclidean,1.2,robust-prune,-1,27200,113287,497,77090.7825,81833.5,2644,113287,26303,26972
coco_i2i,euclidean,1.2,robust-prune,-1,27200,113287,498,77198.4905,81994.0,2645,113287,26298,26970
coco_i2i,euclidean,1.2,robust-prune,-1,27200,113287,499,77309.1549,82126.5,2648,113287,26292,26968
coco_i2i,euclidean,1.2,robust-prune,-1,27200,113287,500,77413.7552,82259.0,2649,113287,26288,26966
coco_i2i,euclidean,1.2,robust-prune,-1,27200,113287,501,77519.4732,82351.5,2654,113287,26280,26964
coco_i2i,euclidean,1.2,robust-prune,-1,27200,113287,502,77624.5036,82486.5,2655,113287,26267,26964
coco_i2i,euclidean,1.2,robust-prune,-1,27200,113287,503,77732.9476,82616.5,2656,113287,26261,26962
coco_i2i,euclidean,1.2,robust-prune,-1,27200,113287,504,77838.5518,82730.0,2658,113287,26253,26961
coco_i2i,euclidean,1.2,robust-prune,-1,27200,113287,505,77946.6186,82875.0,2663,113287,26250,26957
coco_i2i,euclidean,1.2,robust-prune,-1,27200,113287,506,78049.7815,83004.5,2664,113287,26245,26957
coco_i2i,euclidean,1.2,robust-prune,-1,27200,113287,507,78157.8124,83128.5,2666,113287,26237,26957
coco_i2i,euclidean,1.2,robust-prune,-1,27200,113287,508,78264.0343,83227.0,2667,113287,26228,26955
coco_i2i,euclidean,1.2,robust-prune,-1,27200,113287,509,78370.5725,83391.0,2673,113287,26220,26948
coco_i2i,euclidean,1.2,robust-prune,-1,27200,113287,510,78475.5059,83510.5,2674,113287,26210,26946
coco_i2i,euclidean,1.2,robust-prune,-1,27200,113287,511,78580.5801,83610.0,2680,113287,26206,26944
coco_i2i,euclidean,1.2,robust-prune,-1,27200,113287,512,78682.5342,83716.5,2681,113287,26201,26943
coco_i2i,euclidean,1.2,robust-prune,-1,27200,113287,513,78785.2453,83823.5,2683,113287,26189,26942
coco_i2i,euclidean,1.2,robust-prune,-1,27200,113287,514,78890.7415,83928.0,2763,113287,26182,26940
coco_i2i,euclidean,1.2,robust-prune,-1,27200,113287,515,78994.3239,84067.5,2780,113287,26177,26939
coco_i2i,euclidean,1.2,robust-prune,-1,27200,113287,516,79099.1585,84202.0,2821,113287,26170,26936
coco_i2i,euclidean,1.2,robust-prune,-1,27200,113287,517,79197.9289,84344.0,2828,113287,26163,26934
coco_i2i,euclidean,1.2,robust-prune,-1,27200,113287,518,79301.6928,84467.0,2836,113287,26155,26933
coco_i2i,euclidean,1.2,robust-prune,-1,27200,113287,519,79405.59,84597.5,2840,113287,26150,26929
coco_i2i,euclidean,1.2,robust-prune,-1,27200,113287,520,79507.842,84716.0,2865,113287,26144,26927
coco_i2i,euclidean,1.2,robust-prune,-1,27200,113287,521,79611.5584,84885.0,2867,113287,26135,26925
coco_i2i,euclidean,1.2,robust-prune,-1,27200,113287,522,79715.192,85010.0,2877,113287,26125,26920
coco_i2i,euclidean,1.2,robust-prune,-1,27200,113287,523,79815.8826,85095.5,2878,113287,26119,26914
coco_i2i,euclidean,1.2,robust-prune,-1,27200,113287,524,79919.0216,85218.0,2879,113287,26112,26913
coco_i2i,euclidean,1.2,robust-prune,-1,27200,113287,525,80018.9361,85308.5,2880,113287,26104,26909
coco_i2i,euclidean,1.2,robust-prune,-1,27200,113287,526,80118.9356,85435.5,2885,113287,26091,26908
coco_i2i,euclidean,1.2,robust-prune,-1,27200,113287,527,80217.0643,85545.0,2886,113287,26078,26906
coco_i2i,euclidean,1.2,robust-prune,-1,27200,113287,528,80317.808,85673.0,2887,113287,26066,26901
coco_i2i,euclidean,1.2,robust-prune,-1,27200,113287,529,80414.9967,85835.0,2889,113287,26057,26900
coco_i2i,euclidean,1.2,robust-prune,-1,27200,113287,530,80513.9394,85954.0,2892,113287,26055,26898
coco_i2i,euclidean,1.2,robust-prune,-1,27200,113287,531,80613.7504,86087.0,2898,113287,26043,26894
coco_i2i,euclidean,1.2,robust-prune,-1,27200,113287,532,80713.6066,86185.5,2899,113287,26033,26892
coco_i2i,euclidean,1.2,robust-prune,-1,27200,113287,533,80811.1658,86342.5,2901,113287,26023,26888
coco_i2i,euclidean,1.2,robust-prune,-1,27200,113287,534,80910.6538,86453.5,2903,113287,26015,26885
coco_i2i,euclidean,1.2,robust-prune,-1,27200,113287,535,81007.8919,86565.5,2904,113287,26005,26882
coco_i2i,euclidean,1.2,robust-prune,-1,27200,113287,536,81107.4558,86730.5,2915,113287,25991,26877
coco_i2i,euclidean,1.2,robust-prune,-1,27200,113287,537,81203.4704,86831.0,2918,113287,25983,26875
coco_i2i,euclidean,1.2,robust-prune,-1,27200,113287,538,81301.4092,86971.0,2919,113287,25975,26871
coco_i2i,euclidean,1.2,robust-prune,-1,27200,113287,539,81397.4019,87062.5,2920,113287,25969,26865
coco_i2i,euclidean,1.2,robust-prune,-1,27200,113287,540,81495.9317,87178.0,2928,113287,25961,26863
coco_i2i,euclidean,1.2,robust-prune,-1,27200,113287,541,81593.2654,87280.5,2930,113287,25954,26860
coco_i2i,euclidean,1.2,robust-prune,-1,27200,113287,542,81690.3701,87394.5,2934,113287,25945,26856
coco_i2i,euclidean,1.2,robust-prune,-1,27200,113287,543,81784.444,87460.5,2936,113287,25935,26850
coco_i2i,euclidean,1.2,robust-prune,-1,27200,113287,544,81877.0866,87598.0,2942,113287,25925,26846
coco_i2i,euclidean,1.2,robust-prune,-1,27200,113287,545,81974.9322,87724.5,2980,113287,25916,26843
coco_i2i,euclidean,1.2,robust-prune,-1,27200,113287,546,82071.4344,87878.0,2990,113287,25907,26841
coco_i2i,euclidean,1.2,robust-prune,-1,27200,113287,547,82165.9699,87961.0,2992,113287,25902,26840
coco_i2i,euclidean,1.2,robust-prune,-1,27200,113287,548,82261.1234,88078.5,2993,113287,25894,26838
coco_i2i,euclidean,1.2,robust-prune,-1,27200,113287,549,82358.5078,88182.0,3006,113287,25886,26835
coco_i2i,euclidean,1.2,robust-prune,-1,27200,113287,550,82453.6789,88312.0,3009,113287,25880,26830
coco_i2i,euclidean,1.2,robust-prune,-1,27200,113287,551,82549.1084,88421.0,3010,113287,25867,26826
coco_i2i,euclidean,1.2,robust-prune,-1,27200,113287,552,82646.0242,88555.0,3014,113287,25856,26822
coco_i2i,euclidean,1.2,robust-prune,-1,27200,113287,553,82738.628,88653.5,3015,113287,25850,26816
coco_i2i,euclidean,1.2,robust-prune,-1,27200,113287,554,82831.6876,88745.0,3019,113287,25844,26813
coco_i2i,euclidean,1.2,robust-prune,-1,27200,113287,555,82925.3456,88888.0,3021,113287,25838,26812
coco_i2i,euclidean,1.2,robust-prune,-1,27200,113287,556,83023.2675,88987.0,3026,113287,25821,26806
coco_i2i,euclidean,1.2,robust-prune,-1,27200,113287,557,83118.7636,89143.5,3028,113287,25813,26805
coco_i2i,euclidean,1.2,robust-prune,-1,27200,113287,558,83213.6694,89271.5,3029,113287,25801,26797
coco_i2i,euclidean,1.2,robust-prune,-1,27200,113287,559,83303.3367,89387.5,3030,113287,25793,26790
coco_i2i,euclidean,1.2,robust-prune,-1,27200,113287,560,83393.8366,89482.5,3031,113287,25784,26787
coco_i2i,euclidean,1.2,robust-prune,-1,27200,113287,561,83487.5687,89604.5,3032,113287,25771,26783
coco_i2i,euclidean,1.2,robust-prune,-1,27200,113287,562,83578.6333,89682.5,3033,113287,25760,26779
coco_i2i,euclidean,1.2,robust-prune,-1,27200,113287,563,83670.8481,89789.5,3034,113287,25751,26773
coco_i2i,euclidean,1.2,robust-prune,-1,27200,113287,564,83763.911,89890.5,3035,113287,25741,26771
coco_i2i,euclidean,1.2,robust-prune,-1,27200,113287,565,83852.659,89991.0,3039,113287,25728,26766
coco_i2i,euclidean,1.2,robust-prune,-1,27200,113287,566,83944.2357,90095.0,3056,113287,25716,26763
coco_i2i,euclidean,1.2,robust-prune,-1,27200,113287,567,84033.0125,90205.0,3057,113287,25707,26760
coco_i2i,euclidean,1.2,robust-prune,-1,27200,113287,568,84122.5156,90298.0,3061,113287,25695,26757
coco_i2i,euclidean,1.2,robust-prune,-1,27200,113287,569,84215.1588,90434.5,3065,113287,25680,26754
coco_i2i,euclidean,1.2,robust-prune,-1,27200,113287,570,84305.6368,90535.0,3066,113287,25669,26753
coco_i2i,euclidean,1.2,robust-prune,-1,27200,113287,571,84396.7636,90623.5,3067,113287,25663,26748
coco_i2i,euclidean,1.2,robust-prune,-1,27200,113287,572,84487.5501,90704.0,3069,113287,25655,26744
coco_i2i,euclidean,1.2,robust-prune,-1,27200,113287,573,84576.1879,90820.0,3105,113287,25642,26739
coco_i2i,euclidean,1.2,robust-prune,-1,27200,113287,574,84665.9167,90936.5,3108,113287,25631,26735
coco_i2i,euclidean,1.2,robust-prune,-1,27200,113287,575,84755.001,91022.0,3109,113287,25620,26730
coco_i2i,euclidean,1.2,robust-prune,-1,27200,113287,576,84842.9633,91160.5,3110,113287,25606,26721
coco_i2i,euclidean,1.2,robust-prune,-1,27200,113287,577,84932.1782,91268.0,3112,113287,25593,26718
coco_i2i,euclidean,1.2,robust-prune,-1,27200,113287,578,85018.6856,91336.0,3116,113287,25579,26710
coco_i2i,euclidean,1.2,robust-prune,-1,27200,113287,579,85104.221,91465.0,3141,113287,25570,26710
coco_i2i,euclidean,1.2,robust-prune,-1,27200,113287,580,85195.583,91570.0,3142,113287,25555,26705
coco_i2i,euclidean,1.2,robust-prune,-1,27200,113287,581,85284.5772,91701.0,3152,113287,25543,26697
coco_i2i,euclidean,1.2,robust-prune,-1,27200,113287,582,85371.86,91769.5,3164,113287,25532,26696
coco_i2i,euclidean,1.2,robust-prune,-1,27200,113287,583,85457.6809,91848.0,3167,113287,25521,26695
coco_i2i,euclidean,1.2,robust-prune,-1,27200,113287,584,85545.7939,91941.0,3168,113287,25511,26694
coco_i2i,euclidean,1.2,robust-prune,-1,27200,113287,585,85633.6392,92046.0,3173,113287,25497,26688
coco_i2i,euclidean,1.2,robust-prune,-1,27200,113287,586,85719.1497,92162.5,3177,113287,25490,26685
coco_i2i,euclidean,1.2,robust-prune,-1,27200,113287,587,85805.826,92259.5,3178,113287,25473,26681
coco_i2i,euclidean,1.2,robust-prune,-1,27200,113287,588,85891.4881,92358.0,3179,113287,25469,26677
coco_i2i,euclidean,1.2,robust-prune,-1,27200,113287,589,85976.2922,92487.0,3198,113287,25454,26674
coco_i2i,euclidean,1.2,robust-prune,-1,27200,113287,590,86060.279,92556.0,3199,113287,25444,26667
coco_i2i,euclidean,1.2,robust-prune,-1,27200,113287,591,86144.6437,92665.0,3201,113287,25434,26658
coco_i2i,euclidean,1.2,robust-prune,-1,27200,113287,592,86230.9349,92740.0,3209,113287,25420,26653
coco_i2i,euclidean,1.2,robust-prune,-1,27200,113287,593,86315.6471,92857.0,3234,113287,25409,26650
coco_i2i,euclidean,1.2,robust-prune,-1,27200,113287,594,86399.2021,92944.0,3251,113287,25399,26645
coco_i2i,euclidean,1.2,robust-prune,-1,27200,113287,595,86483.1068,93077.5,3254,113287,25392,26641
coco_i2i,euclidean,1.2,robust-prune,-1,27200,113287,596,86566.8769,93154.5,3255,113287,25379,26632
coco_i2i,euclidean,1.2,robust-prune,-1,27200,113287,597,86648.5822,93265.5,3256,113287,25368,26626
coco_i2i,euclidean,1.2,robust-prune,-1,27200,113287,598,86735.3155,93360.5,3258,113287,25357,26623
coco_i2i,euclidean,1.2,robust-prune,-1,27200,113287,599,86820.1543,93451.0,3260,113287,25347,26620
coco_i2i,euclidean,1.2,robust-prune,-1,27200,113287,600,86904.438,93554.5,3261,113287,25332,26611
coco_i2i,euclidean,1.2,robust-prune,-1,27200,113287,601,86984.6281,93654.5,3264,113287,25319,26604
coco_i2i,euclidean,1.2,robust-prune,-1,27200,113287,602,87067.6759,93739.0,3266,113287,25309,26601
coco_i2i,euclidean,1.2,robust-prune,-1,27200,113287,603,87150.9476,93808.5,3272,113287,25300,26600
coco_i2i,euclidean,1.2,robust-prune,-1,27200,113287,604,87232.1783,93917.5,3283,113287,25290,26594
coco_i2i,euclidean,1.2,robust-prune,-1,27200,113287,605,87314.7675,94009.0,3288,113287,25278,26589
coco_i2i,euclidean,1.2,robust-prune,-1,27200,113287,606,87395.7026,94084.0,3290,113287,25267,26587
coco_i2i,euclidean,1.2,robust-prune,-1,27200,113287,607,87479.3451,94159.5,3297,113287,25259,26586
coco_i2i,euclidean,1.2,robust-prune,-1,27200,113287,608,87561.0032,94261.5,3298,113287,25247,26578
coco_i2i,euclidean,1.2,robust-prune,-1,27200,113287,609,87640.8632,94353.0,3300,113287,25230,26571
coco_i2i,euclidean,1.2,robust-prune,-1,27200,113287,610,87719.3453,94432.5,3304,113287,25213,26566
coco_i2i,euclidean,1.2,robust-prune,-1,27200,113287,611,87801.9374,94516.0,3330,113287,25201,26562
coco_i2i,euclidean,1.2,robust-prune,-1,27200,113287,612,87880.6594,94601.0,3405,113287,25185,26557
coco_i2i,euclidean,1.2,robust-prune,-1,27200,113287,613,87959.0985,94693.0,3407,113287,25176,26549
coco_i2i,euclidean,1.2,robust-prune,-1,27200,113287,614,88038.1807,94771.5,3408,113287,25162,26545
coco_i2i,euclidean,1.2,robust-prune,-1,27200,113287,615,88115.625,94853.0,3409,113287,25145,26543
coco_i2i,euclidean,1.2,robust-prune,-1,27200,113287,616,88196.5412,94936.0,3416,113287,25131,26537
coco_i2i,euclidean,1.2,robust-prune,-1,27200,113287,617,88276.3413,95021.5,3418,113287,25114,26534
coco_i2i,euclidean,1.2,robust-prune,-1,27200,113287,618,88355.2047,95129.0,3419,113287,25102,26531
coco_i2i,euclidean,1.2,robust-prune,-1,27200,113287,619,88434.4084,95239.5,3420,113287,25089,26523
coco_i2i,euclidean,1.2,robust-prune,-1,27200,113287,620,88512.6236,95333.0,3421,113287,25080,26516
coco_i2i,euclidean,1.2,robust-prune,-1,27200,113287,621,88587.8827,95418.0,3422,113287,25074,26507
coco_i2i,euclidean,1.2,robust-prune,-1,27200,113287,622,88666.3285,95480.0,3424,113287,25054,26495
coco_i2i,euclidean,1.2,robust-prune,-1,27200,113287,623,88744.7367,95576.0,3425,113287,25045,26491
coco_i2i,euclidean,1.2,robust-prune,-1,27200,113287,624,88822.2481,95641.0,3427,113287,25031,26487
coco_i2i,euclidean,1.2,robust-prune,-1,27200,113287,625,88899.4566,95717.0,3430,113287,25014,26483
coco_i2i,euclidean,1.2,robust-prune,-1,27200,113287,626,88979.3874,95812.5,3431,113287,25005,26478
coco_i2i,euclidean,1.2,robust-prune,-1,27200,113287,627,89055.0063,95901.5,3439,113287,24996,26472
coco_i2i,euclidean,1.2,robust-prune,-1,27200,113287,628,89130.923,96008.0,3441,113287,24983,26465
coco_i2i,euclidean,1.2,robust-prune,-1,27200,113287,629,89209.8327,96091.5,3956,113287,24971,26461
coco_i2i,euclidean,1.2,robust-prune,-1,27200,113287,630,89286.8957,96180.5,3958,113287,24963,26454
coco_i2i,euclidean,1.2,robust-prune,-1,27200,113287,631,89365.3884,96249.5,3964,113287,24951,26449
coco_i2i,euclidean,1.2,robust-prune,-1,27200,113287,632,89438.8269,96324.5,3965,113287,24941,26442
coco_i2i,euclidean,1.2,robust-prune,-1,27200,113287,633,89512.1788,96420.5,3966,113287,24926,26435
coco_i2i,euclidean,1.2,robust-prune,-1,27200,113287,634,89590.5414,96505.0,3975,113287,24912,26428
coco_i2i,euclidean,1.2,robust-prune,-1,27200,113287,635,89664.2649,96589.0,3976,113287,24904,26421
coco_i2i,euclidean,1.2,robust-prune,-1,27200,113287,636,89736.4007,96670.5,3978,113287,24888,26419
coco_i2i,euclidean,1.2,robust-prune,-1,27200,113287,637,89809.1389,96746.5,3982,113287,24875,26404
coco_i2i,euclidean,1.2,robust-prune,-1,27200,113287,638,89887.6007,96835.5,3984,113287,24861,26396
coco_i2i,euclidean,1.2,robust-prune,-1,27200,113287,639,89964.0026,96914.5,3995,113287,24848,26386
coco_i2i,euclidean,1.2,robust-prune,-1,27200,113287,640,90039.4088,96976.0,4000,113287,24836,26381
coco_i2i,euclidean,1.2,robust-prune,-1,27200,113287,641,90114.4657,97061.5,4002,113287,24823,26377
coco_i2i,euclidean,1.2,robust-prune,-1,27200,113287,642,90185.6492,97149.5,4006,113287,24805,26374
coco_i2i,euclidean,1.2,robust-prune,-1,27200,113287,643,90259.9562,97229.5,4008,113287,24794,26365
coco_i2i,euclidean,1.2,robust-prune,-1,27200,113287,644,90334.7825,97310.0,4011,113287,24784,26357
coco_i2i,euclidean,1.2,robust-prune,-1,27200,113287,645,90406.8991,97400.0,4013,113287,24773,26350
coco_i2i,euclidean,1.2,robust-prune,-1,27200,113287,646,90478.7422,97484.0,4014,113287,24759,26346
coco_i2i,euclidean,1.2,robust-prune,-1,27200,113287,647,90551.9275,97545.0,4016,113287,24746,26336
coco_i2i,euclidean,1.2,robust-prune,-1,27200,113287,648,90626.0429,97616.0,4017,113287,24727,26329
coco_i2i,euclidean,1.2,robust-prune,-1,27200,113287,649,90699.3628,97706.0,4019,113287,24716,26324
coco_i2i,euclidean,1.2,robust-prune,-1,27200,113287,650,90772.8107,97785.5,4033,113287,24700,26311
coco_i2i,euclidean,1.2,robust-prune,-1,27200,113287,651,90844.3138,97858.0,4034,113287,24692,26307
coco_i2i,euclidean,1.2,robust-prune,-1,27200,113287,652,90916.1575,97946.0,4037,113287,24678,26297
coco_i2i,euclidean,1.2,robust-prune,-1,27200,113287,653,90987.5212,98017.5,4040,113287,24666,26289
coco_i2i,euclidean,1.2,robust-prune,-1,27200,113287,654,91059.0945,98092.0,4047,113287,24656,26287
coco_i2i,euclidean,1.2,robust-prune,-1,27200,113287,655,91130.9704,98165.5,4051,113287,24646,26280
coco_i2i,euclidean,1.2,robust-prune,-1,27200,113287,656,91203.3635,98247.0,4054,113287,24629,26269
coco_i2i,euclidean,1.2,robust-prune,-1,27200,113287,657,91272.9689,98326.0,4061,113287,24614,26265
coco_i2i,euclidean,1.2,robust-prune,-1,27200,113287,658,91346.2792,98376.5,4083,113287,24597,26258
coco_i2i,euclidean,1.2,robust-prune,-1,27200,113287,659,91417.6225,98458.0,4086,113287,24584,26256
coco_i2i,euclidean,1.2,robust-prune,-1,27200,113287,660,91487.6655,98531.0,4087,113287,24569,26250
coco_i2i,euclidean,1.2,robust-prune,-1,27200,113287,661,91557.5751,98613.0,4092,113287,24557,26244
coco_i2i,euclidean,1.2,robust-prune,-1,27200,113287,662,91625.8904,98697.5,4116,113287,24543,26235
coco_i2i,euclidean,1.2,robust-prune,-1,27200,113287,663,91694.1959,98748.5,4117,113287,24535,26231
coco_i2i,euclidean,1.2,robust-prune,-1,27200,113287,664,91765.6038,98812.0,4120,113287,24516,26222
coco_i2i,euclidean,1.2,robust-prune,-1,27200,113287,665,91833.158,98867.0,4126,113287,24493,26215
coco_i2i,euclidean,1.2,robust-prune,-1,27200,113287,666,91901.8454,98965.0,4127,113287,24475,26212
coco_i2i,euclidean,1.2,robust-prune,-1,27200,113287,667,91972.3847,99021.0,4128,113287,24458,26207
coco_i2i,euclidean,1.2,robust-prune,-1,27200,113287,668,92042.9785,99109.5,4131,113287,24439,26201
coco_i2i,euclidean,1.2,robust-prune,-1,27200,113287,669,92110.003,99173.0,4132,113287,24421,26192
coco_i2i,euclidean,1.2,robust-prune,-1,27200,113287,670,92179.2959,99242.0,4133,113287,24412,26186
coco_i2i,euclidean,1.2,robust-prune,-1,27200,113287,671,92248.3268,99339.0,4140,113287,24400,26180
coco_i2i,euclidean,1.2,robust-prune,-1,27200,113287,672,92317.3407,99422.0,4145,113287,24381,26175
coco_i2i,euclidean,1.2,robust-prune,-1,27200,113287,673,92383.3904,99494.5,4146,113287,24366,26174
coco_i2i,euclidean,1.2,robust-prune,-1,27200,113287,674,92450.0043,99562.0,4149,113287,24350,26169
coco_i2i,euclidean,1.2,robust-prune,-1,27200,113287,675,92515.5542,99619.5,4152,113287,24335,26161
coco_i2i,euclidean,1.2,robust-prune,-1,27200,113287,676,92579.5358,99677.0,4154,113287,24322,26155
coco_i2i,euclidean,1.2,robust-prune,-1,27200,113287,677,92645.709,99746.0,4155,113287,24309,26148
coco_i2i,euclidean,1.2,robust-prune,-1,27200,113287,678,92712.6309,99808.5,4193,113287,24295,26139
coco_i2i,euclidean,1.2,robust-prune,-1,27200,113287,679,92780.1657,99878.5,4194,113287,24273,26132
coco_i2i,euclidean,1.2,robust-prune,-1,27200,113287,680,92847.3396,99926.5,4205,113287,24259,26125
coco_i2i,euclidean,1.2,robust-prune,-1,27200,113287,681,92914.2774,99973.0,4213,113287,24248,26119
coco_i2i,euclidean,1.2,robust-prune,-1,27200,113287,682,92982.6406,100047.5,4215,113287,24232,26111
coco_i2i,euclidean,1.2,robust-prune,-1,27200,113287,683,93051.4251,100117.0,4224,113287,24221,26110
coco_i2i,euclidean,1.2,robust-prune,-1,27200,113287,684,93117.3182,100188.0,4228,113287,24207,26107
coco_i2i,euclidean,1.2,robust-prune,-1,27200,113287,685,93182.5302,100280.0,4230,113287,24186,26102
coco_i2i,euclidean,1.2,robust-prune,-1,27200,113287,686,93248.2815,100337.0,4239,113287,24166,26094
coco_i2i,euclidean,1.2,robust-prune,-1,27200,113287,687,93311.7303,100399.0,4240,113287,24148,26083
coco_i2i,euclidean,1.2,robust-prune,-1,27200,113287,688,93378.7778,100474.0,4241,113287,24134,26075
coco_i2i,euclidean,1.2,robust-prune,-1,27200,113287,689,93442.3149,100535.0,4247,113287,24119,26068
coco_i2i,euclidean,1.2,robust-prune,-1,27200,113287,690,93506.954,100621.0,4248,113287,24101,26061
coco_i2i,euclidean,1.2,robust-prune,-1,27200,113287,691,93571.2816,100685.0,4261,113287,24076,26055
coco_i2i,euclidean,1.2,robust-prune,-1,27200,113287,692,93637.3089,100748.5,4262,113287,24058,26047
coco_i2i,euclidean,1.2,robust-prune,-1,27200,113287,693,93699.9084,100803.5,4281,113287,24040,26038
coco_i2i,euclidean,1.2,robust-prune,-1,27200,113287,694,93764.4217,100853.5,4332,113287,24027,26035
coco_i2i,euclidean,1.2,robust-prune,-1,27200,113287,695,93830.1253,100919.5,4333,113287,24012,26025
coco_i2i,euclidean,1.2,robust-prune,-1,27200,113287,696,93892.5346,100993.5,4338,113287,24000,26019
coco_i2i,euclidean,1.2,robust-prune,-1,27200,113287,697,93956.5625,101081.0,4341,113287,23988,26012
coco_i2i,euclidean,1.2,robust-prune,-1,27200,113287,698,94020.0945,101128.5,4342,113287,23970,26001
coco_i2i,euclidean,1.2,robust-prune,-1,27200,113287,699,94081.0079,101220.0,4344,113287,23955,25993
coco_i2i,euclidean,1.2,robust-prune,-1,27200,113287,700,94144.8683,101270.0,4347,113287,23943,25987
coco_i2i,euclidean,1.2,robust-prune,-1,27200,113287,701,94207.3522,101333.0,4351,113287,23923,25980
coco_i2i,euclidean,1.2,robust-prune,-1,27200,113287,702,94269.4089,101384.0,4352,113287,23912,25974
coco_i2i,euclidean,1.2,robust-prune,-1,27200,113287,703,94332.1366,101449.5,4355,113287,23900,25970
coco_i2i,euclidean,1.2,robust-prune,-1,27200,113287,704,94394.4979,101511.0,4372,113287,23884,25962
coco_i2i,euclidean,1.2,robust-prune,-1,27200,113287,705,94455.441,101580.0,4373,113287,23866,25955
coco_i2i,euclidean,1.2,robust-prune,-1,27200,113287,706,94519.0325,101639.0,4374,113287,23849,25945
coco_i2i,euclidean,1.2,robust-prune,-1,27200,113287,707,94581.1522,101686.0,4375,113287,23834,25936
coco_i2i,euclidean,1.2,robust-prune,-1,27200,113287,708,94641.7306,101733.0,4379,113287,23821,25931
coco_i2i,euclidean,1.2,robust-prune,-1,27200,113287,709,94702.9954,101799.5,4380,113287,23810,25926
coco_i2i,euclidean,1.2,robust-prune,-1,27200,113287,710,94762.2182,101866.5,4381,113287,23791,25918
coco_i2i,euclidean,1.2,robust-prune,-1,27200,113287,711,94823.1885,101931.5,4388,113287,23774,25910
coco_i2i,euclidean,1.2,robust-prune,-1,27200,113287,712,94886.2357,101998.0,4389,113287,23756,25901
coco_i2i,euclidean,1.2,robust-prune,-1,27200,113287,713,94946.6949,102061.0,4390,113287,23736,25894
coco_i2i,euclidean,1.2,robust-prune,-1,27200,113287,714,95006.9045,102137.0,4392,113287,23716,25886
coco_i2i,euclidean,1.2,robust-prune,-1,27200,113287,715,95066.3116,102207.5,4393,113287,23698,25875
coco_i2i,euclidean,1.2,robust-prune,-1,27200,113287,716,95124.692,102272.0,4397,113287,23687,25871
coco_i2i,euclidean,1.2,robust-prune,-1,27200,113287,717,95183.2481,102322.5,4400,113287,23677,25864
coco_i2i,euclidean,1.2,robust-prune,-1,27200,113287,718,95243.031,102369.0,4401,113287,23663,25858
coco_i2i,euclidean,1.2,robust-prune,-1,27200,113287,719,95303.3239,102427.5,4403,113287,23645,25851
coco_i2i,euclidean,1.2,robust-prune,-1,27200,113287,720,95362.9122,102478.0,4404,113287,23629,25839
coco_i2i,euclidean,1.2,robust-prune,-1,27200,113287,721,95419.5297,102529.5,4816,113287,23601,25830
coco_i2i,euclidean,1.2,robust-prune,-1,27200,113287,722,95479.1965,102612.5,4818,113287,23589,25824
coco_i2i,euclidean,1.2,robust-prune,-1,27200,113287,723,95536.4983,102673.0,4820,113287,23578,25814
coco_i2i,euclidean,1.2,robust-prune,-1,27200,113287,724,95591.7567,102719.5,4822,113287,23556,25809
coco_i2i,euclidean,1.2,robust-prune,-1,27200,113287,725,95648.4946,102776.0,4823,113287,23539,25795
coco_i2i,euclidean,1.2,robust-prune,-1,27200,113287,726,95706.8514,102851.0,4824,113287,23517,25788
coco_i2i,euclidean,1.2,robust-prune,-1,27200,113287,727,95767.5632,102910.0,4827,113287,23499,25781
coco_i2i,euclidean,1.2,robust-prune,-1,27200,113287,728,95824.3658,102959.5,4839,113287,23486,25768
coco_i2i,euclidean,1.2,robust-prune,-1,27200,113287,729,95880.7947,103017.0,4841,113287,23473,25762
coco_i2i,euclidean,1.2,robust-prune,-1,27200,113287,730,95936.9121,103070.5,4842,113287,23454,25754
coco_i2i,euclidean,1.2,robust-prune,-1,27200,113287,731,95995.3881,103120.0,4843,113287,23443,25744
coco_i2i,euclidean,1.2,robust-prune,-1,27200,113287,732,96051.4609,103173.5,4844,113287,23430,25734
coco_i2i,euclidean,1.2,robust-prune,-1,27200,113287,733,96106.6536,103220.0,4847,113287,23404,25718
coco_i2i,euclidean,1.2,robust-prune,-1,27200,113287,734,96163.6869,103271.0,4848,113287,23387,25709
coco_i2i,euclidean,1.2,robust-prune,-1,27200,113287,735,96220.9703,103323.0,4849,113287,23370,25699
coco_i2i,euclidean,1.2,robust-prune,-1,27200,113287,736,96277.3928,103381.5,4850,113287,23353,25695
coco_i2i,euclidean,1.2,robust-prune,-1,27200,113287,737,96332.2263,103417.0,4852,113287,23333,25685
coco_i2i,euclidean,1.2,robust-prune,-1,27200,113287,738,96388.2422,103492.5,4853,113287,23319,25671
coco_i2i,euclidean,1.2,robust-prune,-1,27200,113287,739,96442.5944,103543.5,4855,113287,23305,25661
coco_i2i,euclidean,1.2,robust-prune,-1,27200,113287,740,96498.051,103592.0,4857,113287,23292,25654
coco_i2i,euclidean,1.2,robust-prune,-1,27200,113287,741,96553.2661,103651.0,4858,113287,23280,25643
coco_i2i,euclidean,1.2,robust-prune,-1,27200,113287,742,96608.4633,103704.0,4988,113287,23264,25630
coco_i2i,euclidean,1.2,robust-prune,-1,27200,113287,743,96664.1756,103744.5,4989,113287,23248,25619
coco_i2i,euclidean,1.2,robust-prune,-1,27200,113287,744,96719.0663,103801.0,4991,113287,23225,25602
coco_i2i,euclidean,1.2,robust-prune,-1,27200,113287,745,96773.1993,103838.5,4993,113287,23209,25591
coco_i2i,euclidean,1.2,robust-prune,-1,27200,113287,746,96827.7357,103885.5,4994,113287,23190,25578
coco_i2i,euclidean,1.2,robust-prune,-1,27200,113287,747,96883.1031,103941.5,4996,113287,23169,25569
coco_i2i,euclidean,1.2,robust-prune,-1,27200,113287,748,96938.4939,104000.5,5001,113287,23152,25561
coco_i2i,euclidean,1.2,robust-prune,-1,27200,113287,749,96992.3911,104044.0,5005,113287,23124,25552
coco_i2i,euclidean,1.2,robust-prune,-1,27200,113287,750,97044.2239,104093.0,5006,113287,23112,25543
coco_i2i,euclidean,1.2,robust-prune,-1,27200,113287,751,97098.7274,104139.0,5009,113287,23091,25537
coco_i2i,euclidean,1.2,robust-prune,-1,27200,113287,752,97151.7119,104194.0,5011,113287,23075,25521
coco_i2i,euclidean,1.2,robust-prune,-1,27200,113287,753,97203.6081,104223.0,5013,113287,23058,25512
coco_i2i,euclidean,1.2,robust-prune,-1,27200,113287,754,97258.6015,104264.0,5014,113287,23045,25503
coco_i2i,euclidean,1.2,robust-prune,-1,27200,113287,755,97310.8496,104309.5,5019,113287,23027,25498
coco_i2i,euclidean,1.2,robust-prune,-1,27200,113287,756,97365.2832,104369.5,5020,113287,23005,25492
coco_i2i,euclidean,1.2,robust-prune,-1,27200,113287,757,97416.9449,104422.5,5022,113287,22989,25482
coco_i2i,euclidean,1.2,robust-prune,-1,27200,113287,758,97470.6872,104475.0,5024,113287,22964,25471
coco_i2i,euclidean,1.2,robust-prune,-1,27200,113287,759,97519.8035,104511.5,5025,113287,22937,25465
coco_i2i,euclidean,1.2,robust-prune,-1,27200,113287,760,97571.8793,104563.0,5035,113287,22920,25458
coco_i2i,euclidean,1.2,robust-prune,-1,27200,113287,761,97625.1074,104604.5,5042,113287,22906,25452
coco_i2i,euclidean,1.2,robust-prune,-1,27200,113287,762,97678.9749,104643.5,5049,113287,22892,25443
coco_i2i,euclidean,1.2,robust-prune,-1,27200,113287,763,97730.7556,104690.0,5051,113287,22870,25433
coco_i2i,euclidean,1.2,robust-prune,-1,27200,113287,764,97781.4352,104731.5,5052,113287,22866,25423
coco_i2i,euclidean,1.2,robust-prune,-1,27200,113287,765,97831.8852,104781.5,5053,113287,22853,25413
coco_i2i,euclidean,1.2,robust-prune,-1,27200,113287,766,97884.5478,104824.5,5061,113287,22841,25408
coco_i2i,euclidean,1.2,robust-prune,-1,27200,113287,767,97937.5237,104868.5,5232,113287,22815,25392
coco_i2i,euclidean,1.2,robust-prune,-1,27200,113287,768,97986.9596,104902.0,5233,113287,22795,25382
coco_i2i,euclidean,1.2,robust-prune,-1,27200,113287,769,98036.3157,104944.5,5236,113287,22778,25369
coco_i2i,euclidean,1.2,robust-prune,-1,27200,113287,770,98089.9714,104999.5,5237,113287,22765,25354
coco_i2i,euclidean,1.2,robust-prune,-1,27200,113287,771,98139.5941,105052.5,5238,113287,22746,25339
coco_i2i,euclidean,1.2,robust-prune,-1,27200,113287,772,98189.3938,105097.0,5239,113287,22727,25330
coco_i2i,euclidean,1.2,robust-prune,-1,27200,113287,773,98240.1365,105149.5,5251,113287,22713,25322
coco_i2i,euclidean,1.2,robust-prune,-1,27200,113287,774,98289.8241,105202.0,5253,113287,22693,25312
coco_i2i,euclidean,1.2,robust-prune,-1,27200,113287,775,98341.4739,105255.0,5255,113287,22674,25291
coco_i2i,euclidean,1.2,robust-prune,-1,27200,113287,776,98391.7359,105293.0,5256,113287,22653,25281
coco_i2i,euclidean,1.2,robust-prune,-1,27200,113287,777,98441.4014,105349.0,5257,113287,22626,25267
coco_i2i,euclidean,1.2,robust-prune,-1,27200,113287,778,98490.0828,105382.0,5259,113287,22614,25257
coco_i2i,euclidean,1.2,robust-prune,-1,27200,113287,779,98538.1814,105421.5,5261,113287,22594,25246
coco_i2i,euclidean,1.2,robust-prune,-1,27200,113287,780,98586.3885,105474.5,5264,113287,22574,25238
coco_i2i,euclidean,1.2,robust-prune,-1,27200,113287,781,98634.8553,105524.5,5265,113287,22560,25226
coco_i2i,euclidean,1.2,robust-prune,-1,27200,113287,782,98682.9069,105566.0,5266,113287,22549,25219
coco_i2i,euclidean,1.2,robust-prune,-1,27200,113287,783,98731.02,105602.5,5275,113287,22520,25208
coco_i2i,euclidean,1.2,robust-prune,-1,27200,113287,784,98779.9586,105640.5,5323,113287,22500,25193
coco_i2i,euclidean,1.2,robust-prune,-1,27200,113287,785,98827.4578,105696.0,5332,113287,22488,25178
coco_i2i,euclidean,1.2,robust-prune,-1,27200,113287,786,98875.3632,105736.5,5338,113287,22467,25170
coco_i2i,euclidean,1.2,robust-prune,-1,27200,113287,787,98921.0981,105776.5,5339,113287,22451,25160
coco_i2i,euclidean,1.2,robust-prune,-1,27200,113287,788,98968.6132,105813.5,5340,113287,22441,25151
coco_i2i,euclidean,1.2,robust-prune,-1,27200,113287,789,99013.7202,105845.0,5362,113287,22424,25146
coco_i2i,euclidean,1.2,robust-prune,-1,27200,113287,790,99060.9124,105880.5,5364,113287,22401,25138
coco_i2i,euclidean,1.2,robust-prune,-1,27200,113287,791,99107.401,105930.0,5365,113287,22390,25120
coco_i2i,euclidean,1.2,robust-prune,-1,27200,113287,792,99153.9957,105979.5,5366,113287,22376,25108
coco_i2i,euclidean,1.2,robust-prune,-1,27200,113287,793,99200.4649,106003.5,5367,113287,22358,25099
coco_i2i,euclidean,1.2,robust-prune,-1,27200,113287,794,99246.2728,106044.5,5374,113287,22344,25094
coco_i2i,euclidean,1.2,robust-prune,-1,27200,113287,795,99291.9575,106086.0,5376,113287,22328,25089
coco_i2i,euclidean,1.2,robust-prune,-1,27200,113287,796,99339.7698,106120.5,5377,113287,22305,25076
coco_i2i,euclidean,1.2,robust-prune,-1,27200,113287,797,99386.2395,106166.5,5378,113287,22284,25068
coco_i2i,euclidean,1.2,robust-prune,-1,27200,113287,798,99434.0129,106212.5,5379,113287,22266,25056
coco_i2i,euclidean,1.2,robust-prune,-1,27200,113287,799,99479.0256,106256.5,5383,113287,22241,25043
coco_i2i,euclidean,1.2,robust-prune,-1,27200,113287,800,99523.9962,106281.5,5384,113287,22229,25035
coco_i2i,euclidean,1.2,robust-prune,-1,27200,113287,801,99570.0767,106324.5,5388,113287,22207,25027
coco_i2i,euclidean,1.2,robust-prune,-1,27200,113287,802,99616.0373,106362.5,5393,113287,22186,25017
coco_i2i,euclidean,1.2,robust-prune,-1,27200,113287,803,99662.6489,106404.0,5394,113287,22170,25006
coco_i2i,euclidean,1.2,robust-prune,-1,27200,113287,804,99709.2624,106445.0,5395,113287,22153,24998
coco_i2i,euclidean,1.2,robust-prune,-1,27200,113287,805,99754.6069,106487.5,5397,113287,22137,24980
coco_i2i,euclidean,1.2,robust-prune,-1,27200,113287,806,99798.7842,106528.5,5436,113287,22121,24965
coco_i2i,euclidean,1.2,robust-prune,-1,27200,113287,807,99841.8649,106551.5,6659,113287,22105,24953
coco_i2i,euclidean,1.2,robust-prune,-1,27200,113287,808,99886.9187,106590.5,6661,113287,22079,24937
coco_i2i,euclidean,1.2,robust-prune,-1,27200,113287,809,99931.8479,106633.5,6675,113287,22059,24922
coco_i2i,euclidean,1.2,robust-prune,-1,27200,113287,810,99976.9101,106667.0,6676,113287,22036,24911
coco_i2i,euclidean,1.2,robust-prune,-1,27200,113287,811,100020.984,106697.0,6721,113287,22015,24901
coco_i2i,euclidean,1.2,robust-prune,-1,27200,113287,812,100064.7599,106728.0,6722,113287,21998,24889
coco_i2i,euclidean,1.2,robust-prune,-1,27200,113287,813,100110.5077,106755.5,6723,113287,21984,24882
coco_i2i,euclidean,1.2,robust-prune,-1,27200,113287,814,100154.4401,106783.0,6730,113287,21959,24869
coco_i2i,euclidean,1.2,robust-prune,-1,27200,113287,815,100197.8889,106823.5,6749,113287,21941,24860
coco_i2i,euclidean,1.2,robust-prune,-1,27200,113287,816,100240.0437,106862.5,6751,113287,21925,24850
coco_i2i,euclidean,1.2,robust-prune,-1,27200,113287,817,100283.8384,106892.0,6757,113287,21908,24839
coco_i2i,euclidean,1.2,robust-prune,-1,27200,113287,818,100332.4151,106915.0,6758,113287,21888,24833
coco_i2i,euclidean,1.2,robust-prune,-1,27200,113287,819,100374.9705,106953.0,6761,113287,21864,24821
coco_i2i,euclidean,1.2,robust-prune,-1,27200,113287,820,100417.0379,106997.5,6762,113287,21837,24806
coco_i2i,euclidean,1.2,robust-prune,-1,27200,113287,821,100460.5518,107028.0,6770,113287,21817,24794
coco_i2i,euclidean,1.2,robust-prune,-1,27200,113287,822,100502.047,107065.0,6772,113287,21795,24779
coco_i2i,euclidean,1.2,robust-prune,-1,27200,113287,823,100544.0981,107102.5,6774,113287,21777,24769
coco_i2i,euclidean,1.2,robust-prune,-1,27200,113287,824,100586.1584,107131.5,6775,113287,21764,24760
coco_i2i,euclidean,1.2,robust-prune,-1,27200,113287,825,100629.6308,107159.5,6778,113287,21746,24753
coco_i2i,euclidean,1.2,robust-prune,-1,27200,113287,826,100671.8997,107183.5,6783,113287,21726,24741
coco_i2i,euclidean,1.2,robust-prune,-1,27200,113287,827,100714.366,107226.5,6785,113287,21708,24732
coco_i2i,euclidean,1.2,robust-prune,-1,27200,113287,828,100756.7324,107259.5,6796,113287,21692,24721
coco_i2i,euclidean,1.2,robust-prune,-1,27200,113287,829,100799.4967,107289.0,6825,113287,21674,24706
coco_i2i,euclidean,1.2,robust-prune,-1,27200,113287,830,100841.5712,107327.5,6827,113287,21654,24698
coco_i2i,euclidean,1.2,robust-prune,-1,27200,113287,831,100882.6614,107357.0,6829,113287,21637,24681
coco_i2i,euclidean,1.2,robust-prune,-1,27200,113287,832,100923.3098,107389.0,6846,113287,21618,24671
coco_i2i,euclidean,1.2,robust-prune,-1,27200,113287,833,100965.5427,107424.5,6963,113287,21594,24659
coco_i2i,euclidean,1.2,robust-prune,-1,27200,113287,834,101007.0116,107449.0,6966,113287,21581,24647
coco_i2i,euclidean,1.2,robust-prune,-1,27200,113287,835,101048.3302,107481.0,6967,113287,21558,24632
coco_i2i,euclidean,1.2,robust-prune,-1,27200,113287,836,101090.8299,107506.5,6968,113287,21534,24626
coco_i2i,euclidean,1.2,robust-prune,-1,27200,113287,837,101131.2,107539.0,6970,113287,21518,24611
coco_i2i,euclidean,1.2,robust-prune,-1,27200,113287,838,101172.2468,107579.5,6972,113287,21494,24599
coco_i2i,euclidean,1.2,robust-prune,-1,27200,113287,839,101212.2851,107607.0,6974,113287,21483,24585
coco_i2i,euclidean,1.2,robust-prune,-1,27200,113287,840,101253.1726,107635.0,6976,113287,21463,24565
coco_i2i,euclidean,1.2,robust-prune,-1,27200,113287,841,101293.5565,107668.0,6977,113287,21447,24561
coco_i2i,euclidean,1.2,robust-prune,-1,27200,113287,842,101334.683,107698.0,6988,113287,21428,24545
coco_i2i,euclidean,1.2,robust-prune,-1,27200,113287,843,101375.2549,107730.0,6994,113287,21403,24527
coco_i2i,euclidean,1.2,robust-prune,-1,27200,113287,844,101415.8055,107763.0,7000,113287,21392,24521
coco_i2i,euclidean,1.2,robust-prune,-1,27200,113287,845,101455.8949,107784.0,7002,113287,21364,24508
coco_i2i,euclidean,1.2,robust-prune,-1,27200,113287,846,101495.8262,107819.0,7004,113287,21346,24485
coco_i2i,euclidean,1.2,robust-prune,-1,27200,113287,847,101534.8768,107847.5,7006,113287,21324,24472
coco_i2i,euclidean,1.2,robust-prune,-1,27200,113287,848,101574.1656,107870.5,7009,113287,21303,24462
coco_i2i,euclidean,1.2,robust-prune,-1,27200,113287,849,101613.274,107905.0,7012,113287,21277,24451
coco_i2i,euclidean,1.2,robust-prune,-1,27200,113287,850,101652.1393,107936.5,7013,113287,21255,24437
coco_i2i,euclidean,1.2,robust-prune,-1,27200,113287,851,101692.0303,107971.5,7036,113287,21243,24424
coco_i2i,euclidean,1.2,robust-prune,-1,27200,113287,852,101729.4061,107995.0,7038,113287,21226,24406
coco_i2i,euclidean,1.2,robust-prune,-1,27200,113287,853,101767.8039,108035.5,7039,113287,21201,24391
coco_i2i,euclidean,1.2,robust-prune,-1,27200,113287,854,101806.0742,108058.0,7046,113287,21182,24371
coco_i2i,euclidean,1.2,robust-prune,-1,27200,113287,855,101843.7317,108086.0,7047,113287,21166,24360
coco_i2i,euclidean,1.2,robust-prune,-1,27200,113287,856,101882.275,108121.5,7048,113287,21153,24353
coco_i2i,euclidean,1.2,robust-prune,-1,27200,113287,857,101920.6622,108150.5,7051,113287,21142,24342
coco_i2i,euclidean,1.2,robust-prune,-1,27200,113287,858,101959.6362,108177.0,7053,113287,21124,24330
coco_i2i,euclidean,1.2,robust-prune,-1,27200,113287,859,101997.0339,108195.0,7160,113287,21112,24321
coco_i2i,euclidean,1.2,robust-prune,-1,27200,113287,860,102035.2283,108225.0,7171,113287,21099,24306
coco_i2i,euclidean,1.2,robust-prune,-1,27200,113287,861,102072.4422,108259.0,7172,113287,21078,24293
coco_i2i,euclidean,1.2,robust-prune,-1,27200,113287,862,102109.2637,108281.5,7173,113287,21058,24281
coco_i2i,euclidean,1.2,robust-prune,-1,27200,113287,863,102148.1044,108319.0,7186,113287,21034,24266
coco_i2i,euclidean,1.2,robust-prune,-1,27200,113287,864,102185.2424,108346.0,7189,113287,21012,24251
coco_i2i,euclidean,1.2,robust-prune,-1,27200,113287,865,102222.8393,108373.0,7190,113287,21000,24245
coco_i2i,euclidean,1.2,robust-prune,-1,27200,113287,866,102259.665,108396.5,7193,113287,20982,24236
coco_i2i,euclidean,1.2,robust-prune,-1,27200,113287,867,102297.7546,108435.5,7194,113287,20955,24219
coco_i2i,euclidean,1.2,robust-prune,-1,27200,113287,868,102335.8815,108468.5,7205,113287,20930,24198
coco_i2i,euclidean,1.2,robust-prune,-1,27200,113287,869,102371.9993,108499.5,7206,113287,20908,24189
coco_i2i,euclidean,1.2,robust-prune,-1,27200,113287,870,102408.634,108528.5,7207,113287,20883,24170
coco_i2i,euclidean,1.2,robust-prune,-1,27200,113287,871,102443.6851,108545.0,7208,113287,20855,24159
coco_i2i,euclidean,1.2,robust-prune,-1,27200,113287,872,102479.9043,108576.5,7210,113287,20826,24147
coco_i2i,euclidean,1.2,robust-prune,-1,27200,113287,873,102518.4524,108613.5,7213,113287,20803,24133
coco_i2i,euclidean,1.2,robust-prune,-1,27200,113287,874,102555.2621,108638.0,7214,113287,20779,24122
coco_i2i,euclidean,1.2,robust-prune,-1,27200,113287,875,102591.066,108656.0,7307,113287,20759,24111
coco_i2i,euclidean,1.2,robust-prune,-1,27200,113287,876,102627.0566,108680.5,7308,113287,20737,24093
coco_i2i,euclidean,1.2,robust-prune,-1,27200,113287,877,102663.019,108712.5,7321,113287,20718,24082
coco_i2i,euclidean,1.2,robust-prune,-1,27200,113287,878,102698.815,108740.5,7322,113287,20692,24069
coco_i2i,euclidean,1.2,robust-prune,-1,27200,113287,879,102734.0728,108767.5,7349,113287,20671,24053
coco_i2i,euclidean,1.2,robust-prune,-1,27200,113287,880,102770.207,108805.0,7350,113287,20650,24038
coco_i2i,euclidean,1.2,robust-prune,-1,27200,113287,881,102806.3613,108837.5,7351,113287,20623,24019
coco_i2i,euclidean,1.2,robust-prune,-1,27200,113287,882,102842.5376,108860.0,7400,113287,20607,24001
coco_i2i,euclidean,1.2,robust-prune,-1,27200,113287,883,102875.4398,108878.5,7401,113287,20589,23982
coco_i2i,euclidean,1.2,robust-prune,-1,27200,113287,884,102909.8631,108913.0,7402,113287,20560,23975
coco_i2i,euclidean,1.2,robust-prune,-1,27200,113287,885,102944.5065,108940.0,7413,113287,20542,23959
coco_i2i,euclidean,1.2,robust-prune,-1,27200,113287,886,102978.8924,108961.5,7414,113287,20518,23945
coco_i2i,euclidean,1.2,robust-prune,-1,27200,113287,887,103012.7323,108988.0,7459,113287,20502,23927
coco_i2i,euclidean,1.2,robust-prune,-1,27200,113287,888,103046.6171,109012.0,7460,113287,20479,23916
coco_i2i,euclidean,1.2,robust-prune,-1,27200,113287,889,103081.2976,109029.0,7461,113287,20461,23908
coco_i2i,euclidean,1.2,robust-prune,-1,27200,113287,890,103115.6889,109053.5,7463,113287,20445,23892
coco_i2i,euclidean,1.2,robust-prune,-1,27200,113287,891,103150.4449,109083.0,7465,113287,20418,23875
coco_i2i,euclidean,1.2,robust-prune,-1,27200,113287,892,103184.0698,109107.5,7546,113287,20400,23859
coco_i2i,euclidean,1.2,robust-prune,-1,27200,113287,893,103217.9259,109132.0,7551,113287,20387,23846
coco_i2i,euclidean,1.2,robust-prune,-1,27200,113287,894,103253.1043,109153.0,7552,113287,20372,23828
coco_i2i,euclidean,1.2,robust-prune,-1,27200,113287,895,103285.084,109170.5,7553,113287,20352,23810
coco_i2i,euclidean,1.2,robust-prune,-1,27200,113287,896,103317.1233,109191.5,7555,113287,20341,23802
coco_i2i,euclidean,1.2,robust-prune,-1,27200,113287,897,103350.6907,109216.0,7557,113287,20321,23786
coco_i2i,euclidean,1.2,robust-prune,-1,27200,113287,898,103385.5562,109241.5,7561,113287,20296,23779
coco_i2i,euclidean,1.2,robust-prune,-1,27200,113287,899,103418.6988,109262.5,7566,113287,20262,23768
coco_i2i,euclidean,1.2,robust-prune,-1,27200,113287,900,103453.7487,109291.5,7567,113287,20247,23753
coco_i2i,euclidean,1.2,robust-prune,-1,27200,113287,901,103487.7659,109325.0,7584,113287,20224,23736
coco_i2i,euclidean,1.2,robust-prune,-1,27200,113287,902,103519.8795,109344.0,7585,113287,20212,23713
coco_i2i,euclidean,1.2,robust-prune,-1,27200,113287,903,103552.4058,109373.5,7586,113287,20191,23692
coco_i2i,euclidean,1.2,robust-prune,-1,27200,113287,904,103585.0137,109402.0,7703,113287,20168,23677
coco_i2i,euclidean,1.2,robust-prune,-1,27200,113287,905,103616.8769,109424.0,7726,113287,20142,23658
coco_i2i,euclidean,1.2,robust-prune,-1,27200,113287,906,103649.4658,109442.0,7728,113287,20121,23650
coco_i2i,euclidean,1.2,robust-prune,-1,27200,113287,907,103681.0164,109469.5,7740,113287,20105,23635
coco_i2i,euclidean,1.2,robust-prune,-1,27200,113287,908,103713.6405,109490.5,7741,113287,20082,23610
coco_i2i,euclidean,1.2,robust-prune,-1,27200,113287,909,103744.978,109514.5,7917,113287,20065,23597
coco_i2i,euclidean,1.2,robust-prune,-1,27200,113287,910,103776.986,109539.0,7918,113287,20042,23580
coco_i2i,euclidean,1.2,robust-prune,-1,27200,113287,911,103808.8684,109565.0,7919,113287,20023,23570
coco_i2i,euclidean,1.2,robust-prune,-1,27200,113287,912,103841.1476,109586.5,7920,113287,20003,23558
coco_i2i,euclidean,1.2,robust-prune,-1,27200,113287,913,103872.7427,109612.5,7921,113287,19989,23545
coco_i2i,euclidean,1.2,robust-prune,-1,27200,113287,914,103904.6452,109628.5,7922,113287,19976,23523
coco_i2i,euclidean,1.2,robust-prune,-1,27200,113287,915,103936.3771,109642.0,7923,113287,19956,23502
coco_i2i,euclidean,1.2,robust-prune,-1,27200,113287,916,103967.3693,109653.0,7956,113287,19937,23489
coco_i2i,euclidean,1.2,robust-prune,-1,27200,113287,917,103998.1697,109676.0,7962,113287,19914,23476
coco_i2i,euclidean,1.2,robust-prune,-1,27200,113287,918,104029.4853,109704.5,8007,113287,19896,23462
coco_i2i,euclidean,1.2,robust-prune,-1,27200,113287,919,104060.144,109725.5,8010,113287,19870,23444
coco_i2i,euclidean,1.2,robust-prune,-1,27200,113287,920,104091.0046,109759.0,8011,113287,19845,23422
coco_i2i,euclidean,1.2,robust-prune,-1,27200,113287,921,104121.8903,109771.5,8018,113287,19826,23402
coco_i2i,euclidean,1.2,robust-prune,-1,27200,113287,922,104154.0906,109801.5,8026,113287,19809,23390
coco_i2i,euclidean,1.2,robust-prune,-1,27200,113287,923,104185.0171,109812.0,8402,113287,19791,23372
coco_i2i,euclidean,1.2,robust-prune,-1,27200,113287,924,104215.1676,109832.0,8404,113287,19777,23363
coco_i2i,euclidean,1.2,robust-prune,-1,27200,113287,925,104244.8663,109846.5,8433,113287,19758,23344
coco_i2i,euclidean,1.2,robust-prune,-1,27200,113287,926,104276.7737,109868.0,8440,113287,19736,23322
coco_i2i,euclidean,1.2,robust-prune,-1,27200,113287,927,104305.3308,109889.5,8442,113287,19714,23310
coco_i2i,euclidean,1.2,robust-prune,-1,27200,113287,928,104336.0467,109904.0,8444,113287,19692,23294
coco_i2i,euclidean,1.2,robust-prune,-1,27200,113287,929,104367.0206,109930.0,8445,113287,19660,23283
coco_i2i,euclidean,1.2,robust-prune,-1,27200,113287,930,104396.1871,109953.0,8523,113287,19636,23267
coco_i2i,euclidean,1.2,robust-prune,-1,27200,113287,931,104426.6504,109969.5,8524,113287,19611,23248
coco_i2i,euclidean,1.2,robust-prune,-1,27200,113287,932,104456.4096,109986.5,8529,113287,19586,23232
coco_i2i,euclidean,1.2,robust-prune,-1,27200,113287,933,104485.3862,110008.0,8542,113287,19571,23221
coco_i2i,euclidean,1.2,robust-prune,-1,27200,113287,934,104515.4211,110033.0,8549,113287,19550,23203
coco_i2i,euclidean,1.2,robust-prune,-1,27200,113287,935,104544.1018,110053.5,8554,113287,19535,23183
coco_i2i,euclidean,1.2,robust-prune,-1,27200,113287,936,104573.71,110066.0,9893,113287,19511,23168
coco_i2i,euclidean,1.2,robust-prune,-1,27200,113287,937,104600.3292,110086.0,9900,113287,19496,23150
coco_i2i,euclidean,1.2,robust-prune,-1,27200,113287,938,104629.7319,110106.5,9902,113287,19469,23131
coco_i2i,euclidean,1.2,robust-prune,-1,27200,113287,939,104658.3065,110126.5,9903,113287,19445,23116
coco_i2i,euclidean,1.2,robust-prune,-1,27200,113287,940,104686.1001,110138.5,9908,113287,19423,23105
coco_i2i,euclidean,1.2,robust-prune,-1,27200,113287,941,104715.6569,110157.0,9914,113287,19396,23090
coco_i2i,euclidean,1.2,robust-prune,-1,27200,113287,942,104744.9456,110176.5,9974,113287,19375,23069
coco_i2i,euclidean,1.2,robust-prune,-1,27200,113287,943,104773.8187,110196.5,9975,113287,19356,23053
coco_i2i,euclidean,1.2,robust-prune,-1,27200,113287,944,104802.2635,110221.0,9979,113287,19339,23045
coco_i2i,euclidean,1.2,robust-prune,-1,27200,113287,945,104830.3985,110240.5,9988,113287,19314,23027
coco_i2i,euclidean,1.2,robust-prune,-1,27200,113287,946,104860.0161,110257.5,9989,113287,19295,23009
coco_i2i,euclidean,1.2,robust-prune,-1,27200,113287,947,104885.6506,110269.0,9990,113287,19277,22994
coco_i2i,euclidean,1.2,robust-prune,-1,27200,113287,948,104914.5283,110291.0,9991,113287,19253,22979
coco_i2i,euclidean,1.2,robust-prune,-1,27200,113287,949,104943.1243,110308.5,9993,113287,19226,22966
coco_i2i,euclidean,1.2,robust-prune,-1,27200,113287,950,104972.3781,110325.0,9994,113287,19208,22951
coco_i2i,euclidean,1.2,robust-prune,-1,27200,113287,951,104998.6336,110338.0,9995,113287,19178,22940
coco_i2i,euclidean,1.2,robust-prune,-1,27200,113287,952,105025.8417,110361.0,9996,113287,19155,22920
coco_i2i,euclidean,1.2,robust-prune,-1,27200,113287,953,105052.6811,110378.0,10076,113287,19138,22903
coco_i2i,euclidean,1.2,robust-prune,-1,27200,113287,954,105081.7161,110396.5,10078,113287,19120,22884
coco_i2i,euclidean,1.2,robust-prune,-1,27200,113287,955,105109.256,110418.0,10099,113287,19101,22869
coco_i2i,euclidean,1.2,robust-prune,-1,27200,113287,956,105136.0878,110435.5,10103,113287,19078,22857
coco_i2i,euclidean,1.2,robust-prune,-1,27200,113287,957,105163.5105,110451.0,10106,113287,19052,22842
coco_i2i,euclidean,1.2,robust-prune,-1,27200,113287,958,105190.8771,110471.0,10122,113287,19032,22835
coco_i2i,euclidean,1.2,robust-prune,-1,27200,113287,959,105219.1425,110486.5,10132,113287,19018,22822
coco_i2i,euclidean,1.2,robust-prune,-1,27200,113287,960,105245.2676,110501.0,10133,113287,18995,22810
coco_i2i,euclidean,1.2,robust-prune,-1,27200,113287,961,105272.8223,110514.5,10138,113287,18976,22789
coco_i2i,euclidean,1.2,robust-prune,-1,27200,113287,962,105299.3417,110525.5,10161,113287,18956,22773
coco_i2i,euclidean,1.2,robust-prune,-1,27200,113287,963,105326.4746,110536.0,10167,113287,18934,22755
coco_i2i,euclidean,1.2,robust-prune,-1,27200,113287,964,105352.6049,110552.0,10170,113287,18904,22747
coco_i2i,euclidean,1.2,robust-prune,-1,27200,113287,965,105380.2442,110573.0,10171,113287,18885,22731
coco_i2i,euclidean,1.2,robust-prune,-1,27200,113287,966,105407.1259,110588.0,10173,113287,18871,22715
coco_i2i,euclidean,1.2,robust-prune,-1,27200,113287,967,105434.2144,110607.5,10174,113287,18851,22702
coco_i2i,euclidean,1.2,robust-prune,-1,27200,113287,968,105460.649,110615.5,10175,113287,18832,22684
coco_i2i,euclidean,1.2,robust-prune,-1,27200,113287,969,105486.6398,110635.0,10177,113287,18820,22672
coco_i2i,euclidean,1.2,robust-prune,-1,27200,113287,970,105511.3583,110653.5,10179,113287,18800,22661
coco_i2i,euclidean,1.2,robust-prune,-1,27200,113287,971,105536.8693,110673.5,10181,113287,18777,22646
coco_i2i,euclidean,1.2,robust-prune,-1,27200,113287,972,105562.7782,110693.5,10182,113287,18741,22629
coco_i2i,euclidean,1.2,robust-prune,-1,27200,113287,973,105589.2004,110707.5,10183,113287,18727,22617
coco_i2i,euclidean,1.2,robust-prune,-1,27200,113287,974,105615.4518,110724.5,10186,113287,18702,22610
coco_i2i,euclidean,1.2,robust-prune,-1,27200,113287,975,105642.0275,110743.5,10189,113287,18681,22591
coco_i2i,euclidean,1.2,robust-prune,-1,27200,113287,976,105666.8935,110754.5,10190,113287,18663,22582
coco_i2i,euclidean,1.2,robust-prune,-1,27200,113287,977,105693.0747,110770.0,10228,113287,18640,22566
coco_i2i,euclidean,1.2,robust-prune,-1,27200,113287,978,105718.5058,110785.0,10229,113287,18619,22550
coco_i2i,euclidean,1.2,robust-prune,-1,27200,113287,979,105744.1543,110805.5,10231,113287,18585,22537
coco_i2i,euclidean,1.2,robust-prune,-1,27200,113287,980,105768.5974,110820.5,10236,113287,18562,22518
coco_i2i,euclidean,1.2,robust-prune,-1,27200,113287,981,105794.2335,110837.5,10325,113287,18534,22499
coco_i2i,euclidean,1.2,robust-prune,-1,27200,113287,982,105818.4963,110851.0,10343,113287,18515,22481
coco_i2i,euclidean,1.2,robust-prune,-1,27200,113287,983,105842.0951,110861.5,10348,113287,18497,22457
coco_i2i,euclidean,1.2,robust-prune,-1,27200,113287,984,105866.7446,110880.5,10400,113287,18480,22438
coco_i2i,euclidean,1.2,robust-prune,-1,27200,113287,985,105891.5693,110899.5,10401,113287,18467,22432
coco_i2i,euclidean,1.2,robust-prune,-1,27200,113287,986,105916.5947,110914.5,10406,113287,18440,22414
coco_i2i,euclidean,1.2,robust-prune,-1,27200,113287,987,105941.6598,110924.0,10407,113287,18413,22396
coco_i2i,euclidean,1.2,robust-prune,-1,27200,113287,988,105964.5725,110935.5,10408,113287,18398,22375
coco_i2i,euclidean,1.2,robust-prune,-1,27200,113287,989,105988.5389,110955.0,10470,113287,18376,22359
coco_i2i,euclidean,1.2,robust-prune,-1,27200,113287,990,106013.0444,110968.0,10471,113287,18346,22344
coco_i2i,euclidean,1.2,robust-prune,-1,27200,113287,991,106039.2588,110983.0,10472,113287,18320,22327
coco_i2i,euclidean,1.2,robust-prune,-1,27200,113287,992,106062.2086,110996.0,10473,113287,18300,22303
coco_i2i,euclidean,1.2,robust-prune,-1,27200,113287,993,106085.1068,111012.0,10474,113287,18276,22288
coco_i2i,euclidean,1.2,robust-prune,-1,27200,113287,994,106110.3191,111027.0,10476,113287,18253,22274
coco_i2i,euclidean,1.2,robust-prune,-1,27200,113287,995,106133.7787,111045.0,10486,113287,18236,22256
coco_i2i,euclidean,1.2,robust-prune,-1,27200,113287,996,106158.2491,111060.0,10487,113287,18216,22241
coco_i2i,euclidean,1.2,robust-prune,-1,27200,113287,997,106181.2909,111072.0,10488,113287,18198,22228
coco_i2i,euclidean,1.2,robust-prune,-1,27200,113287,998,106204.9241,111080.0,10489,113287,18181,22217
coco_i2i,euclidean,1.2,robust-prune,-1,27200,113287,999,106227.4192,111094.5,10490,113287,18159,22199
coco_i2i,euclidean,1.2,robust-prune,-1,27200,113287,1000,106249.0196,111111.0,10493,113287,18139,22187
coco_i2i,euclidean,1.2,robust-prune,-1,27200,113287,1001,106271.9639,111124.5,10494,113287,18115,22168
coco_i2i,euclidean,1.2,robust-prune,-1,27200,113287,1002,106294.2251,111136.0,10496,113287,18093,22147
coco_i2i,euclidean,1.2,robust-prune,-1,27200,113287,1003,106317.7914,111143.5,10497,113287,18071,22138
coco_i2i,euclidean,1.2,robust-prune,-1,27200,113287,1004,106341.2166,111160.5,10499,113287,18050,22125
coco_i2i,euclidean,1.2,robust-prune,-1,27200,113287,1005,106365.2371,111172.0,10518,113287,18029,22107
coco_i2i,euclidean,1.2,robust-prune,-1,27200,113287,1006,106387.9594,111183.0,10527,113287,18010,22091
coco_i2i,euclidean,1.2,robust-prune,-1,27200,113287,1007,106412.1275,111192.0,10528,113287,17992,22078
coco_i2i,euclidean,1.2,robust-prune,-1,27200,113287,1008,106433.4287,111208.0,10532,113287,17970,22063
coco_i2i,euclidean,1.2,robust-prune,-1,27200,113287,1009,106457.2987,111225.0,10544,113287,17951,22047
coco_i2i,euclidean,1.2,robust-prune,-1,27200,113287,1010,106481.0006,111238.0,10545,113287,17918,22030
coco_i2i,euclidean,1.2,robust-prune,-1,27200,113287,1011,106503.3126,111251.5,10546,113287,17894,22014
coco_i2i,euclidean,1.2,robust-prune,-1,27200,113287,1012,106525.6664,111263.0,10547,113287,17868,22003
coco_i2i,euclidean,1.2,robust-prune,-1,27200,113287,1013,106548.5084,111279.0,10551,113287,17849,21989
coco_i2i,euclidean,1.2,robust-prune,-1,27200,113287,1014,106571.2608,111291.0,10552,113287,17821,21970
coco_i2i,euclidean,1.2,robust-prune,-1,27200,113287,1015,106593.7903,111304.0,10555,113287,17800,21954
coco_i2i,euclidean,1.2,robust-prune,-1,27200,113287,1016,106616.4712,111314.0,10567,113287,17776,21935
coco_i2i,euclidean,1.2,robust-prune,-1,27200,113287,1017,106638.4953,111325.0,10585,113287,17749,21912
coco_i2i,euclidean,1.2,robust-prune,-1,27200,113287,1018,106660.1456,111339.5,10748,113287,17726,21891
coco_i2i,euclidean,1.2,robust-prune,-1,27200,113287,1019,106681.9412,111353.5,10750,113287,17702,21878
coco_i2i,euclidean,1.2,robust-prune,-1,27200,113287,1020,106703.6055,111369.0,10752,113287,17675,21857
coco_i2i,euclidean,1.2,robust-prune,-1,27200,113287,1021,106725.06,111381.0,10755,113287,17653,21842
coco_i2i,euclidean,1.2,robust-prune,-1,27200,113287,1022,106746.9845,111390.0,10756,113287,17631,21830
coco_i2i,euclidean,1.2,robust-prune,-1,27200,113287,1023,106768.744,111399.5,10758,113287,17617,21812
coco_i2i,euclidean,1.2,robust-prune,-1,27200,113287,1024,106789.7556,111417.5,10759,113287,17596,21792
coco_i2i,euclidean,1.2,robust-prune,-1,27200,113287,1025,106811.3864,111433.0,10760,113287,17580,21775
coco_i2i,euclidean,1.2,robust-prune,-1,27200,113287,1026,106832.869,111442.0,10776,113287,17559,21765
coco_i2i,euclidean,1.2,robust-prune,-1,27200,113287,1027,106853.989,111456.0,10777,113287,17536,21752
coco_i2i,euclidean,1.2,robust-prune,-1,27200,113287,1028,106875.7039,111464.5,10781,113287,17512,21744
coco_i2i,euclidean,1.2,robust-prune,-1,27200,113287,1029,106896.9496,111474.5,10801,113287,17490,21729
coco_i2i,euclidean,1.2,robust-prune,-1,27200,113287,1030,106918.8368,111484.0,10804,113287,17466,21707
coco_i2i,euclidean,1.2,robust-prune,-1,27200,113287,1031,106941.0172,111497.0,10805,113287,17438,21682
coco_i2i,euclidean,1.2,robust-prune,-1,27200,113287,1032,106963.249,111509.5,10806,113287,17419,21664
coco_i2i,euclidean,1.2,robust-prune,-1,27200,113287,1033,106984.4578,111520.0,10839,113287,17389,21649
coco_i2i,euclidean,1.2,robust-prune,-1,27200,113287,1034,107006.1603,111533.0,10893,113287,17360,21637
coco_i2i,euclidean,1.2,robust-prune,-1,27200,113287,1035,107027.0147,111540.0,10895,113287,17333,21625
coco_i2i,euclidean,1.2,robust-prune,-1,27200,113287,1036,107048.8269,111551.0,10896,113287,17307,21609
coco_i2i,euclidean,1.2,robust-prune,-1,27200,113287,1037,107069.0803,111562.0,10897,113287,17284,21586
coco_i2i,euclidean,1.2,robust-prune,-1,27200,113287,1038,107090.9272,111569.0,10920,113287,17262,21575
coco_i2i,euclidean,1.2,robust-prune,-1,27200,113287,1039,107110.9873,111583.5,10923,113287,17231,21557
coco_i2i,euclidean,1.2,robust-prune,-1,27200,113287,1040,107132.1464,111595.5,10925,113287,17206,21537
coco_i2i,euclidean,1.2,robust-prune,-1,27200,113287,1041,107152.2268,111606.0,10936,113287,17185,21512
coco_i2i,euclidean,1.2,robust-prune,-1,27200,113287,1042,107172.4888,111616.0,11083,113287,17169,21502
coco_i2i,euclidean,1.2,robust-prune,-1,27200,113287,1043,107192.3478,111627.5,11085,113287,17152,21481
coco_i2i,euclidean,1.2,robust-prune,-1,27200,113287,1044,107212.7854,111639.5,11087,113287,17122,21459
coco_i2i,euclidean,1.2,robust-prune,-1,27200,113287,1045,107233.2134,111651.0,11176,113287,17097,21442
coco_i2i,euclidean,1.2,robust-prune,-1,27200,113287,1046,107254.2136,111662.5,11177,113287,17076,21421
coco_i2i,euclidean,1.2,robust-prune,-1,27200,113287,1047,107273.9032,111673.0,11185,113287,17041,21403
coco_i2i,euclidean,1.2,robust-prune,-1,27200,113287,1048,107293.2686,111681.0,11193,113287,17020,21377
coco_i2i,euclidean,1.2,robust-prune,-1,27200,113287,1049,107313.8824,111690.5,11194,113287,16999,21353
coco_i2i,euclidean,1.2,robust-prune,-1,27200,113287,1050,107335.2429,111703.0,11200,113287,16971,21342
coco_i2i,euclidean,1.2,robust-prune,-1,27200,113287,1051,107354.7275,111714.0,11201,113287,16950,21325
coco_i2i,euclidean,1.2,robust-prune,-1,27200,113287,1052,107374.3397,111722.0,11223,113287,16927,21311
coco_i2i,euclidean,1.2,robust-prune,-1,27200,113287,1053,107394.5852,111733.0,11224,113287,16917,21290
coco_i2i,euclidean,1.2,robust-prune,-1,27200,113287,1054,107414.1918,111742.0,11225,113287,16893,21272
coco_i2i,euclidean,1.2,robust-prune,-1,27200,113287,1055,107434.3529,111752.0,11227,113287,16876,21257
coco_i2i,euclidean,1.2,robust-prune,-1,27200,113287,1056,107453.9213,111763.0,11238,113287,16857,21243
coco_i2i,euclidean,1.2,robust-prune,-1,27200,113287,1057,107474.4336,111772.0,11240,113287,16835,21224
coco_i2i,euclidean,1.2,robust-prune,-1,27200,113287,1058,107493.5353,111784.0,11242,113287,16801,21203
coco_i2i,euclidean,1.2,robust-prune,-1,27200,113287,1059,107512.4761,111791.5,11243,113287,16785,21170
coco_i2i,euclidean,1.2,robust-prune,-1,27200,113287,1060,107532.2157,111801.0,11245,113287,16768,21157
coco_i2i,euclidean,1.2,robust-prune,-1,27200,113287,1061,107551.4084,111812.5,11307,113287,16745,21140
coco_i2i,euclidean,1.2,robust-prune,-1,27200,113287,1062,107569.6953,111821.0,11309,113287,16728,21121
coco_i2i,euclidean,1.2,robust-prune,-1,27200,113287,1063,107588.5281,111831.5,11418,113287,16712,21104
coco_i2i,euclidean,1.2,robust-prune,-1,27200,113287,1064,107606.9714,111838.5,11430,113287,16686,21084
coco_i2i,euclidean,1.2,robust-prune,-1,27200,113287,1065,107625.7896,111845.0,11449,113287,16669,21063
coco_i2i,euclidean,1.2,robust-prune,-1,27200,113287,1066,107644.7419,111851.5,11450,113287,16643,21045
coco_i2i,euclidean,1.2,robust-prune,-1,27200,113287,1067,107664.3897,111867.0,11451,113287,16625,21023
coco_i2i,euclidean,1.2,robust-prune,-1,27200,113287,1068,107682.5913,111880.0,11478,113287,16606,21005
coco_i2i,euclidean,1.2,robust-prune,-1,27200,113287,1069,107700.906,111886.0,11481,113287,16585,20983
coco_i2i,euclidean,1.2,robust-prune,-1,27200,113287,1070,107719.1829,111895.0,11482,113287,16557,20961
coco_i2i,euclidean,1.2,robust-prune,-1,27200,113287,1071,107736.8279,111903.0,11483,113287,16540,20946
coco_i2i,euclidean,1.2,robust-prune,-1,27200,113287,1072,107754.9618,111910.0,11484,113287,16522,20924
coco_i2i,euclidean,1.2,robust-prune,-1,27200,113287,1073,107772.7699,111919.0,11492,113287,16502,20911
coco_i2i,euclidean,1.2,robust-prune,-1,27200,113287,1074,107790.9696,111926.5,11497,113287,16479,20893
coco_i2i,euclidean,1.2,robust-prune,-1,27200,113287,1075,107809.0279,111937.5,11499,113287,16456,20880
coco_i2i,euclidean,1.2,robust-prune,-1,27200,113287,1076,107826.9804,111946.5,11618,113287,16440,20862
coco_i2i,euclidean,1.2,robust-prune,-1,27200,113287,1077,107845.8838,111956.5,11693,113287,16417,20842
coco_i2i,euclidean,1.2,robust-prune,-1,27200,113287,1078,107865.3312,111970.0,11695,113287,16383,20828
coco_i2i,euclidean,1.2,robust-prune,-1,27200,113287,1079,107883.4874,111977.0,11706,113287,16362,20810
coco_i2i,euclidean,1.2,robust-prune,-1,27200,113287,1080,107900.4881,111991.0,11708,113287,16340,20793
coco_i2i,euclidean,1.2,robust-prune,-1,27200,113287,1081,107918.0236,111996.5,11710,113287,16320,20779
coco_i2i,euclidean,1.2,robust-prune,-1,27200,113287,1082,107936.5785,112005.0,11711,113287,16297,20756
coco_i2i,euclidean,1.2,robust-prune,-1,27200,113287,1083,107953.8596,112015.0,11712,113287,16279,20734
coco_i2i,euclidean,1.2,robust-prune,-1,27200,113287,1084,107971.2054,112023.0,11852,113287,16251,20718
coco_i2i,euclidean,1.2,robust-prune,-1,27200,113287,1085,107988.4936,112031.0,11853,113287,16222,20700
coco_i2i,euclidean,1.2,robust-prune,-1,27200,113287,1086,108006.0176,112039.0,11961,113287,16190,20674
coco_i2i,euclidean,1.2,robust-prune,-1,27200,113287,1087,108024.0782,112047.5,11963,113287,16173,20661
coco_i2i,euclidean,1.2,robust-prune,-1,27200,113287,1088,108041.3952,112055.5,11967,113287,16153,20644
coco_i2i,euclidean,1.2,robust-prune,-1,27200,113287,1089,108060.3399,112062.0,11969,113287,16136,20633
coco_i2i,euclidean,1.2,robust-prune,-1,27200,113287,1090,108077.6685,112071.5,12012,113287,16120,20616
coco_i2i,euclidean,1.2,robust-prune,-1,27200,113287,1091,108095.5997,112080.0,12091,113287,16100,20600
coco_i2i,euclidean,1.2,robust-prune,-1,27200,113287,1092,108113.2078,112090.0,12094,113287,16071,20574
coco_i2i,euclidean,1.2,robust-prune,-1,27200,113287,1093,108129.8538,112099.0,12095,113287,16042,20558
coco_i2i,euclidean,1.2,robust-prune,-1,27200,113287,1094,108148.4424,112108.0,12098,113287,16019,20540
coco_i2i,euclidean,1.2,robust-prune,-1,27200,113287,1095,108165.5809,112118.0,12108,113287,15981,20528
coco_i2i,euclidean,1.2,robust-prune,-1,27200,113287,1096,108182.4275,112124.0,12115,113287,15956,20511
coco_i2i,euclidean,1.2,robust-prune,-1,27200,113287,1097,108199.6134,112130.0,12116,113287,15937,20493
coco_i2i,euclidean,1.2,robust-prune,-1,27200,113287,1098,108215.8225,112137.5,12123,113287,15921,20467
coco_i2i,euclidean,1.2,robust-prune,-1,27200,113287,1099,108233.9406,112147.0,12130,113287,15893,20457
coco_i2i,euclidean,1.2,robust-prune,-1,27200,113287,1100,108250.926,112152.0,12132,113287,15870,20446
coco_i2i,euclidean,1.2,robust-prune,-1,27200,113287,1101,108268.1868,112158.5,12171,113287,15852,20432
coco_i2i,euclidean,1.2,robust-prune,-1,27200,113287,1102,108285.2775,112164.0,12182,113287,15836,20419
coco_i2i,euclidean,1.2,robust-prune,-1,27200,113287,1103,108303.3487,112174.0,12183,113287,15812,20403
coco_i2i,euclidean,1.2,robust-prune,-1,27200,113287,1104,108320.3172,112183.0,12185,113287,15788,20377
coco_i2i,euclidean,1.2,robust-prune,-1,27200,113287,1105,108336.2482,112189.5,12186,113287,15761,20356
coco_i2i,euclidean,1.2,robust-prune,-1,27200,113287,1106,108352.8175,112196.0,12190,113287,15739,20341
coco_i2i,euclidean,1.2,robust-prune,-1,27200,113287,1107,108369.1917,112203.0,12276,113287,15721,20328
coco_i2i,euclidean,1.2,robust-prune,-1,27200,113287,1108,108385.5339,112207.0,12348,113287,15691,20310
coco_i2i,euclidean,1.2,robust-prune,-1,27200,113287,1109,108401.5057,112215.0,12356,113287,15667,20288
coco_i2i,euclidean,1.2,robust-prune,-1,27200,113287,1110,108417.1181,112221.0,12367,113287,15642,20269
coco_i2i,euclidean,1.2,robust-prune,-1,27200,113287,1111,108433.9139,112227.5,12370,113287,15616,20247
coco_i2i,euclidean,1.2,robust-prune,-1,27200,113287,1112,108450.3878,112235.0,12524,113287,15595,20227
coco_i2i,euclidean,1.2,robust-prune,-1,27200,113287,1113,108466.6943,112241.0,12526,113287,15570,20211
coco_i2i,euclidean,1.2,robust-prune,-1,27200,113287,1114,108482.4077,112249.0,12527,113287,15552,20194
coco_i2i,euclidean,1.2,robust-prune,-1,27200,113287,1115,108499.3739,112258.0,12528,113287,15539,20172
coco_i2i,euclidean,1.2,robust-prune,-1,27200,113287,1116,108514.6372,112266.0,12530,113287,15519,20155
coco_i2i,euclidean,1.2,robust-prune,-1,27200,113287,1117,108529.9685,112270.0,12843,113287,15496,20135
coco_i2i,euclidean,1.2,robust-prune,-1,27200,113287,1118,108545.0249,112277.5,12976,113287,15465,20112
coco_i2i,euclidean,1.2,robust-prune,-1,27200,113287,1119,108561.4229,112282.0,12977,113287,15445,20093
coco_i2i,euclidean,1.2,robust-prune,-1,27200,113287,1120,108577.0972,112290.0,12985,113287,15422,20077
coco_i2i,euclidean,1.2,robust-prune,-1,27200,113287,1121,108592.8186,112297.0,13006,113287,15397,20058
coco_i2i,euclidean,1.2,robust-prune,-1,27200,113287,1122,108608.074,112304.5,13117,113287,15380,20027
coco_i2i,euclidean,1.2,robust-prune,-1,27200,113287,1123,108624.3444,112311.0,13118,113287,15357,20002
coco_i2i,euclidean,1.2,robust-prune,-1,27200,113287,1124,108641.0675,112316.5,13232,113287,15332,19980
coco_i2i,euclidean,1.2,robust-prune,-1,27200,113287,1125,108656.2053,112320.0,13235,113287,15311,19963
coco_i2i,euclidean,1.2,robust-prune,-1,27200,113287,1126,108672.0891,112327.0,13292,113287,15286,19944
coco_i2i,euclidean,1.2,robust-prune,-1,27200,113287,1127,108687.2162,112334.0,13294,113287,15256,19923
coco_i2i,euclidean,1.2,robust-prune,-1,27200,113287,1128,108701.9868,112338.5,13472,113287,15228,19903
coco_i2i,euclidean,1.2,robust-prune,-1,27200,113287,1129,108717.4403,112344.0,13668,113287,15204,19881
coco_i2i,euclidean,1.2,robust-prune,-1,27200,113287,1130,108731.7134,112349.5,13688,113287,15183,19858
coco_i2i,euclidean,1.2,robust-prune,-1,27200,113287,1131,108746.3344,112355.0,13764,113287,15162,19838
coco_i2i,euclidean,1.2,robust-prune,-1,27200,113287,1132,108761.8058,112358.0,13852,113287,15142,19826
coco_i2i,euclidean,1.2,robust-prune,-1,27200,113287,1133,108777.2883,112364.5,13855,113287,15117,19807
coco_i2i,euclidean,1.2,robust-prune,-1,27200,113287,1134,108791.9872,112370.5,13857,113287,15087,19787
coco_i2i,euclidean,1.2,robust-prune,-1,27200,113287,1135,108806.5689,112375.0,13893,113287,15058,19763
coco_i2i,euclidean,1.2,robust-prune,-1,27200,113287,1136,108821.3994,112382.0,13894,113287,15033,19744
coco_i2i,euclidean,1.2,robust-prune,-1,27200,113287,1137,108836.2845,112389.0,13895,113287,15013,19727
coco_i2i,euclidean,1.2,robust-prune,-1,27200,113287,1138,108849.9055,112393.5,13897,113287,14996,19707
coco_i2i,euclidean,1.2,robust-prune,-1,27200,113287,1139,108864.2325,112401.0,13898,113287,14976,19693
coco_i2i,euclidean,1.2,robust-prune,-1,27200,113287,1140,108879.3664,112407.0,13903,113287,14953,19676
coco_i2i,euclidean,1.2,robust-prune,-1,27200,113287,1141,108894.3605,112412.0,13908,113287,14934,19657
coco_i2i,euclidean,1.2,robust-prune,-1,27200,113287,1142,108909.8961,112416.0,13909,113287,14920,19642
coco_i2i,euclidean,1.2,robust-prune,-1,27200,113287,1143,108925.5502,112424.0,13913,113287,14909,19632
coco_i2i,euclidean,1.2,robust-prune,-1,27200,113287,1144,108940.162,112429.5,13916,113287,14891,19618
coco_i2i,euclidean,1.2,robust-prune,-1,27200,113287,1145,108954.9155,112434.0,13927,113287,14871,19604
coco_i2i,euclidean,1.2,robust-prune,-1,27200,113287,1146,108968.411,112440.0,13931,113287,14851,19585
coco_i2i,euclidean,1.2,robust-prune,-1,27200,113287,1147,108982.8167,112445.5,13935,113287,14833,19570
coco_i2i,euclidean,1.2,robust-prune,-1,27200,113287,1148,108997.0864,112452.5,13980,113287,14817,19549
coco_i2i,euclidean,1.2,robust-prune,-1,27200,113287,1149,109011.9921,112460.0,13981,113287,14785,19534
coco_i2i,euclidean,1.2,robust-prune,-1,27200,113287,1150,109025.5553,112467.0,14080,113287,14765,19518
coco_i2i,euclidean,1.2,robust-prune,-1,27200,113287,1151,109039.5679,112472.5,14082,113287,14740,19494
coco_i2i,euclidean,1.2,robust-prune,-1,27200,113287,1152,109054.1746,112479.0,14084,113287,14714,19479
coco_i2i,euclidean,1.2,robust-prune,-1,27200,113287,1153,109067.8151,112484.0,14122,113287,14697,19461
coco_i2i,euclidean,1.2,robust-prune,-1,27200,113287,1154,109081.1196,112488.5,14123,113287,14668,19440
coco_i2i,euclidean,1.2,robust-prune,-1,27200,113287,1155,109095.3778,112494.0,14128,113287,14651,19420
coco_i2i,euclidean,1.2,robust-prune,-1,27200,113287,1156,109109.1313,112499.0,14129,113287,14636,19404
coco_i2i,euclidean,1.2,robust-prune,-1,27200,113287,1157,109123.1925,112503.0,14131,113287,14622,19378
coco_i2i,euclidean,1.2,robust-prune,-1,27200,113287,1158,109137.3578,112509.0,14390,113287,14592,19361
coco_i2i,euclidean,1.2,robust-prune,-1,27200,113287,1159,109152.1057,112515.0,14393,113287,14565,19342
coco_i2i,euclidean,1.2,robust-prune,-1,27200,113287,1160,109166.4561,112519.5,14398,113287,14537,19332
coco_i2i,euclidean,1.2,robust-prune,-1,27200,113287,1161,109180.6014,112525.5,14400,113287,14516,19312
coco_i2i,euclidean,1.2,robust-prune,-1,27200,113287,1162,109193.6974,112529.0,14416,113287,14495,19297
coco_i2i,euclidean,1.2,robust-prune,-1,27200,113287,1163,109207.9128,112534.5,14418,113287,14468,19272
coco_i2i,euclidean,1.2,robust-prune,-1,27200,113287,1164,109220.7427,112539.5,14429,113287,14445,19249
coco_i2i,euclidean,1.2,robust-prune,-1,27200,113287,1165,109234.2815,112544.0,14536,113287,14419,19231
coco_i2i,euclidean,1.2,robust-prune,-1,27200,113287,1166,109247.9169,112548.0,14543,113287,14400,19204
coco_i2i,euclidean,1.2,robust-prune,-1,27200,113287,1167,109261.2637,112552.5,14544,113287,14380,19181
coco_i2i,euclidean,1.2,robust-prune,-1,27200,113287,1168,109275.3716,112557.0,14569,113287,14353,19157
coco_i2i,euclidean,1.2,robust-prune,-1,27200,113287,1169,109289.207,112564.0,14577,113287,14332,19134
coco_i2i,euclidean,1.2,robust-prune,-1,27200,113287,1170,109302.5104,112568.0,14578,113287,14311,19109
coco_i2i,euclidean,1.2,robust-prune,-1,27200,113287,1171,109315.7358,112574.0,14584,113287,14287,19091
coco_i2i,euclidean,1.2,robust-prune,-1,27200,113287,1172,109328.6382,112577.5,14588,113287,14266,19069
coco_i2i,euclidean,1.2,robust-prune,-1,27200,113287,1173,109342.2392,112585.5,14709,113287,14245,19055
coco_i2i,euclidean,1.2,robust-prune,-1,27200,113287,1174,109355.5695,112589.0,14717,113287,14224,19041
coco_i2i,euclidean,1.2,robust-prune,-1,27200,113287,1175,109369.2003,112595.0,14718,113287,14203,19029
coco_i2i,euclidean,1.2,robust-prune,-1,27200,113287,1176,109382.8934,112601.0,14725,113287,14183,19003
coco_i2i,euclidean,1.2,robust-prune,-1,27200,113287,1177,109395.2282,112607.0,14727,113287,14158,18983
coco_i2i,euclidean,1.2,robust-prune,-1,27200,113287,1178,109407.6689,112611.0,14915,113287,14138,18967
coco_i2i,euclidean,1.2,robust-prune,-1,27200,113287,1179,109420.1733,112615.0,14920,113287,14130,18943
coco_i2i,euclidean,1.2,robust-prune,-1,27200,113287,1180,109433.2684,112620.0,14928,113287,14108,18921
coco_i2i,euclidean,1.2,robust-prune,-1,27200,113287,1181,109446.3292,112623.5,14993,113287,14089,18904
coco_i2i,euclidean,1.2,robust-prune,-1,27200,113287,1182,109458.861,112628.5,14997,113287,14061,18880
coco_i2i,euclidean,1.2,robust-prune,-1,27200,113287,1183,109471.2131,112632.0,15010,113287,14037,18855
coco_i2i,euclidean,1.2,robust-prune,-1,27200,113287,1184,109484.1841,112637.5,15025,113287,14007,18836
coco_i2i,euclidean,1.2,robust-prune,-1,27200,113287,1185,109497.2733,112642.0,15042,113287,13982,18815
coco_i2i,euclidean,1.2,robust-prune,-1,27200,113287,1186,109509.7452,112647.0,15121,113287,13959,18805
coco_i2i,euclidean,1.2,robust-prune,-1,27200,113287,1187,109522.026,112650.5,15138,113287,13934,18783
coco_i2i,euclidean,1.2,robust-prune,-1,27200,113287,1188,109534.4261,112656.0,15139,113287,13916,18763
coco_i2i,euclidean,1.2,robust-prune,-1,27200,113287,1189,109546.6038,112661.0,15147,113287,13888,18745
coco_i2i,euclidean,1.2,robust-prune,-1,27200,113287,1190,109558.5553,112664.0,15155,113287,13867,18727
coco_i2i,euclidean,1.2,robust-prune,-1,27200,113287,1191,109571.2141,112667.0,15546,113287,13853,18707
coco_i2i,euclidean,1.2,robust-prune,-1,27200,113287,1192,109584.0226,112672.0,15547,113287,13830,18682
coco_i2i,euclidean,1.2,robust-prune,-1,27200,113287,1193,109595.7289,112675.0,15548,113287,13813,18667
coco_i2i,euclidean,1.2,robust-prune,-1,27200,113287,1194,109608.8204,112679.0,15549,113287,13793,18648
coco_i2i,euclidean,1.2,robust-prune,-1,27200,113287,1195,109621.0349,112682.0,15550,113287,13769,18629
coco_i2i,euclidean,1.2,robust-prune,-1,27200,113287,1196,109633.3785,112686.0,15552,113287,13751,18616
coco_i2i,euclidean,1.2,robust-prune,-1,27200,113287,1197,109645.6857,112692.0,15576,113287,13724,18596
coco_i2i,euclidean,1.2,robust-prune,-1,27200,113287,1198,109657.2845,112697.0,15621,113287,13711,18571
coco_i2i,euclidean,1.2,robust-prune,-1,27200,113287,1199,109669.2636,112701.0,15660,113287,13695,18551
coco_i2i,euclidean,1.2,robust-prune,-1,27200,113287,1200,109681.0013,112704.0,15661,113287,13680,18532
coco_i2i,euclidean,1.2,robust-prune,-1,27200,113287,1201,109693.4824,112709.0,15670,113287,13661,18514
coco_i2i,euclidean,1.2,robust-prune,-1,27200,113287,1202,109705.5553,112713.5,15714,113287,13639,18501
coco_i2i,euclidean,1.2,robust-prune,-1,27200,113287,1203,109717.4228,112719.0,15723,113287,13611,18481
coco_i2i,euclidean,1.2,robust-prune,-1,27200,113287,1204,109729.0719,112722.0,15724,113287,13589,18461
coco_i2i,euclidean,1.2,robust-prune,-1,27200,113287,1205,109740.6752,112727.0,15726,113287,13568,18438
coco_i2i,euclidean,1.2,robust-prune,-1,27200,113287,1206,109751.8441,112731.0,15745,113287,13550,18425
coco_i2i,euclidean,1.2,robust-prune,-1,27200,113287,1207,109763.6029,112734.0,15779,113287,13531,18402
coco_i2i,euclidean,1.2,robust-prune,-1,27200,113287,1208,109775.4959,112738.5,15780,113287,13515,18379
coco_i2i,euclidean,1.2,robust-prune,-1,27200,113287,1209,109786.9684,112742.0,15787,113287,13490,18360
coco_i2i,euclidean,1.2,robust-prune,-1,27200,113287,1210,109798.8178,112745.0,15789,113287,13472,18344
coco_i2i,euclidean,1.2,robust-prune,-1,27200,113287,1211,109810.2831,112750.5,15798,113287,13454,18322
coco_i2i,euclidean,1.2,robust-prune,-1,27200,113287,1212,109822.0919,112754.0,15859,113287,13434,18304
coco_i2i,euclidean,1.2,robust-prune,-1,27200,113287,1213,109834.1142,112759.0,15978,113287,13417,18285
coco_i2i,euclidean,1.2,robust-prune,-1,27200,113287,1214,109845.2113,112762.0,16048,113287,13398,18268
coco_i2i,euclidean,1.2,robust-prune,-1,27200,113287,1215,109855.9801,112766.5,16049,113287,13381,18253
coco_i2i,euclidean,1.2,robust-prune,-1,27200,113287,1216,109867.3174,112769.0,16053,113287,13364,18231
coco_i2i,euclidean,1.2,robust-prune,-1,27200,113287,1217,109878.5404,112773.0,16077,113287,13345,18206
coco_i2i,euclidean,1.2,robust-prune,-1,27200,113287,1218,109889.9406,112778.0,16081,113287,13324,18183
coco_i2i,euclidean,1.2,robust-prune,-1,27200,113287,1219,109901.3987,112781.0,16108,113287,13296,18170
coco_i2i,euclidean,1.2,robust-prune,-1,27200,113287,1220,109912.97,112784.0,16119,113287,13276,18147
coco_i2i,euclidean,1.2,robust-prune,-1,27200,113287,1221,109924.1362,112787.0,16170,113287,13257,18131
coco_i2i,euclidean,1.2,robust-prune,-1,27200,113287,1222,109934.5226,112790.5,16171,113287,13234,18112
coco_i2i,euclidean,1.2,robust-prune,-1,27200,113287,1223,109944.9713,112794.0,16172,113287,13208,18092
coco_i2i,euclidean,1.2,robust-prune,-1,27200,113287,1224,109955.7064,112798.0,16197,113287,13188,18070
coco_i2i,euclidean,1.2,robust-prune,-1,27200,113287,1225,109966.0944,112801.0,16204,113287,13165,18044
coco_i2i,euclidean,1.2,robust-prune,-1,27200,113287,1226,109976.4782,112803.0,16207,113287,13140,18025
coco_i2i,euclidean,1.2,robust-prune,-1,27200,113287,1227,109987.8328,112807.0,16208,113287,13111,18005
coco_i2i,euclidean,1.2,robust-prune,-1,27200,113287,1228,109998.366,112810.0,16216,113287,13098,17973
coco_i2i,euclidean,1.2,robust-prune,-1,27200,113287,1229,110008.6393,112813.0,16217,113287,13079,17958
coco_i2i,euclidean,1.2,robust-prune,-1,27200,113287,1230,110019.6293,112817.0,16281,113287,13062,17936
coco_i2i,euclidean,1.2,robust-prune,-1,27200,113287,1231,110030.2726,112821.0,16331,113287,13038,17913
coco_i2i,euclidean,1.2,robust-prune,-1,27200,113287,1232,110041.1225,112825.0,16334,113287,13020,17893
coco_i2i,euclidean,1.2,robust-prune,-1,27200,113287,1233,110051.0122,112828.0,16335,113287,13004,17879
coco_i2i,euclidean,1.2,robust-prune,-1,27200,113287,1234,110061.2489,112832.0,16343,113287,12986,17855
coco_i2i,euclidean,1.2,robust-prune,-1,27200,113287,1235,110072.6343,112835.0,16379,113287,12968,17834
coco_i2i,euclidean,1.2,robust-prune,-1,27200,113287,1236,110083.2009,112839.0,16384,113287,12946,17813
coco_i2i,euclidean,1.2,robust-prune,-1,27200,113287,1237,110093.4231,112842.5,16388,113287,12922,17800
coco_i2i,euclidean,1.2,robust-prune,-1,27200,113287,1238,110103.9734,112846.0,16613,113287,12907,17780
coco_i2i,euclidean,1.2,robust-prune,-1,27200,113287,1239,110113.7774,112849.0,16636,113287,12890,17758
coco_i2i,euclidean,1.2,robust-prune,-1,27200,113287,1240,110123.996,112853.0,16935,113287,12861,17738
coco_i2i,euclidean,1.2,robust-prune,-1,27200,113287,1241,110134.7074,112856.5,16937,113287,12838,17721
coco_i2i,euclidean,1.2,robust-prune,-1,27200,113287,1242,110144.9076,112859.0,17018,113287,12822,17699
coco_i2i,euclidean,1.2,robust-prune,-1,27200,113287,1243,110154.9108,112863.0,17024,113287,12808,17682
coco_i2i,euclidean,1.2,robust-prune,-1,27200,113287,1244,110165.0345,112867.0,17082,113287,12786,17660
coco_i2i,euclidean,1.2,robust-prune,-1,27200,113287,1245,110176.2692,112870.0,17083,113287,12761,17646
coco_i2i,euclidean,1.2,robust-prune,-1,27200,113287,1246,110186.0958,112873.0,17084,113287,12742,17626
coco_i2i,euclidean,1.2,robust-prune,-1,27200,113287,1247,110197.3851,112876.5,17117,113287,12720,17605
coco_i2i,euclidean,1.2,robust-prune,-1,27200,113287,1248,110206.8588,112880.0,17162,113287,12698,17584
coco_i2i,euclidean,1.2,robust-prune,-1,27200,113287,1249,110216.2614,112883.0,17173,113287,12680,17570
coco_i2i,euclidean,1.2,robust-prune,-1,27200,113287,1250,110226.8204,112887.0,17194,113287,12657,17552
coco_i2i,euclidean,1.2,robust-prune,-1,27200,113287,1251,110236.8237,112889.5,17205,113287,12642,17525
coco_i2i,euclidean,1.2,robust-prune,-1,27200,113287,1252,110247.0096,112892.5,17217,113287,12622,17506
coco_i2i,euclidean,1.2,robust-prune,-1,27200,113287,1253,110257.3469,112895.0,17218,113287,12591,17483
coco_i2i,euclidean,1.2,robust-prune,-1,27200,113287,1254,110267.0212,112897.5,17221,113287,12572,17465
coco_i2i,euclidean,1.2,robust-prune,-1,27200,113287,1255,110276.5356,112900.0,18109,113287,12540,17448
coco_i2i,euclidean,1.2,robust-prune,-1,27200,113287,1256,110287.325,112903.5,18122,113287,12525,17428
coco_i2i,euclidean,1.2,robust-prune,-1,27200,113287,1257,110296.9867,112907.0,19097,113287,12501,17403
coco_i2i,euclidean,1.2,robust-prune,-1,27200,113287,1258,110306.2945,112911.0,19099,113287,12477,17379
coco_i2i,euclidean,1.2,robust-prune,-1,27200,113287,1259,110315.72,112914.0,19100,113287,12453,17362
coco_i2i,euclidean,1.2,robust-prune,-1,27200,113287,1260,110325.4167,112917.0,19112,113287,12442,17341
coco_i2i,euclidean,1.2,robust-prune,-1,27200,113287,1261,110334.8664,112920.5,19205,113287,12417,17322
coco_i2i,euclidean,1.2,robust-prune,-1,27200,113287,1262,110343.9747,112923.0,19243,113287,12391,17295
coco_i2i,euclidean,1.2,robust-prune,-1,27200,113287,1263,110353.8052,112926.0,19246,113287,12367,17280
coco_i2i,euclidean,1.2,robust-prune,-1,27200,113287,1264,110363.0503,112929.0,19305,113287,12352,17259
coco_i2i,euclidean,1.2,robust-prune,-1,27200,113287,1265,110372.2519,112932.5,19594,113287,12327,17243
coco_i2i,euclidean,1.2,robust-prune,-1,27200,113287,1266,110382.1609,112935.0,19603,113287,12303,17225
coco_i2i,euclidean,1.2,robust-prune,-1,27200,113287,1267,110390.8774,112938.0,19615,113287,12283,17202
coco_i2i,euclidean,1.2,robust-prune,-1,27200,113287,1268,110400.1968,112941.0,19996,113287,12265,17175
coco_i2i,euclidean,1.2,robust-prune,-1,27200,113287,1269,110409.6942,112944.0,19997,113287,12244,17156
coco_i2i,euclidean,1.2,robust-prune,-1,27200,113287,1270,110419.277,112947.0,20003,113287,12227,17135
coco_i2i,euclidean,1.2,robust-prune,-1,27200,113287,1271,110429.7964,112949.5,20007,113287,12213,17109
coco_i2i,euclidean,1.2,robust-prune,-1,27200,113287,1272,110438.4885,112952.0,20112,113287,12195,17094
coco_i2i,euclidean,1.2,robust-prune,-1,27200,113287,1273,110448.2478,112955.0,20151,113287,12173,17072
coco_i2i,euclidean,1.2,robust-prune,-1,27200,113287,1274,110457.8593,112958.0,20157,113287,12164,17049
coco_i2i,euclidean,1.2,robust-prune,-1,27200,113287,1275,110467.0497,112960.0,20158,113287,12149,17020
coco_i2i,euclidean,1.2,robust-prune,-1,27200,113287,1276,110476.072,112962.0,20162,113287,12125,16990
coco_i2i,euclidean,1.2,robust-prune,-1,27200,113287,1277,110485.4674,112964.5,20286,113287,12101,16968
coco_i2i,euclidean,1.2,robust-prune,-1,27200,113287,1278,110494.726,112967.0,20294,113287,12083,16952
coco_i2i,euclidean,1.2,robust-prune,-1,27200,113287,1279,110503.2658,112970.0,20309,113287,12064,16930
coco_i2i,euclidean,1.2,robust-prune,-1,27200,113287,1280,110512.067,112972.0,20331,113287,12052,16905
coco_i2i,euclidean,1.2,robust-prune,-1,27200,113287,1281,110521.3782,112975.0,20341,113287,12021,16877
coco_i2i,euclidean,1.2,robust-prune,-1,27200,113287,1282,110531.0442,112978.0,20346,113287,11999,16850
coco_i2i,euclidean,1.2,robust-prune,-1,27200,113287,1283,110540.0494,112980.0,20376,113287,11984,16831
coco_i2i,euclidean,1.2,robust-prune,-1,27200,113287,1284,110548.4982,112983.0,20380,113287,11968,16816
coco_i2i,euclidean,1.2,robust-prune,-1,27200,113287,1285,110558.0349,112985.0,20386,113287,11939,16797
coco_i2i,euclidean,1.2,robust-prune,-1,27200,113287,1286,110566.4853,112988.0,20455,113287,11918,16780
coco_i2i,euclidean,1.2,robust-prune,-1,27200,113287,1287,110575.6194,112991.0,20464,113287,11896,16767
coco_i2i,euclidean,1.2,robust-prune,-1,27200,113287,1288,110584.5686,112993.0,20512,113287,11873,16743
coco_i2i,euclidean,1.2,robust-prune,-1,27200,113287,1289,110594.2479,112997.0,20527,113287,11858,16718
coco_i2i,euclidean,1.2,robust-prune,-1,27200,113287,1290,110603.186,112999.0,20539,113287,11838,16695
coco_i2i,euclidean,1.2,robust-prune,-1,27200,113287,1291,110611.4131,113002.0,20588,113287,11823,16681
coco_i2i,euclidean,1.2,robust-prune,-1,27200,113287,1292,110620.2629,113005.0,20590,113287,11804,16659
coco_i2i,euclidean,1.2,robust-prune,-1,27200,113287,1293,110629.4509,113007.0,20593,113287,11787,16637
coco_i2i,euclidean,1.2,robust-prune,-1,27200,113287,1294,110638.0513,113009.0,20618,113287,11767,16616
coco_i2i,euclidean,1.2,robust-prune,-1,27200,113287,1295,110646.3816,113013.0,20634,113287,11750,16591
coco_i2i,euclidean,1.2,robust-prune,-1,27200,113287,1296,110655.4832,113016.0,20722,113287,11728,16573
coco_i2i,euclidean,1.2,robust-prune,-1,27200,113287,1297,110664.5416,113018.0,20834,113287,11701,16557
coco_i2i,euclidean,1.2,robust-prune,-1,27200,113287,1298,110672.8284,113021.0,21185,113287,11689,16535
coco_i2i,euclidean,1.2,robust-prune,-1,27200,113287,1299,110681.7939,113024.0,21193,113287,11664,16516
coco_i2i,euclidean,1.2,robust-prune,-1,27200,113287,1300,110690.2951,113026.0,21210,113287,11646,16487
coco_i2i,euclidean,1.2,robust-prune,-1,27200,113287,1301,110698.4568,113029.0,21227,113287,11630,16473
coco_i2i,euclidean,1.2,robust-prune,-1,27200,113287,1302,110706.9604,113031.0,21230,113287,11604,16462
coco_i2i,euclidean,1.2,robust-prune,-1,27200,113287,1303,110715.5549,113033.0,21241,113287,11576,16427
coco_i2i,euclidean,1.2,robust-prune,-1,27200,113287,1304,110724.333,113035.5,21263,113287,11568,16412
coco_i2i,euclidean,1.2,robust-prune,-1,27200,113287,1305,110732.6997,113038.0,21279,113287,11550,16393
coco_i2i,euclidean,1.2,robust-prune,-1,27200,113287,1306,110740.6635,113041.0,21303,113287,11539,16372
coco_i2i,euclidean,1.2,robust-prune,-1,27200,113287,1307,110749.2524,113043.0,21432,113287,11518,16360
coco_i2i,euclidean,1.2,robust-prune,-1,27200,113287,1308,110757.3816,113046.0,21861,113287,11499,16345
coco_i2i,euclidean,1.2,robust-prune,-1,27200,113287,1309,110765.8414,113048.0,21864,113287,11479,16329
coco_i2i,euclidean,1.2,robust-prune,-1,27200,113287,1310,110774.0958,113050.0,21875,113287,11460,16305
coco_i2i,euclidean,1.2,robust-prune,-1,27200,113287,1311,110782.4538,113052.0,21877,113287,11444,16287
coco_i2i,euclidean,1.2,robust-prune,-1,27200,113287,1312,110790.2825,113055.5,21879,113287,11426,16259
coco_i2i,euclidean,1.2,robust-prune,-1,27200,113287,1313,110798.4831,113058.0,21894,113287,11406,16237
coco_i2i,euclidean,1.2,robust-prune,-1,27200,113287,1314,110806.7684,113060.0,21896,113287,11393,16211
coco_i2i,euclidean,1.2,robust-prune,-1,27200,113287,1315,110814.8399,113062.0,21947,113287,11373,16193
coco_i2i,euclidean,1.2,robust-prune,-1,27200,113287,1316,110823.369,113064.5,21954,113287,11355,16178
coco_i2i,euclidean,1.2,robust-prune,-1,27200,113287,1317,110831.6122,113067.0,21957,113287,11339,16160
coco_i2i,euclidean,1.2,robust-prune,-1,27200,113287,1318,110839.4321,113068.5,21981,113287,11321,16136
coco_i2i,euclidean,1.2,robust-prune,-1,27200,113287,1319,110847.3668,113071.0,22129,113287,11299,16122
coco_i2i,euclidean,1.2,robust-prune,-1,27200,113287,1320,110855.391,113074.0,22131,113287,11282,16099
coco_i2i,euclidean,1.2,robust-prune,-1,27200,113287,1321,110863.38,113076.0,22135,113287,11259,16070
coco_i2i,euclidean,1.2,robust-prune,-1,27200,113287,1322,110871.389,113078.0,22144,113287,11241,16046
coco_i2i,euclidean,1.2,robust-prune,-1,27200,113287,1323,110879.1888,113080.5,22145,113287,11222,16026
coco_i2i,euclidean,1.2,robust-prune,-1,27200,113287,1324,110886.9135,113082.5,22165,113287,11203,16009
coco_i2i,euclidean,1.2,robust-prune,-1,27200,113287,1325,110894.5232,113084.5,22173,113287,11184,15989
coco_i2i,euclidean,1.2,robust-prune,-1,27200,113287,1326,110902.9482,113086.5,22185,113287,11172,15966
coco_i2i,euclidean,1.2,robust-prune,-1,27200,113287,1327,110910.4256,113090.0,22190,113287,11151,15949
coco_i2i,euclidean,1.2,robust-prune,-1,27200,113287,1328,110918.0809,113092.0,22195,113287,11135,15929
coco_i2i,euclidean,1.2,robust-prune,-1,27200,113287,1329,110925.6377,113094.0,22198,113287,11111,15915
coco_i2i,euclidean,1.2,robust-prune,-1,27200,113287,1330,110933.1735,113096.5,22209,113287,11096,15898
coco_i2i,euclidean,1.2,robust-prune,-1,27200,113287,1331,110940.2823,113098.5,22219,113287,11081,15875
coco_i2i,euclidean,1.2,robust-prune,-1,27200,113287,1332,110947.6414,113101.0,22283,113287,11060,15855
coco_i2i,euclidean,1.2,robust-prune,-1,27200,113287,1333,110954.7617,113104.0,22591,113287,11042,15831
coco_i2i,euclidean,1.2,robust-prune,-1,27200,113287,1334,110962.4882,113105.0,22597,113287,11030,15808
coco_i2i,euclidean,1.2,robust-prune,-1,27200,113287,1335,110970.2042,113107.0,22612,113287,11013,15784
coco_i2i,euclidean,1.2,robust-prune,-1,27200,113287,1336,110978.1176,113109.0,22645,113287,10989,15761
coco_i2i,euclidean,1.2,robust-prune,-1,27200,113287,1337,110985.2897,113111.0,22678,113287,10971,15741
coco_i2i,euclidean,1.2,robust-prune,-1,27200,113287,1338,110993.4691,113113.0,22697,113287,10958,15721
coco_i2i,euclidean,1.2,robust-prune,-1,27200,113287,1339,111000.7884,113115.0,22702,113287,10930,15699
coco_i2i,euclidean,1.2,robust-prune,-1,27200,113287,1340,111008.5715,113117.0,22725,113287,10915,15681
coco_i2i,euclidean,1.2,robust-prune,-1,27200,113287,1341,111016.1471,113119.5,22726,113287,10898,15652
coco_i2i,euclidean,1.2,robust-prune,-1,27200,113287,1342,111023.2328,113121.0,22730,113287,10885,15634
coco_i2i,euclidean,1.2,robust-prune,-1,27200,113287,1343,111030.4373,113123.0,22764,113287,10861,15614
coco_i2i,euclidean,1.2,robust-prune,-1,27200,113287,1344,111037.4633,113124.0,22768,113287,10851,15591
coco_i2i,euclidean,1.2,robust-prune,-1,27200,113287,1345,111044.8215,113127.0,22772,113287,10834,15564
coco_i2i,euclidean,1.2,robust-prune,-1,27200,113287,1346,111051.7219,113129.0,22794,113287,10817,15545
coco_i2i,euclidean,1.2,robust-prune,-1,27200,113287,1347,111058.8778,113131.0,22857,113287,10800,15529
coco_i2i,euclidean,1.2,robust-prune,-1,27200,113287,1348,111065.7711,113133.5,22861,113287,10781,15508
coco_i2i,euclidean,1.2,robust-prune,-1,27200,113287,1349,111072.8491,113135.0,22905,113287,10756,15497
coco_i2i,euclidean,1.2,robust-prune,-1,27200,113287,1350,111079.8976,113137.0,22927,113287,10733,15476
coco_i2i,euclidean,1.2,robust-prune,-1,27200,113287,1351,111087.0821,113140.0,22934,113287,10718,15452
coco_i2i,euclidean,1.2,robust-prune,-1,27200,113287,1352,111093.8215,113141.0,22974,113287,10697,15437
coco_i2i,euclidean,1.2,robust-prune,-1,27200,113287,1353,111101.303,113142.5,22991,113287,10683,15417
coco_i2i,euclidean,1.2,robust-prune,-1,27200,113287,1354,111108.3415,113145.0,23015,113287,10659,15403
coco_i2i,euclidean,1.2,robust-prune,-1,27200,113287,1355,111115.3569,113146.0,23017,113287,10639,15383
coco_i2i,euclidean,1.2,robust-prune,-1,27200,113287,1356,111122.0021,113148.0,23030,113287,10614,15359
coco_i2i,euclidean,1.2,robust-prune,-1,27200,113287,1357,111128.3254,113149.0,23093,113287,10594,15346
coco_i2i,euclidean,1.2,robust-prune,-1,27200,113287,1358,111135.3724,113151.0,23312,113287,10573,15325
coco_i2i,euclidean,1.2,robust-prune,-1,27200,113287,1359,111142.2938,113153.0,23321,113287,10549,15297
coco_i2i,euclidean,1.2,robust-prune,-1,27200,113287,1360,111149.3082,113155.0,23322,113287,10532,15281
coco_i2i,euclidean,1.2,robust-prune,-1,27200,113287,1361,111156.0701,113157.0,23323,113287,10512,15261
coco_i2i,euclidean,1.2,robust-prune,-1,27200,113287,1362,111162.7979,113159.5,23330,113287,10495,15249
coco_i2i,euclidean,1.2,robust-prune,-1,27200,113287,1363,111169.7816,113161.0,23336,113287,10482,15222
coco_i2i,euclidean,1.2,robust-prune,-1,27200,113287,1364,111176.195,113163.0,23337,113287,10464,15202
coco_i2i,euclidean,1.2,robust-prune,-1,27200,113287,1365,111183.385,113165.0,23347,113287,10449,15180
coco_i2i,euclidean,1.2,robust-prune,-1,27200,113287,1366,111189.6924,113166.5,23361,113287,10435,15165
coco_i2i,euclidean,1.2,robust-prune,-1,27200,113287,1367,111196.5714,113168.0,23362,113287,10418,15147
coco_i2i,euclidean,1.2,robust-prune,-1,27200,113287,1368,111202.8117,113170.0,23374,113287,10390,15125
coco_i2i,euclidean,1.2,robust-prune,-1,27200,113287,1369,111209.4342,113172.0,23791,113287,10378,15100
coco_i2i,euclidean,1.2,robust-prune,-1,27200,113287,1370,111216.2671,113174.0,23793,113287,10364,15082
coco_i2i,euclidean,1.2,robust-prune,-1,27200,113287,1371,111222.7739,113175.0,23855,113287,10349,15070
coco_i2i,euclidean,1.2,robust-prune,-1,27200,113287,1372,111228.9535,113178.0,23859,113287,10337,15053
coco_i2i,euclidean,1.2,robust-prune,-1,27200,113287,1373,111236.1354,113180.0,23872,113287,10324,15030
coco_i2i,euclidean,1.2,robust-prune,-1,27200,113287,1374,111242.6577,113181.0,23886,113287,10303,15012
coco_i2i,euclidean,1.2,robust-prune,-1,27200,113287,1375,111249.124,113183.0,25000,113287,10291,14988
coco_i2i,euclidean,1.2,robust-prune,-1,27200,113287,1376,111255.9753,113184.0,25005,113287,10273,14966
coco_i2i,euclidean,1.2,robust-prune,-1,27200,113287,1377,111262.3671,113186.0,25040,113287,10259,14948
coco_i2i,euclidean,1.2,robust-prune,-1,27200,113287,1378,111268.8466,113188.0,25120,113287,10237,14931
coco_i2i,euclidean,1.2,robust-prune,-1,27200,113287,1379,111275.3264,113190.0,25128,113287,10223,14909
coco_i2i,euclidean,1.2,robust-prune,-1,27200,113287,1380,111282.2047,113191.0,25139,113287,10206,14887
coco_i2i,euclidean,1.2,robust-prune,-1,27200,113287,1381,111288.6165,113193.0,25202,113287,10197,14863
coco_i2i,euclidean,1.2,robust-prune,-1,27200,113287,1382,111295.0735,113195.0,25205,113287,10183,14837
coco_i2i,euclidean,1.2,robust-prune,-1,27200,113287,1383,111301.8692,113196.0,25272,113287,10168,14822
coco_i2i,euclidean,1.2,robust-prune,-1,27200,113287,1384,111307.691,113198.0,25423,113287,10156,14807
coco_i2i,euclidean,1.2,robust-prune,-1,27200,113287,1385,111313.6447,113199.0,25443,113287,10142,14784
coco_i2i,euclidean,1.2,robust-prune,-1,27200,113287,1386,111319.914,113201.0,25455,113287,10123,14768
coco_i2i,euclidean,1.2,robust-prune,-1,27200,113287,1387,111326.7814,113202.0,25460,113287,10109,14756
coco_i2i,euclidean,1.2,robust-prune,-1,27200,113287,1388,111333.2432,113204.0,25566,113287,10097,14736
coco_i2i,euclidean,1.2,robust-prune,-1,27200,113287,1389,111339.3629,113206.0,25604,113287,10080,14718
coco_i2i,euclidean,1.2,robust-prune,-1,27200,113287,1390,111345.5807,113207.0,25615,113287,10056,14690
coco_i2i,euclidean,1.2,robust-prune,-1,27200,113287,1391,111351.6561,113208.0,25626,113287,10039,14667
coco_i2i,euclidean,1.2,robust-prune,-1,27200,113287,1392,111357.6566,113211.0,25714,113287,10024,14653
coco_i2i,euclidean,1.2,robust-prune,-1,27200,113287,1393,111364.0079,113212.5,25717,113287,10008,14634
coco_i2i,euclidean,1.2,robust-prune,-1,27200,113287,1394,111370.1982,113214.0,25719,113287,9989,14609
coco_i2i,euclidean,1.2,robust-prune,-1,27200,113287,1395,111376.2097,113216.0,25722,113287,9973,14585
coco_i2i,euclidean,1.2,robust-prune,-1,27200,113287,1396,111382.6789,113218.0,25724,113287,9958,14567
coco_i2i,euclidean,1.2,robust-prune,-1,27200,113287,1397,111388.8345,113219.0,25725,113287,9954,14544
coco_i2i,euclidean,1.2,robust-prune,-1,27200,113287,1398,111394.6864,113221.0,25816,113287,9931,14525
coco_i2i,euclidean,1.2,robust-prune,-1,27200,113287,1399,111400.4738,113222.0,25818,113287,9902,14496
coco_i2i,euclidean,1.2,robust-prune,-1,27200,113287,1400,111406.5702,113224.0,25825,113287,9883,14468
coco_i2i,euclidean,1.2,robust-prune,-1,27200,113287,1401,111412.2978,113226.0,25827,113287,9864,14448
coco_i2i,euclidean,1.2,robust-prune,-1,27200,113287,1402,111418.2655,113228.0,25867,113287,9840,14427
coco_i2i,euclidean,1.2,robust-prune,-1,27200,113287,1403,111424.2736,113229.0,25872,113287,9826,14415
coco_i2i,euclidean,1.2,robust-prune,-1,27200,113287,1404,111430.3559,113230.0,25905,113287,9811,14396
coco_i2i,euclidean,1.2,robust-prune,-1,27200,113287,1405,111436.0792,113232.0,25913,113287,9797,14382
coco_i2i,euclidean,1.2,robust-prune,-1,27200,113287,1406,111442.0097,113233.0,25925,113287,9778,14359
coco_i2i,euclidean,1.2,robust-prune,-1,27200,113287,1407,111448.2497,113235.0,25986,113287,9762,14337
coco_i2i,euclidean,1.2,robust-prune,-1,27200,113287,1408,111454.1519,113236.0,25988,113287,9747,14322
coco_i2i,euclidean,1.2,robust-prune,-1,27200,113287,1409,111460.0068,113238.0,25993,113287,9733,14302
coco_i2i,euclidean,1.2,robust-prune,-1,27200,113287,1410,111465.7268,113239.0,25995,113287,9714,14290
coco_i2i,euclidean,1.2,robust-prune,-1,27200,113287,1411,111471.2683,113241.0,26007,113287,9689,14274
coco_i2i,euclidean,1.2,robust-prune,-1,27200,113287,1412,111476.7828,113242.0,26009,113287,9674,14253
coco_i2i,euclidean,1.2,robust-prune,-1,27200,113287,1413,111483.0483,113244.0,26023,113287,9652,14228
coco_i2i,euclidean,1.2,robust-prune,-1,27200,113287,1414,111488.9282,113245.0,26059,113287,9637,14200
coco_i2i,euclidean,1.2,robust-prune,-1,27200,113287,1415,111494.3227,113246.0,27598,113287,9625,14180
coco_i2i,euclidean,1.2,robust-prune,-1,27200,113287,1416,111499.8901,113248.0,27701,113287,9605,14163
coco_i2i,euclidean,1.2,robust-prune,-1,27200,113287,1417,111505.9635,113249.0,27712,113287,9584,14147
coco_i2i,euclidean,1.2,robust-prune,-1,27200,113287,1418,111511.7233,113251.0,27719,113287,9576,14124
coco_i2i,euclidean,1.2,robust-prune,-1,27200,113287,1419,111517.3286,113252.0,27724,113287,9556,14106
coco_i2i,euclidean,1.2,robust-prune,-1,27200,113287,1420,111523.0051,113253.5,27732,113287,9533,14087
coco_i2i,euclidean,1.2,robust-prune,-1,27200,113287,1421,111528.2632,113255.0,27736,113287,9522,14065
coco_i2i,euclidean,1.2,robust-prune,-1,27200,113287,1422,111534.185,113256.0,27770,113287,9509,14053
coco_i2i,euclidean,1.2,robust-prune,-1,27200,113287,1423,111540.3978,113258.0,27814,113287,9491,14036
coco_i2i,euclidean,1.2,robust-prune,-1,27200,113287,1424,111546.1278,113259.0,27818,113287,9476,14017
coco_i2i,euclidean,1.2,robust-prune,-1,27200,113287,1425,111552.1805,113260.0,27964,113287,9457,13995
coco_i2i,euclidean,1.2,robust-prune,-1,27200,113287,1426,111558.4712,113261.0,28014,113287,9441,13972
coco_i2i,euclidean,1.2,robust-prune,-1,27200,113287,1427,111563.8555,113263.0,28024,113287,9417,13959
coco_i2i,euclidean,1.2,robust-prune,-1,27200,113287,1428,111568.9601,113264.0,28051,113287,9397,13943
coco_i2i,euclidean,1.2,robust-prune,-1,27200,113287,1429,111574.2532,113265.0,28053,113287,9372,13933
coco_i2i,euclidean,1.2,robust-prune,-1,27200,113287,1430,111579.5503,113266.0,28056,113287,9357,13918
coco_i2i,euclidean,1.2,robust-prune,-1,27200,113287,1431,111584.7054,113268.0,28093,113287,9336,13895
coco_i2i,euclidean,1.2,robust-prune,-1,27200,113287,1432,111589.9556,113269.0,28146,113287,9315,13871
coco_i2i,euclidean,1.2,robust-prune,-1,27200,113287,1433,111595.2292,113270.0,28167,113287,9295,13855
coco_i2i,euclidean,1.2,robust-prune,-1,27200,113287,1434,111600.1056,113272.0,28170,113287,9281,13833
coco_i2i,euclidean,1.2,robust-prune,-1,27200,113287,1435,111605.0013,113273.0,28176,113287,9264,13817
coco_i2i,euclidean,1.2,robust-prune,-1,27200,113287,1436,111610.4003,113274.0,28197,113287,9241,13793
coco_i2i,euclidean,1.2,robust-prune,-1,27200,113287,1437,111616.0457,113275.0,28206,113287,9224,13783
coco_i2i,euclidean,1.2,robust-prune,-1,27200,113287,1438,111621.2276,113276.0,28248,113287,9205,13772
coco_i2i,euclidean,1.2,robust-prune,-1,27200,113287,1439,111626.3391,113278.0,28250,113287,9189,13753
coco_i2i,euclidean,1.2,robust-prune,-1,27200,113287,1440,111631.7254,113279.0,28262,113287,9174,13733
coco_i2i,euclidean,1.2,robust-prune,-1,27200,113287,1441,111636.5815,113280.0,28324,113287,9163,13707
coco_i2i,euclidean,1.2,robust-prune,-1,27200,113287,1442,111641.6455,113281.0,28329,113287,9150,13694
coco_i2i,euclidean,1.2,robust-prune,-1,27200,113287,1443,111647.3188,113282.0,28397,113287,9140,13681
coco_i2i,euclidean,1.2,robust-prune,-1,27200,113287,1444,111652.2709,113283.0,28405,113287,9113,13662
coco_i2i,euclidean,1.2,robust-prune,-1,27200,113287,1445,111657.6039,113284.5,28444,113287,9102,13642
coco_i2i,euclidean,1.2,robust-prune,-1,27200,113287,1446,111662.911,113285.5,28460,113287,9085,13629
coco_i2i,euclidean,1.2,robust-prune,-1,27200,113287,1447,111668.1662,113286.5,28481,113287,9074,13600
coco_i2i,euclidean,1.2,robust-prune,-1,27200,113287,1448,111673.1378,113287.0,28502,113287,9056,13575
coco_i2i,euclidean,1.2,robust-prune,-1,27200,113287,1449,111678.4315,113287.0,28509,113287,9046,13559
coco_i2i,euclidean,1.2,robust-prune,-1,27200,113287,1450,111683.8377,113287.0,28539,113287,9034,13533
coco_i2i,euclidean,1.2,robust-prune,-1,27200,113287,1451,111688.9292,113287.0,28540,113287,9014,13525
coco_i2i,euclidean,1.2,robust-prune,-1,27200,113287,1452,111693.7214,113287.0,28542,113287,9004,13508
coco_i2i,euclidean,1.2,robust-prune,-1,27200,113287,1453,111698.6386,113287.0,28553,113287,8985,13490
coco_i2i,euclidean,1.2,robust-prune,-1,27200,113287,1454,111704.0082,113287.0,28621,113287,8970,13472
coco_i2i,euclidean,1.2,robust-prune,-1,27200,113287,1455,111709.379,113287.0,28839,113287,8955,13458
coco_i2i,euclidean,1.2,robust-prune,-1,27200,113287,1456,111714.7308,113287.0,29038,113287,8929,13429
coco_i2i,euclidean,1.2,robust-prune,-1,27200,113287,1457,111719.5091,113287.0,29056,113287,8912,13413
coco_i2i,euclidean,1.2,robust-prune,-1,27200,113287,1458,111725.1762,113287.0,29076,113287,8888,13393
coco_i2i,euclidean,1.2,robust-prune,-1,27200,113287,1459,111730.0154,113287.0,29122,113287,8875,13368
coco_i2i,euclidean,1.2,robust-prune,-1,27200,113287,1460,111734.7233,113287.0,29123,113287,8862,13353
coco_i2i,euclidean,1.2,robust-prune,-1,27200,113287,1461,111739.3681,113287.0,29179,113287,8846,13328
coco_i2i,euclidean,1.2,robust-prune,-1,27200,113287,1462,111744.2057,113287.0,29358,113287,8833,13312
coco_i2i,euclidean,1.2,robust-prune,-1,27200,113287,1463,111748.9509,113287.0,29360,113287,8818,13289
coco_i2i,euclidean,1.2,robust-prune,-1,27200,113287,1464,111753.6006,113287.0,29370,113287,8801,13273
coco_i2i,euclidean,1.2,robust-prune,-1,27200,113287,1465,111758.4903,113287.0,29375,113287,8784,13257
coco_i2i,euclidean,1.2,robust-prune,-1,27200,113287,1466,111763.3833,113287.0,29377,113287,8761,13238
coco_i2i,euclidean,1.2,robust-prune,-1,27200,113287,1467,111768.3074,113287.0,29428,113287,8751,13218
coco_i2i,euclidean,1.2,robust-prune,-1,27200,113287,1468,111772.9368,113287.0,29501,113287,8734,13201
coco_i2i,euclidean,1.2,robust-prune,-1,27200,113287,1469,111777.4986,113287.0,29505,113287,8716,13187
coco_i2i,euclidean,1.2,robust-prune,-1,27200,113287,1470,111782.3535,113287.0,29510,113287,8704,13164
coco_i2i,euclidean,1.2,robust-prune,-1,27200,113287,1471,111787.5147,113287.0,29520,113287,8683,13148
coco_i2i,euclidean,1.2,robust-prune,-1,27200,113287,1472,111792.0721,113287.0,29522,113287,8668,13135
coco_i2i,euclidean,1.2,robust-prune,-1,27200,113287,1473,111797.3825,113287.0,29524,113287,8652,13113
coco_i2i,euclidean,1.2,robust-prune,-1,27200,113287,1474,111802.8753,113287.0,29529,113287,8635,13084
coco_i2i,euclidean,1.2,robust-prune,-1,27200,113287,1475,111807.3226,113287.0,29570,113287,8622,13068
coco_i2i,euclidean,1.2,robust-prune,-1,27200,113287,1476,111811.6269,113287.0,29576,113287,8611,13046
coco_i2i,euclidean,1.2,robust-prune,-1,27200,113287,1477,111816.2508,113287.0,29577,113287,8591,13026
coco_i2i,euclidean,1.2,robust-prune,-1,27200,113287,1478,111821.281,113287.0,29763,113287,8565,13009
coco_i2i,euclidean,1.2,robust-prune,-1,27200,113287,1479,111825.9963,113287.0,29768,113287,8551,12994
coco_i2i,euclidean,1.2,robust-prune,-1,27200,113287,1480,111830.5649,113287.0,29774,113287,8520,12974
coco_i2i,euclidean,1.2,robust-prune,-1,27200,113287,1481,111834.9433,113287.0,29972,113287,8505,12958
coco_i2i,euclidean,1.2,robust-prune,-1,27200,113287,1482,111839.6334,113287.0,30028,113287,8480,12932
coco_i2i,euclidean,1.2,robust-prune,-1,27200,113287,1483,111843.6385,113287.0,30030,113287,8460,12916
coco_i2i,euclidean,1.2,robust-prune,-1,27200,113287,1484,111848.1616,113287.0,30036,113287,8444,12899
coco_i2i,euclidean,1.2,robust-prune,-1,27200,113287,1485,111852.6926,113287.0,30037,113287,8431,12871
coco_i2i,euclidean,1.2,robust-prune,-1,27200,113287,1486,111857.0371,113287.0,30047,113287,8417,12847
coco_i2i,euclidean,1.2,robust-prune,-1,27200,113287,1487,111861.4899,113287.0,30050,113287,8395,12831
coco_i2i,euclidean,1.2,robust-prune,-1,27200,113287,1488,111866.0504,113287.0,30251,113287,8380,12816
coco_i2i,euclidean,1.2,robust-prune,-1,27200,113287,1489,111870.6697,113287.0,30254,113287,8366,12790
coco_i2i,euclidean,1.2,robust-prune,-1,27200,113287,1490,111875.2477,113287.0,30368,113287,8341,12773
coco_i2i,euclidean,1.2,robust-prune,-1,27200,113287,1491,111879.5698,113287.0,30379,113287,8332,12756
coco_i2i,euclidean,1.2,robust-prune,-1,27200,113287,1492,111883.8911,113287.0,30381,113287,8310,12736
coco_i2i,euclidean,1.2,robust-prune,-1,27200,113287,1493,111888.4566,113287.0,30676,113287,8297,12711
coco_i2i,euclidean,1.2,robust-prune,-1,27200,113287,1494,111892.7739,113287.0,30690,113287,8287,12690
coco_i2i,euclidean,1.2,robust-prune,-1,27200,113287,1495,111896.8628,113287.0,30705,113287,8272,12670
coco_i2i,euclidean,1.2,robust-prune,-1,27200,113287,1496,111901.0074,113287.0,30708,113287,8256,12654
coco_i2i,euclidean,1.2,robust-prune,-1,27200,113287,1497,111905.7329,113287.0,30791,113287,8242,12621
coco_i2i,euclidean,1.2,robust-prune,-1,27200,113287,1498,111909.8952,113287.0,30809,113287,8225,12595
coco_i2i,euclidean,1.2,robust-prune,-1,27200,113287,1499,111914.3218,113287.0,30823,113287,8210,12576
coco_i2i,euclidean,1.2,robust-prune,-1,27200,113287,1500,111918.7662,113287.0,30830,113287,8188,12551
coco_i2i,euclidean,1.2,robust-prune,-1,27200,113287,1501,111923.0442,113287.0,30855,113287,8170,12529
coco_i2i,euclidean,1.2,robust-prune,-1,27200,113287,1502,111927.2846,113287.0,30884,113287,8162,12507
coco_i2i,euclidean,1.2,robust-prune,-1,27200,113287,1503,111931.4094,113287.0,30889,113287,8148,12490
coco_i2i,euclidean,1.2,robust-prune,-1,27200,113287,1504,111935.3125,113287.0,30906,113287,8136,12476
coco_i2i,euclidean,1.2,robust-prune,-1,27200,113287,1505,111939.8362,113287.0,30941,113287,8125,12451
coco_i2i,euclidean,1.2,robust-prune,-1,27200,113287,1506,111943.9334,113287.0,30949,113287,8113,12437
coco_i2i,euclidean,1.2,robust-prune,-1,27200,113287,1507,111948.0082,113287.0,30955,113287,8092,12418
coco_i2i,euclidean,1.2,robust-prune,-1,27200,113287,1508,111952.086,113287.0,30956,113287,8071,12400
coco_i2i,euclidean,1.2,robust-prune,-1,27200,113287,1509,111956.419,113287.0,31169,113287,8057,12379
coco_i2i,euclidean,1.2,robust-prune,-1,27200,113287,1510,111960.5216,113287.0,32007,113287,8036,12355
coco_i2i,euclidean,1.2,robust-prune,-1,27200,113287,1511,111964.8339,113287.0,32009,113287,8019,12339
coco_i2i,euclidean,1.2,robust-prune,-1,27200,113287,1512,111968.966,113287.0,32075,113287,8002,12313
coco_i2i,euclidean,1.2,robust-prune,-1,27200,113287,1513,111973.2969,113287.0,32078,113287,7990,12298
coco_i2i,euclidean,1.2,robust-prune,-1,27200,113287,1514,111977.3902,113287.0,32119,113287,7977,12271
coco_i2i,euclidean,1.2,robust-prune,-1,27200,113287,1515,111981.5606,113287.0,32126,113287,7962,12251
coco_i2i,euclidean,1.2,robust-prune,-1,27200,113287,1516,111986.3637,113287.0,32128,113287,7943,12237
coco_i2i,euclidean,1.2,robust-prune,-1,27200,113287,1517,111990.1524,113287.0,32130,113287,7930,12226
coco_i2i,euclidean,1.2,robust-prune,-1,27200,113287,1518,111994.4341,113287.0,32222,113287,7912,12209
coco_i2i,euclidean,1.2,robust-prune,-1,27200,113287,1519,111998.3424,113287.0,32309,113287,7901,12194
coco_i2i,euclidean,1.2,robust-prune,-1,27200,113287,1520,112002.1729,113287.0,32334,113287,7882,12174
coco_i2i,euclidean,1.2,robust-prune,-1,27200,113287,1521,112006.2035,113287.0,32338,113287,7857,12154
coco_i2i,euclidean,1.2,robust-prune,-1,27200,113287,1522,112009.9489,113287.0,32345,113287,7841,12139
coco_i2i,euclidean,1.2,robust-prune,-1,27200,113287,1523,112014.0685,113287.0,32472,113287,7831,12124
coco_i2i,euclidean,1.2,robust-prune,-1,27200,113287,1524,112018.1199,113287.0,32512,113287,7820,12112
coco_i2i,euclidean,1.2,robust-prune,-1,27200,113287,1525,112022.0923,113287.0,32515,113287,7808,12089
coco_i2i,euclidean,1.2,robust-prune,-1,27200,113287,1526,112025.8692,113287.0,32573,113287,7791,12070
coco_i2i,euclidean,1.2,robust-prune,-1,27200,113287,1527,112029.8248,113287.0,32578,113287,7771,12056
coco_i2i,euclidean,1.2,robust-prune,-1,27200,113287,1528,112034.3383,113287.0,32596,113287,7758,12032
coco_i2i,euclidean,1.2,robust-prune,-1,27200,113287,1529,112038.2157,113287.0,32598,113287,7747,12011
coco_i2i,euclidean,1.2,robust-prune,-1,27200,113287,1530,112042.3912,113287.0,32600,113287,7735,11997
coco_i2i,euclidean,1.2,robust-prune,-1,27200,113287,1531,112046.3892,113287.0,32839,113287,7720,11986
coco_i2i,euclidean,1.2,robust-prune,-1,27200,113287,1532,112050.1978,113287.0,32847,113287,7707,11972
coco_i2i,euclidean,1.2,robust-prune,-1,27200,113287,1533,112054.1018,113287.0,32848,113287,7687,11951
coco_i2i,euclidean,1.2,robust-prune,-1,27200,113287,1534,112058.1626,113287.0,33731,113287,7671,11936
coco_i2i,euclidean,1.2,robust-prune,-1,27200,113287,1535,112062.0538,113287.0,33945,113287,7653,11921
coco_i2i,euclidean,1.2,robust-prune,-1,27200,113287,1536,112066.111,113287.0,33947,113287,7640,11910
coco_i2i,euclidean,1.2,robust-prune,-1,27200,113287,1537,112070.092,113287.0,33953,113287,7619,11890
coco_i2i,euclidean,1.2,robust-prune,-1,27200,113287,1538,112073.6637,113287.0,33976,113287,7606,11875
coco_i2i,euclidean,1.2,robust-prune,-1,27200,113287,1539,112077.7439,113287.0,33977,113287,7586,11856
coco_i2i,euclidean,1.2,robust-prune,-1,27200,113287,1540,112081.672,113287.0,34010,113287,7572,11832
coco_i2i,euclidean,1.2,robust-prune,-1,27200,113287,1541,112085.4577,113287.0,34074,113287,7556,11812
coco_i2i,euclidean,1.2,robust-prune,-1,27200,113287,1542,112088.9556,113287.0,34111,113287,7539,11795
coco_i2i,euclidean,1.2,robust-prune,-1,27200,113287,1543,112092.5753,113287.0,34117,113287,7521,11778
coco_i2i,euclidean,1.2,robust-prune,-1,27200,113287,1544,112096.5126,113287.0,34999,113287,7505,11765
coco_i2i,euclidean,1.2,robust-prune,-1,27200,113287,1545,112100.2912,113287.0,35016,113287,7493,11750
coco_i2i,euclidean,1.2,robust-prune,-1,27200,113287,1546,112103.9257,113287.0,35020,113287,7480,11741
coco_i2i,euclidean,1.2,robust-prune,-1,27200,113287,1547,112107.4042,113287.0,35026,113287,7465,11718
coco_i2i,euclidean,1.2,robust-prune,-1,27200,113287,1548,112110.9431,113287.0,35029,113287,7447,11703
coco_i2i,euclidean,1.2,robust-prune,-1,27200,113287,1549,112114.6698,113287.0,35031,113287,7435,11688
coco_i2i,euclidean,1.2,robust-prune,-1,27200,113287,1550,112118.5578,113287.0,35034,113287,7411,11673
coco_i2i,euclidean,1.2,robust-prune,-1,27200,113287,1551,112121.93,113287.0,35057,113287,7404,11658
coco_i2i,euclidean,1.2,robust-prune,-1,27200,113287,1552,112125.1382,113287.0,35061,113287,7391,11638
coco_i2i,euclidean,1.2,robust-prune,-1,27200,113287,1553,112128.6944,113287.0,35062,113287,7376,11623
coco_i2i,euclidean,1.2,robust-prune,-1,27200,113287,1554,112132.6524,113287.0,35069,113287,7365,11599
coco_i2i,euclidean,1.2,robust-prune,-1,27200,113287,1555,112136.0956,113287.0,35148,113287,7351,11585
coco_i2i,euclidean,1.2,robust-prune,-1,27200,113287,1556,112139.7551,113287.0,35159,113287,7326,11568
coco_i2i,euclidean,1.2,robust-prune,-1,27200,113287,1557,112143.1291,113287.0,35175,113287,7314,11553
coco_i2i,euclidean,1.2,robust-prune,-1,27200,113287,1558,112146.6457,113287.0,35248,113287,7299,11543
coco_i2i,euclidean,1.2,robust-prune,-1,27200,113287,1559,112149.9464,113287.0,35255,113287,7280,11524
coco_i2i,euclidean,1.2,robust-prune,-1,27200,113287,1560,112154.0443,113287.0,35309,113287,7269,11506
coco_i2i,euclidean,1.2,robust-prune,-1,27200,113287,1561,112157.3395,113287.0,35311,113287,7255,11487
coco_i2i,euclidean,1.2,robust-prune,-1,27200,113287,1562,112160.5951,113287.0,35313,113287,7239,11466
coco_i2i,euclidean,1.2,robust-prune,-1,27200,113287,1563,112164.1294,113287.0,35335,113287,7222,11450
coco_i2i,euclidean,1.2,robust-prune,-1,27200,113287,1564,112167.6279,113287.0,35336,113287,7212,11428
coco_i2i,euclidean,1.2,robust-prune,-1,27200,113287,1565,112171.1788,113287.0,35634,113287,7199,11408
coco_i2i,euclidean,1.2,robust-prune,-1,27200,113287,1566,112174.5679,113287.0,35649,113287,7182,11391
coco_i2i,euclidean,1.2,robust-prune,-1,27200,113287,1567,112178.2574,113287.0,35655,113287,7164,11372
coco_i2i,euclidean,1.2,robust-prune,-1,27200,113287,1568,112181.9682,113287.0,35666,113287,7149,11362
coco_i2i,euclidean,1.2,robust-prune,-1,27200,113287,1569,112185.3197,113287.0,36038,113287,7135,11341
coco_i2i,euclidean,1.2,robust-prune,-1,27200,113287,1570,112188.5031,113287.0,36042,113287,7129,11321
coco_i2i,euclidean,1.2,robust-prune,-1,27200,113287,1571,112192.0071,113287.0,36059,113287,7116,11300
coco_i2i,euclidean,1.2,robust-prune,-1,27200,113287,1572,112195.6437,113287.0,36061,113287,7096,11290
coco_i2i,euclidean,1.2,robust-prune,-1,27200,113287,1573,112199.3015,113287.0,36063,113287,7085,11282
coco_i2i,euclidean,1.2,robust-prune,-1,27200,113287,1574,112202.6608,113287.0,36064,113287,7071,11262
coco_i2i,euclidean,1.2,robust-prune,-1,27200,113287,1575,112206.4626,113287.0,36066,113287,7055,11246
coco_i2i,euclidean,1.2,robust-prune,-1,27200,113287,1576,112210.0293,113287.0,36070,113287,7045,11224
coco_i2i,euclidean,1.2,robust-prune,-1,27200,113287,1577,112213.3388,113287.0,36081,113287,7037,11206
coco_i2i,euclidean,1.2,robust-prune,-1,27200,113287,1578,112216.5599,113287.0,36083,113287,7033,11190
coco_i2i,euclidean,1.2,robust-prune,-1,27200,113287,1579,112219.6965,113287.0,36094,113287,7020,11174
coco_i2i,euclidean,1.2,robust-prune,-1,27200,113287,1580,112223.2866,113287.0,36158,113287,7000,11161
coco_i2i,euclidean,1.2,robust-prune,-1,27200,113287,1581,112226.4555,113287.0,36160,113287,6984,11143
coco_i2i,euclidean,1.2,robust-prune,-1,27200,113287,1582,112229.749,113287.0,36182,113287,6976,11131
coco_i2i,euclidean,1.2,robust-prune,-1,27200,113287,1583,112232.7583,113287.0,36207,113287,6960,11119
coco_i2i,euclidean,1.2,robust-prune,-1,27200,113287,1584,112236.1358,113287.0,36208,113287,6945,11105
coco_i2i,euclidean,1.2,robust-prune,-1,27200,113287,1585,112239.2435,113287.0,36209,113287,6935,11091
coco_i2i,euclidean,1.2,robust-prune,-1,27200,113287,1586,112242.3775,113287.0,36228,113287,6923,11076
coco_i2i,euclidean,1.2,robust-prune,-1,27200,113287,1587,112245.6726,113287.0,36252,113287,6909,11057
coco_i2i,euclidean,1.2,robust-prune,-1,27200,113287,1588,112248.8247,113287.0,36399,113287,6891,11045
coco_i2i,euclidean,1.2,robust-prune,-1,27200,113287,1589,112252.3688,113287.0,36428,113287,6881,11024
coco_i2i,euclidean,1.2,robust-prune,-1,27200,113287,1590,112255.7266,113287.0,36448,113287,6866,11009
coco_i2i,euclidean,1.2,robust-prune,-1,27200,113287,1591,112258.7839,113287.0,36643,113287,6852,10992
coco_i2i,euclidean,1.2,robust-prune,-1,27200,113287,1592,112261.7911,113287.0,36653,113287,6843,10975
coco_i2i,euclidean,1.2,robust-prune,-1,27200,113287,1593,112264.9988,113287.0,36654,113287,6833,10958
coco_i2i,euclidean,1.2,robust-prune,-1,27200,113287,1594,112268.2196,113287.0,36658,113287,6823,10928
coco_i2i,euclidean,1.2,robust-prune,-1,27200,113287,1595,112271.0988,113287.0,36676,113287,6814,10913
coco_i2i,euclidean,1.2,robust-prune,-1,27200,113287,1596,112274.4367,113287.0,36677,113287,6802,10897
coco_i2i,euclidean,1.2,robust-prune,-1,27200,113287,1597,112277.91,113287.0,36714,113287,6786,10884
coco_i2i,euclidean,1.2,robust-prune,-1,27200,113287,1598,112280.9664,113287.0,36743,113287,6768,10868
coco_i2i,euclidean,1.2,robust-prune,-1,27200,113287,1599,112284.2357,113287.0,36811,113287,6750,10845
coco_i2i,euclidean,1.2,robust-prune,-1,27200,113287,1600,112287.492,113287.0,36837,113287,6739,10825
coco_i2i,euclidean,1.2,robust-prune,-1,27200,113287,1601,112290.7281,113287.0,36838,113287,6721,10807
coco_i2i,euclidean,1.2,robust-prune,-1,27200,113287,1602,112294.0848,113287.0,36839,113287,6712,10794
coco_i2i,euclidean,1.2,robust-prune,-1,27200,113287,1603,112297.1585,113287.0,36902,113287,6701,10775
coco_i2i,euclidean,1.2,robust-prune,-1,27200,113287,1604,112300.1932,113287.0,36921,113287,6684,10756
coco_i2i,euclidean,1.2,robust-prune,-1,27200,113287,1605,112303.4974,113287.0,36963,113287,6666,10741
coco_i2i,euclidean,1.2,robust-prune,-1,27200,113287,1606,112306.5127,113287.0,36978,113287,6653,10722
coco_i2i,euclidean,1.2,robust-prune,-1,27200,113287,1607,112309.8643,113287.0,36982,113287,6638,10704
coco_i2i,euclidean,1.2,robust-prune,-1,27200,113287,1608,112312.8316,113287.0,36991,113287,6626,10689
coco_i2i,euclidean,1.2,robust-prune,-1,27200,113287,1609,112316.099,113287.0,37342,113287,6606,10674
coco_i2i,euclidean,1.2,robust-prune,-1,27200,113287,1610,112319.1194,113287.0,37343,113287,6592,10653
coco_i2i,euclidean,1.2,robust-prune,-1,27200,113287,1611,112321.8465,113287.0,37393,113287,6576,10632
coco_i2i,euclidean,1.2,robust-prune,-1,27200,113287,1612,112325.0046,113287.0,37433,113287,6567,10612
coco_i2i,euclidean,1.2,robust-prune,-1,27200,113287,1613,112328.3349,113287.0,37460,113287,6552,10587
coco_i2i,euclidean,1.2,robust-prune,-1,27200,113287,1614,112331.5475,113287.0,37468,113287,6539,10569
coco_i2i,euclidean,1.2,robust-prune,-1,27200,113287,1615,112334.6713,113287.0,37470,113287,6529,10556
coco_i2i,euclidean,1.2,robust-prune,-1,27200,113287,1616,112337.6891,113287.0,37499,113287,6517,10540
coco_i2i,euclidean,1.2,robust-prune,-1,27200,113287,1617,112340.5688,113287.0,37526,113287,6508,10530
coco_i2i,euclidean,1.2,robust-prune,-1,27200,113287,1618,112343.4893,113287.0,37534,113287,6500,10518
coco_i2i,euclidean,1.2,robust-prune,-1,27200,113287,1619,112346.5588,113287.0,37536,113287,6483,10504
coco_i2i,euclidean,1.2,robust-prune,-1,27200,113287,1620,112349.407,113287.0,37537,113287,6470,10485
coco_i2i,euclidean,1.2,robust-prune,-1,27200,113287,1621,112352.451,113287.0,37539,113287,6449,10464
coco_i2i,euclidean,1.2,robust-prune,-1,27200,113287,1622,112355.0029,113287.0,37571,113287,6439,10459
coco_i2i,euclidean,1.2,robust-prune,-1,27200,113287,1623,112357.9494,113287.0,37596,113287,6423,10445
coco_i2i,euclidean,1.2,robust-prune,-1,27200,113287,1624,112360.6248,113287.0,37914,113287,6416,10429
coco_i2i,euclidean,1.2,robust-prune,-1,27200,113287,1625,112363.3679,113287.0,37919,113287,6405,10411
coco_i2i,euclidean,1.2,robust-prune,-1,27200,113287,1626,112366.3862,113287.0,38036,113287,6391,10395
coco_i2i,euclidean,1.2,robust-prune,-1,27200,113287,1627,112369.2775,113287.0,38052,113287,6383,10382
coco_i2i,euclidean,1.2,robust-prune,-1,27200,113287,1628,112372.1189,113287.0,38053,113287,6370,10363
coco_i2i,euclidean,1.2,robust-prune,-1,27200,113287,1629,112374.9435,113287.0,38055,113287,6356,10348
coco_i2i,euclidean,1.2,robust-prune,-1,27200,113287,1630,112377.9647,113287.0,38088,113287,6343,10334
coco_i2i,euclidean,1.2,robust-prune,-1,27200,113287,1631,112380.9588,113287.0,38091,113287,6326,10319
coco_i2i,euclidean,1.2,robust-prune,-1,27200,113287,1632,112383.6116,113287.0,38153,113287,6315,10305
coco_i2i,euclidean,1.2,robust-prune,-1,27200,113287,1633,112386.4936,113287.0,38156,113287,6300,10285
coco_i2i,euclidean,1.2,robust-prune,-1,27200,113287,1634,112389.2563,113287.0,38210,113287,6279,10270
coco_i2i,euclidean,1.2,robust-prune,-1,27200,113287,1635,112391.7585,113287.0,38280,113287,6272,10257
coco_i2i,euclidean,1.2,robust-prune,-1,27200,113287,1636,112394.2843,113287.0,38294,113287,6262,10243
coco_i2i,euclidean,1.2,robust-prune,-1,27200,113287,1637,112396.8839,113287.0,38392,113287,6249,10230
coco_i2i,euclidean,1.2,robust-prune,-1,27200,113287,1638,112399.5153,113287.0,38400,113287,6236,10215
coco_i2i,euclidean,1.2,robust-prune,-1,27200,113287,1639,112402.2189,113287.0,38428,113287,6223,10199
coco_i2i,euclidean,1.2,robust-prune,-1,27200,113287,1640,112404.8572,113287.0,38430,113287,6209,10186
coco_i2i,euclidean,1.2,robust-prune,-1,27200,113287,1641,112407.8093,113287.0,38449,113287,6194,10174
coco_i2i,euclidean,1.2,robust-prune,-1,27200,113287,1642,112410.6771,113287.0,38453,113287,6187,10158
coco_i2i,euclidean,1.2,robust-prune,-1,27200,113287,1643,112413.721,113287.0,39204,113287,6170,10141
coco_i2i,euclidean,1.2,robust-prune,-1,27200,113287,1644,112416.2908,113287.0,39236,113287,6159,10118
coco_i2i,euclidean,1.2,robust-prune,-1,27200,113287,1645,112418.9318,113287.0,39297,113287,6149,10105
coco_i2i,euclidean,1.2,robust-prune,-1,27200,113287,1646,112421.4714,113287.0,39396,113287,6133,10088
coco_i2i,euclidean,1.2,robust-prune,-1,27200,113287,1647,112424.0612,113287.0,39397,113287,6118,10080
coco_i2i,euclidean,1.2,robust-prune,-1,27200,113287,1648,112426.8871,113287.0,39400,113287,6104,10065
coco_i2i,euclidean,1.2,robust-prune,-1,27200,113287,1649,112429.4373,113287.0,39659,113287,6092,10052
coco_i2i,euclidean,1.2,robust-prune,-1,27200,113287,1650,112431.8274,113287.0,39663,113287,6074,10035
coco_i2i,euclidean,1.2,robust-prune,-1,27200,113287,1651,112434.5643,113287.0,40435,113287,6063,10021
coco_i2i,euclidean,1.2,robust-prune,-1,27200,113287,1652,112436.9557,113287.0,40440,113287,6052,10007
coco_i2i,euclidean,1.2,robust-prune,-1,27200,113287,1653,112439.726,113287.0,40933,113287,6041,9990
coco_i2i,euclidean,1.2,robust-prune,-1,27200,113287,1654,112442.3468,113287.0,40934,113287,6027,9979
coco_i2i,euclidean,1.2,robust-prune,-1,27200,113287,1655,112445.1321,113287.0,40961,113287,6018,9966
coco_i2i,euclidean,1.2,robust-prune,-1,27200,113287,1656,112447.8664,113287.0,40993,113287,6006,9957
coco_i2i,euclidean,1.2,robust-prune,-1,27200,113287,1657,112450.5237,113287.0,41024,113287,5994,9944
coco_i2i,euclidean,1.2,robust-prune,-1,27200,113287,1658,112453.3417,113287.0,41146,113287,5982,9933
coco_i2i,euclidean,1.2,robust-prune,-1,27200,113287,1659,112456.2216,113287.0,41169,113287,5967,9916
coco_i2i,euclidean,1.2,robust-prune,-1,27200,113287,1660,112458.9886,113287.0,41171,113287,5959,9892
coco_i2i,euclidean,1.2,robust-prune,-1,27200,113287,1661,112461.4769,113287.0,41248,113287,5948,9878
coco_i2i,euclidean,1.2,robust-prune,-1,27200,113287,1662,112464.3049,113287.0,41284,113287,5938,9868
coco_i2i,euclidean,1.2,robust-prune,-1,27200,113287,1663,112466.7483,113287.0,41291,113287,5924,9855
coco_i2i,euclidean,1.2,robust-prune,-1,27200,113287,1664,112469.2096,113287.0,41380,113287,5918,9836
coco_i2i,euclidean,1.2,robust-prune,-1,27200,113287,1665,112471.6497,113287.0,41383,113287,5910,9818
coco_i2i,euclidean,1.2,robust-prune,-1,27200,113287,1666,112474.1917,113287.0,41394,113287,5900,9801
coco_i2i,euclidean,1.2,robust-prune,-1,27200,113287,1667,112477.1207,113287.0,41420,113287,5886,9779
coco_i2i,euclidean,1.2,robust-prune,-1,27200,113287,1668,112479.5282,113287.0,41421,113287,5877,9769
coco_i2i,euclidean,1.2,robust-prune,-1,27200,113287,1669,112482.1313,113287.0,41423,113287,5855,9755
coco_i2i,euclidean,1.2,robust-prune,-1,27200,113287,1670,112484.5804,113287.0,41781,113287,5842,9744
coco_i2i,euclidean,1.2,robust-prune,-1,27200,113287,1671,112487.0167,113287.0,41786,113287,5833,9720
coco_i2i,euclidean,1.2,robust-prune,-1,27200,113287,1672,112489.2808,113287.0,41846,113287,5818,9701
coco_i2i,euclidean,1.2,robust-prune,-1,27200,113287,1673,112491.7416,113287.0,41907,113287,5801,9681
coco_i2i,euclidean,1.2,robust-prune,-1,27200,113287,1674,112494.1625,113287.0,41910,113287,5782,9662
coco_i2i,euclidean,1.2,robust-prune,-1,27200,113287,1675,112496.5391,113287.0,41943,113287,5765,9646
coco_i2i,euclidean,1.2,robust-prune,-1,27200,113287,1676,112498.9939,113287.0,41950,113287,5754,9626
coco_i2i,euclidean,1.2,robust-prune,-1,27200,113287,1677,112501.5821,113287.0,41957,113287,5743,9614
coco_i2i,euclidean,1.2,robust-prune,-1,27200,113287,1678,112503.9131,113287.0,42007,113287,5727,9591
coco_i2i,euclidean,1.2,robust-prune,-1,27200,113287,1679,112506.3602,113287.0,42010,113287,5715,9565
coco_i2i,euclidean,1.2,robust-prune,-1,27200,113287,1680,112508.5542,113287.0,42013,113287,5705,9554
coco_i2i,euclidean,1.2,robust-prune,-1,27200,113287,1681,112511.0652,113287.0,42182,113287,5694,9542
coco_i2i,euclidean,1.2,robust-prune,-1,27200,113287,1682,112513.5031,113287.0,42243,113287,5683,9532
coco_i2i,euclidean,1.2,robust-prune,-1,27200,113287,1683,112515.9465,113287.0,42244,113287,5671,9519
coco_i2i,euclidean,1.2,robust-prune,-1,27200,113287,1684,112518.388,113287.0,42481,113287,5662,9500
coco_i2i,euclidean,1.2,robust-prune,-1,27200,113287,1685,112520.7781,113287.0,42583,113287,5650,9487
coco_i2i,euclidean,1.2,robust-prune,-1,27200,113287,1686,112523.2325,113287.0,42587,113287,5638,9472
coco_i2i,euclidean,1.2,robust-prune,-1,27200,113287,1687,112525.7014,113287.0,42606,113287,5627,9459
coco_i2i,euclidean,1.2,robust-prune,-1,27200,113287,1688,112528.016,113287.0,42609,113287,5615,9441
coco_i2i,euclidean,1.2,robust-prune,-1,27200,113287,1689,112530.2456,113287.0,42666,113287,5603,9421
coco_i2i,euclidean,1.2,robust-prune,-1,27200,113287,1690,112532.4726,113287.0,42675,113287,5586,9406
coco_i2i,euclidean,1.2,robust-prune,-1,27200,113287,1691,112535.09,113287.0,42782,113287,5574,9387
coco_i2i,euclidean,1.2,robust-prune,-1,27200,113287,1692,112537.4376,113287.0,42802,113287,5560,9375
coco_i2i,euclidean,1.2,robust-prune,-1,27200,113287,1693,112539.9954,113287.0,42807,113287,5552,9354
coco_i2i,euclidean,1.2,robust-prune,-1,27200,113287,1694,112542.4447,113287.0,42824,113287,5540,9336
coco_i2i,euclidean,1.2,robust-prune,-1,27200,113287,1695,112544.6114,113287.0,42825,113287,5528,9319
coco_i2i,euclidean,1.2,robust-prune,-1,27200,113287,1696,112546.8571,113287.0,42843,113287,5516,9300
coco_i2i,euclidean,1.2,robust-prune,-1,27200,113287,1697,112548.9324,113287.0,42869,113287,5502,9285
coco_i2i,euclidean,1.2,robust-prune,-1,27200,113287,1698,112551.2104,113287.0,42894,113287,5488,9276
coco_i2i,euclidean,1.2,robust-prune,-1,27200,113287,1699,112553.5597,113287.0,42899,113287,5482,9261
coco_i2i,euclidean,1.2,robust-prune,-1,27200,113287,1700,112555.5342,113287.0,43036,113287,5472,9244
coco_i2i,euclidean,1.2,robust-prune,-1,27200,113287,1701,112558.0664,113287.0,43037,113287,5461,9234
coco_i2i,euclidean,1.2,robust-prune,-1,27200,113287,1702,112560.3088,113287.0,43041,113287,5448,9225
coco_i2i,euclidean,1.2,robust-prune,-1,27200,113287,1703,112562.3418,113287.0,43060,113287,5432,9211
coco_i2i,euclidean,1.2,robust-prune,-1,27200,113287,1704,112564.584,113287.0,43067,113287,5422,9199
coco_i2i,euclidean,1.2,robust-prune,-1,27200,113287,1705,112566.7254,113287.0,43073,113287,5415,9182
coco_i2i,euclidean,1.2,robust-prune,-1,27200,113287,1706,112569.1053,113287.0,43075,113287,5397,9160
coco_i2i,euclidean,1.2,robust-prune,-1,27200,113287,1707,112571.2859,113287.0,43135,113287,5385,9143
coco_i2i,euclidean,1.2,robust-prune,-1,27200,113287,1708,112573.3569,113287.0,43136,113287,5372,9128
coco_i2i,euclidean,1.2,robust-prune,-1,27200,113287,1709,112575.4853,113287.0,43168,113287,5359,9117
coco_i2i,euclidean,1.2,robust-prune,-1,27200,113287,1710,112577.8585,113287.0,43222,113287,5349,9102
coco_i2i,euclidean,1.2,robust-prune,-1,27200,113287,1711,112579.9206,113287.0,43231,113287,5328,9089
coco_i2i,euclidean,1.2,robust-prune,-1,27200,113287,1712,112582.499,113287.0,43236,113287,5310,9079
coco_i2i,euclidean,1.2,robust-prune,-1,27200,113287,1713,112584.6189,113287.0,43313,113287,5306,9062
coco_i2i,euclidean,1.2,robust-prune,-1,27200,113287,1714,112586.8497,113287.0,43371,113287,5296,9049
coco_i2i,euclidean,1.2,robust-prune,-1,27200,113287,1715,112589.1935,113287.0,44073,113287,5284,9036
coco_i2i,euclidean,1.2,robust-prune,-1,27200,113287,1716,112591.1944,113287.0,44081,113287,5275,9021
coco_i2i,euclidean,1.2,robust-prune,-1,27200,113287,1717,112593.182,113287.0,44085,113287,5265,8999
coco_i2i,euclidean,1.2,robust-prune,-1,27200,113287,1718,112595.2054,113287.0,44095,113287,5257,8982
coco_i2i,euclidean,1.2,robust-prune,-1,27200,113287,1719,112597.2062,113287.0,44181,113287,5251,8959
coco_i2i,euclidean,1.2,robust-prune,-1,27200,113287,1720,112599.2306,113287.0,44440,113287,5238,8933
coco_i2i,euclidean,1.2,robust-prune,-1,27200,113287,1721,112601.3894,113287.0,44469,113287,5228,8923
coco_i2i,euclidean,1.2,robust-prune,-1,27200,113287,1722,112603.7494,113287.0,44483,113287,5217,8901
coco_i2i,euclidean,1.2,robust-prune,-1,27200,113287,1723,112605.8125,113287.0,44495,113287,5210,8889
coco_i2i,euclidean,1.2,robust-prune,-1,27200,113287,1724,112608.0619,113287.0,44500,113287,5194,8873
coco_i2i,euclidean,1.2,robust-prune,-1,27200,113287,1725,112610.1812,113287.0,44503,113287,5188,8851
coco_i2i,euclidean,1.2,robust-prune,-1,27200,113287,1726,112612.322,113287.0,44558,113287,5172,8834
coco_i2i,euclidean,1.2,robust-prune,-1,27200,113287,1727,112614.5912,113287.0,44567,113287,5155,8815
coco_i2i,euclidean,1.2,robust-prune,-1,27200,113287,1728,112616.4304,113287.0,44685,113287,5138,8802
coco_i2i,euclidean,1.2,robust-prune,-1,27200,113287,1729,112618.5454,113287.0,44729,113287,5129,8789
coco_i2i,euclidean,1.2,robust-prune,-1,27200,113287,1730,112620.7179,113287.0,44730,113287,5116,8778
coco_i2i,euclidean,1.2,robust-prune,-1,27200,113287,1731,112622.8081,113287.0,44778,113287,5102,8763
coco_i2i,euclidean,1.2,robust-prune,-1,27200,113287,1732,112624.9958,113287.0,44780,113287,5097,8753
coco_i2i,euclidean,1.2,robust-prune,-1,27200,113287,1733,112627.2581,113287.0,45032,113287,5087,8726
coco_i2i,euclidean,1.2,robust-prune,-1,27200,113287,1734,112629.4836,113287.0,45078,113287,5080,8710
coco_i2i,euclidean,1.2,robust-prune,-1,27200,113287,1735,112631.311,113287.0,45099,113287,5061,8691
coco_i2i,euclidean,1.2,robust-prune,-1,27200,113287,1736,112633.2158,113287.0,45101,113287,5050,8677
coco_i2i,euclidean,1.2,robust-prune,-1,27200,113287,1737,112635.3354,113287.0,45102,113287,5041,8669
coco_i2i,euclidean,1.2,robust-prune,-1,27200,113287,1738,112637.4486,113287.0,45105,113287,5030,8652
coco_i2i,euclidean,1.2,robust-prune,-1,27200,113287,1739,112639.3749,113287.0,45111,113287,5018,8639
coco_i2i,euclidean,1.2,robust-prune,-1,27200,113287,1740,112641.4199,113287.0,45120,113287,5005,8625
coco_i2i,euclidean,1.2,robust-prune,-1,27200,113287,1741,112643.5791,113287.0,45128,113287,4994,8616
coco_i2i,euclidean,1.2,robust-prune,-1,27200,113287,1742,112645.5535,113287.0,45136,113287,4985,8600
coco_i2i,euclidean,1.2,robust-prune,-1,27200,113287,1743,112647.8184,113287.0,45140,113287,4976,8581
coco_i2i,euclidean,1.2,robust-prune,-1,27200,113287,1744,112649.6821,113287.0,45150,113287,4966,8569
coco_i2i,euclidean,1.2,robust-prune,-1,27200,113287,1745,112651.4954,113287.0,45168,113287,4959,8558
coco_i2i,euclidean,1.2,robust-prune,-1,27200,113287,1746,112653.6334,113287.0,45170,113287,4946,8539
coco_i2i,euclidean,1.2,robust-prune,-1,27200,113287,1747,112655.7611,113287.0,45175,113287,4936,8527
coco_i2i,euclidean,1.2,robust-prune,-1,27200,113287,1748,112657.4674,113287.0,45397,113287,4925,8511
coco_i2i,euclidean,1.2,robust-prune,-1,27200,113287,1749,112659.52,113287.0,45398,113287,4916,8494
coco_i2i,euclidean,1.2,robust-prune,-1,27200,113287,1750,112661.3666,113287.0,45527,113287,4902,8479
coco_i2i,euclidean,1.2,robust-prune,-1,27200,113287,1751,112663.2386,113287.0,45551,113287,4890,8454
coco_i2i,euclidean,1.2,robust-prune,-1,27200,113287,1752,112665.0889,113287.0,45962,113287,4878,8441
coco_i2i,euclidean,1.2,robust-prune,-1,27200,113287,1753,112666.8062,113287.0,45985,113287,4857,8426
coco_i2i,euclidean,1.2,robust-prune,-1,27200,113287,1754,112668.5891,113287.0,45988,113287,4843,8409
coco_i2i,euclidean,1.2,robust-prune,-1,27200,113287,1755,112670.5513,113287.0,46019,113287,4836,8391
coco_i2i,euclidean,1.2,robust-prune,-1,27200,113287,1756,112672.568,113287.0,46110,113287,4825,8366
coco_i2i,euclidean,1.2,robust-prune,-1,27200,113287,1757,112674.6427,113287.0,46113,113287,4821,8350
coco_i2i,euclidean,1.2,robust-prune,-1,27200,113287,1758,112676.4587,113287.0,46172,113287,4813,8332
coco_i2i,euclidean,1.2,robust-prune,-1,27200,113287,1759,112678.3706,113287.0,46182,113287,4801,8315
coco_i2i,euclidean,1.2,robust-prune,-1,27200,113287,1760,112680.2987,113287.0,46184,113287,4786,8307
coco_i2i,euclidean,1.2,robust-prune,-1,27200,113287,1761,112682.1819,113287.0,46364,113287,4777,8291
coco_i2i,euclidean,1.2,robust-prune,-1,27200,113287,1762,112683.8984,113287.0,46495,113287,4768,8279
coco_i2i,euclidean,1.2,robust-prune,-1,27200,113287,1763,112685.7566,113287.0,46514,113287,4760,8267
coco_i2i,euclidean,1.2,robust-prune,-1,27200,113287,1764,112687.4769,113287.0,46543,113287,4746,8255
coco_i2i,euclidean,1.2,robust-prune,-1,27200,113287,1765,112689.2428,113287.0,46544,113287,4731,8238
coco_i2i,euclidean,1.2,robust-prune,-1,27200,113287,1766,112691.1647,113287.0,46615,113287,4721,8222
coco_i2i,euclidean,1.2,robust-prune,-1,27200,113287,1767,112693.0293,113287.0,46624,113287,4711,8207
coco_i2i,euclidean,1.2,robust-prune,-1,27200,113287,1768,112695.1964,113287.0,46751,113287,4700,8191
coco_i2i,euclidean,1.2,robust-prune,-1,27200,113287,1769,112697.0884,113287.0,46762,113287,4692,8177
coco_i2i,euclidean,1.2,robust-prune,-1,27200,113287,1770,112698.9107,113287.0,47216,113287,4681,8160
coco_i2i,euclidean,1.2,robust-prune,-1,27200,113287,1771,112700.5661,113287.0,47218,113287,4674,8153
coco_i2i,euclidean,1.2,robust-prune,-1,27200,113287,1772,112702.4367,113287.0,47278,113287,4664,8137
coco_i2i,euclidean,1.2,robust-prune,-1,27200,113287,1773,112704.3029,113287.0,47388,113287,4656,8124
coco_i2i,euclidean,1.2,robust-prune,-1,27200,113287,1774,112705.9943,113287.0,47415,113287,4649,8115
coco_i2i,euclidean,1.2,robust-prune,-1,27200,113287,1775,112707.6958,113287.0,47430,113287,4642,8104
coco_i2i,euclidean,1.2,robust-prune,-1,27200,113287,1776,112709.1877,113287.0,47448,113287,4633,8092
coco_i2i,euclidean,1.2,robust-prune,-1,27200,113287,1777,112710.7957,113287.0,47449,113287,4625,8075
coco_i2i,euclidean,1.2,robust-prune,-1,27200,113287,1778,112712.5698,113287.0,47502,113287,4610,8060
coco_i2i,euclidean,1.2,robust-prune,-1,27200,113287,1779,112714.356,113287.0,47842,113287,4591,8048
coco_i2i,euclidean,1.2,robust-prune,-1,27200,113287,1780,112716.0506,113287.0,47904,113287,4578,8038
coco_i2i,euclidean,1.2,robust-prune,-1,27200,113287,1781,112717.7715,113287.0,47905,113287,4562,8027
coco_i2i,euclidean,1.2,robust-prune,-1,27200,113287,1782,112719.5461,113287.0,47906,113287,4552,8010
coco_i2i,euclidean,1.2,robust-prune,-1,27200,113287,1783,112721.3856,113287.0,50056,113287,4539,7994
coco_i2i,euclidean,1.2,robust-prune,-1,27200,113287,1784,112723.1145,113287.0,50064,113287,4531,7980
coco_i2i,euclidean,1.2,robust-prune,-1,27200,113287,1785,112724.9124,113287.0,50090,113287,4524,7965
coco_i2i,euclidean,1.2,robust-prune,-1,27200,113287,1786,112726.6801,113287.0,50179,113287,4515,7956
coco_i2i,euclidean,1.2,robust-prune,-1,27200,113287,1787,112728.4997,113287.0,50201,113287,4505,7940
coco_i2i,euclidean,1.2,robust-prune,-1,27200,113287,1788,112730.2211,113287.0,50202,113287,4493,7926
coco_i2i,euclidean,1.2,robust-prune,-1,27200,113287,1789,112731.965,113287.0,50203,113287,4479,7915
coco_i2i,euclidean,1.2,robust-prune,-1,27200,113287,1790,112733.6583,113287.0,50259,113287,4471,7901
coco_i2i,euclidean,1.2,robust-prune,-1,27200,113287,1791,112735.3126,113287.0,50865,113287,4462,7885
coco_i2i,euclidean,1.2,robust-prune,-1,27200,113287,1792,112736.7327,113287.0,51159,113287,4449,7872
coco_i2i,euclidean,1.2,robust-prune,-1,27200,113287,1793,112738.3981,113287.0,51166,113287,4441,7852
coco_i2i,euclidean,1.2,robust-prune,-1,27200,113287,1794,112739.8765,113287.0,51482,113287,4433,7835
coco_i2i,euclidean,1.2,robust-prune,-1,27200,113287,1795,112741.4528,113287.0,51487,113287,4424,7824
coco_i2i,euclidean,1.2,robust-prune,-1,27200,113287,1796,112743.2373,113287.0,51489,113287,4415,7817
coco_i2i,euclidean,1.2,robust-prune,-1,27200,113287,1797,112744.9503,113287.0,51495,113287,4405,7808
coco_i2i,euclidean,1.2,robust-prune,-1,27200,113287,1798,112746.8064,113287.0,51505,113287,4395,7795
coco_i2i,euclidean,1.2,robust-prune,-1,27200,113287,1799,112748.496,113287.0,51590,113287,4384,7779
coco_i2i,euclidean,1.2,robust-prune,-1,27200,113287,1800,112750.2535,113287.0,51609,113287,4377,7767
coco_i2i,euclidean,1.2,robust-prune,-1,27200,113287,1801,112752.0369,113287.0,52367,113287,4370,7738
coco_i2i,euclidean,1.2,robust-prune,-1,27200,113287,1802,112753.8149,113287.0,52378,113287,4361,7716
coco_i2i,euclidean,1.2,robust-prune,-1,27200,113287,1803,112755.3032,113287.0,52380,113287,4353,7699
coco_i2i,euclidean,1.2,robust-prune,-1,27200,113287,1804,112756.8153,113287.0,52501,113287,4340,7681
coco_i2i,euclidean,1.2,robust-prune,-1,27200,113287,1805,112758.5023,113287.0,52538,113287,4331,7670
coco_i2i,euclidean,1.2,robust-prune,-1,27200,113287,1806,112760.2537,113287.0,52543,113287,4317,7650
coco_i2i,euclidean,1.2,robust-prune,-1,27200,113287,1807,112761.9401,113287.0,52584,113287,4310,7637
coco_i2i,euclidean,1.2,robust-prune,-1,27200,113287,1808,112763.6077,113287.0,52593,113287,4299,7624
coco_i2i,euclidean,1.2,robust-prune,-1,27200,113287,1809,112765.1786,113287.0,52597,113287,4297,7614
coco_i2i,euclidean,1.2,robust-prune,-1,27200,113287,1810,112766.8076,113287.0,52901,113287,4286,7594
coco_i2i,euclidean,1.2,robust-prune,-1,27200,113287,1811,112768.3523,113287.0,52946,113287,4278,7585
coco_i2i,euclidean,1.2,robust-prune,-1,27200,113287,1812,112770.0018,113287.0,53041,113287,4270,7575
coco_i2i,euclidean,1.2,robust-prune,-1,27200,113287,1813,112771.6249,113287.0,53061,113287,4266,7558
coco_i2i,euclidean,1.2,robust-prune,-1,27200,113287,1814,112773.1958,113287.0,53121,113287,4257,7550
coco_i2i,euclidean,1.2,robust-prune,-1,27200,113287,1815,112774.7451,113287.0,53122,113287,4245,7534
coco_i2i,euclidean,1.2,robust-prune,-1,27200,113287,1816,112776.2274,113287.0,53239,113287,4239,7516
coco_i2i,euclidean,1.2,robust-prune,-1,27200,113287,1817,112777.7426,113287.0,53282,113287,4230,7509
coco_i2i,euclidean,1.2,robust-prune,-1,27200,113287,1818,112779.458,113287.0,53354,113287,4220,7500
coco_i2i,euclidean,1.2,robust-prune,-1,27200,113287,1819,112781.1689,113287.0,53363,113287,4208,7487
coco_i2i,euclidean,1.2,robust-prune,-1,27200,113287,1820,112782.6093,113287.0,53383,113287,4199,7476
coco_i2i,euclidean,1.2,robust-prune,-1,27200,113287,1821,112784.0317,113287.0,53386,113287,4188,7461
coco_i2i,euclidean,1.2,robust-prune,-1,27200,113287,1822,112785.51,113287.0,53387,113287,4176,7449
coco_i2i,euclidean,1.2,robust-prune,-1,27200,113287,1823,112786.8041,113287.0,53405,113287,4167,7433
coco_i2i,euclidean,1.2,robust-prune,-1,27200,113287,1824,112788.3762,113287.0,53410,113287,4155,7423
coco_i2i,euclidean,1.2,robust-prune,-1,27200,113287,1825,112789.9722,113287.0,53411,113287,4144,7413
coco_i2i,euclidean,1.2,robust-prune,-1,27200,113287,1826,112791.5489,113287.0,53444,113287,4133,7402
coco_i2i,euclidean,1.2,robust-prune,-1,27200,113287,1827,112793.0893,113287.0,53590,113287,4120,7387
coco_i2i,euclidean,1.2,robust-prune,-1,27200,113287,1828,112794.5025,113287.0,53595,113287,4107,7370
coco_i2i,euclidean,1.2,robust-prune,-1,27200,113287,1829,112795.9448,113287.0,53625,113287,4098,7356
coco_i2i,euclidean,1.2,robust-prune,-1,27200,113287,1830,112797.502,113287.0,53651,113287,4088,7344
coco_i2i,euclidean,1.2,robust-prune,-1,27200,113287,1831,112799.133,113287.0,53652,113287,4080,7329
coco_i2i,euclidean,1.2,robust-prune,-1,27200,113287,1832,112800.6596,113287.0,53661,113287,4075,7315
coco_i2i,euclidean,1.2,robust-prune,-1,27200,113287,1833,112802.2664,113287.0,53680,113287,4068,7296
coco_i2i,euclidean,1.2,robust-prune,-1,27200,113287,1834,112803.7615,113287.0,53683,113287,4062,7282
coco_i2i,euclidean,1.2,robust-prune,-1,27200,113287,1835,112805.2025,113287.0,53805,113287,4052,7261
coco_i2i,euclidean,1.2,robust-prune,-1,27200,113287,1836,112806.6428,113287.0,53909,113287,4041,7250
coco_i2i,euclidean,1.2,robust-prune,-1,27200,113287,1837,112808.269,113287.0,54283,113287,4032,7240
coco_i2i,euclidean,1.2,robust-prune,-1,27200,113287,1838,112809.8083,113287.0,54284,113287,4022,7226
coco_i2i,euclidean,1.2,robust-prune,-1,27200,113287,1839,112811.4084,113287.0,54303,113287,4014,7211
coco_i2i,euclidean,1.2,robust-prune,-1,27200,113287,1840,112812.821,113287.0,54547,113287,4008,7202
coco_i2i,euclidean,1.2,robust-prune,-1,27200,113287,1841,112814.515,113287.0,54923,113287,4003,7193
coco_i2i,euclidean,1.2,robust-prune,-1,27200,113287,1842,112815.9305,113287.0,55000,113287,3992,7184
coco_i2i,euclidean,1.2,robust-prune,-1,27200,113287,1843,112817.3762,113287.0,55082,113287,3979,7174
coco_i2i,euclidean,1.2,robust-prune,-1,27200,113287,1844,112818.6834,113287.0,55091,113287,3967,7163
coco_i2i,euclidean,1.2,robust-prune,-1,27200,113287,1845,112820.2039,113287.0,55118,113287,3954,7154
coco_i2i,euclidean,1.2,robust-prune,-1,27200,113287,1846,112821.7323,113287.0,55195,113287,3951,7144
coco_i2i,euclidean,1.2,robust-prune,-1,27200,113287,1847,112823.3946,113287.0,57125,113287,3942,7134
coco_i2i,euclidean,1.2,robust-prune,-1,27200,113287,1848,112824.7765,113287.0,57131,113287,3933,7120
coco_i2i,euclidean,1.2,robust-prune,-1,27200,113287,1849,112826.1106,113287.0,57132,113287,3925,7110
coco_i2i,euclidean,1.2,robust-prune,-1,27200,113287,1850,112827.6268,113287.0,57136,113287,3916,7095
coco_i2i,euclidean,1.2,robust-prune,-1,27200,113287,1851,112828.9563,113287.0,57367,113287,3910,7081
coco_i2i,euclidean,1.2,robust-prune,-1,27200,113287,1852,112830.2717,113287.0,57399,113287,3901,7075
coco_i2i,euclidean,1.2,robust-prune,-1,27200,113287,1853,112831.5853,113287.0,57447,113287,3895,7067
coco_i2i,euclidean,1.2,robust-prune,-1,27200,113287,1854,112833.1763,113287.0,59845,113287,3891,7055
coco_i2i,euclidean,1.2,robust-prune,-1,27200,113287,1855,112834.439,113287.0,59946,113287,3884,7040
coco_i2i,euclidean,1.2,robust-prune,-1,27200,113287,1856,112835.8476,113287.0,60174,113287,3875,7022
coco_i2i,euclidean,1.2,robust-prune,-1,27200,113287,1857,112837.1812,113287.0,60179,113287,3869,7004
coco_i2i,euclidean,1.2,robust-prune,-1,27200,113287,1858,112838.6654,113287.0,60290,113287,3860,6996
coco_i2i,euclidean,1.2,robust-prune,-1,27200,113287,1859,112839.9455,113287.0,60572,113287,3850,6987
coco_i2i,euclidean,1.2,robust-prune,-1,27200,113287,1860,112841.3767,113287.0,60605,113287,3836,6974
coco_i2i,euclidean,1.2,robust-prune,-1,27200,113287,1861,112842.5917,113287.0,60671,113287,3825,6961
coco_i2i,euclidean,1.2,robust-prune,-1,27200,113287,1862,112843.8717,113287.0,60675,113287,3816,6944
coco_i2i,euclidean,1.2,robust-prune,-1,27200,113287,1863,112845.2011,113287.0,60689,113287,3804,6935
coco_i2i,euclidean,1.2,robust-prune,-1,27200,113287,1864,112846.516,113287.0,60696,113287,3794,6921
coco_i2i,euclidean,1.2,robust-prune,-1,27200,113287,1865,112847.9013,113287.0,60701,113287,3789,6907
coco_i2i,euclidean,1.2,robust-prune,-1,27200,113287,1866,112849.3024,113287.0,60726,113287,3779,6893
coco_i2i,euclidean,1.2,robust-prune,-1,27200,113287,1867,112850.7192,113287.0,60731,113287,3767,6876
coco_i2i,euclidean,1.2,robust-prune,-1,27200,113287,1868,112852.3697,113287.0,60842,113287,3759,6869
coco_i2i,euclidean,1.2,robust-prune,-1,27200,113287,1869,112853.5945,113287.0,60851,113287,3751,6851
coco_i2i,euclidean,1.2,robust-prune,-1,27200,113287,1870,112854.9577,113287.0,60868,113287,3741,6833
coco_i2i,euclidean,1.2,robust-prune,-1,27200,113287,1871,112856.5999,113287.0,60871,113287,3732,6823
coco_i2i,euclidean,1.2,robust-prune,-1,27200,113287,1872,112858.0779,113287.0,60876,113287,3722,6809
coco_i2i,euclidean,1.2,robust-prune,-1,27200,113287,1873,112859.3276,113287.0,60899,113287,3711,6797
coco_i2i,euclidean,1.2,robust-prune,-1,27200,113287,1874,112860.8335,113287.0,61013,113287,3706,6783
coco_i2i,euclidean,1.2,robust-prune,-1,27200,113287,1875,112862.006,113287.0,61018,113287,3698,6767
coco_i2i,euclidean,1.2,robust-prune,-1,27200,113287,1876,112863.3001,113287.0,61023,113287,3695,6756
coco_i2i,euclidean,1.2,robust-prune,-1,27200,113287,1877,112864.5286,113287.0,61025,113287,3688,6746
coco_i2i,euclidean,1.2,robust-prune,-1,27200,113287,1878,112865.8322,113287.0,61033,113287,3680,6743
coco_i2i,euclidean,1.2,robust-prune,-1,27200,113287,1879,112867.0907,113287.0,61041,113287,3672,6736
coco_i2i,euclidean,1.2,robust-prune,-1,27200,113287,1880,112868.187,113287.0,61053,113287,3666,6722
coco_i2i,euclidean,1.2,robust-prune,-1,27200,113287,1881,112869.4469,113287.0,61058,113287,3657,6707
coco_i2i,euclidean,1.2,robust-prune,-1,27200,113287,1882,112870.6691,113287.0,61134,113287,3652,6696
coco_i2i,euclidean,1.2,robust-prune,-1,27200,113287,1883,112871.9827,113287.0,61785,113287,3642,6685
coco_i2i,euclidean,1.2,robust-prune,-1,27200,113287,1884,112873.429,113287.0,61885,113287,3635,6677
coco_i2i,euclidean,1.2,robust-prune,-1,27200,113287,1885,112874.6193,113287.0,61888,113287,3626,6663
coco_i2i,euclidean,1.2,robust-prune,-1,27200,113287,1886,112876.0393,113287.0,61929,113287,3619,6650
coco_i2i,euclidean,1.2,robust-prune,-1,27200,113287,1887,112877.2102,113287.0,62500,113287,3612,6635
coco_i2i,euclidean,1.2,robust-prune,-1,27200,113287,1888,112878.467,113287.0,62539,113287,3603,6626
coco_i2i,euclidean,1.2,robust-prune,-1,27200,113287,1889,112879.7292,113287.0,62546,113287,3597,6615
coco_i2i,euclidean,1.2,robust-prune,-1,27200,113287,1890,112880.8942,113287.0,62559,113287,3587,6600
coco_i2i,euclidean,1.2,robust-prune,-1,27200,113287,1891,112882.0521,113287.0,62592,113287,3577,6590
coco_i2i,euclidean,1.2,robust-prune,-1,27200,113287,1892,112883.2112,113287.0,62594,113287,3571,6575
coco_i2i,euclidean,1.2,robust-prune,-1,27200,113287,1893,112884.3144,113287.0,62600,113287,3563,6562
coco_i2i,euclidean,1.2,robust-prune,-1,27200,113287,1894,112885.5384,113287.0,62731,113287,3552,6550
coco_i2i,euclidean,1.2,robust-prune,-1,27200,113287,1895,112886.762,113287.0,62735,113287,3540,6535
coco_i2i,euclidean,1.2,robust-prune,-1,27200,113287,1896,112887.9826,113287.0,63020,113287,3537,6526
coco_i2i,euclidean,1.2,robust-prune,-1,27200,113287,1897,112889.1696,113287.0,63041,113287,3526,6509
coco_i2i,euclidean,1.2,robust-prune,-1,27200,113287,1898,112890.4764,113287.0,63081,113287,3517,6498
coco_i2i,euclidean,1.2,robust-prune,-1,27200,113287,1899,112891.7226,113287.0,63082,113287,3508,6488
coco_i2i,euclidean,1.2,robust-prune,-1,27200,113287,1900,112892.9256,113287.0,63110,113287,3502,6472
coco_i2i,euclidean,1.2,robust-prune,-1,27200,113287,1901,112894.0229,113287.0,63129,113287,3495,6456
coco_i2i,euclidean,1.2,robust-prune,-1,27200,113287,1902,112895.115,113287.0,63182,113287,3487,6446
coco_i2i,euclidean,1.2,robust-prune,-1,27200,113287,1903,112896.3001,113287.0,63183,113287,3484,6436
coco_i2i,euclidean,1.2,robust-prune,-1,27200,113287,1904,112897.6357,113287.0,63246,113287,3478,6423
coco_i2i,euclidean,1.2,robust-prune,-1,27200,113287,1905,112898.9899,113287.0,63404,113287,3470,6412
coco_i2i,euclidean,1.2,robust-prune,-1,27200,113287,1906,112900.1268,113287.0,63545,113287,3461,6403
coco_i2i,euclidean,1.2,robust-prune,-1,27200,113287,1907,112901.2367,113287.0,63556,113287,3453,6389
coco_i2i,euclidean,1.2,robust-prune,-1,27200,113287,1908,112902.4874,113287.0,63718,113287,3446,6377
coco_i2i,euclidean,1.2,robust-prune,-1,27200,113287,1909,112903.5672,113287.0,63952,113287,3439,6367
coco_i2i,euclidean,1.2,robust-prune,-1,27200,113287,1910,112904.5969,113287.0,63953,113287,3428,6359
coco_i2i,euclidean,1.2,robust-prune,-1,27200,113287,1911,112905.7286,113287.0,63955,113287,3419,6345
coco_i2i,euclidean,1.2,robust-prune,-1,27200,113287,1912,112906.8036,113287.0,64166,113287,3411,6339
coco_i2i,euclidean,1.2,robust-prune,-1,27200,113287,1913,112908.0035,113287.0,64167,113287,3410,6321
coco_i2i,euclidean,1.2,robust-prune,-1,27200,113287,1914,112909.6471,113287.0,64183,113287,3401,6304
coco_i2i,euclidean,1.2,robust-prune,-1,27200,113287,1915,112910.6683,113287.0,64184,113287,3394,6288
coco_i2i,euclidean,1.2,robust-prune,-1,27200,113287,1916,112911.6568,113287.0,64198,113287,3386,6283
coco_i2i,euclidean,1.2,robust-prune,-1,27200,113287,1917,112912.791,113287.0,64288,113287,3380,6273
coco_i2i,euclidean,1.2,robust-prune,-1,27200,113287,1918,112913.9919,113287.0,64850,113287,3373,6256
coco_i2i,euclidean,1.2,robust-prune,-1,27200,113287,1919,112915.2246,113287.0,64863,113287,3357,6248
coco_i2i,euclidean,1.2,robust-prune,-1,27200,113287,1920,112916.2427,113287.0,64865,113287,3348,6234
coco_i2i,euclidean,1.2,robust-prune,-1,27200,113287,1921,112917.3979,113287.0,64877,113287,3338,6225
coco_i2i,euclidean,1.2,robust-prune,-1,27200,113287,1922,112918.5362,113287.0,64972,113287,3334,6212
coco_i2i,euclidean,1.2,robust-prune,-1,27200,113287,1923,112919.5239,113287.0,64996,113287,3326,6196
coco_i2i,euclidean,1.2,robust-prune,-1,27200,113287,1924,112920.6281,113287.0,65083,113287,3320,6189
coco_i2i,euclidean,1.2,robust-prune,-1,27200,113287,1925,112921.6825,113287.0,65085,113287,3310,6175
coco_i2i,euclidean,1.2,robust-prune,-1,27200,113287,1926,112922.7401,113287.0,65114,113287,3305,6167
coco_i2i,euclidean,1.2,robust-prune,-1,27200,113287,1927,112923.8188,113287.0,65130,113287,3302,6155
coco_i2i,euclidean,1.2,robust-prune,-1,27200,113287,1928,112924.8754,113287.0,65204,113287,3294,6140
coco_i2i,euclidean,1.2,robust-prune,-1,27200,113287,1929,112926.0067,113287.0,65355,113287,3288,6126
coco_i2i,euclidean,1.2,robust-prune,-1,27200,113287,1930,112927.1587,113287.0,65365,113287,3284,6116
coco_i2i,euclidean,1.2,robust-prune,-1,27200,113287,1931,112928.2704,113287.0,65551,113287,3272,6105
coco_i2i,euclidean,1.2,robust-prune,-1,27200,113287,1932,112929.4721,113287.0,65731,113287,3267,6098
coco_i2i,euclidean,1.2,robust-prune,-1,27200,113287,1933,112930.6775,113287.0,65777,113287,3263,6084
coco_i2i,euclidean,1.2,robust-prune,-1,27200,113287,1934,112931.7063,113287.0,66013,113287,3256,6074
coco_i2i,euclidean,1.2,robust-prune,-1,27200,113287,1935,112932.8459,113287.0,66114,113287,3249,6057
coco_i2i,euclidean,1.2,robust-prune,-1,27200,113287,1936,112933.847,113287.0,66126,113287,3244,6045
coco_i2i,euclidean,1.2,robust-prune,-1,27200,113287,1937,112934.8303,113287.0,66180,113287,3231,6030
coco_i2i,euclidean,1.2,robust-prune,-1,27200,113287,1938,112935.9168,113287.0,66261,113287,3226,6018
coco_i2i,euclidean,1.2,robust-prune,-1,27200,113287,1939,112937.0234,113287.0,66270,113287,3219,6007
coco_i2i,euclidean,1.2,robust-prune,-1,27200,113287,1940,112938.1292,113287.0,66272,113287,3210,5994
coco_i2i,euclidean,1.2,robust-prune,-1,27200,113287,1941,112939.1853,113287.0,66277,113287,3198,5984
coco_i2i,euclidean,1.2,robust-prune,-1,27200,113287,1942,112940.2035,113287.0,66281,113287,3191,5968
coco_i2i,euclidean,1.2,robust-prune,-1,27200,113287,1943,112941.2596,113287.0,66456,113287,3187,5956
coco_i2i,euclidean,1.2,robust-prune,-1,27200,113287,1944,112942.2895,113287.0,66474,113287,3181,5946
coco_i2i,euclidean,1.2,robust-prune,-1,27200,113287,1945,112943.4347,113287.0,66514,113287,3176,5931
coco_i2i,euclidean,1.2,robust-prune,-1,27200,113287,1946,112944.4891,113287.0,66516,113287,3169,5924
coco_i2i,euclidean,1.2,robust-prune,-1,27200,113287,1947,112945.4561,113287.0,66517,113287,3158,5913
coco_i2i,euclidean,1.2,robust-prune,-1,27200,113287,1948,112946.5229,113287.0,66523,113287,3145,5902
coco_i2i,euclidean,1.2,robust-prune,-1,27200,113287,1949,112947.5321,113287.0,66524,113287,3134,5892
coco_i2i,euclidean,1.2,robust-prune,-1,27200,113287,1950,112948.4737,113287.0,66591,113287,3126,5884
coco_i2i,euclidean,1.2,robust-prune,-1,27200,113287,1951,112949.4705,113287.0,66595,113287,3122,5875
coco_i2i,euclidean,1.2,robust-prune,-1,27200,113287,1952,112950.3413,113287.0,66605,113287,3115,5861
coco_i2i,euclidean,1.2,robust-prune,-1,27200,113287,1953,112951.2624,113287.0,66607,113287,3107,5844
coco_i2i,euclidean,1.2,robust-prune,-1,27200,113287,1954,112952.3906,113287.0,66613,113287,3098,5830
coco_i2i,euclidean,1.2,robust-prune,-1,27200,113287,1955,112953.3865,113287.0,66623,113287,3095,5813
coco_i2i,euclidean,1.2,robust-prune,-1,27200,113287,1956,112954.294,113287.0,66625,113287,3091,5802
coco_i2i,euclidean,1.2,robust-prune,-1,27200,113287,1957,112955.3243,113287.0,66639,113287,3083,5788
coco_i2i,euclidean,1.2,robust-prune,-1,27200,113287,1958,112956.2719,113287.0,66642,113287,3076,5778
coco_i2i,euclidean,1.2,robust-prune,-1,27200,113287,1959,112957.3193,113287.0,66672,113287,3070,5770
coco_i2i,euclidean,1.2,robust-prune,-1,27200,113287,1960,112958.1951,113287.0,66678,113287,3064,5758
coco_i2i,euclidean,1.2,robust-prune,-1,27200,113287,1961,112959.2435,113287.0,66682,113287,3059,5743
coco_i2i,euclidean,1.2,robust-prune,-1,27200,113287,1962,112960.2704,113287.0,67161,113287,3047,5734
coco_i2i,euclidean,1.2,robust-prune,-1,27200,113287,1963,112961.2298,113287.0,67195,113287,3039,5725
coco_i2i,euclidean,1.2,robust-prune,-1,27200,113287,1964,112962.2122,113287.0,67197,113287,3030,5716
coco_i2i,euclidean,1.2,robust-prune,-1,27200,113287,1965,112963.187,113287.0,67204,113287,3025,5705
coco_i2i,euclidean,1.2,robust-prune,-1,27200,113287,1966,112964.2301,113287.0,67268,113287,3021,5690
coco_i2i,euclidean,1.2,robust-prune,-1,27200,113287,1967,112965.1555,113287.0,67269,113287,3015,5679
coco_i2i,euclidean,1.2,robust-prune,-1,27200,113287,1968,112966.1447,113287.0,67285,113287,3010,5668
coco_i2i,euclidean,1.2,robust-prune,-1,27200,113287,1969,112967.0721,113287.0,67292,113287,3001,5653
coco_i2i,euclidean,1.2,robust-prune,-1,27200,113287,1970,112968.015,113287.0,67324,113287,2995,5648
coco_i2i,euclidean,1.2,robust-prune,-1,27200,113287,1971,112968.9476,113287.0,67325,113287,2988,5638
coco_i2i,euclidean,1.2,robust-prune,-1,27200,113287,1972,112970.0432,113287.0,67340,113287,2977,5626
coco_i2i,euclidean,1.2,robust-prune,-1,27200,113287,1973,112970.9855,113287.0,67354,113287,2970,5616
coco_i2i,euclidean,1.2,robust-prune,-1,27200,113287,1974,112971.9557,113287.0,67410,113287,2955,5609
coco_i2i,euclidean,1.2,robust-prune,-1,27200,113287,1975,112973.0263,113287.0,67419,113287,2949,5603
coco_i2i,euclidean,1.2,robust-prune,-1,27200,113287,1976,112974.0455,113287.0,67442,113287,2943,5598
coco_i2i,euclidean,1.2,robust-prune,-1,27200,113287,1977,112975.0119,113287.0,67496,113287,2934,5589
coco_i2i,euclidean,1.2,robust-prune,-1,27200,113287,1978,112975.8562,113287.0,67505,113287,2931,5570
coco_i2i,euclidean,1.2,robust-prune,-1,27200,113287,1979,112976.689,113287.0,67513,113287,2924,5559
coco_i2i,euclidean,1.2,robust-prune,-1,27200,113287,1980,112977.6347,113287.0,67514,113287,2921,5543
coco_i2i,euclidean,1.2,robust-prune,-1,27200,113287,1981,112978.6576,113287.0,67519,113287,2918,5531
coco_i2i,euclidean,1.2,robust-prune,-1,27200,113287,1982,112979.5542,113287.0,67520,113287,2909,5523
coco_i2i,euclidean,1.2,robust-prune,-1,27200,113287,1983,112980.4931,113287.0,67522,113287,2904,5507
coco_i2i,euclidean,1.2,robust-prune,-1,27200,113287,1984,112981.385,113287.0,67553,113287,2901,5499
coco_i2i,euclidean,1.2,robust-prune,-1,27200,113287,1985,112982.3239,113287.0,67583,113287,2898,5490
coco_i2i,euclidean,1.2,robust-prune,-1,27200,113287,1986,112983.1751,113287.0,67605,113287,2894,5479
coco_i2i,euclidean,1.2,robust-prune,-1,27200,113287,1987,112984.1708,113287.0,67608,113287,2885,5467
coco_i2i,euclidean,1.2,robust-prune,-1,27200,113287,1988,112985.0606,113287.0,67780,113287,2879,5450
coco_i2i,euclidean,1.2,robust-prune,-1,27200,113287,1989,112985.9131,113287.0,67789,113287,2860,5447
coco_i2i,euclidean,1.2,robust-prune,-1,27200,113287,1990,112986.8609,113287.0,67847,113287,2854,5437
coco_i2i,euclidean,1.2,robust-prune,-1,27200,113287,1991,112987.6862,113287.0,67850,113287,2848,5428
coco_i2i,euclidean,1.2,robust-prune,-1,27200,113287,1992,112988.7838,113287.0,67857,113287,2838,5411
coco_i2i,euclidean,1.2,robust-prune,-1,27200,113287,1993,112989.9347,113287.0,67889,113287,2830,5395
coco_i2i,euclidean,1.2,robust-prune,-1,27200,113287,1994,112990.9198,113287.0,67911,113287,2825,5377
coco_i2i,euclidean,1.2,robust-prune,-1,27200,113287,1995,112991.8455,113287.0,67922,113287,2819,5370
coco_i2i,euclidean,1.2,robust-prune,-1,27200,113287,1996,112992.9844,113287.0,68009,113287,2814,5359
coco_i2i,euclidean,1.2,robust-prune,-1,27200,113287,1997,112993.8989,113287.0,68018,113287,2806,5343
coco_i2i,euclidean,1.2,robust-prune,-1,27200,113287,1998,112994.6923,113287.0,68238,113287,2803,5331
coco_i2i,euclidean,1.2,robust-prune,-1,27200,113287,1999,112995.5103,113287.0,68294,113287,2793,5322
coco_i2i,euclidean,1.2,robust-prune,-1,27200,113287,2000,112996.2846,113287.0,68300,113287,2788,5310
coco_i2i,euclidean,1.2,robust-prune,-1,27200,113287,2001,112997.2223,113287.0,68347,113287,2777,5302
coco_i2i,euclidean,1.2,robust-prune,-1,27200,113287,2002,112997.947,113287.0,68351,113287,2772,5291
coco_i2i,euclidean,1.2,robust-prune,-1,27200,113287,2003,112998.8365,113287.0,68404,113287,2766,5277
coco_i2i,euclidean,1.2,robust-prune,-1,27200,113287,2004,112999.7223,113287.0,68408,113287,2755,5269
coco_i2i,euclidean,1.2,robust-prune,-1,27200,113287,2005,113000.5679,113287.0,68505,113287,2749,5260
coco_i2i,euclidean,1.2,robust-prune,-1,27200,113287,2006,113001.4168,113287.0,68520,113287,2742,5249
coco_i2i,euclidean,1.2,robust-prune,-1,27200,113287,2007,113002.4229,113287.0,68544,113287,2740,5235
coco_i2i,euclidean,1.2,robust-prune,-1,27200,113287,2008,113003.2475,113287.0,68629,113287,2734,5224
coco_i2i,euclidean,1.2,robust-prune,-1,27200,113287,2009,113004.1568,113287.0,68637,113287,2725,5211
coco_i2i,euclidean,1.2,robust-prune,-1,27200,113287,2010,113005.063,113287.0,68641,113287,2719,5202
coco_i2i,euclidean,1.2,robust-prune,-1,27200,113287,2011,113005.9443,113287.0,68674,113287,2714,5194
coco_i2i,euclidean,1.2,robust-prune,-1,27200,113287,2012,113006.8096,113287.0,68683,113287,2707,5182
coco_i2i,euclidean,1.2,robust-prune,-1,27200,113287,2013,113007.6502,113287.0,68694,113287,2703,5173
coco_i2i,euclidean,1.2,robust-prune,-1,27200,113287,2014,113008.3792,113287.0,68697,113287,2702,5160
coco_i2i,euclidean,1.2,robust-prune,-1,27200,113287,2015,113009.2651,113287.0,70037,113287,2693,5145
coco_i2i,euclidean,1.2,robust-prune,-1,27200,113287,2016,113010.0575,113287.0,70168,113287,2687,5137
coco_i2i,euclidean,1.2,robust-prune,-1,27200,113287,2017,113010.8257,113287.0,70175,113287,2684,5123
coco_i2i,euclidean,1.2,robust-prune,-1,27200,113287,2018,113011.6178,113287.0,70229,113287,2680,5114
coco_i2i,euclidean,1.2,robust-prune,-1,27200,113287,2019,113012.415,113287.0,70243,113287,2673,5102
coco_i2i,euclidean,1.2,robust-prune,-1,27200,113287,2020,113013.2858,113287.0,70297,113287,2666,5095
coco_i2i,euclidean,1.2,robust-prune,-1,27200,113287,2021,113014.1556,113287.0,70321,113287,2661,5084
coco_i2i,euclidean,1.2,robust-prune,-1,27200,113287,2022,113014.975,113287.0,70861,113287,2657,5073
coco_i2i,euclidean,1.2,robust-prune,-1,27200,113287,2023,113015.6606,113287.0,70877,113287,2649,5069
coco_i2i,euclidean,1.2,robust-prune,-1,27200,113287,2024,113016.5302,113287.0,70910,113287,2645,5062
coco_i2i,euclidean,1.2,robust-prune,-1,27200,113287,2025,113017.2404,113287.0,70917,113287,2640,5051
coco_i2i,euclidean,1.2,robust-prune,-1,27200,113287,2026,113018.2145,113287.0,71364,113287,2634,5045
coco_i2i,euclidean,1.2,robust-prune,-1,27200,113287,2027,113019.0289,113287.0,71372,113287,2625,5034
coco_i2i,euclidean,1.2,robust-prune,-1,27200,113287,2028,113019.8702,113287.0,71387,113287,2620,5026
coco_i2i,euclidean,1.2,robust-prune,-1,27200,113287,2029,113020.5893,113287.0,71390,113287,2616,5019
coco_i2i,euclidean,1.2,robust-prune,-1,27200,113287,2030,113021.3437,113287.0,71697,113287,2611,5002
coco_i2i,euclidean,1.2,robust-prune,-1,27200,113287,2031,113022.1987,113287.0,71699,113287,2603,4991
coco_i2i,euclidean,1.2,robust-prune,-1,27200,113287,2032,113022.8968,113287.0,71836,113287,2603,4984
coco_i2i,euclidean,1.2,robust-prune,-1,27200,113287,2033,113023.7185,113287.0,71934,113287,2597,4977
coco_i2i,euclidean,1.2,robust-prune,-1,27200,113287,2034,113024.6002,113287.0,71969,113287,2591,4968
coco_i2i,euclidean,1.2,robust-prune,-1,27200,113287,2035,113025.5004,113287.0,71985,113287,2585,4961
coco_i2i,euclidean,1.2,robust-prune,-1,27200,113287,2036,113026.4843,113287.0,71992,113287,2581,4946
coco_i2i,euclidean,1.2,robust-prune,-1,27200,113287,2037,113027.2278,113287.0,71993,113287,2575,4931
coco_i2i,euclidean,1.2,robust-prune,-1,27200,113287,2038,113028.0277,113287.0,73354,113287,2567,4918
coco_i2i,euclidean,1.2,robust-prune,-1,27200,113287,2039,113028.7744,113287.0,73374,113287,2560,4912
coco_i2i,euclidean,1.2,robust-prune,-1,27200,113287,2040,113029.699,113287.0,73628,113287,2547,4904
coco_i2i,euclidean,1.2,robust-prune,-1,27200,113287,2041,113030.6285,113287.0,73667,113287,2543,4893
coco_i2i,euclidean,1.2,robust-prune,-1,27200,113287,2042,113031.3647,113287.0,73681,113287,2538,4884
coco_i2i,euclidean,1.2,robust-prune,-1,27200,113287,2043,113032.2759,113287.0,73871,113287,2526,4878
coco_i2i,euclidean,1.2,robust-prune,-1,27200,113287,2044,113032.9974,113287.0,73872,113287,2523,4867
coco_i2i,euclidean,1.2,robust-prune,-1,27200,113287,2045,113033.7224,113287.0,73894,113287,2518,4854
coco_i2i,euclidean,1.2,robust-prune,-1,27200,113287,2046,113034.4967,113287.0,73972,113287,2509,4839
coco_i2i,euclidean,1.2,robust-prune,-1,27200,113287,2047,113035.2051,113287.0,74129,113287,2502,4822
coco_i2i,euclidean,1.2,robust-prune,-1,27200,113287,2048,113036.043,113287.0,74131,113287,2497,4813
coco_i2i,euclidean,1.2,robust-prune,-1,27200,113287,2049,113036.7541,113287.0,74186,113287,2494,4797
coco_i2i,euclidean,1.2,robust-prune,-1,27200,113287,2050,113037.5905,113287.0,74188,113287,2491,4787
coco_i2i,euclidean,1.2,robust-prune,-1,27200,113287,2051,113038.3102,113287.0,74192,113287,2485,4777
coco_i2i,euclidean,1.2,robust-prune,-1,27200,113287,2052,113039.1522,113287.0,75256,113287,2481,4766
coco_i2i,euclidean,1.2,robust-prune,-1,27200,113287,2053,113039.7932,113287.0,75257,113287,2475,4754
coco_i2i,euclidean,1.2,robust-prune,-1,27200,113287,2054,113040.7148,113287.0,75264,113287,2470,4738
coco_i2i,euclidean,1.2,robust-prune,-1,27200,113287,2055,113041.5193,113287.0,75381,113287,2463,4724
coco_i2i,euclidean,1.2,robust-prune,-1,27200,113287,2056,113042.3277,113287.0,75393,113287,2452,4718
coco_i2i,euclidean,1.2,robust-prune,-1,27200,113287,2057,113043.0169,113287.0,75394,113287,2445,4711
coco_i2i,euclidean,1.2,robust-prune,-1,27200,113287,2058,113043.7197,113287.0,75416,113287,2439,4702
coco_i2i,euclidean,1.2,robust-prune,-1,27200,113287,2059,113044.3933,113287.0,75418,113287,2433,4694
coco_i2i,euclidean,1.2,robust-prune,-1,27200,113287,2060,113045.0643,113287.0,75446,113287,2428,4690
coco_i2i,euclidean,1.2,robust-prune,-1,27200,113287,2061,113045.9107,113287.0,75463,113287,2421,4681
coco_i2i,euclidean,1.2,robust-prune,-1,27200,113287,2062,113046.5711,113287.0,75471,113287,2417,4666
coco_i2i,euclidean,1.2,robust-prune,-1,27200,113287,2063,113047.285,113287.0,75472,113287,2412,4653
coco_i2i,euclidean,1.2,robust-prune,-1,27200,113287,2064,113047.8923,113287.0,75474,113287,2410,4639
coco_i2i,euclidean,1.2,robust-prune,-1,27200,113287,2065,113048.6224,113287.0,75485,113287,2404,4632
coco_i2i,euclidean,1.2,robust-prune,-1,27200,113287,2066,113049.3054,113287.0,75527,113287,2397,4623
coco_i2i,euclidean,1.2,robust-prune,-1,27200,113287,2067,113050.1599,113287.0,75665,113287,2392,4608
coco_i2i,euclidean,1.2,robust-prune,-1,27200,113287,2068,113050.8278,113287.0,75666,113287,2384,4599
coco_i2i,euclidean,1.2,robust-prune,-1,27200,113287,2069,113051.5091,113287.0,75689,113287,2381,4583
coco_i2i,euclidean,1.2,robust-prune,-1,27200,113287,2070,113052.222,113287.0,75690,113287,2375,4578
coco_i2i,euclidean,1.2,robust-prune,-1,27200,113287,2071,113052.9288,113287.0,75709,113287,2369,4572
coco_i2i,euclidean,1.2,robust-prune,-1,27200,113287,2072,113053.6278,113287.0,75877,113287,2364,4565
coco_i2i,euclidean,1.2,robust-prune,-1,27200,113287,2073,113054.4237,113287.0,75928,113287,2359,4556
coco_i2i,euclidean,1.2,robust-prune,-1,27200,113287,2074,113055.0623,113287.0,75940,113287,2352,4546
coco_i2i,euclidean,1.2,robust-prune,-1,27200,113287,2075,113055.7822,113287.0,76105,113287,2349,4537
coco_i2i,euclidean,1.2,robust-prune,-1,27200,113287,2076,113056.4656,113287.0,76126,113287,2346,4527
coco_i2i,euclidean,1.2,robust-prune,-1,27200,113287,2077,113057.0985,113287.0,76167,113287,2341,4524
coco_i2i,euclidean,1.2,robust-prune,-1,27200,113287,2078,113057.8243,113287.0,76277,113287,2337,4518
coco_i2i,euclidean,1.2,robust-prune,-1,27200,113287,2079,113058.5219,113287.0,76285,113287,2334,4509
coco_i2i,euclidean,1.2,robust-prune,-1,27200,113287,2080,113059.3114,113287.0,76356,113287,2328,4501
coco_i2i,euclidean,1.2,robust-prune,-1,27200,113287,2081,113059.9743,113287.0,76361,113287,2327,4488
coco_i2i,euclidean,1.2,robust-prune,-1,27200,113287,2082,113060.6127,113287.0,76362,113287,2324,4478
coco_i2i,euclidean,1.2,robust-prune,-1,27200,113287,2083,113061.3528,113287.0,76365,113287,2320,4469
coco_i2i,euclidean,1.2,robust-prune,-1,27200,113287,2084,113061.992,113287.0,76387,113287,2315,4465
coco_i2i,euclidean,1.2,robust-prune,-1,27200,113287,2085,113062.6627,113287.0,76532,113287,2307,4457
coco_i2i,euclidean,1.2,robust-prune,-1,27200,113287,2086,113063.3174,113287.0,76535,113287,2305,4450
coco_i2i,euclidean,1.2,robust-prune,-1,27200,113287,2087,113064.1194,113287.0,76541,113287,2301,4447
coco_i2i,euclidean,1.2,robust-prune,-1,27200,113287,2088,113064.7073,113287.0,76682,113287,2297,4438
coco_i2i,euclidean,1.2,robust-prune,-1,27200,113287,2089,113065.342,113287.0,76687,113287,2289,4432
coco_i2i,euclidean,1.2,robust-prune,-1,27200,113287,2090,113065.9922,113287.0,76759,113287,2281,4426
coco_i2i,euclidean,1.2,robust-prune,-1,27200,113287,2091,113066.6251,113287.0,76821,113287,2275,4413
coco_i2i,euclidean,1.2,robust-prune,-1,27200,113287,2092,113067.2668,113287.0,77872,113287,2270,4402
coco_i2i,euclidean,1.2,robust-prune,-1,27200,113287,2093,113067.9138,113287.0,77885,113287,2264,4388
coco_i2i,euclidean,1.2,robust-prune,-1,27200,113287,2094,113068.5421,113287.0,77910,113287,2257,4376
coco_i2i,euclidean,1.2,robust-prune,-1,27200,113287,2095,113069.1997,113287.0,77957,113287,2253,4365
coco_i2i,euclidean,1.2,robust-prune,-1,27200,113287,2096,113069.9933,113287.0,78007,113287,2246,4356
coco_i2i,euclidean,1.2,robust-prune,-1,27200,113287,2097,113070.6538,113287.0,78015,113287,2238,4345
coco_i2i,euclidean,1.2,robust-prune,-1,27200,113287,2098,113071.2975,113287.0,78159,113287,2230,4337
coco_i2i,euclidean,1.2,robust-prune,-1,27200,113287,2099,113071.905,113287.0,78164,113287,2225,4329
coco_i2i,euclidean,1.2,robust-prune,-1,27200,113287,2100,113072.4984,113287.0,78174,113287,2217,4325
coco_i2i,euclidean,1.2,robust-prune,-1,27200,113287,2101,113073.2405,113287.0,79807,113287,2211,4314
coco_i2i,euclidean,1.2,robust-prune,-1,27200,113287,2102,113073.9406,113287.0,79999,113287,2209,4305
coco_i2i,euclidean,1.2,robust-prune,-1,27200,113287,2103,113074.8379,113287.0,82283,113287,2205,4300
coco_i2i,euclidean,1.2,robust-prune,-1,27200,113287,2104,113075.4999,113287.0,82291,113287,2200,4289
coco_i2i,euclidean,1.2,robust-prune,-1,27200,113287,2105,113076.1616,113287.0,82325,113287,2194,4281
coco_i2i,euclidean,1.2,robust-prune,-1,27200,113287,2106,113076.7349,113287.0,82348,113287,2192,4276
coco_i2i,euclidean,1.2,robust-prune,-1,27200,113287,2107,113077.3669,113287.0,82990,113287,2184,4268
coco_i2i,euclidean,1.2,robust-prune,-1,27200,113287,2108,113078.071,113287.0,83028,113287,2180,4260
coco_i2i,euclidean,1.2,robust-prune,-1,27200,113287,2109,113078.7803,113287.0,83033,113287,2174,4254
coco_i2i,euclidean,1.2,robust-prune,-1,27200,113287,2110,113079.4607,113287.0,83037,113287,2171,4249
coco_i2i,euclidean,1.2,robust-prune,-1,27200,113287,2111,113080.0965,113287.0,83042,113287,2164,4245
coco_i2i,euclidean,1.2,robust-prune,-1,27200,113287,2112,113080.6744,113287.0,83051,113287,2158,4242
coco_i2i,euclidean,1.2,robust-prune,-1,27200,113287,2113,113081.4049,113287.0,83066,113287,2153,4228
coco_i2i,euclidean,1.2,robust-prune,-1,27200,113287,2114,113082.0752,113287.0,83093,113287,2146,4222
coco_i2i,euclidean,1.2,robust-prune,-1,27200,113287,2115,113082.783,113287.0,83157,113287,2142,4214
coco_i2i,euclidean,1.2,robust-prune,-1,27200,113287,2116,113083.4232,113287.0,83163,113287,2137,4206
coco_i2i,euclidean,1.2,robust-prune,-1,27200,113287,2117,113084.0336,113287.0,83287,113287,2130,4194
coco_i2i,euclidean,1.2,robust-prune,-1,27200,113287,2118,113084.5642,113287.0,83336,113287,2125,4184
coco_i2i,euclidean,1.2,robust-prune,-1,27200,113287,2119,113085.1824,113287.0,83353,113287,2117,4177
coco_i2i,euclidean,1.2,robust-prune,-1,27200,113287,2120,113085.9437,113287.0,83355,113287,2114,4168
coco_i2i,euclidean,1.2,robust-prune,-1,27200,113287,2121,113086.5464,113287.0,84320,113287,2112,4160
coco_i2i,euclidean,1.2,robust-prune,-1,27200,113287,2122,113087.0772,113287.0,84325,113287,2108,4151
coco_i2i,euclidean,1.2,robust-prune,-1,27200,113287,2123,113087.6725,113287.0,84410,113287,2104,4137
coco_i2i,euclidean,1.2,robust-prune,-1,27200,113287,2124,113088.2761,113287.0,84422,113287,2096,4128
coco_i2i,euclidean,1.2,robust-prune,-1,27200,113287,2125,113088.8169,113287.0,84424,113287,2095,4122
coco_i2i,euclidean,1.2,robust-prune,-1,27200,113287,2126,113089.3337,113287.0,84436,113287,2087,4112
coco_i2i,euclidean,1.2,robust-prune,-1,27200,113287,2127,113089.9423,113287.0,84457,113287,2084,4105
coco_i2i,euclidean,1.2,robust-prune,-1,27200,113287,2128,113090.475,113287.0,84461,113287,2084,4097
coco_i2i,euclidean,1.2,robust-prune,-1,27200,113287,2129,113091.0407,113287.0,84465,113287,2074,4091
coco_i2i,euclidean,1.2,robust-prune,-1,27200,113287,2130,113091.6046,113287.0,84490,113287,2073,4076
coco_i2i,euclidean,1.2,robust-prune,-1,27200,113287,2131,113092.1424,113287.0,84491,113287,2069,4068
coco_i2i,euclidean,1.2,robust-prune,-1,27200,113287,2132,113092.6482,113287.0,84498,113287,2061,4064
coco_i2i,euclidean,1.2,robust-prune,-1,27200,113287,2133,113093.1766,113287.0,84723,113287,2055,4054
coco_i2i,euclidean,1.2,robust-prune,-1,27200,113287,2134,113093.7103,113287.0,84731,113287,2049,4047
coco_i2i,euclidean,1.2,robust-prune,-1,27200,113287,2135,113094.3011,113287.0,85011,113287,2045,4037
coco_i2i,euclidean,1.2,robust-prune,-1,27200,113287,2136,113094.9165,113287.0,85109,113287,2040,4029
coco_i2i,euclidean,1.2,robust-prune,-1,27200,113287,2137,113095.5376,113287.0,85121,113287,2036,4022
coco_i2i,euclidean,1.2,robust-prune,-1,27200,113287,2138,113096.0179,113287.0,85122,113287,2030,4012
coco_i2i,euclidean,1.2,robust-prune,-1,27200,113287,2139,113096.5868,113287.0,85131,113287,2023,4005
coco_i2i,euclidean,1.2,robust-prune,-1,27200,113287,2140,113097.1081,113287.0,85132,113287,2016,3997
coco_i2i,euclidean,1.2,robust-prune,-1,27200,113287,2141,113097.6379,113287.0,85370,113287,2012,3987
coco_i2i,euclidean,1.2,robust-prune,-1,27200,113287,2142,113098.2847,113287.0,85390,113287,2008,3980
coco_i2i,euclidean,1.2,robust-prune,-1,27200,113287,2143,113098.8721,113287.0,85399,113287,2004,3971
coco_i2i,euclidean,1.2,robust-prune,-1,27200,113287,2144,113099.3964,113287.0,85545,113287,1997,3963
coco_i2i,euclidean,1.2,robust-prune,-1,27200,113287,2145,113099.9191,113287.0,85552,113287,1990,3949
coco_i2i,euclidean,1.2,robust-prune,-1,27200,113287,2146,113100.4457,113287.0,85570,113287,1986,3931
coco_i2i,euclidean,1.2,robust-prune,-1,27200,113287,2147,113101.0479,113287.0,86253,113287,1981,3921
coco_i2i,euclidean,1.2,robust-prune,-1,27200,113287,2148,113101.6051,113287.0,86258,113287,1975,3914
coco_i2i,euclidean,1.2,robust-prune,-1,27200,113287,2149,113102.2396,113287.0,86270,113287,1967,3911
coco_i2i,euclidean,1.2,robust-prune,-1,27200,113287,2150,113102.7847,113287.0,86303,113287,1962,3904
coco_i2i,euclidean,1.2,robust-prune,-1,27200,113287,2151,113103.4819,113287.0,86305,113287,1954,3895
coco_i2i,euclidean,1.2,robust-prune,-1,27200,113287,2152,113104.0487,113287.0,86313,113287,1951,3889
coco_i2i,euclidean,1.2,robust-prune,-1,27200,113287,2153,113104.6074,113287.0,86341,113287,1943,3877
coco_i2i,euclidean,1.2,robust-prune,-1,27200,113287,2154,113105.0974,113287.0,86346,113287,1939,3867
coco_i2i,euclidean,1.2,robust-prune,-1,27200,113287,2155,113105.6343,113287.0,86457,113287,1933,3862
coco_i2i,euclidean,1.2,robust-prune,-1,27200,113287,2156,113106.1768,113287.0,86460,113287,1930,3860
coco_i2i,euclidean,1.2,robust-prune,-1,27200,113287,2157,113106.773,113287.0,86515,113287,1927,3854
coco_i2i,euclidean,1.2,robust-prune,-1,27200,113287,2158,113107.2527,113287.0,86521,113287,1922,3849
coco_i2i,euclidean,1.2,robust-prune,-1,27200,113287,2159,113107.8171,113287.0,86525,113287,1915,3841
coco_i2i,euclidean,1.2,robust-prune,-1,27200,113287,2160,113108.3658,113287.0,86532,113287,1906,3830
coco_i2i,euclidean,1.2,robust-prune,-1,27200,113287,2161,113108.87,113287.0,86538,113287,1900,3826
coco_i2i,euclidean,1.2,robust-prune,-1,27200,113287,2162,113109.4242,113287.0,86542,113287,1894,3817
coco_i2i,euclidean,1.2,robust-prune,-1,27200,113287,2163,113109.9976,113287.0,86563,113287,1892,3804
coco_i2i,euclidean,1.2,robust-prune,-1,27200,113287,2164,113110.4968,113287.0,86564,113287,1889,3794
coco_i2i,euclidean,1.2,robust-prune,-1,27200,113287,2165,113111.081,113287.0,86690,113287,1884,3785
coco_i2i,euclidean,1.2,robust-prune,-1,27200,113287,2166,113111.6402,113287.0,86705,113287,1880,3782
coco_i2i,euclidean,1.2,robust-prune,-1,27200,113287,2167,113112.1209,113287.0,86711,113287,1876,3773
coco_i2i,euclidean,1.2,robust-prune,-1,27200,113287,2168,113112.6522,113287.0,86712,113287,1871,3767
coco_i2i,euclidean,1.2,robust-prune,-1,27200,113287,2169,113113.1332,113287.0,86732,113287,1865,3760
coco_i2i,euclidean,1.2,robust-prune,-1,27200,113287,2170,113113.6936,113287.0,86736,113287,1858,3753
coco_i2i,euclidean,1.2,robust-prune,-1,27200,113287,2171,113114.271,113287.0,86774,113287,1854,3744
coco_i2i,euclidean,1.2,robust-prune,-1,27200,113287,2172,113114.7863,113287.0,86831,113287,1846,3736
coco_i2i,euclidean,1.2,robust-prune,-1,27200,113287,2173,113115.3318,113287.0,86841,113287,1840,3725
coco_i2i,euclidean,1.2,robust-prune,-1,27200,113287,2174,113115.9075,113287.0,86881,113287,1835,3714
coco_i2i,euclidean,1.2,robust-prune,-1,27200,113287,2175,113116.4043,113287.0,86930,113287,1825,3704
coco_i2i,euclidean,1.2,robust-prune,-1,27200,113287,2176,113116.991,113287.0,87629,113287,1819,3693
coco_i2i,euclidean,1.2,robust-prune,-1,27200,113287,2177,113117.4615,113287.0,87849,113287,1813,3684
coco_i2i,euclidean,1.2,robust-prune,-1,27200,113287,2178,113118.0405,113287.0,87853,113287,1808,3678
coco_i2i,euclidean,1.2,robust-prune,-1,27200,113287,2179,113118.5487,113287.0,87854,113287,1799,3670
coco_i2i,euclidean,1.2,robust-prune,-1,27200,113287,2180,113119.1214,113287.0,87875,113287,1795,3658
coco_i2i,euclidean,1.2,robust-prune,-1,27200,113287,2181,113119.6778,113287.0,87937,113287,1788,3653
coco_i2i,euclidean,1.2,robust-prune,-1,27200,113287,2182,113120.2506,113287.0,87939,113287,1781,3648
coco_i2i,euclidean,1.2,robust-prune,-1,27200,113287,2183,113120.8323,113287.0,87967,113287,1775,3637
coco_i2i,euclidean,1.2,robust-prune,-1,27200,113287,2184,113121.3464,113287.0,87981,113287,1770,3632
coco_i2i,euclidean,1.2,robust-prune,-1,27200,113287,2185,113121.8374,113287.0,87997,113287,1761,3625
coco_i2i,euclidean,1.2,robust-prune,-1,27200,113287,2186,113122.3225,113287.0,87998,113287,1757,3619
coco_i2i,euclidean,1.2,robust-prune,-1,27200,113287,2187,113122.7914,113287.0,88000,113287,1753,3611
coco_i2i,euclidean,1.2,robust-prune,-1,27200,113287,2188,113123.3197,113287.0,88108,113287,1749,3605
coco_i2i,euclidean,1.2,robust-prune,-1,27200,113287,2189,113123.9215,113287.0,88121,113287,1744,3597
coco_i2i,euclidean,1.2,robust-prune,-1,27200,113287,2190,113124.4135,113287.0,88131,113287,1739,3589
coco_i2i,euclidean,1.2,robust-prune,-1,27200,113287,2191,113124.9119,113287.0,88135,113287,1735,3583
coco_i2i,euclidean,1.2,robust-prune,-1,27200,113287,2192,113125.3708,113287.0,88158,113287,1728,3578
coco_i2i,euclidean,1.2,robust-prune,-1,27200,113287,2193,113125.7664,113287.0,88187,113287,1723,3565
coco_i2i,euclidean,1.2,robust-prune,-1,27200,113287,2194,113126.2683,113287.0,88195,113287,1719,3558
coco_i2i,euclidean,1.2,robust-prune,-1,27200,113287,2195,113126.7446,113287.0,88270,113287,1714,3552
coco_i2i,euclidean,1.2,robust-prune,-1,27200,113287,2196,113127.2031,113287.0,88286,113287,1706,3543
coco_i2i,euclidean,1.2,robust-prune,-1,27200,113287,2197,113127.7226,113287.0,88343,113287,1702,3536
coco_i2i,euclidean,1.2,robust-prune,-1,27200,113287,2198,113128.1425,113287.0,88366,113287,1695,3528
coco_i2i,euclidean,1.2,robust-prune,-1,27200,113287,2199,113128.7186,113287.0,88370,113287,1690,3519
coco_i2i,euclidean,1.2,robust-prune,-1,27200,113287,2200,113129.1885,113287.0,88386,113287,1686,3513
coco_i2i,euclidean,1.2,robust-prune,-1,27200,113287,2201,113129.7243,113287.0,88394,113287,1682,3507
coco_i2i,euclidean,1.2,robust-prune,-1,27200,113287,2202,113130.2008,113287.0,88399,113287,1681,3501
coco_i2i,euclidean,1.2,robust-prune,-1,27200,113287,2203,113130.6251,113287.0,88423,113287,1676,3497
coco_i2i,euclidean,1.2,robust-prune,-1,27200,113287,2204,113131.1995,113287.0,88609,113287,1674,3487
coco_i2i,euclidean,1.2,robust-prune,-1,27200,113287,2205,113131.7334,113287.0,88665,113287,1673,3484
coco_i2i,euclidean,1.2,robust-prune,-1,27200,113287,2206,113132.173,113287.0,88672,113287,1667,3477
coco_i2i,euclidean,1.2,robust-prune,-1,27200,113287,2207,113132.6678,113287.0,88673,113287,1662,3472
coco_i2i,euclidean,1.2,robust-prune,-1,27200,113287,2208,113133.0542,113287.0,88802,113287,1657,3465
coco_i2i,euclidean,1.2,robust-prune,-1,27200,113287,2209,113133.5668,113287.0,88813,113287,1652,3453
coco_i2i,euclidean,1.2,robust-prune,-1,27200,113287,2210,113134.1092,113287.0,88827,113287,1647,3447
coco_i2i,euclidean,1.2,robust-prune,-1,27200,113287,2211,113134.5425,113287.0,88841,113287,1641,3437
coco_i2i,euclidean,1.2,robust-prune,-1,27200,113287,2212,113134.9474,113287.0,88849,113287,1635,3432
coco_i2i,euclidean,1.2,robust-prune,-1,27200,113287,2213,113135.407,113287.0,88852,113287,1631,3421
coco_i2i,euclidean,1.2,robust-prune,-1,27200,113287,2214,113135.8384,113287.0,88853,113287,1630,3418
coco_i2i,euclidean,1.2,robust-prune,-1,27200,113287,2215,113136.325,113287.0,88871,113287,1629,3413
coco_i2i,euclidean,1.2,robust-prune,-1,27200,113287,2216,113136.76,113287.0,88872,113287,1624,3404
coco_i2i,euclidean,1.2,robust-prune,-1,27200,113287,2217,113137.2793,113287.0,89044,113287,1619,3398
coco_i2i,euclidean,1.2,robust-prune,-1,27200,113287,2218,113137.7066,113287.0,89069,113287,1614,3392
coco_i2i,euclidean,1.2,robust-prune,-1,27200,113287,2219,113138.2639,113287.0,89070,113287,1609,3387
coco_i2i,euclidean,1.2,robust-prune,-1,27200,113287,2220,113138.7726,113287.0,89086,113287,1601,3377
coco_i2i,euclidean,1.2,robust-prune,-1,27200,113287,2221,113139.206,113287.0,89101,113287,1598,3372
coco_i2i,euclidean,1.2,robust-prune,-1,27200,113287,2222,113139.5965,113287.0,89155,113287,1596,3363
coco_i2i,euclidean,1.2,robust-prune,-1,27200,113287,2223,113139.9854,113287.0,89157,113287,1592,3355
coco_i2i,euclidean,1.2,robust-prune,-1,27200,113287,2224,113140.4246,113287.0,89195,113287,1589,3346
coco_i2i,euclidean,1.2,robust-prune,-1,27200,113287,2225,113140.8719,113287.0,89204,113287,1584,3341
coco_i2i,euclidean,1.2,robust-prune,-1,27200,113287,2226,113141.3925,113287.0,89210,113287,1580,3334
coco_i2i,euclidean,1.2,robust-prune,-1,27200,113287,2227,113141.8512,113287.0,89217,113287,1574,3323
coco_i2i,euclidean,1.2,robust-prune,-1,27200,113287,2228,113142.279,113287.0,89223,113287,1571,3318
coco_i2i,euclidean,1.2,robust-prune,-1,27200,113287,2229,113142.6876,113287.0,89236,113287,1569,3313
coco_i2i,euclidean,1.2,robust-prune,-1,27200,113287,2230,113143.1617,113287.0,89250,113287,1566,3308
coco_i2i,euclidean,1.2,robust-prune,-1,27200,113287,2231,113143.6349,113287.0,89251,113287,1560,3304
coco_i2i,euclidean,1.2,robust-prune,-1,27200,113287,2232,113144.0638,113287.0,89253,113287,1557,3297
coco_i2i,euclidean,1.2,robust-prune,-1,27200,113287,2233,113144.4581,113287.0,89271,113287,1552,3292
coco_i2i,euclidean,1.2,robust-prune,-1,27200,113287,2234,113144.901,113287.0,89274,113287,1546,3281
coco_i2i,euclidean,1.2,robust-prune,-1,27200,113287,2235,113145.3425,113287.0,89353,113287,1543,3278
coco_i2i,euclidean,1.2,robust-prune,-1,27200,113287,2236,113145.7383,113287.0,89445,113287,1542,3270
coco_i2i,euclidean,1.2,robust-prune,-1,27200,113287,2237,113146.1764,113287.0,89451,113287,1539,3265
coco_i2i,euclidean,1.2,robust-prune,-1,27200,113287,2238,113146.624,113287.0,89519,113287,1538,3258
coco_i2i,euclidean,1.2,robust-prune,-1,27200,113287,2239,113147.0157,113287.0,89523,113287,1534,3252
coco_i2i,euclidean,1.2,robust-prune,-1,27200,113287,2240,113147.4349,113287.0,89524,113287,1531,3242
coco_i2i,euclidean,1.2,robust-prune,-1,27200,113287,2241,113147.8151,113287.0,89538,113287,1528,3232
coco_i2i,euclidean,1.2,robust-prune,-1,27200,113287,2242,113148.1876,113287.0,89549,113287,1524,3221
coco_i2i,euclidean,1.2,robust-prune,-1,27200,113287,2243,113148.6353,113287.0,90325,113287,1516,3220
coco_i2i,euclidean,1.2,robust-prune,-1,27200,113287,2244,113149.1365,113287.0,90372,113287,1509,3213
coco_i2i,euclidean,1.2,robust-prune,-1,27200,113287,2245,113149.5944,113287.0,90374,113287,1506,3203
coco_i2i,euclidean,1.2,robust-prune,-1,27200,113287,2246,113149.9407,113287.0,90381,113287,1502,3194
coco_i2i,euclidean,1.2,robust-prune,-1,27200,113287,2247,113150.3006,113287.0,90391,113287,1499,3187
coco_i2i,euclidean,1.2,robust-prune,-1,27200,113287,2248,113150.6642,113287.0,90415,113287,1495,3181
coco_i2i,euclidean,1.2,robust-prune,-1,27200,113287,2249,113151.1101,113287.0,90421,113287,1491,3177
coco_i2i,euclidean,1.2,robust-prune,-1,27200,113287,2250,113151.5565,113287.0,90442,113287,1486,3173
coco_i2i,euclidean,1.2,robust-prune,-1,27200,113287,2251,113151.9185,113287.0,90479,113287,1480,3167
coco_i2i,euclidean,1.2,robust-prune,-1,27200,113287,2252,113152.2784,113287.0,90500,113287,1478,3158
coco_i2i,euclidean,1.2,robust-prune,-1,27200,113287,2253,113152.6485,113287.0,90512,113287,1476,3150
coco_i2i,euclidean,1.2,robust-prune,-1,27200,113287,2254,113153.0313,113287.0,90513,113287,1472,3145
coco_i2i,euclidean,1.2,robust-prune,-1,27200,113287,2255,113153.423,113287.0,90531,113287,1468,3137
coco_i2i,euclidean,1.2,robust-prune,-1,27200,113287,2256,113153.8336,113287.0,90866,113287,1466,3132
coco_i2i,euclidean,1.2,robust-prune,-1,27200,113287,2257,113154.2957,113287.0,91035,113287,1462,3125
coco_i2i,euclidean,1.2,robust-prune,-1,27200,113287,2258,113154.6656,113287.0,91127,113287,1461,3116
coco_i2i,euclidean,1.2,robust-prune,-1,27200,113287,2259,113155.1284,113287.0,91133,113287,1456,3109
coco_i2i,euclidean,1.2,robust-prune,-1,27200,113287,2260,113155.5186,113287.0,91148,113287,1453,3103
coco_i2i,euclidean,1.2,robust-prune,-1,27200,113287,2261,113155.9974,113287.0,91179,113287,1448,3096
coco_i2i,euclidean,1.2,robust-prune,-1,27200,113287,2262,113156.5553,113287.0,91540,113287,1445,3089
coco_i2i,euclidean,1.2,robust-prune,-1,27200,113287,2263,113156.8664,113287.0,91550,113287,1441,3081
coco_i2i,euclidean,1.2,robust-prune,-1,27200,113287,2264,113157.243,113287.0,91559,113287,1439,3074
coco_i2i,euclidean,1.2,robust-prune,-1,27200,113287,2265,113157.6764,113287.0,91623,113287,1437,3071
coco_i2i,euclidean,1.2,robust-prune,-1,27200,113287,2266,113158.0297,113287.0,91625,113287,1435,3063
coco_i2i,euclidean,1.2,robust-prune,-1,27200,113287,2267,113158.4236,113287.0,91639,113287,1430,3054
coco_i2i,euclidean,1.2,robust-prune,-1,27200,113287,2268,113158.882,113287.0,91705,113287,1426,3044
coco_i2i,euclidean,1.2,robust-prune,-1,27200,113287,2269,113159.2281,113287.0,91771,113287,1423,3038
coco_i2i,euclidean,1.2,robust-prune,-1,27200,113287,2270,113159.5694,113287.0,91776,113287,1420,3030
coco_i2i,euclidean,1.2,robust-prune,-1,27200,113287,2271,113159.9237,113287.0,91797,113287,1417,3022
coco_i2i,euclidean,1.2,robust-prune,-1,27200,113287,2272,113160.2679,113287.0,91805,113287,1415,3018
coco_i2i,euclidean,1.2,robust-prune,-1,27200,113287,2273,113160.6442,113287.0,91818,113287,1412,3008
coco_i2i,euclidean,1.2,robust-prune,-1,27200,113287,2274,113161.0083,113287.0,91842,113287,1410,3005
coco_i2i,euclidean,1.2,robust-prune,-1,27200,113287,2275,113161.3516,113287.0,91844,113287,1407,2998
coco_i2i,euclidean,1.2,robust-prune,-1,27200,113287,2276,113161.6874,113287.0,91851,113287,1404,2990
coco_i2i,euclidean,1.2,robust-prune,-1,27200,113287,2277,113162.0922,113287.0,91869,113287,1400,2981
coco_i2i,euclidean,1.2,robust-prune,-1,27200,113287,2278,113162.4923,113287.0,91876,113287,1398,2974
coco_i2i,euclidean,1.2,robust-prune,-1,27200,113287,2279,113162.8694,113287.0,91946,113287,1391,2971
coco_i2i,euclidean,1.2,robust-prune,-1,27200,113287,2280,113163.2032,113287.0,91980,113287,1389,2967
coco_i2i,euclidean,1.2,robust-prune,-1,27200,113287,2281,113163.5165,113287.0,91985,113287,1387,2962
coco_i2i,euclidean,1.2,robust-prune,-1,27200,113287,2282,113163.8878,113287.0,91991,113287,1386,2956
coco_i2i,euclidean,1.2,robust-prune,-1,27200,113287,2283,113164.3054,113287.0,92020,113287,1381,2950
coco_i2i,euclidean,1.2,robust-prune,-1,27200,113287,2284,113164.6904,113287.0,92206,113287,1378,2943
coco_i2i,euclidean,1.2,robust-prune,-1,27200,113287,2285,113165.0993,113287.0,92314,113287,1376,2938
coco_i2i,euclidean,1.2,robust-prune,-1,27200,113287,2286,113165.5129,113287.0,92348,113287,1374,2927
coco_i2i,euclidean,1.2,robust-prune,-1,27200,113287,2287,113165.8857,113287.0,92351,113287,1369,2918
coco_i2i,euclidean,1.2,robust-prune,-1,27200,113287,2288,113166.2599,113287.0,92355,113287,1367,2913
coco_i2i,euclidean,1.2,robust-prune,-1,27200,113287,2289,113166.6824,113287.0,92356,113287,1362,2907
coco_i2i,euclidean,1.2,robust-prune,-1,27200,113287,2290,113167.1317,113287.0,92367,113287,1359,2901
coco_i2i,euclidean,1.2,robust-prune,-1,27200,113287,2291,113167.4548,113287.0,92884,113287,1356,2891
coco_i2i,euclidean,1.2,robust-prune,-1,27200,113287,2292,113167.8303,113287.0,92965,113287,1353,2885
coco_i2i,euclidean,1.2,robust-prune,-1,27200,113287,2293,113168.1868,113287.0,92967,113287,1352,2877
coco_i2i,euclidean,1.2,robust-prune,-1,27200,113287,2294,113168.5151,113287.0,92969,113287,1351,2869
coco_i2i,euclidean,1.2,robust-prune,-1,27200,113287,2295,113168.8255,113287.0,93052,113287,1347,2867
coco_i2i,euclidean,1.2,robust-prune,-1,27200,113287,2296,113169.1636,113287.0,93054,113287,1346,2861
coco_i2i,euclidean,1.2,robust-prune,-1,27200,113287,2297,113169.5112,113287.0,93058,113287,1341,2856
coco_i2i,euclidean,1.2,robust-prune,-1,27200,113287,2298,113169.8862,113287.0,93062,113287,1336,2844
coco_i2i,euclidean,1.2,robust-prune,-1,27200,113287,2299,113170.1889,113287.0,93079,113287,1334,2842
coco_i2i,euclidean,1.2,robust-prune,-1,27200,113287,2300,113170.5323,113287.0,93081,113287,1331,2836
coco_i2i,euclidean,1.2,robust-prune,-1,27200,113287,2301,113170.8662,113287.0,93085,113287,1330,2826
coco_i2i,euclidean,1.2,robust-prune,-1,27200,113287,2302,113171.1704,113287.0,93099,113287,1327,2823
coco_i2i,euclidean,1.2,robust-prune,-1,27200,113287,2303,113171.54,113287.0,93140,113287,1323,2814
coco_i2i,euclidean,1.2,robust-prune,-1,27200,113287,2304,113171.8922,113287.0,93167,113287,1316,2805
coco_i2i,euclidean,1.2,robust-prune,-1,27200,113287,2305,113172.2454,113287.0,93231,113287,1315,2803
coco_i2i,euclidean,1.2,robust-prune,-1,27200,113287,2306,113172.5815,113287.0,93241,113287,1313,2799
coco_i2i,euclidean,1.2,robust-prune,-1,27200,113287,2307,113172.9123,113287.0,93244,113287,1307,2792
coco_i2i,euclidean,1.2,robust-prune,-1,27200,113287,2308,113173.2201,113287.0,93253,113287,1305,2788
coco_i2i,euclidean,1.2,robust-prune,-1,27200,113287,2309,113173.5603,113287.0,93257,113287,1301,2781
coco_i2i,euclidean,1.2,robust-prune,-1,27200,113287,2310,113173.8815,113287.0,93272,113287,1297,2776
coco_i2i,euclidean,1.2,robust-prune,-1,27200,113287,2311,113174.2618,113287.0,93277,113287,1297,2776
coco_i2i,euclidean,1.2,robust-prune,-1,27200,113287,2312,113174.5667,113287.0,93282,113287,1292,2768
coco_i2i,euclidean,1.2,robust-prune,-1,27200,113287,2313,113174.9697,113287.0,93444,113287,1287,2762
coco_i2i,euclidean,1.2,robust-prune,-1,27200,113287,2314,113175.2937,113287.0,93456,113287,1282,2754
coco_i2i,euclidean,1.2,robust-prune,-1,27200,113287,2315,113175.6899,113287.0,93529,113287,1279,2751
coco_i2i,euclidean,1.2,robust-prune,-1,27200,113287,2316,113176.0544,113287.0,93536,113287,1277,2743
coco_i2i,euclidean,1.2,robust-prune,-1,27200,113287,2317,113176.3489,113287.0,93539,113287,1276,2736
coco_i2i,euclidean,1.2,robust-prune,-1,27200,113287,2318,113176.6767,113287.0,93541,113287,1271,2731
coco_i2i,euclidean,1.2,robust-prune,-1,27200,113287,2319,113176.996,113287.0,93584,113287,1269,2724
coco_i2i,euclidean,1.2,robust-prune,-1,27200,113287,2320,113177.3165,113287.0,93586,113287,1267,2723
coco_i2i,euclidean,1.2,robust-prune,-1,27200,113287,2321,113177.7108,113287.0,93596,113287,1257,2717
coco_i2i,euclidean,1.2,robust-prune,-1,27200,113287,2322,113178.0574,113287.0,93625,113287,1254,2711
coco_i2i,euclidean,1.2,robust-prune,-1,27200,113287,2323,113178.3575,113287.0,93644,113287,1252,2701
coco_i2i,euclidean,1.2,robust-prune,-1,27200,113287,2324,113178.7504,113287.0,93668,113287,1250,2691
coco_i2i,euclidean,1.2,robust-prune,-1,27200,113287,2325,113179.0812,113287.0,93707,113287,1244,2683
coco_i2i,euclidean,1.2,robust-prune,-1,27200,113287,2326,113179.4326,113287.0,93728,113287,1239,2678
coco_i2i,euclidean,1.2,robust-prune,-1,27200,113287,2327,113179.752,113287.0,93974,113287,1237,2674
coco_i2i,euclidean,1.2,robust-prune,-1,27200,113287,2328,113180.0429,113287.0,93979,113287,1235,2667
coco_i2i,euclidean,1.2,robust-prune,-1,27200,113287,2329,113180.3568,113287.0,93985,113287,1231,2663
coco_i2i,euclidean,1.2,robust-prune,-1,27200,113287,2330,113180.7462,113287.0,93994,113287,1230,2659
coco_i2i,euclidean,1.2,robust-prune,-1,27200,113287,2331,113181.0609,113287.0,93996,113287,1226,2649
coco_i2i,euclidean,1.2,robust-prune,-1,27200,113287,2332,113181.3996,113287.0,94009,113287,1223,2646
coco_i2i,euclidean,1.2,robust-prune,-1,27200,113287,2333,113181.6833,113287.0,94011,113287,1220,2642
coco_i2i,euclidean,1.2,robust-prune,-1,27200,113287,2334,113182.2506,113287.0,94167,113287,1216,2636
coco_i2i,euclidean,1.2,robust-prune,-1,27200,113287,2335,113182.6489,113287.0,94169,113287,1214,2631
coco_i2i,euclidean,1.2,robust-prune,-1,27200,113287,2336,113182.9331,113287.0,94183,113287,1210,2625
coco_i2i,euclidean,1.2,robust-prune,-1,27200,113287,2337,113183.2282,113287.0,94188,113287,1207,2619
coco_i2i,euclidean,1.2,robust-prune,-1,27200,113287,2338,113183.5328,113287.0,94190,113287,1205,2607
coco_i2i,euclidean,1.2,robust-prune,-1,27200,113287,2339,113183.8562,113287.0,94203,113287,1203,2600
coco_i2i,euclidean,1.2,robust-prune,-1,27200,113287,2340,113184.1366,113287.0,94209,113287,1199,2594
coco_i2i,euclidean,1.2,robust-prune,-1,27200,113287,2341,113184.5033,113287.0,94214,113287,1191,2593
coco_i2i,euclidean,1.2,robust-prune,-1,27200,113287,2342,113184.7976,113287.0,94215,113287,1185,2589
coco_i2i,euclidean,1.2,robust-prune,-1,27200,113287,2343,113185.0775,113287.0,94220,113287,1185,2583
coco_i2i,euclidean,1.2,robust-prune,-1,27200,113287,2344,113185.3784,113287.0,94264,113287,1182,2574
coco_i2i,euclidean,1.2,robust-prune,-1,27200,113287,2345,113185.6872,113287.0,94275,113287,1182,2569
coco_i2i,euclidean,1.2,robust-prune,-1,27200,113287,2346,113185.9478,113287.0,94302,113287,1180,2567
coco_i2i,euclidean,1.2,robust-prune,-1,27200,113287,2347,113186.209,113287.0,94317,113287,1178,2561
coco_i2i,euclidean,1.2,robust-prune,-1,27200,113287,2348,113186.4906,113287.0,94318,113287,1178,2556
coco_i2i,euclidean,1.2,robust-prune,-1,27200,113287,2349,113186.8055,113287.0,94320,113287,1174,2549
coco_i2i,euclidean,1.2,robust-prune,-1,27200,113287,2350,113187.0722,113287.0,94334,113287,1173,2542
coco_i2i,euclidean,1.2,robust-prune,-1,27200,113287,2351,113187.3477,113287.0,94336,113287,1168,2537
coco_i2i,euclidean,1.2,robust-prune,-1,27200,113287,2352,113187.7174,113287.0,94338,113287,1165,2528
coco_i2i,euclidean,1.2,robust-prune,-1,27200,113287,2353,113187.992,113287.0,94352,113287,1162,2522
coco_i2i,euclidean,1.2,robust-prune,-1,27200,113287,2354,113188.2644,113287.0,94356,113287,1159,2518
coco_i2i,euclidean,1.2,robust-prune,-1,27200,113287,2355,113188.5568,113287.0,94358,113287,1157,2513
coco_i2i,euclidean,1.2,robust-prune,-1,27200,113287,2356,113188.8322,113287.0,94428,113287,1156,2510
coco_i2i,euclidean,1.2,robust-prune,-1,27200,113287,2357,113189.1447,113287.0,94497,113287,1153,2507
coco_i2i,euclidean,1.2,robust-prune,-1,27200,113287,2358,113189.4201,113287.0,94498,113287,1150,2500
coco_i2i,euclidean,1.2,robust-prune,-1,27200,113287,2359,113189.7089,113287.0,94499,113287,1148,2497
coco_i2i,euclidean,1.2,robust-prune,-1,27200,113287,2360,113190.0963,113287.0,94512,113287,1147,2494
coco_i2i,euclidean,1.2,robust-prune,-1,27200,113287,2361,113190.3932,113287.0,94845,113287,1145,2489
coco_i2i,euclidean,1.2,robust-prune,-1,27200,113287,2362,113190.7418,113287.0,95198,113287,1143,2484
coco_i2i,euclidean,1.2,robust-prune,-1,27200,113287,2363,113191.0629,113287.0,95199,113287,1141,2480
coco_i2i,euclidean,1.2,robust-prune,-1,27200,113287,2364,113191.3361,113287.0,95203,113287,1136,2472
coco_i2i,euclidean,1.2,robust-prune,-1,27200,113287,2365,113191.607,113287.0,95239,113287,1131,2468
coco_i2i,euclidean,1.2,robust-prune,-1,27200,113287,2366,113191.8839,113287.0,95247,113287,1128,2463
coco_i2i,euclidean,1.2,robust-prune,-1,27200,113287,2367,113192.1793,113287.0,95260,113287,1127,2458
coco_i2i,euclidean,1.2,robust-prune,-1,27200,113287,2368,113192.4514,113287.0,95295,113287,1127,2450
coco_i2i,euclidean,1.2,robust-prune,-1,27200,113287,2369,113192.7593,113287.0,95350,113287,1124,2446
coco_i2i,euclidean,1.2,robust-prune,-1,27200,113287,2370,113193.1183,113287.0,95353,113287,1121,2438
coco_i2i,euclidean,1.2,robust-prune,-1,27200,113287,2371,113193.4007,113287.0,95355,113287,1118,2433
coco_i2i,euclidean,1.2,robust-prune,-1,27200,113287,2372,113193.7479,113287.0,95396,113287,1116,2430
coco_i2i,euclidean,1.2,robust-prune,-1,27200,113287,2373,113194.015,113287.0,95445,113287,1113,2427
coco_i2i,euclidean,1.2,robust-prune,-1,27200,113287,2374,113194.2963,113287.0,95446,113287,1109,2424
coco_i2i,euclidean,1.2,robust-prune,-1,27200,113287,2375,113194.5693,113287.0,95448,113287,1106,2418
coco_i2i,euclidean,1.2,robust-prune,-1,27200,113287,2376,113194.9766,113287.0,95450,113287,1103,2412
coco_i2i,euclidean,1.2,robust-prune,-1,27200,113287,2377,113195.2693,113287.0,95451,113287,1102,2408
coco_i2i,euclidean,1.2,robust-prune,-1,27200,113287,2378,113195.5693,113287.0,95467,113287,1098,2403
coco_i2i,euclidean,1.2,robust-prune,-1,27200,113287,2379,113195.845,113287.0,95485,113287,1093,2397
coco_i2i,euclidean,1.2,robust-prune,-1,27200,113287,2380,113196.1606,113287.0,95528,113287,1090,2393
coco_i2i,euclidean,1.2,robust-prune,-1,27200,113287,2381,113196.4087,113287.0,95531,113287,1087,2388
coco_i2i,euclidean,1.2,robust-prune,-1,27200,113287,2382,113196.6594,113287.0,95570,113287,1084,2385
coco_i2i,euclidean,1.2,robust-prune,-1,27200,113287,2383,113196.9905,113287.0,95574,113287,1081,2382
coco_i2i,euclidean,1.2,robust-prune,-1,27200,113287,2384,113197.3007,113287.0,95591,113287,1075,2374
coco_i2i,euclidean,1.2,robust-prune,-1,27200,113287,2385,113197.5474,113287.0,95874,113287,1073,2369
coco_i2i,euclidean,1.2,robust-prune,-1,27200,113287,2386,113197.8049,113287.0,95875,113287,1071,2364
coco_i2i,euclidean,1.2,robust-prune,-1,27200,113287,2387,113198.0551,113287.0,95876,113287,1068,2360
coco_i2i,euclidean,1.2,robust-prune,-1,27200,113287,2388,113198.3246,113287.0,95881,113287,1067,2356
coco_i2i,euclidean,1.2,robust-prune,-1,27200,113287,2389,113198.6138,113287.0,95883,113287,1061,2346
coco_i2i,euclidean,1.2,robust-prune,-1,27200,113287,2390,113198.8665,113287.0,95884,113287,1057,2342
coco_i2i,euclidean,1.2,robust-prune,-1,27200,113287,2391,113199.1107,113287.0,95914,113287,1055,2332
coco_i2i,euclidean,1.2,robust-prune,-1,27200,113287,2392,113199.3856,113287.0,95917,113287,1051,2331
coco_i2i,euclidean,1.2,robust-prune,-1,27200,113287,2393,113199.6422,113287.0,95918,113287,1050,2326
coco_i2i,euclidean,1.2,robust-prune,-1,27200,113287,2394,113199.9176,113287.0,95922,113287,1046,2319
coco_i2i,euclidean,1.2,robust-prune,-1,27200,113287,2395,113200.1672,113287.0,95927,113287,1045,2314
coco_i2i,euclidean,1.2,robust-prune,-1,27200,113287,2396,113200.4276,113287.0,96013,113287,1042,2310
coco_i2i,euclidean,1.2,robust-prune,-1,27200,113287,2397,113200.6746,113287.0,96037,113287,1037,2306
coco_i2i,euclidean,1.2,robust-prune,-1,27200,113287,2398,113200.9769,113287.0,96053,113287,1036,2300
coco_i2i,euclidean,1.2,robust-prune,-1,27200,113287,2399,113201.2165,113287.0,96066,113287,1031,2295
coco_i2i,euclidean,1.2,robust-prune,-1,27200,113287,2400,113201.4598,113287.0,96069,113287,1027,2292
coco_i2i,euclidean,1.2,robust-prune,-1,27200,113287,2401,113201.7167,113287.0,96077,113287,1023,2288
coco_i2i,euclidean,1.2,robust-prune,-1,27200,113287,2402,113201.9534,113287.0,96082,113287,1022,2281
coco_i2i,euclidean,1.2,robust-prune,-1,27200,113287,2403,113202.1956,113287.0,96084,113287,1020,2276
coco_i2i,euclidean,1.2,robust-prune,-1,27200,113287,2404,113202.4283,113287.0,96104,113287,1019,2270
coco_i2i,euclidean,1.2,robust-prune,-1,27200,113287,2405,113202.6911,113287.0,96116,113287,1019,2268
coco_i2i,euclidean,1.2,robust-prune,-1,27200,113287,2406,113202.9297,113287.0,96123,113287,1018,2263
coco_i2i,euclidean,1.2,robust-prune,-1,27200,113287,2407,113203.1781,113287.0,96383,113287,1017,2254
coco_i2i,euclidean,1.2,robust-prune,-1,27200,113287,2408,113203.4225,113287.0,96384,113287,1016,2246
coco_i2i,euclidean,1.2,robust-prune,-1,27200,113287,2409,113203.6675,113287.0,96389,113287,1013,2240
coco_i2i,euclidean,1.2,robust-prune,-1,27200,113287,2410,113203.9268,113287.0,96394,113287,1011,2239
coco_i2i,euclidean,1.2,robust-prune,-1,27200,113287,2411,113204.1653,113287.0,96670,113287,1008,2231
coco_i2i,euclidean,1.2,robust-prune,-1,27200,113287,2412,113204.4294,113287.0,96671,113287,1005,2223
coco_i2i,euclidean,1.2,robust-prune,-1,27200,113287,2413,113204.7164,113287.0,96678,113287,998,2220
coco_i2i,euclidean,1.2,robust-prune,-1,27200,113287,2414,113204.9923,113287.0,96687,113287,998,2213
coco_i2i,euclidean,1.2,robust-prune,-1,27200,113287,2415,113205.2601,113287.0,96690,113287,996,2209
coco_i2i,euclidean,1.2,robust-prune,-1,27200,113287,2416,113205.4974,113287.0,96696,113287,994,2206
coco_i2i,euclidean,1.2,robust-prune,-1,27200,113287,2417,113205.7874,113287.0,97028,113287,991,2201
coco_i2i,euclidean,1.2,robust-prune,-1,27200,113287,2418,113206.1397,113287.0,97030,113287,987,2196
coco_i2i,euclidean,1.2,robust-prune,-1,27200,113287,2419,113206.4213,113287.0,97031,113287,986,2193
coco_i2i,euclidean,1.2,robust-prune,-1,27200,113287,2420,113206.6543,113287.0,97041,113287,985,2187
coco_i2i,euclidean,1.2,robust-prune,-1,27200,113287,2421,113206.8611,113287.0,97045,113287,985,2181
coco_i2i,euclidean,1.2,robust-prune,-1,27200,113287,2422,113207.0694,113287.0,97053,113287,983,2179
coco_i2i,euclidean,1.2,robust-prune,-1,27200,113287,2423,113207.3338,113287.0,97205,113287,980,2175
coco_i2i,euclidean,1.2,robust-prune,-1,27200,113287,2424,113207.5943,113287.0,97222,113287,976,2170
coco_i2i,euclidean,1.2,robust-prune,-1,27200,113287,2425,113207.8792,113287.0,97225,113287,972,2163
coco_i2i,euclidean,1.2,robust-prune,-1,27200,113287,2426,113208.118,113287.0,97232,113287,971,2157
coco_i2i,euclidean,1.2,robust-prune,-1,27200,113287,2427,113208.3136,113287.0,97233,113287,969,2153
coco_i2i,euclidean,1.2,robust-prune,-1,27200,113287,2428,113208.5758,113287.0,97397,113287,968,2149
coco_i2i,euclidean,1.2,robust-prune,-1,27200,113287,2429,113208.8022,113287.0,97403,113287,968,2143
coco_i2i,euclidean,1.2,robust-prune,-1,27200,113287,2430,113209.0208,113287.0,97404,113287,964,2139
coco_i2i,euclidean,1.2,robust-prune,-1,27200,113287,2431,113209.2837,113287.0,97406,113287,962,2133
coco_i2i,euclidean,1.2,robust-prune,-1,27200,113287,2432,113209.5521,113287.0,97411,113287,960,2129
coco_i2i,euclidean,1.2,robust-prune,-1,27200,113287,2433,113209.7624,113287.0,97412,113287,959,2122
coco_i2i,euclidean,1.2,robust-prune,-1,27200,113287,2434,113209.9711,113287.0,97413,113287,958,2116
coco_i2i,euclidean,1.2,robust-prune,-1,27200,113287,2435,113210.1866,113287.0,97450,113287,958,2116
coco_i2i,euclidean,1.2,robust-prune,-1,27200,113287,2436,113210.4033,113287.0,97464,113287,955,2112
coco_i2i,euclidean,1.2,robust-prune,-1,27200,113287,2437,113210.6394,113287.0,97498,113287,950,2106
coco_i2i,euclidean,1.2,robust-prune,-1,27200,113287,2438,113210.8504,113287.0,97500,113287,949,2097
coco_i2i,euclidean,1.2,robust-prune,-1,27200,113287,2439,113211.1285,113287.0,97506,113287,948,2093
coco_i2i,euclidean,1.2,robust-prune,-1,27200,113287,2440,113211.3562,113287.0,97509,113287,947,2089
coco_i2i,euclidean,1.2,robust-prune,-1,27200,113287,2441,113211.544,113287.0,97511,113287,945,2086
coco_i2i,euclidean,1.2,robust-prune,-1,27200,113287,2442,113211.7886,113287.0,97515,113287,941,2083
coco_i2i,euclidean,1.2,robust-prune,-1,27200,113287,2443,113212.0157,113287.0,97518,113287,937,2079
coco_i2i,euclidean,1.2,robust-prune,-1,27200,113287,2444,113212.2509,113287.0,97521,113287,937,2074
coco_i2i,euclidean,1.2,robust-prune,-1,27200,113287,2445,113212.5147,113287.0,97523,113287,936,2071
coco_i2i,euclidean,1.2,robust-prune,-1,27200,113287,2446,113212.7329,113287.0,97529,113287,934,2066
coco_i2i,euclidean,1.2,robust-prune,-1,27200,113287,2447,113212.9436,113287.0,97533,113287,932,2057
coco_i2i,euclidean,1.2,robust-prune,-1,27200,113287,2448,113213.176,113287.0,97546,113287,931,2051
coco_i2i,euclidean,1.2,robust-prune,-1,27200,113287,2449,113213.376,113287.0,97550,113287,929,2048
coco_i2i,euclidean,1.2,robust-prune,-1,27200,113287,2450,113213.6029,113287.0,97589,113287,925,2041
coco_i2i,euclidean,1.2,robust-prune,-1,27200,113287,2451,113213.8302,113287.0,98459,113287,923,2032
coco_i2i,euclidean,1.2,robust-prune,-1,27200,113287,2452,113214.0604,113287.0,98487,113287,921,2029
coco_i2i,euclidean,1.2,robust-prune,-1,27200,113287,2453,113214.3564,113287.0,98494,113287,919,2023
coco_i2i,euclidean,1.2,robust-prune,-1,27200,113287,2454,113214.5962,113287.0,98496,113287,917,2021
coco_i2i,euclidean,1.2,robust-prune,-1,27200,113287,2455,113214.8454,113287.0,98499,113287,916,2018
coco_i2i,euclidean,1.2,robust-prune,-1,27200,113287,2456,113215.0393,113287.0,98503,113287,916,2009
coco_i2i,euclidean,1.2,robust-prune,-1,27200,113287,2457,113215.2539,113287.0,98701,113287,913,2004
coco_i2i,euclidean,1.2,robust-prune,-1,27200,113287,2458,113215.4561,113287.0,98741,113287,905,2002
coco_i2i,euclidean,1.2,robust-prune,-1,27200,113287,2459,113215.6614,113287.0,98742,113287,902,1993
coco_i2i,euclidean,1.2,robust-prune,-1,27200,113287,2460,113215.8813,113287.0,98760,113287,901,1991
coco_i2i,euclidean,1.2,robust-prune,-1,27200,113287,2461,113216.1908,113287.0,98779,113287,897,1987
coco_i2i,euclidean,1.2,robust-prune,-1,27200,113287,2462,113216.4341,113287.0,98791,113287,891,1982
coco_i2i,euclidean,1.2,robust-prune,-1,27200,113287,2463,113216.6504,113287.0,98794,113287,890,1978
coco_i2i,euclidean,1.2,robust-prune,-1,27200,113287,2464,113216.8276,113287.0,98800,113287,887,1970
coco_i2i,euclidean,1.2,robust-prune,-1,27200,113287,2465,113217.0233,113287.0,98803,113287,886,1967
coco_i2i,euclidean,1.2,robust-prune,-1,27200,113287,2466,113217.2142,113287.0,98860,113287,885,1964
coco_i2i,euclidean,1.2,robust-prune,-1,27200,113287,2467,113217.4201,113287.0,98861,113287,884,1962
coco_i2i,euclidean,1.2,robust-prune,-1,27200,113287,2468,113217.72,113287.0,98864,113287,882,1955
coco_i2i,euclidean,1.2,robust-prune,-1,27200,113287,2469,113217.9097,113287.0,98865,113287,878,1952
coco_i2i,euclidean,1.2,robust-prune,-1,27200,113287,2470,113218.1911,113287.0,98872,113287,878,1948
coco_i2i,euclidean,1.2,robust-prune,-1,27200,113287,2471,113218.3947,113287.0,98891,113287,875,1942
coco_i2i,euclidean,1.2,robust-prune,-1,27200,113287,2472,113218.6262,113287.0,98905,113287,872,1938
coco_i2i,euclidean,1.2,robust-prune,-1,27200,113287,2473,113218.8146,113287.0,98907,113287,871,1934
coco_i2i,euclidean,1.2,robust-prune,-1,27200,113287,2474,113219.0544,113287.0,98908,113287,868,1930
coco_i2i,euclidean,1.2,robust-prune,-1,27200,113287,2475,113219.2495,113287.0,98909,113287,868,1924
coco_i2i,euclidean,1.2,robust-prune,-1,27200,113287,2476,113219.4355,113287.0,98920,113287,865,1916
coco_i2i,euclidean,1.2,robust-prune,-1,27200,113287,2477,113219.6273,113287.0,98922,113287,863,1914
coco_i2i,euclidean,1.2,robust-prune,-1,27200,113287,2478,113219.817,113287.0,98931,113287,861,1911
coco_i2i,euclidean,1.2,robust-prune,-1,27200,113287,2479,113220.0228,113287.0,98934,113287,856,1909
coco_i2i,euclidean,1.2,robust-prune,-1,27200,113287,2480,113220.2538,113287.0,99033,113287,851,1903
coco_i2i,euclidean,1.2,robust-prune,-1,27200,113287,2481,113220.4258,113287.0,99100,113287,847,1898
coco_i2i,euclidean,1.2,robust-prune,-1,27200,113287,2482,113220.6482,113287.0,99102,113287,842,1891
coco_i2i,euclidean,1.2,robust-prune,-1,27200,113287,2483,113220.8762,113287.0,99519,113287,839,1886
coco_i2i,euclidean,1.2,robust-prune,-1,27200,113287,2484,113221.0475,113287.0,99526,113287,837,1879
coco_i2i,euclidean,1.2,robust-prune,-1,27200,113287,2485,113221.3045,113287.0,99528,113287,837,1874
coco_i2i,euclidean,1.2,robust-prune,-1,27200,113287,2486,113221.4815,113287.0,99530,113287,835,1869
coco_i2i,euclidean,1.2,robust-prune,-1,27200,113287,2487,113221.7417,113287.0,99550,113287,834,1860
coco_i2i,euclidean,1.2,robust-prune,-1,27200,113287,2488,113221.97,113287.0,99552,113287,834,1854
coco_i2i,euclidean,1.2,robust-prune,-1,27200,113287,2489,113222.1536,113287.0,99568,113287,830,1853
coco_i2i,euclidean,1.2,robust-prune,-1,27200,113287,2490,113222.3308,113287.0,99597,113287,827,1849
coco_i2i,euclidean,1.2,robust-prune,-1,27200,113287,2491,113222.522,113287.0,99598,113287,825,1844
coco_i2i,euclidean,1.2,robust-prune,-1,27200,113287,2492,113222.7342,113287.0,99599,113287,822,1842
coco_i2i,euclidean,1.2,robust-prune,-1,27200,113287,2493,113222.9169,113287.0,99604,113287,822,1837
coco_i2i,euclidean,1.2,robust-prune,-1,27200,113287,2494,113223.1208,113287.0,99608,113287,817,1835
coco_i2i,euclidean,1.2,robust-prune,-1,27200,113287,2495,113223.3177,113287.0,99609,113287,815,1830
coco_i2i,euclidean,1.2,robust-prune,-1,27200,113287,2496,113223.4954,113287.0,99626,113287,813,1826
coco_i2i,euclidean,1.2,robust-prune,-1,27200,113287,2497,113223.6854,113287.0,99630,113287,808,1819
coco_i2i,euclidean,1.2,robust-prune,-1,27200,113287,2498,113223.8856,113287.0,99757,113287,804,1816
coco_i2i,euclidean,1.2,robust-prune,-1,27200,113287,2499,113224.0421,113287.0,99765,113287,804,1810
coco_i2i,euclidean,1.2,robust-prune,-1,27200,113287,2500,113224.2319,113287.0,99771,113287,803,1806
coco_i2i,euclidean,1.2,robust-prune,-1,27200,113287,2501,113224.4311,113287.0,99801,113287,802,1801
coco_i2i,euclidean,1.2,robust-prune,-1,27200,113287,2502,113224.6261,113287.0,99802,113287,800,1799
coco_i2i,euclidean,1.2,robust-prune,-1,27200,113287,2503,113224.8175,113287.0,99809,113287,798,1795
coco_i2i,euclidean,1.2,robust-prune,-1,27200,113287,2504,113224.9879,113287.0,99810,113287,796,1792
coco_i2i,euclidean,1.2,robust-prune,-1,27200,113287,2505,113225.1706,113287.0,99833,113287,795,1783
coco_i2i,euclidean,1.2,robust-prune,-1,27200,113287,2506,113225.3804,113287.0,99926,113287,793,1779
coco_i2i,euclidean,1.2,robust-prune,-1,27200,113287,2507,113225.576,113287.0,99953,113287,790,1770
coco_i2i,euclidean,1.2,robust-prune,-1,27200,113287,2508,113225.7541,113287.0,99959,113287,786,1768
coco_i2i,euclidean,1.2,robust-prune,-1,27200,113287,2509,113225.972,113287.0,99965,113287,786,1761
coco_i2i,euclidean,1.2,robust-prune,-1,27200,113287,2510,113226.1419,113287.0,99978,113287,786,1758
coco_i2i,euclidean,1.2,robust-prune,-1,27200,113287,2511,113226.3266,113287.0,99979,113287,782,1755
coco_i2i,euclidean,1.2,robust-prune,-1,27200,113287,2512,113226.5022,113287.0,99987,113287,779,1752
coco_i2i,euclidean,1.2,robust-prune,-1,27200,113287,2513,113226.7156,113287.0,99988,113287,778,1748
coco_i2i,euclidean,1.2,robust-prune,-1,27200,113287,2514,113226.9176,113287.0,99990,113287,775,1745
coco_i2i,euclidean,1.2,robust-prune,-1,27200,113287,2515,113227.1067,113287.0,100002,113287,771,1739
coco_i2i,euclidean,1.2,robust-prune,-1,27200,113287,2516,113227.4501,113287.0,100233,113287,768,1737
coco_i2i,euclidean,1.2,robust-prune,-1,27200,113287,2517,113227.6185,113287.0,100236,113287,765,1729
coco_i2i,euclidean,1.2,robust-prune,-1,27200,113287,2518,113227.8262,113287.0,100241,113287,764,1727
coco_i2i,euclidean,1.2,robust-prune,-1,27200,113287,2519,113227.9786,113287.0,100247,113287,763,1723
coco_i2i,euclidean,1.2,robust-prune,-1,27200,113287,2520,113228.1383,113287.0,100263,113287,760,1719
coco_i2i,euclidean,1.2,robust-prune,-1,27200,113287,2521,113228.3039,113287.0,100268,113287,757,1713
coco_i2i,euclidean,1.2,robust-prune,-1,27200,113287,2522,113228.4654,113287.0,100300,113287,756,1709
coco_i2i,euclidean,1.2,robust-prune,-1,27200,113287,2523,113228.6393,113287.0,100303,113287,754,1703
coco_i2i,euclidean,1.2,robust-prune,-1,27200,113287,2524,113228.8232,113287.0,100306,113287,749,1702
coco_i2i,euclidean,1.2,robust-prune,-1,27200,113287,2525,113229.0421,113287.0,100311,113287,749,1697
coco_i2i,euclidean,1.2,robust-prune,-1,27200,113287,2526,113229.2247,113287.0,100316,113287,747,1693
coco_i2i,euclidean,1.2,robust-prune,-1,27200,113287,2527,113229.3815,113287.0,100317,113287,746,1690
coco_i2i,euclidean,1.2,robust-prune,-1,27200,113287,2528,113229.5375,113287.0,100320,113287,746,1685
coco_i2i,euclidean,1.2,robust-prune,-1,27200,113287,2529,113229.7067,113287.0,100323,113287,746,1679
coco_i2i,euclidean,1.2,robust-prune,-1,27200,113287,2530,113229.8793,113287.0,100324,113287,739,1676
coco_i2i,euclidean,1.2,robust-prune,-1,27200,113287,2531,113230.0359,113287.0,100325,113287,738,1671
coco_i2i,euclidean,1.2,robust-prune,-1,27200,113287,2532,113230.1844,113287.0,100326,113287,736,1667
coco_i2i,euclidean,1.2,robust-prune,-1,27200,113287,2533,113230.3345,113287.0,100329,113287,731,1659
coco_i2i,euclidean,1.2,robust-prune,-1,27200,113287,2534,113230.4967,113287.0,100347,113287,728,1656
coco_i2i,euclidean,1.2,robust-prune,-1,27200,113287,2535,113230.6492,113287.0,100350,113287,726,1653
coco_i2i,euclidean,1.2,robust-prune,-1,27200,113287,2536,113230.8178,113287.0,100356,113287,723,1651
coco_i2i,euclidean,1.2,robust-prune,-1,27200,113287,2537,113231.0015,113287.0,100359,113287,721,1645
coco_i2i,euclidean,1.2,robust-prune,-1,27200,113287,2538,113231.1565,113287.0,100361,113287,720,1644
coco_i2i,euclidean,1.2,robust-prune,-1,27200,113287,2539,113231.2931,113287.0,100362,113287,718,1642
coco_i2i,euclidean,1.2,robust-prune,-1,27200,113287,2540,113231.4596,113287.0,100469,113287,716,1639
coco_i2i,euclidean,1.2,robust-prune,-1,27200,113287,2541,113231.6284,113287.0,100471,113287,713,1630
coco_i2i,euclidean,1.2,robust-prune,-1,27200,113287,2542,113231.7972,113287.0,100479,113287,710,1620
coco_i2i,euclidean,1.2,robust-prune,-1,27200,113287,2543,113231.9836,113287.0,100486,113287,706,1615
coco_i2i,euclidean,1.2,robust-prune,-1,27200,113287,2544,113232.148,113287.0,100687,113287,706,1612
coco_i2i,euclidean,1.2,robust-prune,-1,27200,113287,2545,113232.3408,113287.0,100688,113287,706,1611
coco_i2i,euclidean,1.2,robust-prune,-1,27200,113287,2546,113232.4954,113287.0,100689,113287,705,1603
coco_i2i,euclidean,1.2,robust-prune,-1,27200,113287,2547,113232.6649,113287.0,100987,113287,703,1598
coco_i2i,euclidean,1.2,robust-prune,-1,27200,113287,2548,113232.8762,113287.0,100988,113287,701,1595
coco_i2i,euclidean,1.2,robust-prune,-1,27200,113287,2549,113233.0661,113287.0,100989,113287,699,1593
coco_i2i,euclidean,1.2,robust-prune,-1,27200,113287,2550,113233.2215,113287.0,100994,113287,698,1590
coco_i2i,euclidean,1.2,robust-prune,-1,27200,113287,2551,113233.3793,113287.0,100996,113287,698,1585
coco_i2i,euclidean,1.2,robust-prune,-1,27200,113287,2552,113233.5861,113287.0,100999,113287,695,1579
coco_i2i,euclidean,1.2,robust-prune,-1,27200,113287,2553,113233.7362,113287.0,101002,113287,691,1577
coco_i2i,euclidean,1.2,robust-prune,-1,27200,113287,2554,113233.8807,113287.0,101011,113287,690,1570
coco_i2i,euclidean,1.2,robust-prune,-1,27200,113287,2555,113234.0517,113287.0,101070,113287,687,1564
coco_i2i,euclidean,1.2,robust-prune,-1,27200,113287,2556,113234.2345,113287.0,101071,113287,685,1561
coco_i2i,euclidean,1.2,robust-prune,-1,27200,113287,2557,113234.386,113287.0,101075,113287,683,1559
coco_i2i,euclidean,1.2,robust-prune,-1,27200,113287,2558,113234.5597,113287.0,101079,113287,677,1554
coco_i2i,euclidean,1.2,robust-prune,-1,27200,113287,2559,113234.7278,113287.0,101128,113287,673,1550
coco_i2i,euclidean,1.2,robust-prune,-1,27200,113287,2560,113234.9176,113287.0,101132,113287,671,1545
coco_i2i,euclidean,1.2,robust-prune,-1,27200,113287,2561,113235.0815,113287.0,101133,113287,668,1540
coco_i2i,euclidean,1.2,robust-prune,-1,27200,113287,2562,113235.27,113287.0,101166,113287,668,1536
coco_i2i,euclidean,1.2,robust-prune,-1,27200,113287,2563,113235.4703,113287.0,101921,113287,667,1530
coco_i2i,euclidean,1.2,robust-prune,-1,27200,113287,2564,113235.6781,113287.0,101988,113287,666,1528
coco_i2i,euclidean,1.2,robust-prune,-1,27200,113287,2565,113235.9377,113287.0,102027,113287,661,1522
coco_i2i,euclidean,1.2,robust-prune,-1,27200,113287,2566,113236.0995,113287.0,102057,113287,659,1517
coco_i2i,euclidean,1.2,robust-prune,-1,27200,113287,2567,113236.2389,113287.0,102061,113287,658,1514
coco_i2i,euclidean,1.2,robust-prune,-1,27200,113287,2568,113236.441,113287.0,102078,113287,657,1511
coco_i2i,euclidean,1.2,robust-prune,-1,27200,113287,2569,113236.5929,113287.0,102080,113287,657,1505
coco_i2i,euclidean,1.2,robust-prune,-1,27200,113287,2570,113236.7557,113287.0,102085,113287,656,1504
coco_i2i,euclidean,1.2,robust-prune,-1,27200,113287,2571,113236.9012,113287.0,102086,113287,655,1502
coco_i2i,euclidean,1.2,robust-prune,-1,27200,113287,2572,113237.1022,113287.0,102090,113287,652,1498
coco_i2i,euclidean,1.2,robust-prune,-1,27200,113287,2573,113237.2524,113287.0,102095,113287,649,1494
coco_i2i,euclidean,1.2,robust-prune,-1,27200,113287,2574,113237.3857,113287.0,102118,113287,649,1488
coco_i2i,euclidean,1.2,robust-prune,-1,27200,113287,2575,113237.524,113287.0,102121,113287,646,1485
coco_i2i,euclidean,1.2,robust-prune,-1,27200,113287,2576,113237.6688,113287.0,102147,113287,643,1479
coco_i2i,euclidean,1.2,robust-prune,-1,27200,113287,2577,113237.797,113287.0,102148,113287,642,1474
coco_i2i,euclidean,1.2,robust-prune,-1,27200,113287,2578,113237.9205,113287.0,102154,113287,642,1469
coco_i2i,euclidean,1.2,robust-prune,-1,27200,113287,2579,113238.0501,113287.0,102155,113287,639,1464
coco_i2i,euclidean,1.2,robust-prune,-1,27200,113287,2580,113238.2054,113287.0,102157,113287,638,1463
coco_i2i,euclidean,1.2,robust-prune,-1,27200,113287,2581,113238.3499,113287.0,102232,113287,637,1457
coco_i2i,euclidean,1.2,robust-prune,-1,27200,113287,2582,113238.5495,113287.0,102245,113287,633,1454
coco_i2i,euclidean,1.2,robust-prune,-1,27200,113287,2583,113238.6905,113287.0,102248,113287,632,1452
coco_i2i,euclidean,1.2,robust-prune,-1,27200,113287,2584,113238.8363,113287.0,102369,113287,631,1451
coco_i2i,euclidean,1.2,robust-prune,-1,27200,113287,2585,113238.968,113287.0,102374,113287,628,1448
coco_i2i,euclidean,1.2,robust-prune,-1,27200,113287,2586,113239.1133,113287.0,102376,113287,627,1445
coco_i2i,euclidean,1.2,robust-prune,-1,27200,113287,2587,113239.3058,113287.0,102379,113287,624,1442
coco_i2i,euclidean,1.2,robust-prune,-1,27200,113287,2588,113239.4554,113287.0,102400,113287,622,1440
coco_i2i,euclidean,1.2,robust-prune,-1,27200,113287,2589,113239.5859,113287.0,102403,113287,620,1438
coco_i2i,euclidean,1.2,robust-prune,-1,27200,113287,2590,113239.7031,113287.0,102406,113287,619,1433
coco_i2i,euclidean,1.2,robust-prune,-1,27200,113287,2591,113239.8295,113287.0,102428,113287,617,1431
coco_i2i,euclidean,1.2,robust-prune,-1,27200,113287,2592,113239.9826,113287.0,102679,113287,615,1426
coco_i2i,euclidean,1.2,robust-prune,-1,27200,113287,2593,113240.1087,113287.0,102713,113287,613,1421
coco_i2i,euclidean,1.2,robust-prune,-1,27200,113287,2594,113240.2728,113287.0,102714,113287,611,1420
coco_i2i,euclidean,1.2,robust-prune,-1,27200,113287,2595,113240.4024,113287.0,102715,113287,610,1417
coco_i2i,euclidean,1.2,robust-prune,-1,27200,113287,2596,113240.5473,113287.0,102718,113287,610,1415
coco_i2i,euclidean,1.2,robust-prune,-1,27200,113287,2597,113240.7132,113287.0,102719,113287,606,1407
coco_i2i,euclidean,1.2,robust-prune,-1,27200,113287,2598,113240.9479,113287.0,102755,113287,604,1404
coco_i2i,euclidean,1.2,robust-prune,-1,27200,113287,2599,113241.0825,113287.0,102757,113287,604,1403
coco_i2i,euclidean,1.2,robust-prune,-1,27200,113287,2600,113241.2211,113287.0,102762,113287,603,1400
coco_i2i,euclidean,1.2,robust-prune,-1,27200,113287,2601,113241.3565,113287.0,102808,113287,602,1397
coco_i2i,euclidean,1.2,robust-prune,-1,27200,113287,2602,113241.5022,113287.0,102816,113287,600,1396
coco_i2i,euclidean,1.2,robust-prune,-1,27200,113287,2603,113241.6318,113287.0,102817,113287,596,1395
coco_i2i,euclidean,1.2,robust-prune,-1,27200,113287,2604,113241.7547,113287.0,102818,113287,596,1392
coco_i2i,euclidean,1.2,robust-prune,-1,27200,113287,2605,113241.9269,113287.0,102829,113287,596,1389
coco_i2i,euclidean,1.2,robust-prune,-1,27200,113287,2606,113242.0763,113287.0,102841,113287,594,1386
coco_i2i,euclidean,1.2,robust-prune,-1,27200,113287,2607,113242.2264,113287.0,102860,113287,593,1382
coco_i2i,euclidean,1.2,robust-prune,-1,27200,113287,2608,113242.3571,113287.0,102865,113287,593,1381
coco_i2i,euclidean,1.2,robust-prune,-1,27200,113287,2609,113242.4954,113287.0,102867,113287,592,1381
coco_i2i,euclidean,1.2,robust-prune,-1,27200,113287,2610,113242.6732,113287.0,102870,113287,591,1377
coco_i2i,euclidean,1.2,robust-prune,-1,27200,113287,2611,113242.8117,113287.0,102872,113287,589,1372
coco_i2i,euclidean,1.2,robust-prune,-1,27200,113287,2612,113242.9429,113287.0,102879,113287,588,1370
coco_i2i,euclidean,1.2,robust-prune,-1,27200,113287,2613,113243.1178,113287.0,102881,113287,584,1368
coco_i2i,euclidean,1.2,robust-prune,-1,27200,113287,2614,113243.2331,113287.0,102882,113287,584,1363
coco_i2i,euclidean,1.2,robust-prune,-1,27200,113287,2615,113243.3904,113287.0,102887,113287,583,1361
coco_i2i,euclidean,1.2,robust-prune,-1,27200,113287,2616,113243.531,113287.0,102890,113287,582,1357
coco_i2i,euclidean,1.2,robust-prune,-1,27200,113287,2617,113243.6684,113287.0,102891,113287,580,1354
coco_i2i,euclidean,1.2,robust-prune,-1,27200,113287,2618,113243.7944,113287.0,102893,113287,579,1351
coco_i2i,euclidean,1.2,robust-prune,-1,27200,113287,2619,113243.9097,113287.0,102898,113287,575,1349
coco_i2i,euclidean,1.2,robust-prune,-1,27200,113287,2620,113244.0335,113287.0,102899,113287,572,1345
coco_i2i,euclidean,1.2,robust-prune,-1,27200,113287,2621,113244.1703,113287.0,102900,113287,571,1339
coco_i2i,euclidean,1.2,robust-prune,-1,27200,113287,2622,113244.2951,113287.0,102903,113287,570,1338
coco_i2i,euclidean,1.2,robust-prune,-1,27200,113287,2623,113244.4158,113287.0,102907,113287,569,1334
coco_i2i,euclidean,1.2,robust-prune,-1,27200,113287,2624,113244.5459,113287.0,102910,113287,567,1333
coco_i2i,euclidean,1.2,robust-prune,-1,27200,113287,2625,113244.6797,113287.0,102926,113287,566,1331
coco_i2i,euclidean,1.2,robust-prune,-1,27200,113287,2626,113244.8208,113287.0,102978,113287,563,1328
coco_i2i,euclidean,1.2,robust-prune,-1,27200,113287,2627,113244.951,113287.0,102983,113287,563,1324
coco_i2i,euclidean,1.2,robust-prune,-1,27200,113287,2628,113245.101,113287.0,103131,113287,560,1318
coco_i2i,euclidean,1.2,robust-prune,-1,27200,113287,2629,113245.2417,113287.0,103180,113287,559,1316
coco_i2i,euclidean,1.2,robust-prune,-1,27200,113287,2630,113245.3645,113287.0,103183,113287,558,1311
coco_i2i,euclidean,1.2,robust-prune,-1,27200,113287,2631,113245.5244,113287.0,103184,113287,555,1307
coco_i2i,euclidean,1.2,robust-prune,-1,27200,113287,2632,113245.636,113287.0,103189,113287,553,1304
coco_i2i,euclidean,1.2,robust-prune,-1,27200,113287,2633,113245.7558,113287.0,103217,113287,553,1300
coco_i2i,euclidean,1.2,robust-prune,-1,27200,113287,2634,113245.8632,113287.0,103219,113287,552,1298
coco_i2i,euclidean,1.2,robust-prune,-1,27200,113287,2635,113245.9767,113287.0,103245,113287,549,1295
coco_i2i,euclidean,1.2,robust-prune,-1,27200,113287,2636,113246.1261,113287.0,103246,113287,549,1290
coco_i2i,euclidean,1.2,robust-prune,-1,27200,113287,2637,113246.2352,113287.0,103248,113287,549,1288
coco_i2i,euclidean,1.2,robust-prune,-1,27200,113287,2638,113246.3622,113287.0,103249,113287,549,1285
coco_i2i,euclidean,1.2,robust-prune,-1,27200,113287,2639,113246.4628,113287.0,103250,113287,549,1282
coco_i2i,euclidean,1.2,robust-prune,-1,27200,113287,2640,113246.5792,113287.0,103251,113287,547,1281
coco_i2i,euclidean,1.2,robust-prune,-1,27200,113287,2641,113246.69,113287.0,103261,113287,544,1278
coco_i2i,euclidean,1.2,robust-prune,-1,27200,113287,2642,113246.7979,113287.0,103265,113287,541,1273
coco_i2i,euclidean,1.2,robust-prune,-1,27200,113287,2643,113246.9326,113287.0,103277,113287,539,1269
coco_i2i,euclidean,1.2,robust-prune,-1,27200,113287,2644,113247.0531,113287.0,103279,113287,538,1266
coco_i2i,euclidean,1.2,robust-prune,-1,27200,113287,2645,113247.1685,113287.0,103280,113287,536,1263
coco_i2i,euclidean,1.2,robust-prune,-1,27200,113287,2646,113247.2688,113287.0,103282,113287,536,1258
coco_i2i,euclidean,1.2,robust-prune,-1,27200,113287,2647,113247.3782,113287.0,103283,113287,534,1257
coco_i2i,euclidean,1.2,robust-prune,-1,27200,113287,2648,113247.5004,113287.0,103307,113287,533,1256
coco_i2i,euclidean,1.2,robust-prune,-1,27200,113287,2649,113247.618,113287.0,103424,113287,531,1255
coco_i2i,euclidean,1.2,robust-prune,-1,27200,113287,2650,113247.7334,113287.0,103428,113287,530,1251
coco_i2i,euclidean,1.2,robust-prune,-1,27200,113287,2651,113247.8442,113287.0,103429,113287,530,1247
coco_i2i,euclidean,1.2,robust-prune,-1,27200,113287,2652,113247.9547,113287.0,103441,113287,527,1243
coco_i2i,euclidean,1.2,robust-prune,-1,27200,113287,2653,113248.0672,113287.0,103442,113287,526,1240
coco_i2i,euclidean,1.2,robust-prune,-1,27200,113287,2654,113248.172,113287.0,103447,113287,524,1234
coco_i2i,euclidean,1.2,robust-prune,-1,27200,113287,2655,113248.3051,113287.0,103461,113287,523,1231
coco_i2i,euclidean,1.2,robust-prune,-1,27200,113287,2656,113248.4249,113287.0,103462,113287,521,1229
coco_i2i,euclidean,1.2,robust-prune,-1,27200,113287,2657,113248.5441,113287.0,103466,113287,519,1228
coco_i2i,euclidean,1.2,robust-prune,-1,27200,113287,2658,113248.6568,113287.0,103467,113287,517,1222
coco_i2i,euclidean,1.2,robust-prune,-1,27200,113287,2659,113248.7674,113287.0,103502,113287,516,1218
coco_i2i,euclidean,1.2,robust-prune,-1,27200,113287,2660,113248.8714,113287.0,103507,113287,514,1215
coco_i2i,euclidean,1.2,robust-prune,-1,27200,113287,2661,113248.9806,113287.0,103508,113287,514,1214
coco_i2i,euclidean,1.2,robust-prune,-1,27200,113287,2662,113249.1257,113287.0,103513,113287,514,1208
coco_i2i,euclidean,1.2,robust-prune,-1,27200,113287,2663,113249.2299,113287.0,103517,113287,513,1207
coco_i2i,euclidean,1.2,robust-prune,-1,27200,113287,2664,113249.3611,113287.0,103547,113287,513,1206
coco_i2i,euclidean,1.2,robust-prune,-1,27200,113287,2665,113249.4676,113287.0,103549,113287,509,1206
coco_i2i,euclidean,1.2,robust-prune,-1,27200,113287,2666,113249.5711,113287.0,103559,113287,506,1204
coco_i2i,euclidean,1.2,robust-prune,-1,27200,113287,2667,113249.6903,113287.0,103572,113287,506,1202
coco_i2i,euclidean,1.2,robust-prune,-1,27200,113287,2668,113249.7953,113287.0,103593,113287,506,1200
coco_i2i,euclidean,1.2,robust-prune,-1,27200,113287,2669,113249.9014,113287.0,103618,113287,504,1198
coco_i2i,euclidean,1.2,robust-prune,-1,27200,113287,2670,113250.0233,113287.0,103626,113287,504,1196
coco_i2i,euclidean,1.2,robust-prune,-1,27200,113287,2671,113250.1512,113287.0,103635,113287,502,1192
coco_i2i,euclidean,1.2,robust-prune,-1,27200,113287,2672,113250.2637,113287.0,103644,113287,500,1190
coco_i2i,euclidean,1.2,robust-prune,-1,27200,113287,2673,113250.3685,113287.0,103645,113287,497,1188
coco_i2i,euclidean,1.2,robust-prune,-1,27200,113287,2674,113250.4955,113287.0,103648,113287,496,1187
coco_i2i,euclidean,1.2,robust-prune,-1,27200,113287,2675,113250.6144,113287.0,103653,113287,496,1183
coco_i2i,euclidean,1.2,robust-prune,-1,27200,113287,2676,113250.7069,113287.0,103655,113287,496,1177
coco_i2i,euclidean,1.2,robust-prune,-1,27200,113287,2677,113250.8076,113287.0,103656,113287,496,1176
coco_i2i,euclidean,1.2,robust-prune,-1,27200,113287,2678,113250.9297,113287.0,103657,113287,496,1172
coco_i2i,euclidean,1.2,robust-prune,-1,27200,113287,2679,113251.0391,113287.0,103916,113287,495,1169
coco_i2i,euclidean,1.2,robust-prune,-1,27200,113287,2680,113251.2085,113287.0,103924,113287,495,1168
coco_i2i,euclidean,1.2,robust-prune,-1,27200,113287,2681,113251.3254,113287.0,103932,113287,495,1165
coco_i2i,euclidean,1.2,robust-prune,-1,27200,113287,2682,113251.4417,113287.0,103939,113287,494,1162
coco_i2i,euclidean,1.2,robust-prune,-1,27200,113287,2683,113251.5451,113287.0,103940,113287,493,1159
coco_i2i,euclidean,1.2,robust-prune,-1,27200,113287,2684,113251.6562,113287.0,103946,113287,493,1157
coco_i2i,euclidean,1.2,robust-prune,-1,27200,113287,2685,113251.7527,113287.0,103949,113287,493,1156
coco_i2i,euclidean,1.2,robust-prune,-1,27200,113287,2686,113251.8527,113287.0,103950,113287,490,1155
coco_i2i,euclidean,1.2,robust-prune,-1,27200,113287,2687,113251.9903,113287.0,103965,113287,488,1152
coco_i2i,euclidean,1.2,robust-prune,-1,27200,113287,2688,113252.0786,113287.0,103966,113287,486,1151
coco_i2i,euclidean,1.2,robust-prune,-1,27200,113287,2689,113252.1774,113287.0,103969,113287,486,1146
coco_i2i,euclidean,1.2,robust-prune,-1,27200,113287,2690,113252.2722,113287.0,103970,113287,486,1144
coco_i2i,euclidean,1.2,robust-prune,-1,27200,113287,2691,113252.3681,113287.0,103971,113287,486,1143
coco_i2i,euclidean,1.2,robust-prune,-1,27200,113287,2692,113252.4949,113287.0,103977,113287,484,1140
coco_i2i,euclidean,1.2,robust-prune,-1,27200,113287,2693,113252.6015,113287.0,103980,113287,483,1135
coco_i2i,euclidean,1.2,robust-prune,-1,27200,113287,2694,113252.7087,113287.0,104010,113287,481,1132
coco_i2i,euclidean,1.2,robust-prune,-1,27200,113287,2695,113252.8379,113287.0,104014,113287,480,1130
coco_i2i,euclidean,1.2,robust-prune,-1,27200,113287,2696,113252.9444,113287.0,104087,113287,477,1129
coco_i2i,euclidean,1.2,robust-prune,-1,27200,113287,2697,113253.0519,113287.0,104090,113287,476,1124
coco_i2i,euclidean,1.2,robust-prune,-1,27200,113287,2698,113253.1377,113287.0,104092,113287,475,1124
coco_i2i,euclidean,1.2,robust-prune,-1,27200,113287,2699,113253.2385,113287.0,104094,113287,474,1122
coco_i2i,euclidean,1.2,robust-prune,-1,27200,113287,2700,113253.3348,113287.0,104098,113287,473,1119
coco_i2i,euclidean,1.2,robust-prune,-1,27200,113287,2701,113253.4311,113287.0,104127,113287,472,1113
coco_i2i,euclidean,1.2,robust-prune,-1,27200,113287,2702,113253.5288,113287.0,104128,113287,472,1111
coco_i2i,euclidean,1.2,robust-prune,-1,27200,113287,2703,113253.6635,113287.0,104129,113287,471,1108
coco_i2i,euclidean,1.2,robust-prune,-1,27200,113287,2704,113253.8339,113287.0,104133,113287,471,1102
coco_i2i,euclidean,1.2,robust-prune,-1,27200,113287,2705,113253.9304,113287.0,104135,113287,470,1098
coco_i2i,euclidean,1.2,robust-prune,-1,27200,113287,2706,113254.0332,113287.0,104329,113287,468,1094
coco_i2i,euclidean,1.2,robust-prune,-1,27200,113287,2707,113254.1295,113287.0,104334,113287,468,1091
coco_i2i,euclidean,1.2,robust-prune,-1,27200,113287,2708,113254.2232,113287.0,104336,113287,467,1089
coco_i2i,euclidean,1.2,robust-prune,-1,27200,113287,2709,113254.325,113287.0,104341,113287,464,1088
coco_i2i,euclidean,1.2,robust-prune,-1,27200,113287,2710,113254.4415,113287.0,104351,113287,462,1085
coco_i2i,euclidean,1.2,robust-prune,-1,27200,113287,2711,113254.5512,113287.0,104356,113287,460,1083
coco_i2i,euclidean,1.2,robust-prune,-1,27200,113287,2712,113254.6598,113287.0,104357,113287,459,1082
coco_i2i,euclidean,1.2,robust-prune,-1,27200,113287,2713,113254.7553,113287.0,104373,113287,457,1080
coco_i2i,euclidean,1.2,robust-prune,-1,27200,113287,2714,113254.8659,113287.0,104374,113287,455,1076
coco_i2i,euclidean,1.2,robust-prune,-1,27200,113287,2715,113254.9593,113287.0,104375,113287,454,1070
coco_i2i,euclidean,1.2,robust-prune,-1,27200,113287,2716,113255.0488,113287.0,104379,113287,450,1066
coco_i2i,euclidean,1.2,robust-prune,-1,27200,113287,2717,113255.1399,113287.0,104385,113287,449,1064
coco_i2i,euclidean,1.2,robust-prune,-1,27200,113287,2718,113255.2348,113287.0,104387,113287,449,1059
coco_i2i,euclidean,1.2,robust-prune,-1,27200,113287,2719,113255.3139,113287.0,104388,113287,449,1057
coco_i2i,euclidean,1.2,robust-prune,-1,27200,113287,2720,113255.4097,113287.0,104390,113287,448,1053
coco_i2i,euclidean,1.2,robust-prune,-1,27200,113287,2721,113255.567,113287.0,104400,113287,448,1048
coco_i2i,euclidean,1.2,robust-prune,-1,27200,113287,2722,113255.6564,113287.0,104403,113287,448,1044
coco_i2i,euclidean,1.2,robust-prune,-1,27200,113287,2723,113255.7417,113287.0,104407,113287,447,1041
coco_i2i,euclidean,1.2,robust-prune,-1,27200,113287,2724,113255.829,113287.0,104408,113287,445,1036
coco_i2i,euclidean,1.2,robust-prune,-1,27200,113287,2725,113255.9096,113287.0,104425,113287,445,1033
coco_i2i,euclidean,1.2,robust-prune,-1,27200,113287,2726,113255.9969,113287.0,104426,113287,445,1031
coco_i2i,euclidean,1.2,robust-prune,-1,27200,113287,2727,113256.0904,113287.0,104452,113287,443,1029
coco_i2i,euclidean,1.2,robust-prune,-1,27200,113287,2728,113256.1822,113287.0,104487,113287,443,1028
coco_i2i,euclidean,1.2,robust-prune,-1,27200,113287,2729,113256.2742,113287.0,104490,113287,442,1027
coco_i2i,euclidean,1.2,robust-prune,-1,27200,113287,2730,113256.3614,113287.0,104491,113287,442,1025
coco_i2i,euclidean,1.2,robust-prune,-1,27200,113287,2731,113256.455,113287.0,104496,113287,441,1019
coco_i2i,euclidean,1.2,robust-prune,-1,27200,113287,2732,113256.5396,113287.0,104500,113287,440,1017
coco_i2i,euclidean,1.2,robust-prune,-1,27200,113287,2733,113256.6411,113287.0,104502,113287,437,1015
coco_i2i,euclidean,1.2,robust-prune,-1,27200,113287,2734,113256.7286,113287.0,104507,113287,435,1015
coco_i2i,euclidean,1.2,robust-prune,-1,27200,113287,2735,113256.8143,113287.0,104508,113287,432,1015
coco_i2i,euclidean,1.2,robust-prune,-1,27200,113287,2736,113256.9085,113287.0,104509,113287,430,1015
coco_i2i,euclidean,1.2,robust-prune,-1,27200,113287,2737,113256.9967,113287.0,104510,113287,428,1013
coco_i2i,euclidean,1.2,robust-prune,-1,27200,113287,2738,113257.1186,113287.0,104551,113287,427,1010
coco_i2i,euclidean,1.2,robust-prune,-1,27200,113287,2739,113257.22,113287.0,104553,113287,426,1009
coco_i2i,euclidean,1.2,robust-prune,-1,27200,113287,2740,113257.3065,113287.0,104554,113287,426,1008
coco_i2i,euclidean,1.2,robust-prune,-1,27200,113287,2741,113257.3838,113287.0,104573,113287,425,1006
coco_i2i,euclidean,1.2,robust-prune,-1,27200,113287,2742,113257.4626,113287.0,104575,113287,423,1003
coco_i2i,euclidean,1.2,robust-prune,-1,27200,113287,2743,113257.5571,113287.0,104620,113287,423,1002
coco_i2i,euclidean,1.2,robust-prune,-1,27200,113287,2744,113257.6344,113287.0,104629,113287,423,1002
coco_i2i,euclidean,1.2,robust-prune,-1,27200,113287,2745,113257.7324,113287.0,104633,113287,422,1001
coco_i2i,euclidean,1.2,robust-prune,-1,27200,113287,2746,113257.831,113287.0,104638,113287,420,998
coco_i2i,euclidean,1.2,robust-prune,-1,27200,113287,2747,113257.9115,113287.0,104639,113287,420,998
coco_i2i,euclidean,1.2,robust-prune,-1,27200,113287,2748,113257.9965,113287.0,104640,113287,420,998
coco_i2i,euclidean,1.2,robust-prune,-1,27200,113287,2749,113258.081,113287.0,104642,113287,418,995
coco_i2i,euclidean,1.2,robust-prune,-1,27200,113287,2750,113258.1718,113287.0,104704,113287,418,993
coco_i2i,euclidean,1.2,robust-prune,-1,27200,113287,2751,113258.2521,113287.0,104705,113287,417,992
coco_i2i,euclidean,1.2,robust-prune,-1,27200,113287,2752,113258.3413,113287.0,104710,113287,417,988
coco_i2i,euclidean,1.2,robust-prune,-1,27200,113287,2753,113258.4182,113287.0,104714,113287,417,986
coco_i2i,euclidean,1.2,robust-prune,-1,27200,113287,2754,113258.5069,113287.0,104717,113287,416,985
coco_i2i,euclidean,1.2,robust-prune,-1,27200,113287,2755,113258.5877,113287.0,104718,113287,415,985
coco_i2i,euclidean,1.2,robust-prune,-1,27200,113287,2756,113258.6788,113287.0,104720,113287,414,981
coco_i2i,euclidean,1.2,robust-prune,-1,27200,113287,2757,113258.7885,113287.0,104732,113287,409,979
coco_i2i,euclidean,1.2,robust-prune,-1,27200,113287,2758,113258.8744,113287.0,104740,113287,407,978
coco_i2i,euclidean,1.2,robust-prune,-1,27200,113287,2759,113258.9535,113287.0,104762,113287,406,976
coco_i2i,euclidean,1.2,robust-prune,-1,27200,113287,2760,113259.0283,113287.0,104766,113287,406,974
coco_i2i,euclidean,1.2,robust-prune,-1,27200,113287,2761,113259.1296,113287.0,104771,113287,402,971
coco_i2i,euclidean,1.2,robust-prune,-1,27200,113287,2762,113259.2117,113287.0,104775,113287,401,966
coco_i2i,euclidean,1.2,robust-prune,-1,27200,113287,2763,113259.2891,113287.0,104776,113287,400,964
coco_i2i,euclidean,1.2,robust-prune,-1,27200,113287,2764,113259.3979,113287.0,104779,113287,399,960
coco_i2i,euclidean,1.2,robust-prune,-1,27200,113287,2765,113259.4975,113287.0,104783,113287,398,958
coco_i2i,euclidean,1.2,robust-prune,-1,27200,113287,2766,113259.6442,113287.0,104788,113287,397,957
coco_i2i,euclidean,1.2,robust-prune,-1,27200,113287,2767,113259.7236,113287.0,104817,113287,394,953
coco_i2i,euclidean,1.2,robust-prune,-1,27200,113287,2768,113259.8004,113287.0,104818,113287,394,949
coco_i2i,euclidean,1.2,robust-prune,-1,27200,113287,2769,113259.8727,113287.0,104820,113287,392,948
coco_i2i,euclidean,1.2,robust-prune,-1,27200,113287,2770,113259.9561,113287.0,104827,113287,392,945
coco_i2i,euclidean,1.2,robust-prune,-1,27200,113287,2771,113260.0268,113287.0,104828,113287,390,945
coco_i2i,euclidean,1.2,robust-prune,-1,27200,113287,2772,113260.1059,113287.0,104830,113287,389,942
coco_i2i,euclidean,1.2,robust-prune,-1,27200,113287,2773,113260.1795,113287.0,104890,113287,387,940
coco_i2i,euclidean,1.2,robust-prune,-1,27200,113287,2774,113260.2527,113287.0,104895,113287,387,938
coco_i2i,euclidean,1.2,robust-prune,-1,27200,113287,2775,113260.3436,113287.0,104896,113287,386,937
coco_i2i,euclidean,1.2,robust-prune,-1,27200,113287,2776,113260.4219,113287.0,104898,113287,385,935
coco_i2i,euclidean,1.2,robust-prune,-1,27200,113287,2777,113260.5024,113287.0,104899,113287,385,930
coco_i2i,euclidean,1.2,robust-prune,-1,27200,113287,2778,113260.5793,113287.0,104900,113287,384,927
coco_i2i,euclidean,1.2,robust-prune,-1,27200,113287,2779,113260.6512,113287.0,104908,113287,382,925
coco_i2i,euclidean,1.2,robust-prune,-1,27200,113287,2780,113260.725,113287.0,104909,113287,379,921
coco_i2i,euclidean,1.2,robust-prune,-1,27200,113287,2781,113260.8078,113287.0,104910,113287,379,921
coco_i2i,euclidean,1.2,robust-prune,-1,27200,113287,2782,113260.8838,113287.0,104923,113287,378,917
coco_i2i,euclidean,1.2,robust-prune,-1,27200,113287,2783,113260.9666,113287.0,104924,113287,378,914
coco_i2i,euclidean,1.2,robust-prune,-1,27200,113287,2784,113261.0611,113287.0,104927,113287,376,913
coco_i2i,euclidean,1.2,robust-prune,-1,27200,113287,2785,113261.1333,113287.0,105009,113287,376,911
coco_i2i,euclidean,1.2,robust-prune,-1,27200,113287,2786,113261.2643,113287.0,105017,113287,373,909
coco_i2i,euclidean,1.2,robust-prune,-1,27200,113287,2787,113261.3383,113287.0,105027,113287,373,909
coco_i2i,euclidean,1.2,robust-prune,-1,27200,113287,2788,113261.4108,113287.0,105031,113287,373,905
coco_i2i,euclidean,1.2,robust-prune,-1,27200,113287,2789,113261.4855,113287.0,105045,113287,372,903
coco_i2i,euclidean,1.2,robust-prune,-1,27200,113287,2790,113261.5788,113287.0,105046,113287,372,901
coco_i2i,euclidean,1.2,robust-prune,-1,27200,113287,2791,113261.6518,113287.0,105060,113287,372,897
coco_i2i,euclidean,1.2,robust-prune,-1,27200,113287,2792,113261.7197,113287.0,105061,113287,370,892
coco_i2i,euclidean,1.2,robust-prune,-1,27200,113287,2793,113261.7949,113287.0,105068,113287,369,892
coco_i2i,euclidean,1.2,robust-prune,-1,27200,113287,2794,113261.8627,113287.0,105078,113287,369,891
coco_i2i,euclidean,1.2,robust-prune,-1,27200,113287,2795,113261.9382,113287.0,105081,113287,368,887
coco_i2i,euclidean,1.2,robust-prune,-1,27200,113287,2796,113262.0144,113287.0,105086,113287,367,884
coco_i2i,euclidean,1.2,robust-prune,-1,27200,113287,2797,113262.0921,113287.0,105088,113287,367,882
coco_i2i,euclidean,1.2,robust-prune,-1,27200,113287,2798,113262.1676,113287.0,105094,113287,365,881
coco_i2i,euclidean,1.2,robust-prune,-1,27200,113287,2799,113262.2408,113287.0,105110,113287,364,878
coco_i2i,euclidean,1.2,robust-prune,-1,27200,113287,2800,113262.3134,113287.0,105118,113287,361,876
coco_i2i,euclidean,1.2,robust-prune,-1,27200,113287,2801,113262.3919,113287.0,105120,113287,360,873
coco_i2i,euclidean,1.2,robust-prune,-1,27200,113287,2802,113262.4688,113287.0,105121,113287,359,867
coco_i2i,euclidean,1.2,robust-prune,-1,27200,113287,2803,113262.5406,113287.0,105124,113287,359,867
coco_i2i,euclidean,1.2,robust-prune,-1,27200,113287,2804,113262.6109,113287.0,105126,113287,357,862
coco_i2i,euclidean,1.2,robust-prune,-1,27200,113287,2805,113262.682,113287.0,105128,113287,355,860
coco_i2i,euclidean,1.2,robust-prune,-1,27200,113287,2806,113262.7512,113287.0,105146,113287,352,860
coco_i2i,euclidean,1.2,robust-prune,-1,27200,113287,2807,113262.8266,113287.0,105148,113287,351,856
coco_i2i,euclidean,1.2,robust-prune,-1,27200,113287,2808,113262.9139,113287.0,105172,113287,351,852
coco_i2i,euclidean,1.2,robust-prune,-1,27200,113287,2809,113262.983,113287.0,105174,113287,351,849
coco_i2i,euclidean,1.2,robust-prune,-1,27200,113287,2810,113263.052,113287.0,105175,113287,349,842
coco_i2i,euclidean,1.2,robust-prune,-1,27200,113287,2811,113263.1246,113287.0,105179,113287,348,841
coco_i2i,euclidean,1.2,robust-prune,-1,27200,113287,2812,113263.1955,113287.0,105184,113287,345,840
coco_i2i,euclidean,1.2,robust-prune,-1,27200,113287,2813,113263.2654,113287.0,105185,113287,343,836
coco_i2i,euclidean,1.2,robust-prune,-1,27200,113287,2814,113263.3322,113287.0,105187,113287,343,835
coco_i2i,euclidean,1.2,robust-prune,-1,27200,113287,2815,113263.4054,113287.0,105188,113287,340,832
coco_i2i,euclidean,1.2,robust-prune,-1,27200,113287,2816,113263.4705,113287.0,105189,113287,340,832
coco_i2i,euclidean,1.2,robust-prune,-1,27200,113287,2817,113263.5476,113287.0,105190,113287,339,832
coco_i2i,euclidean,1.2,robust-prune,-1,27200,113287,2818,113263.6201,113287.0,105202,113287,337,830
coco_i2i,euclidean,1.2,robust-prune,-1,27200,113287,2819,113263.6894,113287.0,105203,113287,335,829
coco_i2i,euclidean,1.2,robust-prune,-1,27200,113287,2820,113263.7553,113287.0,105211,113287,334,823
coco_i2i,euclidean,1.2,robust-prune,-1,27200,113287,2821,113263.8343,113287.0,105216,113287,333,821
coco_i2i,euclidean,1.2,robust-prune,-1,27200,113287,2822,113263.9262,113287.0,105218,113287,331,819
coco_i2i,euclidean,1.2,robust-prune,-1,27200,113287,2823,113263.995,113287.0,105342,113287,331,817
coco_i2i,euclidean,1.2,robust-prune,-1,27200,113287,2824,113264.0707,113287.0,105377,113287,330,814
coco_i2i,euclidean,1.2,robust-prune,-1,27200,113287,2825,113264.1378,113287.0,105378,113287,329,814
coco_i2i,euclidean,1.2,robust-prune,-1,27200,113287,2826,113264.2008,113287.0,105379,113287,329,812
coco_i2i,euclidean,1.2,robust-prune,-1,27200,113287,2827,113264.2657,113287.0,105382,113287,329,809
coco_i2i,euclidean,1.2,robust-prune,-1,27200,113287,2828,113264.3398,113287.0,105394,113287,327,808
coco_i2i,euclidean,1.2,robust-prune,-1,27200,113287,2829,113264.409,113287.0,105420,113287,327,808
coco_i2i,euclidean,1.2,robust-prune,-1,27200,113287,2830,113264.485,113287.0,105426,113287,327,807
coco_i2i,euclidean,1.2,robust-prune,-1,27200,113287,2831,113264.5594,113287.0,105433,113287,326,803
coco_i2i,euclidean,1.2,robust-prune,-1,27200,113287,2832,113264.6244,113287.0,105434,113287,324,801
coco_i2i,euclidean,1.2,robust-prune,-1,27200,113287,2833,113264.6857,113287.0,105444,113287,324,801
coco_i2i,euclidean,1.2,robust-prune,-1,27200,113287,2834,113264.7592,113287.0,105453,113287,324,798
coco_i2i,euclidean,1.2,robust-prune,-1,27200,113287,2835,113264.8381,113287.0,105506,113287,322,795
coco_i2i,euclidean,1.2,robust-prune,-1,27200,113287,2836,113264.8978,113287.0,105507,113287,322,795
coco_i2i,euclidean,1.2,robust-prune,-1,27200,113287,2837,113264.9699,113287.0,105509,113287,322,792
coco_i2i,euclidean,1.2,robust-prune,-1,27200,113287,2838,113265.0318,113287.0,105510,113287,320,789
coco_i2i,euclidean,1.2,robust-prune,-1,27200,113287,2839,113265.0834,113287.0,105515,113287,318,786
coco_i2i,euclidean,1.2,robust-prune,-1,27200,113287,2840,113265.1483,113287.0,105517,113287,316,786
coco_i2i,euclidean,1.2,robust-prune,-1,27200,113287,2841,113265.2115,113287.0,105518,113287,316,781
coco_i2i,euclidean,1.2,robust-prune,-1,27200,113287,2842,113265.2765,113287.0,105520,113287,316,779
coco_i2i,euclidean,1.2,robust-prune,-1,27200,113287,2843,113265.3811,113287.0,105522,113287,316,775
coco_i2i,euclidean,1.2,robust-prune,-1,27200,113287,2844,113265.4519,113287.0,105523,113287,315,773
coco_i2i,euclidean,1.2,robust-prune,-1,27200,113287,2845,113265.5154,113287.0,105543,113287,313,773
coco_i2i,euclidean,1.2,robust-prune,-1,27200,113287,2846,113265.585,113287.0,105603,113287,312,773
coco_i2i,euclidean,1.2,robust-prune,-1,27200,113287,2847,113265.6484,113287.0,105604,113287,312,772
coco_i2i,euclidean,1.2,robust-prune,-1,27200,113287,2848,113265.7119,113287.0,105611,113287,311,768
coco_i2i,euclidean,1.2,robust-prune,-1,27200,113287,2849,113265.7674,113287.0,105620,113287,310,766
coco_i2i,euclidean,1.2,robust-prune,-1,27200,113287,2850,113265.8375,113287.0,105625,113287,309,765
coco_i2i,euclidean,1.2,robust-prune,-1,27200,113287,2851,113265.9004,113287.0,105629,113287,309,762
coco_i2i,euclidean,1.2,robust-prune,-1,27200,113287,2852,113265.9599,113287.0,105630,113287,308,759
coco_i2i,euclidean,1.2,robust-prune,-1,27200,113287,2853,113266.023,113287.0,105641,113287,307,756
coco_i2i,euclidean,1.2,robust-prune,-1,27200,113287,2854,113266.0821,113287.0,105643,113287,306,754
coco_i2i,euclidean,1.2,robust-prune,-1,27200,113287,2855,113266.1437,113287.0,105646,113287,304,752
coco_i2i,euclidean,1.2,robust-prune,-1,27200,113287,2856,113266.1997,113287.0,105654,113287,303,751
coco_i2i,euclidean,1.2,robust-prune,-1,27200,113287,2857,113266.2526,113287.0,105660,113287,302,749
coco_i2i,euclidean,1.2,robust-prune,-1,27200,113287,2858,113266.3052,113287.0,105661,113287,301,746
coco_i2i,euclidean,1.2,robust-prune,-1,27200,113287,2859,113266.3691,113287.0,105664,113287,301,744
coco_i2i,euclidean,1.2,robust-prune,-1,27200,113287,2860,113266.423,113287.0,105666,113287,300,742
coco_i2i,euclidean,1.2,robust-prune,-1,27200,113287,2861,113266.4803,113287.0,105674,113287,299,741
coco_i2i,euclidean,1.2,robust-prune,-1,27200,113287,2862,113266.5525,113287.0,105699,113287,298,738
coco_i2i,euclidean,1.2,robust-prune,-1,27200,113287,2863,113266.6083,113287.0,105701,113287,298,735
coco_i2i,euclidean,1.2,robust-prune,-1,27200,113287,2864,113266.673,113287.0,105705,113287,296,733
coco_i2i,euclidean,1.2,robust-prune,-1,27200,113287,2865,113266.7314,113287.0,105706,113287,294,732
coco_i2i,euclidean,1.2,robust-prune,-1,27200,113287,2866,113266.7957,113287.0,105707,113287,294,732
coco_i2i,euclidean,1.2,robust-prune,-1,27200,113287,2867,113266.8568,113287.0,105709,113287,293,731
coco_i2i,euclidean,1.2,robust-prune,-1,27200,113287,2868,113266.924,113287.0,105718,113287,291,729
coco_i2i,euclidean,1.2,robust-prune,-1,27200,113287,2869,113266.9964,113287.0,105727,113287,291,727
coco_i2i,euclidean,1.2,robust-prune,-1,27200,113287,2870,113267.0524,113287.0,105730,113287,289,725
coco_i2i,euclidean,1.2,robust-prune,-1,27200,113287,2871,113267.1424,113287.0,105731,113287,285,723
coco_i2i,euclidean,1.2,robust-prune,-1,27200,113287,2872,113267.2013,113287.0,105740,113287,283,723
coco_i2i,euclidean,1.2,robust-prune,-1,27200,113287,2873,113267.2623,113287.0,105744,113287,282,721
coco_i2i,euclidean,1.2,robust-prune,-1,27200,113287,2874,113267.3205,113287.0,105751,113287,281,720
coco_i2i,euclidean,1.2,robust-prune,-1,27200,113287,2875,113267.401,113287.0,105754,113287,281,719
coco_i2i,euclidean,1.2,robust-prune,-1,27200,113287,2876,113267.46,113287.0,105756,113287,281,718
coco_i2i,euclidean,1.2,robust-prune,-1,27200,113287,2877,113267.5136,113287.0,105760,113287,280,717
coco_i2i,euclidean,1.2,robust-prune,-1,27200,113287,2878,113267.5696,113287.0,105761,113287,279,716
coco_i2i,euclidean,1.2,robust-prune,-1,27200,113287,2879,113267.6289,113287.0,105766,113287,278,713
coco_i2i,euclidean,1.2,robust-prune,-1,27200,113287,2880,113267.6839,113287.0,105767,113287,277,710
coco_i2i,euclidean,1.2,robust-prune,-1,27200,113287,2881,113267.7574,113287.0,105779,113287,277,708
coco_i2i,euclidean,1.2,robust-prune,-1,27200,113287,2882,113267.8249,113287.0,105781,113287,275,708
coco_i2i,euclidean,1.2,robust-prune,-1,27200,113287,2883,113267.8902,113287.0,105783,113287,274,704
coco_i2i,euclidean,1.2,robust-prune,-1,27200,113287,2884,113267.9429,113287.0,105784,113287,274,702
coco_i2i,euclidean,1.2,robust-prune,-1,27200,113287,2885,113267.9978,113287.0,105796,113287,274,700
coco_i2i,euclidean,1.2,robust-prune,-1,27200,113287,2886,113268.089,113287.0,105800,113287,272,698
coco_i2i,euclidean,1.2,robust-prune,-1,27200,113287,2887,113268.1454,113287.0,105801,113287,271,697
coco_i2i,euclidean,1.2,robust-prune,-1,27200,113287,2888,113268.2081,113287.0,105805,113287,268,696
coco_i2i,euclidean,1.2,robust-prune,-1,27200,113287,2889,113268.2914,113287.0,105807,113287,268,695
coco_i2i,euclidean,1.2,robust-prune,-1,27200,113287,2890,113268.3446,113287.0,105810,113287,267,695
coco_i2i,euclidean,1.2,robust-prune,-1,27200,113287,2891,113268.4325,113287.0,106775,113287,267,689
coco_i2i,euclidean,1.2,robust-prune,-1,27200,113287,2892,113268.4826,113287.0,106778,113287,265,688
coco_i2i,euclidean,1.2,robust-prune,-1,27200,113287,2893,113268.5346,113287.0,106779,113287,265,687
coco_i2i,euclidean,1.2,robust-prune,-1,27200,113287,2894,113268.5833,113287.0,106781,113287,265,685
coco_i2i,euclidean,1.2,robust-prune,-1,27200,113287,2895,113268.6491,113287.0,106789,113287,264,685
coco_i2i,euclidean,1.2,robust-prune,-1,27200,113287,2896,113268.7112,113287.0,106807,113287,263,684
coco_i2i,euclidean,1.2,robust-prune,-1,27200,113287,2897,113268.7679,113287.0,106808,113287,259,683
coco_i2i,euclidean,1.2,robust-prune,-1,27200,113287,2898,113268.8197,113287.0,106809,113287,259,681
coco_i2i,euclidean,1.2,robust-prune,-1,27200,113287,2899,113268.8796,113287.0,106811,113287,258,680
coco_i2i,euclidean,1.2,robust-prune,-1,27200,113287,2900,113268.9314,113287.0,106829,113287,258,679
coco_i2i,euclidean,1.2,robust-prune,-1,27200,113287,2901,113268.9819,113287.0,106831,113287,256,679
coco_i2i,euclidean,1.2,robust-prune,-1,27200,113287,2902,113269.0308,113287.0,106836,113287,256,677
coco_i2i,euclidean,1.2,robust-prune,-1,27200,113287,2903,113269.081,113287.0,106842,113287,256,675
coco_i2i,euclidean,1.2,robust-prune,-1,27200,113287,2904,113269.1404,113287.0,106864,113287,256,672
coco_i2i,euclidean,1.2,robust-prune,-1,27200,113287,2905,113269.1951,113287.0,106867,113287,255,672
coco_i2i,euclidean,1.2,robust-prune,-1,27200,113287,2906,113269.2526,113287.0,106869,113287,254,669
coco_i2i,euclidean,1.2,robust-prune,-1,27200,113287,2907,113269.3044,113287.0,106873,113287,254,669
coco_i2i,euclidean,1.2,robust-prune,-1,27200,113287,2908,113269.368,113287.0,106875,113287,253,667
coco_i2i,euclidean,1.2,robust-prune,-1,27200,113287,2909,113269.4157,113287.0,106876,113287,253,663
coco_i2i,euclidean,1.2,robust-prune,-1,27200,113287,2910,113269.4639,113287.0,106878,113287,252,661
coco_i2i,euclidean,1.2,robust-prune,-1,27200,113287,2911,113269.5153,113287.0,106883,113287,251,661
coco_i2i,euclidean,1.2,robust-prune,-1,27200,113287,2912,113269.5903,113287.0,106885,113287,250,660
coco_i2i,euclidean,1.2,robust-prune,-1,27200,113287,2913,113269.6378,113287.0,106886,113287,249,657
coco_i2i,euclidean,1.2,robust-prune,-1,27200,113287,2914,113269.6921,113287.0,106890,113287,248,655
coco_i2i,euclidean,1.2,robust-prune,-1,27200,113287,2915,113269.7477,113287.0,106892,113287,248,654
coco_i2i,euclidean,1.2,robust-prune,-1,27200,113287,2916,113269.7973,113287.0,106894,113287,247,654
coco_i2i,euclidean,1.2,robust-prune,-1,27200,113287,2917,113269.8477,113287.0,106902,113287,247,649
coco_i2i,euclidean,1.2,robust-prune,-1,27200,113287,2918,113269.8994,113287.0,106906,113287,247,649
coco_i2i,euclidean,1.2,robust-prune,-1,27200,113287,2919,113269.9461,113287.0,106908,113287,246,649
coco_i2i,euclidean,1.2,robust-prune,-1,27200,113287,2920,113269.9996,113287.0,106912,113287,246,649
coco_i2i,euclidean,1.2,robust-prune,-1,27200,113287,2921,113270.0588,113287.0,106915,113287,246,646
coco_i2i,euclidean,1.2,robust-prune,-1,27200,113287,2922,113270.1085,113287.0,106917,113287,246,642
coco_i2i,euclidean,1.2,robust-prune,-1,27200,113287,2923,113270.1638,113287.0,106926,113287,245,639
coco_i2i,euclidean,1.2,robust-prune,-1,27200,113287,2924,113270.2179,113287.0,106938,113287,245,635
coco_i2i,euclidean,1.2,robust-prune,-1,27200,113287,2925,113270.2638,113287.0,106939,113287,245,634
coco_i2i,euclidean,1.2,robust-prune,-1,27200,113287,2926,113270.3097,113287.0,106942,113287,244,629
coco_i2i,euclidean,1.2,robust-prune,-1,27200,113287,2927,113270.3555,113287.0,106950,113287,244,624
coco_i2i,euclidean,1.2,robust-prune,-1,27200,113287,2928,113270.4054,113287.0,106955,113287,243,620
coco_i2i,euclidean,1.2,robust-prune,-1,27200,113287,2929,113270.46,113287.0,106960,113287,243,618
coco_i2i,euclidean,1.2,robust-prune,-1,27200,113287,2930,113270.5181,113287.0,106962,113287,243,618
coco_i2i,euclidean,1.2,robust-prune,-1,27200,113287,2931,113270.5821,113287.0,106963,113287,243,618
coco_i2i,euclidean,1.2,robust-prune,-1,27200,113287,2932,113270.6329,113287.0,106964,113287,242,615
coco_i2i,euclidean,1.2,robust-prune,-1,27200,113287,2933,113270.6926,113287.0,106966,113287,241,612
coco_i2i,euclidean,1.2,robust-prune,-1,27200,113287,2934,113270.7424,113287.0,106973,113287,241,612
coco_i2i,euclidean,1.2,robust-prune,-1,27200,113287,2935,113270.7882,113287.0,106974,113287,241,610
coco_i2i,euclidean,1.2,robust-prune,-1,27200,113287,2936,113270.8382,113287.0,106975,113287,240,607
coco_i2i,euclidean,1.2,robust-prune,-1,27200,113287,2937,113270.8884,113287.0,106976,113287,239,602
coco_i2i,euclidean,1.2,robust-prune,-1,27200,113287,2938,113270.9397,113287.0,106979,113287,239,600
coco_i2i,euclidean,1.2,robust-prune,-1,27200,113287,2939,113270.9885,113287.0,106985,113287,239,599
coco_i2i,euclidean,1.2,robust-prune,-1,27200,113287,2940,113271.0371,113287.0,106986,113287,239,598
coco_i2i,euclidean,1.2,robust-prune,-1,27200,113287,2941,113271.0921,113287.0,106987,113287,237,597
coco_i2i,euclidean,1.2,robust-prune,-1,27200,113287,2942,113271.1365,113287.0,106995,113287,237,594
coco_i2i,euclidean,1.2,robust-prune,-1,27200,113287,2943,113271.1789,113287.0,106996,113287,236,592
coco_i2i,euclidean,1.2,robust-prune,-1,27200,113287,2944,113271.221,113287.0,106998,113287,236,592
coco_i2i,euclidean,1.2,robust-prune,-1,27200,113287,2945,113271.2695,113287.0,107001,113287,236,589
coco_i2i,euclidean,1.2,robust-prune,-1,27200,113287,2946,113271.3169,113287.0,107003,113287,236,589
coco_i2i,euclidean,1.2,robust-prune,-1,27200,113287,2947,113271.3668,113287.0,107004,113287,236,588
coco_i2i,euclidean,1.2,robust-prune,-1,27200,113287,2948,113271.4204,113287.0,107006,113287,235,587
coco_i2i,euclidean,1.2,robust-prune,-1,27200,113287,2949,113271.475,113287.0,107207,113287,235,586
coco_i2i,euclidean,1.2,robust-prune,-1,27200,113287,2950,113271.5225,113287.0,107210,113287,235,586
coco_i2i,euclidean,1.2,robust-prune,-1,27200,113287,2951,113271.5646,113287.0,107214,113287,235,586
coco_i2i,euclidean,1.2,robust-prune,-1,27200,113287,2952,113271.6222,113287.0,107215,113287,235,585
coco_i2i,euclidean,1.2,robust-prune,-1,27200,113287,2953,113271.6657,113287.0,107218,113287,234,584
coco_i2i,euclidean,1.2,robust-prune,-1,27200,113287,2954,113271.7073,113287.0,107223,113287,234,581
coco_i2i,euclidean,1.2,robust-prune,-1,27200,113287,2955,113271.7593,113287.0,107224,113287,232,579
coco_i2i,euclidean,1.2,robust-prune,-1,27200,113287,2956,113271.8045,113287.0,107233,113287,230,578
coco_i2i,euclidean,1.2,robust-prune,-1,27200,113287,2957,113271.8619,113287.0,107236,113287,230,578
coco_i2i,euclidean,1.2,robust-prune,-1,27200,113287,2958,113271.9275,113287.0,107240,113287,230,575
coco_i2i,euclidean,1.2,robust-prune,-1,27200,113287,2959,113271.9758,113287.0,107262,113287,229,572
coco_i2i,euclidean,1.2,robust-prune,-1,27200,113287,2960,113272.0225,113287.0,107264,113287,228,569
coco_i2i,euclidean,1.2,robust-prune,-1,27200,113287,2961,113272.0661,113287.0,107268,113287,227,568
coco_i2i,euclidean,1.2,robust-prune,-1,27200,113287,2962,113272.1154,113287.0,107269,113287,227,567
coco_i2i,euclidean,1.2,robust-prune,-1,27200,113287,2963,113272.1537,113287.0,107284,113287,227,563
coco_i2i,euclidean,1.2,robust-prune,-1,27200,113287,2964,113272.2004,113287.0,107286,113287,226,561
coco_i2i,euclidean,1.2,robust-prune,-1,27200,113287,2965,113272.2461,113287.0,107287,113287,226,561
coco_i2i,euclidean,1.2,robust-prune,-1,27200,113287,2966,113272.2906,113287.0,107290,113287,226,560
coco_i2i,euclidean,1.2,robust-prune,-1,27200,113287,2967,113272.3286,113287.0,107292,113287,224,559
coco_i2i,euclidean,1.2,robust-prune,-1,27200,113287,2968,113272.372,113287.0,107299,113287,223,559
coco_i2i,euclidean,1.2,robust-prune,-1,27200,113287,2969,113272.4201,113287.0,107311,113287,221,555
coco_i2i,euclidean,1.2,robust-prune,-1,27200,113287,2970,113272.4696,113287.0,107312,113287,218,555
coco_i2i,euclidean,1.2,robust-prune,-1,27200,113287,2971,113272.5135,113287.0,107313,113287,218,554
coco_i2i,euclidean,1.2,robust-prune,-1,27200,113287,2972,113272.5542,113287.0,107314,113287,217,553
coco_i2i,euclidean,1.2,robust-prune,-1,27200,113287,2973,113272.5973,113287.0,107317,113287,217,551
coco_i2i,euclidean,1.2,robust-prune,-1,27200,113287,2974,113272.6406,113287.0,107323,113287,216,551
coco_i2i,euclidean,1.2,robust-prune,-1,27200,113287,2975,113272.6833,113287.0,107324,113287,215,551
coco_i2i,euclidean,1.2,robust-prune,-1,27200,113287,2976,113272.7245,113287.0,107327,113287,215,549
coco_i2i,euclidean,1.2,robust-prune,-1,27200,113287,2977,113272.7654,113287.0,107333,113287,215,548
coco_i2i,euclidean,1.2,robust-prune,-1,27200,113287,2978,113272.8082,113287.0,107338,113287,215,546
coco_i2i,euclidean,1.2,robust-prune,-1,27200,113287,2979,113272.849,113287.0,107346,113287,215,543
coco_i2i,euclidean,1.2,robust-prune,-1,27200,113287,2980,113272.8856,113287.0,107357,113287,215,541
coco_i2i,euclidean,1.2,robust-prune,-1,27200,113287,2981,113272.9234,113287.0,107358,113287,213,541
coco_i2i,euclidean,1.2,robust-prune,-1,27200,113287,2982,113272.9677,113287.0,107363,113287,213,540
coco_i2i,euclidean,1.2,robust-prune,-1,27200,113287,2983,113273.0037,113287.0,107367,113287,213,540
coco_i2i,euclidean,1.2,robust-prune,-1,27200,113287,2984,113273.0785,113287.0,107375,113287,212,540
coco_i2i,euclidean,1.2,robust-prune,-1,27200,113287,2985,113273.1164,113287.0,107378,113287,211,540
coco_i2i,euclidean,1.2,robust-prune,-1,27200,113287,2986,113273.155,113287.0,107379,113287,211,540
coco_i2i,euclidean,1.2,robust-prune,-1,27200,113287,2987,113273.2334,113287.0,107381,113287,211,540
coco_i2i,euclidean,1.2,robust-prune,-1,27200,113287,2988,113273.2744,113287.0,107383,113287,211,540
coco_i2i,euclidean,1.2,robust-prune,-1,27200,113287,2989,113273.3116,113287.0,107391,113287,210,539
coco_i2i,euclidean,1.2,robust-prune,-1,27200,113287,2990,113273.3554,113287.0,107394,113287,210,538
coco_i2i,euclidean,1.2,robust-prune,-1,27200,113287,2991,113273.3989,113287.0,107395,113287,210,535
coco_i2i,euclidean,1.2,robust-prune,-1,27200,113287,2992,113273.4371,113287.0,107397,113287,209,532
coco_i2i,euclidean,1.2,robust-prune,-1,27200,113287,2993,113273.4756,113287.0,107414,113287,209,531
coco_i2i,euclidean,1.2,robust-prune,-1,27200,113287,2994,113273.5133,113287.0,107417,113287,208,528
coco_i2i,euclidean,1.2,robust-prune,-1,27200,113287,2995,113273.5503,113287.0,107421,113287,207,526
coco_i2i,euclidean,1.2,robust-prune,-1,27200,113287,2996,113273.5942,113287.0,107422,113287,206,524
coco_i2i,euclidean,1.2,robust-prune,-1,27200,113287,2997,113273.6317,113287.0,107424,113287,205,524
coco_i2i,euclidean,1.2,robust-prune,-1,27200,113287,2998,113273.6662,113287.0,107425,113287,204,523
coco_i2i,euclidean,1.2,robust-prune,-1,27200,113287,2999,113273.7005,113287.0,107428,113287,204,520
coco_i2i,euclidean,1.2,robust-prune,-1,27200,113287,3000,113273.7407,113287.0,107430,113287,203,519
coco_i2i,euclidean,1.2,robust-prune,-1,27200,113287,3001,113273.7829,113287.0,107440,113287,203,517
coco_i2i,euclidean,1.2,robust-prune,-1,27200,113287,3002,113273.8296,113287.0,107453,113287,202,517
coco_i2i,euclidean,1.2,robust-prune,-1,27200,113287,3003,113273.8714,113287.0,107456,113287,201,516
coco_i2i,euclidean,1.2,robust-prune,-1,27200,113287,3004,113273.913,113287.0,107499,113287,200,516
coco_i2i,euclidean,1.2,robust-prune,-1,27200,113287,3005,113273.9621,113287.0,107502,113287,200,516
coco_i2i,euclidean,1.2,robust-prune,-1,27200,113287,3006,113274.0015,113287.0,107503,113287,200,514
coco_i2i,euclidean,1.2,robust-prune,-1,27200,113287,3007,113274.0396,113287.0,107512,113287,200,512
coco_i2i,euclidean,1.2,robust-prune,-1,27200,113287,3008,113274.0776,113287.0,107516,113287,200,512
coco_i2i,euclidean,1.2,robust-prune,-1,27200,113287,3009,113274.1188,113287.0,107519,113287,198,511
coco_i2i,euclidean,1.2,robust-prune,-1,27200,113287,3010,113274.1569,113287.0,107520,113287,198,509
coco_i2i,euclidean,1.2,robust-prune,-1,27200,113287,3011,113274.1985,113287.0,107523,113287,198,507
coco_i2i,euclidean,1.2,robust-prune,-1,27200,113287,3012,113274.2429,113287.0,107524,113287,198,504
coco_i2i,euclidean,1.2,robust-prune,-1,27200,113287,3013,113274.2832,113287.0,107526,113287,197,502
coco_i2i,euclidean,1.2,robust-prune,-1,27200,113287,3014,113274.3198,113287.0,107529,113287,197,502
coco_i2i,euclidean,1.2,robust-prune,-1,27200,113287,3015,113274.3571,113287.0,107532,113287,197,499
coco_i2i,euclidean,1.2,robust-prune,-1,27200,113287,3016,113274.3947,113287.0,107533,113287,195,496
coco_i2i,euclidean,1.2,robust-prune,-1,27200,113287,3017,113274.4361,113287.0,107539,113287,195,495
coco_i2i,euclidean,1.2,robust-prune,-1,27200,113287,3018,113274.473,113287.0,107541,113287,195,494
coco_i2i,euclidean,1.2,robust-prune,-1,27200,113287,3019,113274.5107,113287.0,107543,113287,195,494
coco_i2i,euclidean,1.2,robust-prune,-1,27200,113287,3020,113274.5582,113287.0,107548,113287,195,492
coco_i2i,euclidean,1.2,robust-prune,-1,27200,113287,3021,113274.5943,113287.0,107551,113287,195,491
coco_i2i,euclidean,1.2,robust-prune,-1,27200,113287,3022,113274.6259,113287.0,107553,113287,194,491
coco_i2i,euclidean,1.2,robust-prune,-1,27200,113287,3023,113274.6769,113287.0,107554,113287,193,491
coco_i2i,euclidean,1.2,robust-prune,-1,27200,113287,3024,113274.7143,113287.0,107555,113287,193,490
coco_i2i,euclidean,1.2,robust-prune,-1,27200,113287,3025,113274.7514,113287.0,107556,113287,193,487
coco_i2i,euclidean,1.2,robust-prune,-1,27200,113287,3026,113274.7889,113287.0,107560,113287,192,484
coco_i2i,euclidean,1.2,robust-prune,-1,27200,113287,3027,113274.8286,113287.0,107562,113287,192,484
coco_i2i,euclidean,1.2,robust-prune,-1,27200,113287,3028,113274.8624,113287.0,107564,113287,190,484
coco_i2i,euclidean,1.2,robust-prune,-1,27200,113287,3029,113274.9048,113287.0,107568,113287,188,484
coco_i2i,euclidean,1.2,robust-prune,-1,27200,113287,3030,113274.9462,113287.0,107569,113287,186,484
coco_i2i,euclidean,1.2,robust-prune,-1,27200,113287,3031,113274.986,113287.0,107570,113287,186,484
coco_i2i,euclidean,1.2,robust-prune,-1,27200,113287,3032,113275.0281,113287.0,107575,113287,185,483
coco_i2i,euclidean,1.2,robust-prune,-1,27200,113287,3033,113275.0677,113287.0,107591,113287,185,483
coco_i2i,euclidean,1.2,robust-prune,-1,27200,113287,3034,113275.1038,113287.0,107599,113287,185,483
coco_i2i,euclidean,1.2,robust-prune,-1,27200,113287,3035,113275.1355,113287.0,107602,113287,185,480
coco_i2i,euclidean,1.2,robust-prune,-1,27200,113287,3036,113275.1736,113287.0,107606,113287,184,480
coco_i2i,euclidean,1.2,robust-prune,-1,27200,113287,3037,113275.2073,113287.0,107613,113287,184,479
coco_i2i,euclidean,1.2,robust-prune,-1,27200,113287,3038,113275.241,113287.0,107614,113287,184,478
coco_i2i,euclidean,1.2,robust-prune,-1,27200,113287,3039,113275.277,113287.0,107615,113287,184,478
coco_i2i,euclidean,1.2,robust-prune,-1,27200,113287,3040,113275.3162,113287.0,107616,113287,183,478
coco_i2i,euclidean,1.2,robust-prune,-1,27200,113287,3041,113275.3471,113287.0,107617,113287,181,477
coco_i2i,euclidean,1.2,robust-prune,-1,27200,113287,3042,113275.386,113287.0,107618,113287,181,477
coco_i2i,euclidean,1.2,robust-prune,-1,27200,113287,3043,113275.4243,113287.0,107621,113287,178,476
coco_i2i,euclidean,1.2,robust-prune,-1,27200,113287,3044,113275.4583,113287.0,107622,113287,177,475
coco_i2i,euclidean,1.2,robust-prune,-1,27200,113287,3045,113275.4975,113287.0,107623,113287,177,475
coco_i2i,euclidean,1.2,robust-prune,-1,27200,113287,3046,113275.5368,113287.0,107627,113287,176,474
coco_i2i,euclidean,1.2,robust-prune,-1,27200,113287,3047,113275.5748,113287.0,107634,113287,174,474
coco_i2i,euclidean,1.2,robust-prune,-1,27200,113287,3048,113275.6171,113287.0,107644,113287,173,474
coco_i2i,euclidean,1.2,robust-prune,-1,27200,113287,3049,113275.6509,113287.0,107646,113287,173,472
coco_i2i,euclidean,1.2,robust-prune,-1,27200,113287,3050,113275.682,113287.0,107647,113287,173,472
coco_i2i,euclidean,1.2,robust-prune,-1,27200,113287,3051,113275.7158,113287.0,107650,113287,173,471
coco_i2i,euclidean,1.2,robust-prune,-1,27200,113287,3052,113275.7494,113287.0,107670,113287,173,469
coco_i2i,euclidean,1.2,robust-prune,-1,27200,113287,3053,113275.7878,113287.0,107673,113287,172,469
coco_i2i,euclidean,1.2,robust-prune,-1,27200,113287,3054,113275.8266,113287.0,107674,113287,171,465
coco_i2i,euclidean,1.2,robust-prune,-1,27200,113287,3055,113275.8663,113287.0,107677,113287,171,462
coco_i2i,euclidean,1.2,robust-prune,-1,27200,113287,3056,113275.8997,113287.0,107709,113287,171,462
coco_i2i,euclidean,1.2,robust-prune,-1,27200,113287,3057,113275.9306,113287.0,107731,113287,170,461
coco_i2i,euclidean,1.2,robust-prune,-1,27200,113287,3058,113275.9629,113287.0,107748,113287,170,459
coco_i2i,euclidean,1.2,robust-prune,-1,27200,113287,3059,113276.0011,113287.0,107749,113287,170,458
coco_i2i,euclidean,1.2,robust-prune,-1,27200,113287,3060,113276.0323,113287.0,107750,113287,169,456
coco_i2i,euclidean,1.2,robust-prune,-1,27200,113287,3061,113276.0681,113287.0,107751,113287,169,455
coco_i2i,euclidean,1.2,robust-prune,-1,27200,113287,3062,113276.1004,113287.0,107753,113287,169,455
coco_i2i,euclidean,1.2,robust-prune,-1,27200,113287,3063,113276.1385,113287.0,107759,113287,168,454
coco_i2i,euclidean,1.2,robust-prune,-1,27200,113287,3064,113276.1865,113287.0,107762,113287,167,451
coco_i2i,euclidean,1.2,robust-prune,-1,27200,113287,3065,113276.2178,113287.0,107764,113287,167,450
coco_i2i,euclidean,1.2,robust-prune,-1,27200,113287,3066,113276.2669,113287.0,107770,113287,166,450
coco_i2i,euclidean,1.2,robust-prune,-1,27200,113287,3067,113276.2955,113287.0,107773,113287,166,448
coco_i2i,euclidean,1.2,robust-prune,-1,27200,113287,3068,113276.324,113287.0,107776,113287,165,446
coco_i2i,euclidean,1.2,robust-prune,-1,27200,113287,3069,113276.3528,113287.0,107778,113287,165,443
coco_i2i,euclidean,1.2,robust-prune,-1,27200,113287,3070,113276.3835,113287.0,107780,113287,163,441
coco_i2i,euclidean,1.2,robust-prune,-1,27200,113287,3071,113276.4162,113287.0,107803,113287,163,440
coco_i2i,euclidean,1.2,robust-prune,-1,27200,113287,3072,113276.4538,113287.0,107812,113287,162,439
coco_i2i,euclidean,1.2,robust-prune,-1,27200,113287,3073,113276.4888,113287.0,107813,113287,162,439
coco_i2i,euclidean,1.2,robust-prune,-1,27200,113287,3074,113276.5469,113287.0,107815,113287,162,437
coco_i2i,euclidean,1.2,robust-prune,-1,27200,113287,3075,113276.5825,113287.0,107823,113287,162,436
coco_i2i,euclidean,1.2,robust-prune,-1,27200,113287,3076,113276.6246,113287.0,107825,113287,162,436
coco_i2i,euclidean,1.2,robust-prune,-1,27200,113287,3077,113276.6572,113287.0,107828,113287,162,435
coco_i2i,euclidean,1.2,robust-prune,-1,27200,113287,3078,113276.6892,113287.0,107831,113287,162,434
coco_i2i,euclidean,1.2,robust-prune,-1,27200,113287,3079,113276.7265,113287.0,107834,113287,160,432
coco_i2i,euclidean,1.2,robust-prune,-1,27200,113287,3080,113276.7548,113287.0,107836,113287,160,432
coco_i2i,euclidean,1.2,robust-prune,-1,27200,113287,3081,113276.7933,113287.0,107921,113287,159,430
coco_i2i,euclidean,1.2,robust-prune,-1,27200,113287,3082,113276.8194,113287.0,107931,113287,159,429
coco_i2i,euclidean,1.2,robust-prune,-1,27200,113287,3083,113276.8542,113287.0,107933,113287,159,429
coco_i2i,euclidean,1.2,robust-prune,-1,27200,113287,3084,113276.8843,113287.0,107936,113287,159,427
coco_i2i,euclidean,1.2,robust-prune,-1,27200,113287,3085,113276.9168,113287.0,107944,113287,159,424
coco_i2i,euclidean,1.2,robust-prune,-1,27200,113287,3086,113276.9475,113287.0,107947,113287,159,422
coco_i2i,euclidean,1.2,robust-prune,-1,27200,113287,3087,113276.9818,113287.0,107949,113287,159,422
coco_i2i,euclidean,1.2,robust-prune,-1,27200,113287,3088,113277.0168,113287.0,107958,113287,158,421
coco_i2i,euclidean,1.2,robust-prune,-1,27200,113287,3089,113277.0479,113287.0,107999,113287,157,421
coco_i2i,euclidean,1.2,robust-prune,-1,27200,113287,3090,113277.0751,113287.0,108000,113287,157,420
coco_i2i,euclidean,1.2,robust-prune,-1,27200,113287,3091,113277.1075,113287.0,108002,113287,157,418
coco_i2i,euclidean,1.2,robust-prune,-1,27200,113287,3092,113277.1381,113287.0,108006,113287,155,417
coco_i2i,euclidean,1.2,robust-prune,-1,27200,113287,3093,113277.1665,113287.0,108007,113287,155,416
coco_i2i,euclidean,1.2,robust-prune,-1,27200,113287,3094,113277.1998,113287.0,108016,113287,155,416
coco_i2i,euclidean,1.2,robust-prune,-1,27200,113287,3095,113277.2375,113287.0,108017,113287,154,416
coco_i2i,euclidean,1.2,robust-prune,-1,27200,113287,3096,113277.2672,113287.0,108019,113287,154,416
coco_i2i,euclidean,1.2,robust-prune,-1,27200,113287,3097,113277.2978,113287.0,108023,113287,154,416
coco_i2i,euclidean,1.2,robust-prune,-1,27200,113287,3098,113277.3278,113287.0,108027,113287,154,416
coco_i2i,euclidean,1.2,robust-prune,-1,27200,113287,3099,113277.3621,113287.0,108029,113287,153,414
coco_i2i,euclidean,1.2,robust-prune,-1,27200,113287,3100,113277.395,113287.0,108034,113287,152,414
coco_i2i,euclidean,1.2,robust-prune,-1,27200,113287,3101,113277.4335,113287.0,108036,113287,152,413
coco_i2i,euclidean,1.2,robust-prune,-1,27200,113287,3102,113277.4676,113287.0,108040,113287,151,412
coco_i2i,euclidean,1.2,robust-prune,-1,27200,113287,3103,113277.4989,113287.0,108088,113287,151,410
coco_i2i,euclidean,1.2,robust-prune,-1,27200,113287,3104,113277.5282,113287.0,108089,113287,150,409
coco_i2i,euclidean,1.2,robust-prune,-1,27200,113287,3105,113277.5829,113287.0,108090,113287,149,409
coco_i2i,euclidean,1.2,robust-prune,-1,27200,113287,3106,113277.6254,113287.0,108091,113287,148,406
coco_i2i,euclidean,1.2,robust-prune,-1,27200,113287,3107,113277.6808,113287.0,108093,113287,148,405
coco_i2i,euclidean,1.2,robust-prune,-1,27200,113287,3108,113277.713,113287.0,108105,113287,148,405
coco_i2i,euclidean,1.2,robust-prune,-1,27200,113287,3109,113277.7407,113287.0,108106,113287,147,404
coco_i2i,euclidean,1.2,robust-prune,-1,27200,113287,3110,113277.7669,113287.0,108107,113287,147,403
coco_i2i,euclidean,1.2,robust-prune,-1,27200,113287,3111,113277.8097,113287.0,108110,113287,146,400
coco_i2i,euclidean,1.2,robust-prune,-1,27200,113287,3112,113277.8415,113287.0,108111,113287,146,400
coco_i2i,euclidean,1.2,robust-prune,-1,27200,113287,3113,113277.8688,113287.0,108122,113287,146,400
coco_i2i,euclidean,1.2,robust-prune,-1,27200,113287,3114,113277.9013,113287.0,108123,113287,146,397
coco_i2i,euclidean,1.2,robust-prune,-1,27200,113287,3115,113277.9306,113287.0,108127,113287,145,397
coco_i2i,euclidean,1.2,robust-prune,-1,27200,113287,3116,113277.9635,113287.0,108129,113287,145,394
coco_i2i,euclidean,1.2,robust-prune,-1,27200,113287,3117,113277.9992,113287.0,108133,113287,143,393
coco_i2i,euclidean,1.2,robust-prune,-1,27200,113287,3118,113278.0249,113287.0,108135,113287,142,392
coco_i2i,euclidean,1.2,robust-prune,-1,27200,113287,3119,113278.0506,113287.0,108136,113287,142,392
coco_i2i,euclidean,1.2,robust-prune,-1,27200,113287,3120,113278.0794,113287.0,108140,113287,142,391
coco_i2i,euclidean,1.2,robust-prune,-1,27200,113287,3121,113278.1081,113287.0,108154,113287,142,390
coco_i2i,euclidean,1.2,robust-prune,-1,27200,113287,3122,113278.1324,113287.0,108156,113287,141,389
coco_i2i,euclidean,1.2,robust-prune,-1,27200,113287,3123,113278.1677,113287.0,108175,113287,140,389
coco_i2i,euclidean,1.2,robust-prune,-1,27200,113287,3124,113278.1921,113287.0,108178,113287,140,388
coco_i2i,euclidean,1.2,robust-prune,-1,27200,113287,3125,113278.217,113287.0,108182,113287,137,385
coco_i2i,euclidean,1.2,robust-prune,-1,27200,113287,3126,113278.2398,113287.0,108183,113287,137,385
coco_i2i,euclidean,1.2,robust-prune,-1,27200,113287,3127,113278.2633,113287.0,108184,113287,136,384
coco_i2i,euclidean,1.2,robust-prune,-1,27200,113287,3128,113278.3041,113287.0,108188,113287,136,382
coco_i2i,euclidean,1.2,robust-prune,-1,27200,113287,3129,113278.3352,113287.0,108190,113287,135,381
coco_i2i,euclidean,1.2,robust-prune,-1,27200,113287,3130,113278.3611,113287.0,108196,113287,135,381
coco_i2i,euclidean,1.2,robust-prune,-1,27200,113287,3131,113278.3869,113287.0,108198,113287,135,379
coco_i2i,euclidean,1.2,robust-prune,-1,27200,113287,3132,113278.4115,113287.0,108221,113287,134,377
coco_i2i,euclidean,1.2,robust-prune,-1,27200,113287,3133,113278.4374,113287.0,108223,113287,132,377
coco_i2i,euclidean,1.2,robust-prune,-1,27200,113287,3134,113278.4641,113287.0,108224,113287,131,376
coco_i2i,euclidean,1.2,robust-prune,-1,27200,113287,3135,113278.4932,113287.0,108225,113287,131,375
coco_i2i,euclidean,1.2,robust-prune,-1,27200,113287,3136,113278.5151,113287.0,108226,113287,131,375
coco_i2i,euclidean,1.2,robust-prune,-1,27200,113287,3137,113278.5433,113287.0,108227,113287,131,375
coco_i2i,euclidean,1.2,robust-prune,-1,27200,113287,3138,113278.5703,113287.0,108238,113287,131,373
coco_i2i,euclidean,1.2,robust-prune,-1,27200,113287,3139,113278.5937,113287.0,108239,113287,131,372
coco_i2i,euclidean,1.2,robust-prune,-1,27200,113287,3140,113278.6193,113287.0,108240,113287,131,372
coco_i2i,euclidean,1.2,robust-prune,-1,27200,113287,3141,113278.6454,113287.0,108243,113287,130,369
coco_i2i,euclidean,1.2,robust-prune,-1,27200,113287,3142,113278.6742,113287.0,108244,113287,129,369
coco_i2i,euclidean,1.2,robust-prune,-1,27200,113287,3143,113278.7006,113287.0,108248,113287,128,368
coco_i2i,euclidean,1.2,robust-prune,-1,27200,113287,3144,113278.7274,113287.0,108250,113287,128,368
coco_i2i,euclidean,1.2,robust-prune,-1,27200,113287,3145,113278.752,113287.0,108252,113287,127,365
coco_i2i,euclidean,1.2,robust-prune,-1,27200,113287,3146,113278.7752,113287.0,108254,113287,127,364
coco_i2i,euclidean,1.2,robust-prune,-1,27200,113287,3147,113278.8017,113287.0,108263,113287,127,363
coco_i2i,euclidean,1.2,robust-prune,-1,27200,113287,3148,113278.8308,113287.0,108264,113287,126,363
coco_i2i,euclidean,1.2,robust-prune,-1,27200,113287,3149,113278.8555,113287.0,108265,113287,126,361
coco_i2i,euclidean,1.2,robust-prune,-1,27200,113287,3150,113278.8795,113287.0,108272,113287,126,359
coco_i2i,euclidean,1.2,robust-prune,-1,27200,113287,3151,113278.9054,113287.0,108273,113287,125,359
coco_i2i,euclidean,1.2,robust-prune,-1,27200,113287,3152,113278.9276,113287.0,108274,113287,123,358
coco_i2i,euclidean,1.2,robust-prune,-1,27200,113287,3153,113278.9566,113287.0,108276,113287,123,357
coco_i2i,euclidean,1.2,robust-prune,-1,27200,113287,3154,113278.9832,113287.0,108279,113287,122,357
coco_i2i,euclidean,1.2,robust-prune,-1,27200,113287,3155,113279.0074,113287.0,108280,113287,122,356
coco_i2i,euclidean,1.2,robust-prune,-1,27200,113287,3156,113279.0305,113287.0,108285,113287,122,354
coco_i2i,euclidean,1.2,robust-prune,-1,27200,113287,3157,113279.0533,113287.0,108286,113287,122,348
coco_i2i,euclidean,1.2,robust-prune,-1,27200,113287,3158,113279.0761,113287.0,108288,113287,122,346
coco_i2i,euclidean,1.2,robust-prune,-1,27200,113287,3159,113279.0996,113287.0,108289,113287,122,343
coco_i2i,euclidean,1.2,robust-prune,-1,27200,113287,3160,113279.1388,113287.0,108293,113287,122,341
coco_i2i,euclidean,1.2,robust-prune,-1,27200,113287,3161,113279.1615,113287.0,108294,113287,122,340
coco_i2i,euclidean,1.2,robust-prune,-1,27200,113287,3162,113279.186,113287.0,108296,113287,122,339
coco_i2i,euclidean,1.2,robust-prune,-1,27200,113287,3163,113279.22,113287.0,108297,113287,122,339
coco_i2i,euclidean,1.2,robust-prune,-1,27200,113287,3164,113279.2413,113287.0,108299,113287,122,338
coco_i2i,euclidean,1.2,robust-prune,-1,27200,113287,3165,113279.2656,113287.0,108304,113287,122,336
coco_i2i,euclidean,1.2,robust-prune,-1,27200,113287,3166,113279.2892,113287.0,108305,113287,121,335
coco_i2i,euclidean,1.2,robust-prune,-1,27200,113287,3167,113279.3107,113287.0,108306,113287,121,331
coco_i2i,euclidean,1.2,robust-prune,-1,27200,113287,3168,113279.3319,113287.0,108310,113287,121,329
coco_i2i,euclidean,1.2,robust-prune,-1,27200,113287,3169,113279.3576,113287.0,108314,113287,120,328
coco_i2i,euclidean,1.2,robust-prune,-1,27200,113287,3170,113279.3797,113287.0,108315,113287,120,328
coco_i2i,euclidean,1.2,robust-prune,-1,27200,113287,3171,113279.4058,113287.0,108321,113287,120,327
coco_i2i,euclidean,1.2,robust-prune,-1,27200,113287,3172,113279.4297,113287.0,108322,113287,120,327
coco_i2i,euclidean,1.2,robust-prune,-1,27200,113287,3173,113279.4522,113287.0,108336,113287,120,326
coco_i2i,euclidean,1.2,robust-prune,-1,27200,113287,3174,113279.4817,113287.0,108338,113287,120,325
coco_i2i,euclidean,1.2,robust-prune,-1,27200,113287,3175,113279.5081,113287.0,108341,113287,119,325
coco_i2i,euclidean,1.2,robust-prune,-1,27200,113287,3176,113279.556,113287.0,108342,113287,118,322
coco_i2i,euclidean,1.2,robust-prune,-1,27200,113287,3177,113279.5836,113287.0,108343,113287,118,322
coco_i2i,euclidean,1.2,robust-prune,-1,27200,113287,3178,113279.6052,113287.0,108344,113287,118,319
coco_i2i,euclidean,1.2,robust-prune,-1,27200,113287,3179,113279.6279,113287.0,108346,113287,117,319
coco_i2i,euclidean,1.2,robust-prune,-1,27200,113287,3180,113279.6481,113287.0,108347,113287,117,318
coco_i2i,euclidean,1.2,robust-prune,-1,27200,113287,3181,113279.6682,113287.0,108348,113287,117,318
coco_i2i,euclidean,1.2,robust-prune,-1,27200,113287,3182,113279.6902,113287.0,108352,113287,117,318
coco_i2i,euclidean,1.2,robust-prune,-1,27200,113287,3183,113279.7113,113287.0,108356,113287,117,318
coco_i2i,euclidean,1.2,robust-prune,-1,27200,113287,3184,113279.7321,113287.0,108357,113287,116,318
coco_i2i,euclidean,1.2,robust-prune,-1,27200,113287,3185,113279.7552,113287.0,108363,113287,116,317
coco_i2i,euclidean,1.2,robust-prune,-1,27200,113287,3186,113279.7768,113287.0,108364,113287,115,316
coco_i2i,euclidean,1.2,robust-prune,-1,27200,113287,3187,113279.7975,113287.0,108372,113287,115,316
coco_i2i,euclidean,1.2,robust-prune,-1,27200,113287,3188,113279.8216,113287.0,108373,113287,113,315
coco_i2i,euclidean,1.2,robust-prune,-1,27200,113287,3189,113279.8427,113287.0,108387,113287,112,315
coco_i2i,euclidean,1.2,robust-prune,-1,27200,113287,3190,113279.8758,113287.0,108388,113287,112,313
coco_i2i,euclidean,1.2,robust-prune,-1,27200,113287,3191,113279.899,113287.0,108389,113287,112,313
coco_i2i,euclidean,1.2,robust-prune,-1,27200,113287,3192,113279.9204,113287.0,108393,113287,111,313
coco_i2i,euclidean,1.2,robust-prune,-1,27200,113287,3193,113279.9472,113287.0,108395,113287,111,312
coco_i2i,euclidean,1.2,robust-prune,-1,27200,113287,3194,113279.9812,113287.0,108397,113287,111,312
coco_i2i,euclidean,1.2,robust-prune,-1,27200,113287,3195,113280.0049,113287.0,108398,113287,108,311
coco_i2i,euclidean,1.2,robust-prune,-1,27200,113287,3196,113280.0255,113287.0,108400,113287,108,309
coco_i2i,euclidean,1.2,robust-prune,-1,27200,113287,3197,113280.0446,113287.0,108401,113287,108,309
coco_i2i,euclidean,1.2,robust-prune,-1,27200,113287,3198,113280.0658,113287.0,108408,113287,108,309
coco_i2i,euclidean,1.2,robust-prune,-1,27200,113287,3199,113280.0872,113287.0,108420,113287,108,306
coco_i2i,euclidean,1.2,robust-prune,-1,27200,113287,3200,113280.1114,113287.0,108426,113287,107,306
coco_i2i,euclidean,1.2,robust-prune,-1,27200,113287,3201,113280.1318,113287.0,108430,113287,107,305
coco_i2i,euclidean,1.2,robust-prune,-1,27200,113287,3202,113280.1513,113287.0,108454,113287,107,305
coco_i2i,euclidean,1.2,robust-prune,-1,27200,113287,3203,113280.1744,113287.0,108455,113287,106,304
coco_i2i,euclidean,1.2,robust-prune,-1,27200,113287,3204,113280.1941,113287.0,108456,113287,106,303
coco_i2i,euclidean,1.2,robust-prune,-1,27200,113287,3205,113280.2138,113287.0,108459,113287,106,302
coco_i2i,euclidean,1.2,robust-prune,-1,27200,113287,3206,113280.2356,113287.0,108470,113287,106,301
coco_i2i,euclidean,1.2,robust-prune,-1,27200,113287,3207,113280.2599,113287.0,108475,113287,106,299
coco_i2i,euclidean,1.2,robust-prune,-1,27200,113287,3208,113280.2851,113287.0,108488,113287,106,298
coco_i2i,euclidean,1.2,robust-prune,-1,27200,113287,3209,113280.3103,113287.0,108490,113287,106,298
coco_i2i,euclidean,1.2,robust-prune,-1,27200,113287,3210,113280.3302,113287.0,108496,113287,106,297
coco_i2i,euclidean,1.2,robust-prune,-1,27200,113287,3211,113280.3502,113287.0,108498,113287,105,295
coco_i2i,euclidean,1.2,robust-prune,-1,27200,113287,3212,113280.3681,113287.0,108503,113287,105,295
coco_i2i,euclidean,1.2,robust-prune,-1,27200,113287,3213,113280.3984,113287.0,108504,113287,104,294
coco_i2i,euclidean,1.2,robust-prune,-1,27200,113287,3214,113280.4171,113287.0,108506,113287,103,292
coco_i2i,euclidean,1.2,robust-prune,-1,27200,113287,3215,113280.4382,113287.0,108512,113287,103,290
coco_i2i,euclidean,1.2,robust-prune,-1,27200,113287,3216,113280.4558,113287.0,108513,113287,103,289
coco_i2i,euclidean,1.2,robust-prune,-1,27200,113287,3217,113280.4791,113287.0,108514,113287,103,289
coco_i2i,euclidean,1.2,robust-prune,-1,27200,113287,3218,113280.4999,113287.0,108517,113287,103,287
coco_i2i,euclidean,1.2,robust-prune,-1,27200,113287,3219,113280.5222,113287.0,108518,113287,103,285
coco_i2i,euclidean,1.2,robust-prune,-1,27200,113287,3220,113280.5414,113287.0,108524,113287,103,284
coco_i2i,euclidean,1.2,robust-prune,-1,27200,113287,3221,113280.5588,113287.0,108525,113287,103,284
coco_i2i,euclidean,1.2,robust-prune,-1,27200,113287,3222,113280.5828,113287.0,108531,113287,103,282
coco_i2i,euclidean,1.2,robust-prune,-1,27200,113287,3223,113280.6106,113287.0,108672,113287,103,282
coco_i2i,euclidean,1.2,robust-prune,-1,27200,113287,3224,113280.63,113287.0,108676,113287,103,282
coco_i2i,euclidean,1.2,robust-prune,-1,27200,113287,3225,113280.6499,113287.0,108677,113287,102,280
coco_i2i,euclidean,1.2,robust-prune,-1,27200,113287,3226,113280.6686,113287.0,108681,113287,101,280
coco_i2i,euclidean,1.2,robust-prune,-1,27200,113287,3227,113280.6983,113287.0,108684,113287,99,279
coco_i2i,euclidean,1.2,robust-prune,-1,27200,113287,3228,113280.7262,113287.0,108686,113287,99,279
coco_i2i,euclidean,1.2,robust-prune,-1,27200,113287,3229,113280.7445,113287.0,108687,113287,99,279
coco_i2i,euclidean,1.2,robust-prune,-1,27200,113287,3230,113280.7671,113287.0,108690,113287,99,278
coco_i2i,euclidean,1.2,robust-prune,-1,27200,113287,3231,113280.7849,113287.0,108693,113287,99,277
coco_i2i,euclidean,1.2,robust-prune,-1,27200,113287,3232,113280.8114,113287.0,108694,113287,98,276
coco_i2i,euclidean,1.2,robust-prune,-1,27200,113287,3233,113280.8299,113287.0,108698,113287,98,276
coco_i2i,euclidean,1.2,robust-prune,-1,27200,113287,3234,113280.8597,113287.0,108704,113287,97,275
coco_i2i,euclidean,1.2,robust-prune,-1,27200,113287,3235,113280.8814,113287.0,108705,113287,96,275
coco_i2i,euclidean,1.2,robust-prune,-1,27200,113287,3236,113280.9002,113287.0,108715,113287,96,274
coco_i2i,euclidean,1.2,robust-prune,-1,27200,113287,3237,113280.9194,113287.0,108716,113287,96,273
coco_i2i,euclidean,1.2,robust-prune,-1,27200,113287,3238,113280.9369,113287.0,108718,113287,95,273
coco_i2i,euclidean,1.2,robust-prune,-1,27200,113287,3239,113280.9585,113287.0,108734,113287,95,273
coco_i2i,euclidean,1.2,robust-prune,-1,27200,113287,3240,113280.977,113287.0,108736,113287,94,272
coco_i2i,euclidean,1.2,robust-prune,-1,27200,113287,3241,113281.0086,113287.0,108740,113287,94,270
coco_i2i,euclidean,1.2,robust-prune,-1,27200,113287,3242,113281.0297,113287.0,108745,113287,94,270
coco_i2i,euclidean,1.2,robust-prune,-1,27200,113287,3243,113281.0485,113287.0,108748,113287,94,267
coco_i2i,euclidean,1.2,robust-prune,-1,27200,113287,3244,113281.0654,113287.0,108751,113287,93,267
coco_i2i,euclidean,1.2,robust-prune,-1,27200,113287,3245,113281.0825,113287.0,108753,113287,93,267
coco_i2i,euclidean,1.2,robust-prune,-1,27200,113287,3246,113281.1008,113287.0,108759,113287,93,265
coco_i2i,euclidean,1.2,robust-prune,-1,27200,113287,3247,113281.1209,113287.0,108761,113287,91,264
coco_i2i,euclidean,1.2,robust-prune,-1,27200,113287,3248,113281.1379,113287.0,108764,113287,91,264
coco_i2i,euclidean,1.2,robust-prune,-1,27200,113287,3249,113281.1559,113287.0,108765,113287,91,263
coco_i2i,euclidean,1.2,robust-prune,-1,27200,113287,3250,113281.1723,113287.0,108767,113287,91,261
coco_i2i,euclidean,1.2,robust-prune,-1,27200,113287,3251,113281.1914,113287.0,108770,113287,90,261
coco_i2i,euclidean,1.2,robust-prune,-1,27200,113287,3252,113281.2113,113287.0,108771,113287,89,261
coco_i2i,euclidean,1.2,robust-prune,-1,27200,113287,3253,113281.2303,113287.0,108781,113287,89,258
coco_i2i,euclidean,1.2,robust-prune,-1,27200,113287,3254,113281.2468,113287.0,108785,113287,89,257
coco_i2i,euclidean,1.2,robust-prune,-1,27200,113287,3255,113281.2639,113287.0,108788,113287,89,256
coco_i2i,euclidean,1.2,robust-prune,-1,27200,113287,3256,113281.28,113287.0,108793,113287,89,256
coco_i2i,euclidean,1.2,robust-prune,-1,27200,113287,3257,113281.301,113287.0,108803,113287,87,254
coco_i2i,euclidean,1.2,robust-prune,-1,27200,113287,3258,113281.3191,113287.0,108804,113287,87,253
coco_i2i,euclidean,1.2,robust-prune,-1,27200,113287,3259,113281.3364,113287.0,108806,113287,86,252
coco_i2i,euclidean,1.2,robust-prune,-1,27200,113287,3260,113281.3519,113287.0,108807,113287,85,251
coco_i2i,euclidean,1.2,robust-prune,-1,27200,113287,3261,113281.3665,113287.0,108808,113287,85,251
coco_i2i,euclidean,1.2,robust-prune,-1,27200,113287,3262,113281.3831,113287.0,108811,113287,85,249
coco_i2i,euclidean,1.2,robust-prune,-1,27200,113287,3263,113281.3991,113287.0,108812,113287,84,248
coco_i2i,euclidean,1.2,robust-prune,-1,27200,113287,3264,113281.4163,113287.0,108813,113287,84,248
coco_i2i,euclidean,1.2,robust-prune,-1,27200,113287,3265,113281.4317,113287.0,108827,113287,84,248
coco_i2i,euclidean,1.2,robust-prune,-1,27200,113287,3266,113281.4759,113287.0,108828,113287,83,247
coco_i2i,euclidean,1.2,robust-prune,-1,27200,113287,3267,113281.4933,113287.0,108829,113287,83,247
coco_i2i,euclidean,1.2,robust-prune,-1,27200,113287,3268,113281.5138,113287.0,108836,113287,83,247
coco_i2i,euclidean,1.2,robust-prune,-1,27200,113287,3269,113281.53,113287.0,108838,113287,83,247
coco_i2i,euclidean,1.2,robust-prune,-1,27200,113287,3270,113281.5468,113287.0,108841,113287,83,247
coco_i2i,euclidean,1.2,robust-prune,-1,27200,113287,3271,113281.5632,113287.0,108843,113287,82,247
coco_i2i,euclidean,1.2,robust-prune,-1,27200,113287,3272,113281.5782,113287.0,108844,113287,81,246
coco_i2i,euclidean,1.2,robust-prune,-1,27200,113287,3273,113281.6007,113287.0,108858,113287,81,245
coco_i2i,euclidean,1.2,robust-prune,-1,27200,113287,3274,113281.6167,113287.0,108859,113287,81,244
coco_i2i,euclidean,1.2,robust-prune,-1,27200,113287,3275,113281.6357,113287.0,108865,113287,81,244
coco_i2i,euclidean,1.2,robust-prune,-1,27200,113287,3276,113281.6521,113287.0,108871,113287,80,243
coco_i2i,euclidean,1.2,robust-prune,-1,27200,113287,3277,113281.6703,113287.0,108872,113287,80,242
coco_i2i,euclidean,1.2,robust-prune,-1,27200,113287,3278,113281.6862,113287.0,108874,113287,79,242
coco_i2i,euclidean,1.2,robust-prune,-1,27200,113287,3279,113281.7026,113287.0,108875,113287,79,242
coco_i2i,euclidean,1.2,robust-prune,-1,27200,113287,3280,113281.7187,113287.0,108876,113287,79,242
coco_i2i,euclidean,1.2,robust-prune,-1,27200,113287,3281,113281.7346,113287.0,108879,113287,79,242
coco_i2i,euclidean,1.2,robust-prune,-1,27200,113287,3282,113281.7528,113287.0,108880,113287,79,240
coco_i2i,euclidean,1.2,robust-prune,-1,27200,113287,3283,113281.769,113287.0,108881,113287,78,240
coco_i2i,euclidean,1.2,robust-prune,-1,27200,113287,3284,113281.7838,113287.0,108882,113287,78,239
coco_i2i,euclidean,1.2,robust-prune,-1,27200,113287,3285,113281.8018,113287.0,108883,113287,78,237
coco_i2i,euclidean,1.2,robust-prune,-1,27200,113287,3286,113281.8172,113287.0,108884,113287,78,236
coco_i2i,euclidean,1.2,robust-prune,-1,27200,113287,3287,113281.8321,113287.0,108886,113287,78,234
coco_i2i,euclidean,1.2,robust-prune,-1,27200,113287,3288,113281.8835,113287.0,108889,113287,78,234
coco_i2i,euclidean,1.2,robust-prune,-1,27200,113287,3289,113281.9056,113287.0,108891,113287,78,234
coco_i2i,euclidean,1.2,robust-prune,-1,27200,113287,3290,113281.9221,113287.0,108893,113287,78,234
coco_i2i,euclidean,1.2,robust-prune,-1,27200,113287,3291,113281.9384,113287.0,108899,113287,78,234
coco_i2i,euclidean,1.2,robust-prune,-1,27200,113287,3292,113281.9566,113287.0,108906,113287,77,234
coco_i2i,euclidean,1.2,robust-prune,-1,27200,113287,3293,113281.9986,113287.0,108907,113287,76,234
coco_i2i,euclidean,1.2,robust-prune,-1,27200,113287,3294,113282.014,113287.0,108909,113287,76,234
coco_i2i,euclidean,1.2,robust-prune,-1,27200,113287,3295,113282.0332,113287.0,108912,113287,76,233
coco_i2i,euclidean,1.2,robust-prune,-1,27200,113287,3296,113282.0525,113287.0,108915,113287,76,233
coco_i2i,euclidean,1.2,robust-prune,-1,27200,113287,3297,113282.0694,113287.0,108922,113287,76,233
coco_i2i,euclidean,1.2,robust-prune,-1,27200,113287,3298,113282.0857,113287.0,108925,113287,76,232
coco_i2i,euclidean,1.2,robust-prune,-1,27200,113287,3299,113282.0985,113287.0,108927,113287,76,230
coco_i2i,euclidean,1.2,robust-prune,-1,27200,113287,3300,113282.1135,113287.0,108936,113287,76,230
coco_i2i,euclidean,1.2,robust-prune,-1,27200,113287,3301,113282.1292,113287.0,108937,113287,75,229
coco_i2i,euclidean,1.2,robust-prune,-1,27200,113287,3302,113282.1574,113287.0,108938,113287,75,228
coco_i2i,euclidean,1.2,robust-prune,-1,27200,113287,3303,113282.1743,113287.0,108940,113287,75,227
coco_i2i,euclidean,1.2,robust-prune,-1,27200,113287,3304,113282.1875,113287.0,108946,113287,74,227
coco_i2i,euclidean,1.2,robust-prune,-1,27200,113287,3305,113282.2035,113287.0,108949,113287,74,226
coco_i2i,euclidean,1.2,robust-prune,-1,27200,113287,3306,113282.2215,113287.0,108950,113287,74,226
coco_i2i,euclidean,1.2,robust-prune,-1,27200,113287,3307,113282.2374,113287.0,108952,113287,74,226
coco_i2i,euclidean,1.2,robust-prune,-1,27200,113287,3308,113282.2519,113287.0,108953,113287,74,226
coco_i2i,euclidean,1.2,robust-prune,-1,27200,113287,3309,113282.2707,113287.0,108954,113287,74,225
coco_i2i,euclidean,1.2,robust-prune,-1,27200,113287,3310,113282.2875,113287.0,108957,113287,74,224
coco_i2i,euclidean,1.2,robust-prune,-1,27200,113287,3311,113282.3039,113287.0,108959,113287,74,222
coco_i2i,euclidean,1.2,robust-prune,-1,27200,113287,3312,113282.3181,113287.0,108960,113287,74,222
coco_i2i,euclidean,1.2,robust-prune,-1,27200,113287,3313,113282.3316,113287.0,108961,113287,74,222
coco_i2i,euclidean,1.2,robust-prune,-1,27200,113287,3314,113282.3456,113287.0,108964,113287,74,222
coco_i2i,euclidean,1.2,robust-prune,-1,27200,113287,3315,113282.3613,113287.0,108972,113287,74,222
coco_i2i,euclidean,1.2,robust-prune,-1,27200,113287,3316,113282.3742,113287.0,108978,113287,74,221
coco_i2i,euclidean,1.2,robust-prune,-1,27200,113287,3317,113282.3889,113287.0,108979,113287,74,219
coco_i2i,euclidean,1.2,robust-prune,-1,27200,113287,3318,113282.4033,113287.0,108983,113287,74,219
coco_i2i,euclidean,1.2,robust-prune,-1,27200,113287,3319,113282.4187,113287.0,108998,113287,74,218
coco_i2i,euclidean,1.2,robust-prune,-1,27200,113287,3320,113282.4344,113287.0,109001,113287,74,218
coco_i2i,euclidean,1.2,robust-prune,-1,27200,113287,3321,113282.4505,113287.0,109020,113287,74,217
coco_i2i,euclidean,1.2,robust-prune,-1,27200,113287,3322,113282.465,113287.0,109024,113287,74,217
coco_i2i,euclidean,1.2,robust-prune,-1,27200,113287,3323,113282.4784,113287.0,109026,113287,74,216
coco_i2i,euclidean,1.2,robust-prune,-1,27200,113287,3324,113282.4922,113287.0,109043,113287,74,216
coco_i2i,euclidean,1.2,robust-prune,-1,27200,113287,3325,113282.5065,113287.0,109044,113287,74,216
coco_i2i,euclidean,1.2,robust-prune,-1,27200,113287,3326,113282.52,113287.0,109047,113287,74,215
coco_i2i,euclidean,1.2,robust-prune,-1,27200,113287,3327,113282.5332,113287.0,109052,113287,74,213
coco_i2i,euclidean,1.2,robust-prune,-1,27200,113287,3328,113282.549,113287.0,109055,113287,74,213
coco_i2i,euclidean,1.2,robust-prune,-1,27200,113287,3329,113282.5621,113287.0,109056,113287,74,213
coco_i2i,euclidean,1.2,robust-prune,-1,27200,113287,3330,113282.5753,113287.0,109058,113287,74,213
coco_i2i,euclidean,1.2,robust-prune,-1,27200,113287,3331,113282.5917,113287.0,109066,113287,74,212
coco_i2i,euclidean,1.2,robust-prune,-1,27200,113287,3332,113282.6099,113287.0,109071,113287,74,211
coco_i2i,euclidean,1.2,robust-prune,-1,27200,113287,3333,113282.6233,113287.0,109072,113287,74,210
coco_i2i,euclidean,1.2,robust-prune,-1,27200,113287,3334,113282.6386,113287.0,109073,113287,74,208
coco_i2i,euclidean,1.2,robust-prune,-1,27200,113287,3335,113282.6528,113287.0,109077,113287,74,208
coco_i2i,euclidean,1.2,robust-prune,-1,27200,113287,3336,113282.6684,113287.0,109079,113287,73,207
coco_i2i,euclidean,1.2,robust-prune,-1,27200,113287,3337,113282.6821,113287.0,109082,113287,73,207
coco_i2i,euclidean,1.2,robust-prune,-1,27200,113287,3338,113282.6954,113287.0,109087,113287,72,207
coco_i2i,euclidean,1.2,robust-prune,-1,27200,113287,3339,113282.7077,113287.0,109088,113287,72,205
coco_i2i,euclidean,1.2,robust-prune,-1,27200,113287,3340,113282.7208,113287.0,109089,113287,72,205
coco_i2i,euclidean,1.2,robust-prune,-1,27200,113287,3341,113282.7327,113287.0,109094,113287,72,205
coco_i2i,euclidean,1.2,robust-prune,-1,27200,113287,3342,113282.746,113287.0,109095,113287,72,205
coco_i2i,euclidean,1.2,robust-prune,-1,27200,113287,3343,113282.7598,113287.0,109096,113287,72,205
coco_i2i,euclidean,1.2,robust-prune,-1,27200,113287,3344,113282.7724,113287.0,109098,113287,72,205
coco_i2i,euclidean,1.2,robust-prune,-1,27200,113287,3345,113282.7899,113287.0,109100,113287,72,205
coco_i2i,euclidean,1.2,robust-prune,-1,27200,113287,3346,113282.8024,113287.0,109102,113287,72,205
coco_i2i,euclidean,1.2,robust-prune,-1,27200,113287,3347,113282.8157,113287.0,109105,113287,72,205
coco_i2i,euclidean,1.2,robust-prune,-1,27200,113287,3348,113282.8283,113287.0,109106,113287,72,205
coco_i2i,euclidean,1.2,robust-prune,-1,27200,113287,3349,113282.8415,113287.0,109107,113287,72,205
coco_i2i,euclidean,1.2,robust-prune,-1,27200,113287,3350,113282.8552,113287.0,109108,113287,72,205
coco_i2i,euclidean,1.2,robust-prune,-1,27200,113287,3351,113282.8699,113287.0,109109,113287,72,203
coco_i2i,euclidean,1.2,robust-prune,-1,27200,113287,3352,113282.884,113287.0,109110,113287,71,201
coco_i2i,euclidean,1.2,robust-prune,-1,27200,113287,3353,113282.8967,113287.0,109111,113287,71,200
coco_i2i,euclidean,1.2,robust-prune,-1,27200,113287,3354,113282.9108,113287.0,109112,113287,70,200
coco_i2i,euclidean,1.2,robust-prune,-1,27200,113287,3355,113282.9241,113287.0,109113,113287,70,200
coco_i2i,euclidean,1.2,robust-prune,-1,27200,113287,3356,113282.9377,113287.0,109116,113287,70,199
coco_i2i,euclidean,1.2,robust-prune,-1,27200,113287,3357,113282.9503,113287.0,109117,113287,70,199
coco_i2i,euclidean,1.2,robust-prune,-1,27200,113287,3358,113282.9641,113287.0,109120,113287,70,198
coco_i2i,euclidean,1.2,robust-prune,-1,27200,113287,3359,113282.9789,113287.0,109121,113287,70,197
coco_i2i,euclidean,1.2,robust-prune,-1,27200,113287,3360,113282.9942,113287.0,109124,113287,70,197
coco_i2i,euclidean,1.2,robust-prune,-1,27200,113287,3361,113283.0063,113287.0,109128,113287,70,197
coco_i2i,euclidean,1.2,robust-prune,-1,27200,113287,3362,113283.0201,113287.0,109129,113287,70,197
coco_i2i,euclidean,1.2,robust-prune,-1,27200,113287,3363,113283.0332,113287.0,109130,113287,70,197
coco_i2i,euclidean,1.2,robust-prune,-1,27200,113287,3364,113283.0472,113287.0,109134,113287,70,196
coco_i2i,euclidean,1.2,robust-prune,-1,27200,113287,3365,113283.0592,113287.0,109135,113287,69,194
coco_i2i,euclidean,1.2,robust-prune,-1,27200,113287,3366,113283.0756,113287.0,109137,113287,69,192
coco_i2i,euclidean,1.2,robust-prune,-1,27200,113287,3367,113283.0878,113287.0,109139,113287,69,192
coco_i2i,euclidean,1.2,robust-prune,-1,27200,113287,3368,113283.1005,113287.0,109141,113287,69,191
coco_i2i,euclidean,1.2,robust-prune,-1,27200,113287,3369,113283.1186,113287.0,109142,113287,69,190
coco_i2i,euclidean,1.2,robust-prune,-1,27200,113287,3370,113283.134,113287.0,109146,113287,69,190
coco_i2i,euclidean,1.2,robust-prune,-1,27200,113287,3371,113283.1451,113287.0,109150,113287,68,189
coco_i2i,euclidean,1.2,robust-prune,-1,27200,113287,3372,113283.1562,113287.0,109152,113287,68,189
coco_i2i,euclidean,1.2,robust-prune,-1,27200,113287,3373,113283.182,113287.0,109154,113287,68,188
coco_i2i,euclidean,1.2,robust-prune,-1,27200,113287,3374,113283.1925,113287.0,109156,113287,68,188
coco_i2i,euclidean,1.2,robust-prune,-1,27200,113287,3375,113283.2044,113287.0,109157,113287,68,188
coco_i2i,euclidean,1.2,robust-prune,-1,27200,113287,3376,113283.2148,113287.0,109158,113287,68,188
coco_i2i,euclidean,1.2,robust-prune,-1,27200,113287,3377,113283.2271,113287.0,109172,113287,68,188
coco_i2i,euclidean,1.2,robust-prune,-1,27200,113287,3378,113283.2382,113287.0,109173,113287,67,187
coco_i2i,euclidean,1.2,robust-prune,-1,27200,113287,3379,113283.2494,113287.0,109174,113287,66,187
coco_i2i,euclidean,1.2,robust-prune,-1,27200,113287,3380,113283.2647,113287.0,109175,113287,66,186
coco_i2i,euclidean,1.2,robust-prune,-1,27200,113287,3381,113283.2772,113287.0,109176,113287,66,186
coco_i2i,euclidean,1.2,robust-prune,-1,27200,113287,3382,113283.2885,113287.0,109178,113287,66,186
coco_i2i,euclidean,1.2,robust-prune,-1,27200,113287,3383,113283.303,113287.0,109181,113287,66,185
coco_i2i,euclidean,1.2,robust-prune,-1,27200,113287,3384,113283.3161,113287.0,109186,113287,65,184
coco_i2i,euclidean,1.2,robust-prune,-1,27200,113287,3385,113283.3289,113287.0,109188,113287,65,184
coco_i2i,euclidean,1.2,robust-prune,-1,27200,113287,3386,113283.3398,113287.0,109190,113287,63,182
coco_i2i,euclidean,1.2,robust-prune,-1,27200,113287,3387,113283.3531,113287.0,109194,113287,63,182
coco_i2i,euclidean,1.2,robust-prune,-1,27200,113287,3388,113283.3661,113287.0,109200,113287,62,181
coco_i2i,euclidean,1.2,robust-prune,-1,27200,113287,3389,113283.378,113287.0,109203,113287,62,181
coco_i2i,euclidean,1.2,robust-prune,-1,27200,113287,3390,113283.4461,113287.0,110772,113287,62,181
coco_i2i,euclidean,1.2,robust-prune,-1,27200,113287,3391,113283.456,113287.0,110774,113287,62,181
coco_i2i,euclidean,1.2,robust-prune,-1,27200,113287,3392,113283.4681,113287.0,110776,113287,62,180
coco_i2i,euclidean,1.2,robust-prune,-1,27200,113287,3393,113283.4808,113287.0,110779,113287,61,180
coco_i2i,euclidean,1.2,robust-prune,-1,27200,113287,3394,113283.4915,113287.0,110780,113287,61,180
coco_i2i,euclidean,1.2,robust-prune,-1,27200,113287,3395,113283.5047,113287.0,110782,113287,61,179
coco_i2i,euclidean,1.2,robust-prune,-1,27200,113287,3396,113283.5157,113287.0,110784,113287,61,179
coco_i2i,euclidean,1.2,robust-prune,-1,27200,113287,3397,113283.5265,113287.0,110785,113287,61,178
coco_i2i,euclidean,1.2,robust-prune,-1,27200,113287,3398,113283.5374,113287.0,110786,113287,61,177
coco_i2i,euclidean,1.2,robust-prune,-1,27200,113287,3399,113283.5505,113287.0,110796,113287,61,177
coco_i2i,euclidean,1.2,robust-prune,-1,27200,113287,3400,113283.5618,113287.0,110797,113287,61,177
coco_i2i,euclidean,1.2,robust-prune,-1,27200,113287,3401,113283.5731,113287.0,110799,113287,60,177
coco_i2i,euclidean,1.2,robust-prune,-1,27200,113287,3402,113283.5845,113287.0,110803,113287,60,177
coco_i2i,euclidean,1.2,robust-prune,-1,27200,113287,3403,113283.5955,113287.0,110807,113287,60,177
coco_i2i,euclidean,1.2,robust-prune,-1,27200,113287,3404,113283.6081,113287.0,110808,113287,60,176
coco_i2i,euclidean,1.2,robust-prune,-1,27200,113287,3405,113283.6194,113287.0,110809,113287,59,175
coco_i2i,euclidean,1.2,robust-prune,-1,27200,113287,3406,113283.631,113287.0,110810,113287,59,175
coco_i2i,euclidean,1.2,robust-prune,-1,27200,113287,3407,113283.6409,113287.0,110811,113287,59,175
coco_i2i,euclidean,1.2,robust-prune,-1,27200,113287,3408,113283.6531,113287.0,110812,113287,59,175
coco_i2i,euclidean,1.2,robust-prune,-1,27200,113287,3409,113283.6665,113287.0,110825,113287,59,175
coco_i2i,euclidean,1.2,robust-prune,-1,27200,113287,3410,113283.6753,113287.0,110826,113287,59,175
coco_i2i,euclidean,1.2,robust-prune,-1,27200,113287,3411,113283.6861,113287.0,110830,113287,59,175
coco_i2i,euclidean,1.2,robust-prune,-1,27200,113287,3412,113283.6985,113287.0,110831,113287,59,175
coco_i2i,euclidean,1.2,robust-prune,-1,27200,113287,3413,113283.7128,113287.0,110832,113287,57,175
coco_i2i,euclidean,1.2,robust-prune,-1,27200,113287,3414,113283.7336,113287.0,110834,113287,57,175
coco_i2i,euclidean,1.2,robust-prune,-1,27200,113287,3415,113283.7441,113287.0,110835,113287,57,175
coco_i2i,euclidean,1.2,robust-prune,-1,27200,113287,3416,113283.7554,113287.0,110836,113287,57,175
coco_i2i,euclidean,1.2,robust-prune,-1,27200,113287,3417,113283.766,113287.0,110838,113287,57,175
coco_i2i,euclidean,1.2,robust-prune,-1,27200,113287,3418,113283.7793,113287.0,110842,113287,57,174
coco_i2i,euclidean,1.2,robust-prune,-1,27200,113287,3419,113283.7907,113287.0,110843,113287,56,174
coco_i2i,euclidean,1.2,robust-prune,-1,27200,113287,3420,113283.8015,113287.0,110844,113287,56,173
coco_i2i,euclidean,1.2,robust-prune,-1,27200,113287,3421,113283.8118,113287.0,110845,113287,56,172
coco_i2i,euclidean,1.2,robust-prune,-1,27200,113287,3422,113283.8282,113287.0,110851,113287,56,172
coco_i2i,euclidean,1.2,robust-prune,-1,27200,113287,3423,113283.84,113287.0,110855,113287,56,172
coco_i2i,euclidean,1.2,robust-prune,-1,27200,113287,3424,113283.8509,113287.0,110856,113287,56,171
coco_i2i,euclidean,1.2,robust-prune,-1,27200,113287,3425,113283.862,113287.0,110857,113287,56,170
coco_i2i,euclidean,1.2,robust-prune,-1,27200,113287,3426,113283.873,113287.0,110858,113287,55,170
coco_i2i,euclidean,1.2,robust-prune,-1,27200,113287,3427,113283.8843,113287.0,110860,113287,55,170
coco_i2i,euclidean,1.2,robust-prune,-1,27200,113287,3428,113283.8955,113287.0,110861,113287,55,170
coco_i2i,euclidean,1.2,robust-prune,-1,27200,113287,3429,113283.9066,113287.0,110862,113287,55,169
coco_i2i,euclidean,1.2,robust-prune,-1,27200,113287,3430,113283.9166,113287.0,110864,113287,55,169
coco_i2i,euclidean,1.2,robust-prune,-1,27200,113287,3431,113283.9258,113287.0,110865,113287,55,169
coco_i2i,euclidean,1.2,robust-prune,-1,27200,113287,3432,113283.9411,113287.0,110868,113287,55,169
coco_i2i,euclidean,1.2,robust-prune,-1,27200,113287,3433,113283.9546,113287.0,110871,113287,55,168
coco_i2i,euclidean,1.2,robust-prune,-1,27200,113287,3434,113283.9649,113287.0,110879,113287,55,168
coco_i2i,euclidean,1.2,robust-prune,-1,27200,113287,3435,113283.9751,113287.0,110884,113287,54,168
coco_i2i,euclidean,1.2,robust-prune,-1,27200,113287,3436,113283.9849,113287.0,110887,113287,54,168
coco_i2i,euclidean,1.2,robust-prune,-1,27200,113287,3437,113283.9976,113287.0,110890,113287,54,167
coco_i2i,euclidean,1.2,robust-prune,-1,27200,113287,3438,113284.0104,113287.0,110891,113287,54,167
coco_i2i,euclidean,1.2,robust-prune,-1,27200,113287,3439,113284.023,113287.0,110892,113287,54,167
coco_i2i,euclidean,1.2,robust-prune,-1,27200,113287,3440,113284.0331,113287.0,110894,113287,54,165
coco_i2i,euclidean,1.2,robust-prune,-1,27200,113287,3441,113284.0442,113287.0,110895,113287,54,164
coco_i2i,euclidean,1.2,robust-prune,-1,27200,113287,3442,113284.0572,113287.0,110921,113287,54,164
coco_i2i,euclidean,1.2,robust-prune,-1,27200,113287,3443,113284.0671,113287.0,110922,113287,54,163
coco_i2i,euclidean,1.2,robust-prune,-1,27200,113287,3444,113284.0825,113287.0,110924,113287,54,162
coco_i2i,euclidean,1.2,robust-prune,-1,27200,113287,3445,113284.093,113287.0,110926,113287,54,162
coco_i2i,euclidean,1.2,robust-prune,-1,27200,113287,3446,113284.1036,113287.0,110928,113287,54,158
coco_i2i,euclidean,1.2,robust-prune,-1,27200,113287,3447,113284.1138,113287.0,110929,113287,54,157
coco_i2i,euclidean,1.2,robust-prune,-1,27200,113287,3448,113284.1236,113287.0,110935,113287,53,156
coco_i2i,euclidean,1.2,robust-prune,-1,27200,113287,3449,113284.1326,113287.0,110936,113287,53,156
coco_i2i,euclidean,1.2,robust-prune,-1,27200,113287,3450,113284.1439,113287.0,110941,113287,53,156
coco_i2i,euclidean,1.2,robust-prune,-1,27200,113287,3451,113284.1528,113287.0,110944,113287,53,156
coco_i2i,euclidean,1.2,robust-prune,-1,27200,113287,3452,113284.164,113287.0,110998,113287,52,156
coco_i2i,euclidean,1.2,robust-prune,-1,27200,113287,3453,113284.1741,113287.0,111013,113287,52,155
coco_i2i,euclidean,1.2,robust-prune,-1,27200,113287,3454,113284.1839,113287.0,111014,113287,51,155
coco_i2i,euclidean,1.2,robust-prune,-1,27200,113287,3455,113284.1931,113287.0,111015,113287,51,155
coco_i2i,euclidean,1.2,robust-prune,-1,27200,113287,3456,113284.2031,113287.0,111016,113287,51,155
coco_i2i,euclidean,1.2,robust-prune,-1,27200,113287,3457,113284.2172,113287.0,111027,113287,51,155
coco_i2i,euclidean,1.2,robust-prune,-1,27200,113287,3458,113284.2265,113287.0,111029,113287,51,155
coco_i2i,euclidean,1.2,robust-prune,-1,27200,113287,3459,113284.2365,113287.0,111030,113287,51,155
coco_i2i,euclidean,1.2,robust-prune,-1,27200,113287,3460,113284.2469,113287.0,111033,113287,51,155
coco_i2i,euclidean,1.2,robust-prune,-1,27200,113287,3461,113284.2576,113287.0,111035,113287,49,155
coco_i2i,euclidean,1.2,robust-prune,-1,27200,113287,3462,113284.2689,113287.0,111037,113287,49,155
coco_i2i,euclidean,1.2,robust-prune,-1,27200,113287,3463,113284.2789,113287.0,111038,113287,49,155
coco_i2i,euclidean,1.2,robust-prune,-1,27200,113287,3464,113284.2885,113287.0,111039,113287,49,155
coco_i2i,euclidean,1.2,robust-prune,-1,27200,113287,3465,113284.301,113287.0,111045,113287,49,155
coco_i2i,euclidean,1.2,robust-prune,-1,27200,113287,3466,113284.3103,113287.0,111047,113287,49,153
coco_i2i,euclidean,1.2,robust-prune,-1,27200,113287,3467,113284.321,113287.0,111048,113287,49,153
coco_i2i,euclidean,1.2,robust-prune,-1,27200,113287,3468,113284.3306,113287.0,111053,113287,49,153
coco_i2i,euclidean,1.2,robust-prune,-1,27200,113287,3469,113284.3401,113287.0,111055,113287,49,153
coco_i2i,euclidean,1.2,robust-prune,-1,27200,113287,3470,113284.3496,113287.0,111058,113287,48,152
coco_i2i,euclidean,1.2,robust-prune,-1,27200,113287,3471,113284.3587,113287.0,111067,113287,48,151
coco_i2i,euclidean,1.2,robust-prune,-1,27200,113287,3472,113284.3675,113287.0,111072,113287,48,151
coco_i2i,euclidean,1.2,robust-prune,-1,27200,113287,3473,113284.3782,113287.0,111073,113287,47,151
coco_i2i,euclidean,1.2,robust-prune,-1,27200,113287,3474,113284.3871,113287.0,111074,113287,47,150
coco_i2i,euclidean,1.2,robust-prune,-1,27200,113287,3475,113284.3984,113287.0,111075,113287,47,148
coco_i2i,euclidean,1.2,robust-prune,-1,27200,113287,3476,113284.4071,113287.0,111077,113287,47,148
coco_i2i,euclidean,1.2,robust-prune,-1,27200,113287,3477,113284.4199,113287.0,111079,113287,47,147
coco_i2i,euclidean,1.2,robust-prune,-1,27200,113287,3478,113284.4292,113287.0,111080,113287,47,145
coco_i2i,euclidean,1.2,robust-prune,-1,27200,113287,3479,113284.44,113287.0,111084,113287,47,144
coco_i2i,euclidean,1.2,robust-prune,-1,27200,113287,3480,113284.4479,113287.0,111085,113287,47,144
coco_i2i,euclidean,1.2,robust-prune,-1,27200,113287,3481,113284.4569,113287.0,111086,113287,47,144
coco_i2i,euclidean,1.2,robust-prune,-1,27200,113287,3482,113284.4645,113287.0,111087,113287,47,141
coco_i2i,euclidean,1.2,robust-prune,-1,27200,113287,3483,113284.4755,113287.0,111088,113287,47,140
coco_i2i,euclidean,1.2,robust-prune,-1,27200,113287,3484,113284.4845,113287.0,111089,113287,47,138
coco_i2i,euclidean,1.2,robust-prune,-1,27200,113287,3485,113284.4944,113287.0,111090,113287,47,136
coco_i2i,euclidean,1.2,robust-prune,-1,27200,113287,3486,113284.5077,113287.0,111094,113287,47,136
coco_i2i,euclidean,1.2,robust-prune,-1,27200,113287,3487,113284.516,113287.0,111096,113287,47,135
coco_i2i,euclidean,1.2,robust-prune,-1,27200,113287,3488,113284.5236,113287.0,111097,113287,47,135
coco_i2i,euclidean,1.2,robust-prune,-1,27200,113287,3489,113284.5306,113287.0,111101,113287,46,134
coco_i2i,euclidean,1.2,robust-prune,-1,27200,113287,3490,113284.5387,113287.0,111105,113287,46,133
coco_i2i,euclidean,1.2,robust-prune,-1,27200,113287,3491,113284.549,113287.0,111106,113287,46,132
coco_i2i,euclidean,1.2,robust-prune,-1,27200,113287,3492,113284.5594,113287.0,111123,113287,46,132
coco_i2i,euclidean,1.2,robust-prune,-1,27200,113287,3493,113284.5673,113287.0,111124,113287,46,132
coco_i2i,euclidean,1.2,robust-prune,-1,27200,113287,3494,113284.5765,113287.0,111126,113287,46,132
coco_i2i,euclidean,1.2,robust-prune,-1,27200,113287,3495,113284.5853,113287.0,111129,113287,46,132
coco_i2i,euclidean,1.2,robust-prune,-1,27200,113287,3496,113284.5935,113287.0,111130,113287,46,132
coco_i2i,euclidean,1.2,robust-prune,-1,27200,113287,3497,113284.6086,113287.0,111131,113287,46,132
coco_i2i,euclidean,1.2,robust-prune,-1,27200,113287,3498,113284.6162,113287.0,111133,113287,46,132
coco_i2i,euclidean,1.2,robust-prune,-1,27200,113287,3499,113284.6254,113287.0,111137,113287,46,132
coco_i2i,euclidean,1.2,robust-prune,-1,27200,113287,3500,113284.6343,113287.0,111144,113287,46,132
coco_i2i,euclidean,1.2,robust-prune,-1,27200,113287,3501,113284.6421,113287.0,111145,113287,46,131
coco_i2i,euclidean,1.2,robust-prune,-1,27200,113287,3502,113284.6503,113287.0,111147,113287,46,130
coco_i2i,euclidean,1.2,robust-prune,-1,27200,113287,3503,113284.6586,113287.0,111148,113287,46,129
coco_i2i,euclidean,1.2,robust-prune,-1,27200,113287,3504,113284.6668,113287.0,111150,113287,46,128
coco_i2i,euclidean,1.2,robust-prune,-1,27200,113287,3505,113284.6756,113287.0,111153,113287,46,128
coco_i2i,euclidean,1.2,robust-prune,-1,27200,113287,3506,113284.684,113287.0,111154,113287,46,128
coco_i2i,euclidean,1.2,robust-prune,-1,27200,113287,3507,113284.6913,113287.0,111156,113287,46,128
coco_i2i,euclidean,1.2,robust-prune,-1,27200,113287,3508,113284.6992,113287.0,111165,113287,46,127
coco_i2i,euclidean,1.2,robust-prune,-1,27200,113287,3509,113284.7063,113287.0,111166,113287,45,125
coco_i2i,euclidean,1.2,robust-prune,-1,27200,113287,3510,113284.7136,113287.0,111169,113287,44,125
coco_i2i,euclidean,1.2,robust-prune,-1,27200,113287,3511,113284.7212,113287.0,111170,113287,43,125
coco_i2i,euclidean,1.2,robust-prune,-1,27200,113287,3512,113284.7291,113287.0,111171,113287,43,124
coco_i2i,euclidean,1.2,robust-prune,-1,27200,113287,3513,113284.7371,113287.0,111172,113287,43,124
coco_i2i,euclidean,1.2,robust-prune,-1,27200,113287,3514,113284.7445,113287.0,111173,113287,43,124
coco_i2i,euclidean,1.2,robust-prune,-1,27200,113287,3515,113284.7517,113287.0,111175,113287,42,124
coco_i2i,euclidean,1.2,robust-prune,-1,27200,113287,3516,113284.7611,113287.0,111181,113287,42,123
coco_i2i,euclidean,1.2,robust-prune,-1,27200,113287,3517,113284.7696,113287.0,111184,113287,42,122
coco_i2i,euclidean,1.2,robust-prune,-1,27200,113287,3518,113284.7775,113287.0,111185,113287,42,121
coco_i2i,euclidean,1.2,robust-prune,-1,27200,113287,3519,113284.79,113287.0,111191,113287,41,121
coco_i2i,euclidean,1.2,robust-prune,-1,27200,113287,3520,113284.8014,113287.0,111305,113287,40,121
coco_i2i,euclidean,1.2,robust-prune,-1,27200,113287,3521,113284.8087,113287.0,111307,113287,40,121
coco_i2i,euclidean,1.2,robust-prune,-1,27200,113287,3522,113284.8162,113287.0,111311,113287,40,121
coco_i2i,euclidean,1.2,robust-prune,-1,27200,113287,3523,113284.8251,113287.0,111313,113287,40,121
coco_i2i,euclidean,1.2,robust-prune,-1,27200,113287,3524,113284.8325,113287.0,111314,113287,39,121
coco_i2i,euclidean,1.2,robust-prune,-1,27200,113287,3525,113284.8397,113287.0,111315,113287,38,121
coco_i2i,euclidean,1.2,robust-prune,-1,27200,113287,3526,113284.8482,113287.0,111317,113287,38,121
coco_i2i,euclidean,1.2,robust-prune,-1,27200,113287,3527,113284.855,113287.0,111319,113287,38,121
coco_i2i,euclidean,1.2,robust-prune,-1,27200,113287,3528,113284.8642,113287.0,111320,113287,38,120
coco_i2i,euclidean,1.2,robust-prune,-1,27200,113287,3529,113284.8718,113287.0,111321,113287,38,119
coco_i2i,euclidean,1.2,robust-prune,-1,27200,113287,3530,113284.8792,113287.0,111323,113287,37,119
coco_i2i,euclidean,1.2,robust-prune,-1,27200,113287,3531,113284.8851,113287.0,111324,113287,37,119
coco_i2i,euclidean,1.2,robust-prune,-1,27200,113287,3532,113284.8915,113287.0,111327,113287,37,119
coco_i2i,euclidean,1.2,robust-prune,-1,27200,113287,3533,113284.8997,113287.0,111329,113287,36,118
coco_i2i,euclidean,1.2,robust-prune,-1,27200,113287,3534,113284.9067,113287.0,111331,113287,36,118
coco_i2i,euclidean,1.2,robust-prune,-1,27200,113287,3535,113284.9141,113287.0,111334,113287,36,118
coco_i2i,euclidean,1.2,robust-prune,-1,27200,113287,3536,113284.9203,113287.0,111336,113287,36,118
coco_i2i,euclidean,1.2,robust-prune,-1,27200,113287,3537,113284.9274,113287.0,111342,113287,36,118
coco_i2i,euclidean,1.2,robust-prune,-1,27200,113287,3538,113284.9338,113287.0,111343,113287,36,116
coco_i2i,euclidean,1.2,robust-prune,-1,27200,113287,3539,113284.9404,113287.0,111345,113287,36,116
coco_i2i,euclidean,1.2,robust-prune,-1,27200,113287,3540,113284.947,113287.0,111346,113287,36,116
coco_i2i,euclidean,1.2,robust-prune,-1,27200,113287,3541,113284.9576,113287.0,111352,113287,35,116
coco_i2i,euclidean,1.2,robust-prune,-1,27200,113287,3542,113284.9643,113287.0,111353,113287,35,115
coco_i2i,euclidean,1.2,robust-prune,-1,27200,113287,3543,113284.9721,113287.0,111354,113287,34,113
coco_i2i,euclidean,1.2,robust-prune,-1,27200,113287,3544,113284.9781,113287.0,111357,113287,33,113
coco_i2i,euclidean,1.2,robust-prune,-1,27200,113287,3545,113284.985,113287.0,111358,113287,33,112
coco_i2i,euclidean,1.2,robust-prune,-1,27200,113287,3546,113284.9926,113287.0,111359,113287,33,112
coco_i2i,euclidean,1.2,robust-prune,-1,27200,113287,3547,113284.9997,113287.0,111361,113287,33,111
coco_i2i,euclidean,1.2,robust-prune,-1,27200,113287,3548,113285.0066,113287.0,111363,113287,33,109
coco_i2i,euclidean,1.2,robust-prune,-1,27200,113287,3549,113285.0164,113287.0,111405,113287,33,109
coco_i2i,euclidean,1.2,robust-prune,-1,27200,113287,3550,113285.0225,113287.0,111406,113287,33,109
coco_i2i,euclidean,1.2,robust-prune,-1,27200,113287,3551,113285.0293,113287.0,111407,113287,33,109
coco_i2i,euclidean,1.2,robust-prune,-1,27200,113287,3552,113285.0355,113287.0,111408,113287,33,109
coco_i2i,euclidean,1.2,robust-prune,-1,27200,113287,3553,113285.0422,113287.0,111411,113287,33,108
coco_i2i,euclidean,1.2,robust-prune,-1,27200,113287,3554,113285.0491,113287.0,111412,113287,33,108
coco_i2i,euclidean,1.2,robust-prune,-1,27200,113287,3555,113285.0558,113287.0,111420,113287,33,108
coco_i2i,euclidean,1.2,robust-prune,-1,27200,113287,3556,113285.0682,113287.0,111422,113287,32,108
coco_i2i,euclidean,1.2,robust-prune,-1,27200,113287,3557,113285.0739,113287.0,111423,113287,32,107
coco_i2i,euclidean,1.2,robust-prune,-1,27200,113287,3558,113285.0801,113287.0,111425,113287,32,107
coco_i2i,euclidean,1.2,robust-prune,-1,27200,113287,3559,113285.0878,113287.0,111426,113287,32,105
coco_i2i,euclidean,1.2,robust-prune,-1,27200,113287,3560,113285.0932,113287.0,111427,113287,32,105
coco_i2i,euclidean,1.2,robust-prune,-1,27200,113287,3561,113285.1014,113287.0,111428,113287,32,104
coco_i2i,euclidean,1.2,robust-prune,-1,27200,113287,3562,113285.1097,113287.0,111429,113287,31,104
coco_i2i,euclidean,1.2,robust-prune,-1,27200,113287,3563,113285.1162,113287.0,111430,113287,31,103
coco_i2i,euclidean,1.2,robust-prune,-1,27200,113287,3564,113285.1231,113287.0,111431,113287,31,103
coco_i2i,euclidean,1.2,robust-prune,-1,27200,113287,3565,113285.1297,113287.0,111434,113287,31,103
coco_i2i,euclidean,1.2,robust-prune,-1,27200,113287,3566,113285.1367,113287.0,111437,113287,31,103
coco_i2i,euclidean,1.2,robust-prune,-1,27200,113287,3567,113285.1426,113287.0,111439,113287,31,103
coco_i2i,euclidean,1.2,robust-prune,-1,27200,113287,3568,113285.1491,113287.0,111440,113287,31,103
coco_i2i,euclidean,1.2,robust-prune,-1,27200,113287,3569,113285.1555,113287.0,111442,113287,31,103
coco_i2i,euclidean,1.2,robust-prune,-1,27200,113287,3570,113285.1624,113287.0,111444,113287,31,103
coco_i2i,euclidean,1.2,robust-prune,-1,27200,113287,3571,113285.169,113287.0,111445,113287,31,102
coco_i2i,euclidean,1.2,robust-prune,-1,27200,113287,3572,113285.1746,113287.0,111446,113287,31,102
coco_i2i,euclidean,1.2,robust-prune,-1,27200,113287,3573,113285.1807,113287.0,111447,113287,31,101
coco_i2i,euclidean,1.2,robust-prune,-1,27200,113287,3574,113285.1871,113287.0,111449,113287,31,100
coco_i2i,euclidean,1.2,robust-prune,-1,27200,113287,3575,113285.1933,113287.0,111450,113287,31,100
coco_i2i,euclidean,1.2,robust-prune,-1,27200,113287,3576,113285.2005,113287.0,111451,113287,31,100
coco_i2i,euclidean,1.2,robust-prune,-1,27200,113287,3577,113285.207,113287.0,111453,113287,31,100
coco_i2i,euclidean,1.2,robust-prune,-1,27200,113287,3578,113285.213,113287.0,111459,113287,30,99
coco_i2i,euclidean,1.2,robust-prune,-1,27200,113287,3579,113285.221,113287.0,111462,113287,30,99
coco_i2i,euclidean,1.2,robust-prune,-1,27200,113287,3580,113285.2297,113287.0,111464,113287,30,99
coco_i2i,euclidean,1.2,robust-prune,-1,27200,113287,3581,113285.2344,113287.0,111465,113287,30,99
coco_i2i,euclidean,1.2,robust-prune,-1,27200,113287,3582,113285.2449,113287.0,111467,113287,30,99
coco_i2i,euclidean,1.2,robust-prune,-1,27200,113287,3583,113285.2573,113287.0,111470,113287,30,98
coco_i2i,euclidean,1.2,robust-prune,-1,27200,113287,3584,113285.2715,113287.0,111472,113287,30,97
coco_i2i,euclidean,1.2,robust-prune,-1,27200,113287,3585,113285.2806,113287.0,111473,113287,30,97
coco_i2i,euclidean,1.2,robust-prune,-1,27200,113287,3586,113285.2856,113287.0,111474,113287,30,97
coco_i2i,euclidean,1.2,robust-prune,-1,27200,113287,3587,113285.291,113287.0,111475,113287,30,97
coco_i2i,euclidean,1.2,robust-prune,-1,27200,113287,3588,113285.2974,113287.0,111476,113287,30,97
coco_i2i,euclidean,1.2,robust-prune,-1,27200,113287,3589,113285.3038,113287.0,111477,113287,30,97
coco_i2i,euclidean,1.2,robust-prune,-1,27200,113287,3590,113285.3092,113287.0,111478,113287,29,97
coco_i2i,euclidean,1.2,robust-prune,-1,27200,113287,3591,113285.3143,113287.0,111480,113287,29,97
coco_i2i,euclidean,1.2,robust-prune,-1,27200,113287,3592,113285.32,113287.0,111481,113287,29,97
coco_i2i,euclidean,1.2,robust-prune,-1,27200,113287,3593,113285.3249,113287.0,111482,113287,28,97
coco_i2i,euclidean,1.2,robust-prune,-1,27200,113287,3594,113285.3346,113287.0,111484,113287,28,96
coco_i2i,euclidean,1.2,robust-prune,-1,27200,113287,3595,113285.3394,113287.0,111485,113287,28,96
coco_i2i,euclidean,1.2,robust-prune,-1,27200,113287,3596,113285.3452,113287.0,111487,113287,28,96
coco_i2i,euclidean,1.2,robust-prune,-1,27200,113287,3597,113285.3629,113287.0,111489,113287,28,95
coco_i2i,euclidean,1.2,robust-prune,-1,27200,113287,3598,113285.368,113287.0,111490,113287,27,93
coco_i2i,euclidean,1.2,robust-prune,-1,27200,113287,3599,113285.3737,113287.0,111491,113287,27,92
coco_i2i,euclidean,1.2,robust-prune,-1,27200,113287,3600,113285.3786,113287.0,111493,113287,27,92
coco_i2i,euclidean,1.2,robust-prune,-1,27200,113287,3601,113285.3836,113287.0,111494,113287,27,92
coco_i2i,euclidean,1.2,robust-prune,-1,27200,113287,3602,113285.39,113287.0,111495,113287,27,92
coco_i2i,euclidean,1.2,robust-prune,-1,27200,113287,3603,113285.395,113287.0,111498,113287,27,92
coco_i2i,euclidean,1.2,robust-prune,-1,27200,113287,3604,113285.4017,113287.0,111504,113287,27,90
coco_i2i,euclidean,1.2,robust-prune,-1,27200,113287,3605,113285.4089,113287.0,111505,113287,27,90
coco_i2i,euclidean,1.2,robust-prune,-1,27200,113287,3606,113285.4169,113287.0,111506,113287,27,90
coco_i2i,euclidean,1.2,robust-prune,-1,27200,113287,3607,113285.4222,113287.0,111507,113287,26,90
coco_i2i,euclidean,1.2,robust-prune,-1,27200,113287,3608,113285.4431,113287.0,111509,113287,25,90
coco_i2i,euclidean,1.2,robust-prune,-1,27200,113287,3609,113285.4491,113287.0,111510,113287,25,89
coco_i2i,euclidean,1.2,robust-prune,-1,27200,113287,3610,113285.4546,113287.0,111511,113287,25,88
coco_i2i,euclidean,1.2,robust-prune,-1,27200,113287,3611,113285.4599,113287.0,111515,113287,25,88
coco_i2i,euclidean,1.2,robust-prune,-1,27200,113287,3612,113285.4646,113287.0,111516,113287,25,88
coco_i2i,euclidean,1.2,robust-prune,-1,27200,113287,3613,113285.4693,113287.0,111517,113287,25,88
coco_i2i,euclidean,1.2,robust-prune,-1,27200,113287,3614,113285.4742,113287.0,111519,113287,25,88
coco_i2i,euclidean,1.2,robust-prune,-1,27200,113287,3615,113285.4791,113287.0,111520,113287,25,88
coco_i2i,euclidean,1.2,robust-prune,-1,27200,113287,3616,113285.4846,113287.0,111522,113287,25,88
coco_i2i,euclidean,1.2,robust-prune,-1,27200,113287,3617,113285.4904,113287.0,111523,113287,25,88
coco_i2i,euclidean,1.2,robust-prune,-1,27200,113287,3618,113285.4974,113287.0,111527,113287,25,88
coco_i2i,euclidean,1.2,robust-prune,-1,27200,113287,3619,113285.5025,113287.0,111528,113287,25,88
coco_i2i,euclidean,1.2,robust-prune,-1,27200,113287,3620,113285.5078,113287.0,111530,113287,24,87
coco_i2i,euclidean,1.2,robust-prune,-1,27200,113287,3621,113285.5145,113287.0,111531,113287,24,87
coco_i2i,euclidean,1.2,robust-prune,-1,27200,113287,3622,113285.5196,113287.0,111532,113287,24,86
coco_i2i,euclidean,1.2,robust-prune,-1,27200,113287,3623,113285.5242,113287.0,111533,113287,23,85
coco_i2i,euclidean,1.2,robust-prune,-1,27200,113287,3624,113285.53,113287.0,111534,113287,23,85
coco_i2i,euclidean,1.2,robust-prune,-1,27200,113287,3625,113285.5364,113287.0,111555,113287,23,85
coco_i2i,euclidean,1.2,robust-prune,-1,27200,113287,3626,113285.5415,113287.0,111560,113287,23,84
coco_i2i,euclidean,1.2,robust-prune,-1,27200,113287,3627,113285.5466,113287.0,111563,113287,23,84
coco_i2i,euclidean,1.2,robust-prune,-1,27200,113287,3628,113285.5517,113287.0,111564,113287,23,84
coco_i2i,euclidean,1.2,robust-prune,-1,27200,113287,3629,113285.5567,113287.0,111579,113287,23,84
coco_i2i,euclidean,1.2,robust-prune,-1,27200,113287,3630,113285.561,113287.0,111580,113287,23,84
coco_i2i,euclidean,1.2,robust-prune,-1,27200,113287,3631,113285.5683,113287.0,111581,113287,23,84
coco_i2i,euclidean,1.2,robust-prune,-1,27200,113287,3632,113285.5731,113287.0,111582,113287,23,83
coco_i2i,euclidean,1.2,robust-prune,-1,27200,113287,3633,113285.5787,113287.0,111583,113287,23,83
coco_i2i,euclidean,1.2,robust-prune,-1,27200,113287,3634,113285.584,113287.0,111584,113287,23,82
coco_i2i,euclidean,1.2,robust-prune,-1,27200,113287,3635,113285.5893,113287.0,111585,113287,23,82
coco_i2i,euclidean,1.2,robust-prune,-1,27200,113287,3636,113285.5935,113287.0,111586,113287,23,82
coco_i2i,euclidean,1.2,robust-prune,-1,27200,113287,3637,113285.5989,113287.0,111589,113287,23,82
coco_i2i,euclidean,1.2,robust-prune,-1,27200,113287,3638,113285.6047,113287.0,111590,113287,23,82
coco_i2i,euclidean,1.2,robust-prune,-1,27200,113287,3639,113285.6092,113287.0,111598,113287,23,81
coco_i2i,euclidean,1.2,robust-prune,-1,27200,113287,3640,113285.6142,113287.0,111602,113287,23,81
coco_i2i,euclidean,1.2,robust-prune,-1,27200,113287,3641,113285.6185,113287.0,111603,113287,23,81
coco_i2i,euclidean,1.2,robust-prune,-1,27200,113287,3642,113285.624,113287.0,111606,113287,23,81
coco_i2i,euclidean,1.2,robust-prune,-1,27200,113287,3643,113285.6318,113287.0,111609,113287,23,81
coco_i2i,euclidean,1.2,robust-prune,-1,27200,113287,3644,113285.6361,113287.0,111610,113287,23,81
coco_i2i,euclidean,1.2,robust-prune,-1,27200,113287,3645,113285.6407,113287.0,111612,113287,23,80
coco_i2i,euclidean,1.2,robust-prune,-1,27200,113287,3646,113285.645,113287.0,111613,113287,23,79
coco_i2i,euclidean,1.2,robust-prune,-1,27200,113287,3647,113285.6522,113287.0,111617,113287,23,79
coco_i2i,euclidean,1.2,robust-prune,-1,27200,113287,3648,113285.6579,113287.0,111660,113287,23,79
coco_i2i,euclidean,1.2,robust-prune,-1,27200,113287,3649,113285.6627,113287.0,111661,113287,23,79
coco_i2i,euclidean,1.2,robust-prune,-1,27200,113287,3650,113285.6676,113287.0,111662,113287,23,79
coco_i2i,euclidean,1.2,robust-prune,-1,27200,113287,3651,113285.6721,113287.0,111664,113287,23,77
coco_i2i,euclidean,1.2,robust-prune,-1,27200,113287,3652,113285.6764,113287.0,111665,113287,23,77
coco_i2i,euclidean,1.2,robust-prune,-1,27200,113287,3653,113285.6809,113287.0,111667,113287,23,77
coco_i2i,euclidean,1.2,robust-prune,-1,27200,113287,3654,113285.6851,113287.0,111668,113287,23,77
coco_i2i,euclidean,1.2,robust-prune,-1,27200,113287,3655,113285.6893,113287.0,111669,113287,22,77
coco_i2i,euclidean,1.2,robust-prune,-1,27200,113287,3656,113285.6934,113287.0,111670,113287,22,76
coco_i2i,euclidean,1.2,robust-prune,-1,27200,113287,3657,113285.6986,113287.0,111673,113287,22,76
coco_i2i,euclidean,1.2,robust-prune,-1,27200,113287,3658,113285.7044,113287.0,111677,113287,22,76
coco_i2i,euclidean,1.2,robust-prune,-1,27200,113287,3659,113285.7083,113287.0,111679,113287,22,76
coco_i2i,euclidean,1.2,robust-prune,-1,27200,113287,3660,113285.7123,113287.0,111681,113287,22,76
coco_i2i,euclidean,1.2,robust-prune,-1,27200,113287,3661,113285.7165,113287.0,111682,113287,22,76
coco_i2i,euclidean,1.2,robust-prune,-1,27200,113287,3662,113285.721,113287.0,111688,113287,22,76
coco_i2i,euclidean,1.2,robust-prune,-1,27200,113287,3663,113285.7272,113287.0,111692,113287,22,76
coco_i2i,euclidean,1.2,robust-prune,-1,27200,113287,3664,113285.7312,113287.0,111693,113287,22,76
coco_i2i,euclidean,1.2,robust-prune,-1,27200,113287,3665,113285.7363,113287.0,111696,113287,22,76
coco_i2i,euclidean,1.2,robust-prune,-1,27200,113287,3666,113285.7402,113287.0,111697,113287,22,75
coco_i2i,euclidean,1.2,robust-prune,-1,27200,113287,3667,113285.7445,113287.0,111698,113287,22,75
coco_i2i,euclidean,1.2,robust-prune,-1,27200,113287,3668,113285.7489,113287.0,111699,113287,22,75
coco_i2i,euclidean,1.2,robust-prune,-1,27200,113287,3669,113285.7531,113287.0,111700,113287,22,75
coco_i2i,euclidean,1.2,robust-prune,-1,27200,113287,3670,113285.7569,113287.0,111701,113287,22,75
coco_i2i,euclidean,1.2,robust-prune,-1,27200,113287,3671,113285.7615,113287.0,111702,113287,22,75
coco_i2i,euclidean,1.2,robust-prune,-1,27200,113287,3672,113285.7661,113287.0,111706,113287,22,75
coco_i2i,euclidean,1.2,robust-prune,-1,27200,113287,3673,113285.7702,113287.0,111708,113287,22,75
coco_i2i,euclidean,1.2,robust-prune,-1,27200,113287,3674,113285.7764,113287.0,111709,113287,22,74
coco_i2i,euclidean,1.2,robust-prune,-1,27200,113287,3675,113285.7805,113287.0,111711,113287,22,74
coco_i2i,euclidean,1.2,robust-prune,-1,27200,113287,3676,113285.7846,113287.0,111714,113287,22,74
coco_i2i,euclidean,1.2,robust-prune,-1,27200,113287,3677,113285.7895,113287.0,111715,113287,22,74
coco_i2i,euclidean,1.2,robust-prune,-1,27200,113287,3678,113285.7941,113287.0,111718,113287,22,74
coco_i2i,euclidean,1.2,robust-prune,-1,27200,113287,3679,113285.7982,113287.0,111719,113287,22,74
coco_i2i,euclidean,1.2,robust-prune,-1,27200,113287,3680,113285.8021,113287.0,111720,113287,22,74
coco_i2i,euclidean,1.2,robust-prune,-1,27200,113287,3681,113285.8061,113287.0,111721,113287,22,74
coco_i2i,euclidean,1.2,robust-prune,-1,27200,113287,3682,113285.8098,113287.0,111722,113287,22,74
coco_i2i,euclidean,1.2,robust-prune,-1,27200,113287,3683,113285.8143,113287.0,111723,113287,22,74
coco_i2i,euclidean,1.2,robust-prune,-1,27200,113287,3684,113285.8197,113287.0,111724,113287,22,74
coco_i2i,euclidean,1.2,robust-prune,-1,27200,113287,3685,113285.8238,113287.0,111730,113287,22,74
coco_i2i,euclidean,1.2,robust-prune,-1,27200,113287,3686,113285.8278,113287.0,111731,113287,22,74
coco_i2i,euclidean,1.2,robust-prune,-1,27200,113287,3687,113285.8326,113287.0,111733,113287,22,74
coco_i2i,euclidean,1.2,robust-prune,-1,27200,113287,3688,113285.8367,113287.0,111734,113287,22,74
coco_i2i,euclidean,1.2,robust-prune,-1,27200,113287,3689,113285.8412,113287.0,111738,113287,22,74
coco_i2i,euclidean,1.2,robust-prune,-1,27200,113287,3690,113285.8454,113287.0,111739,113287,22,74
coco_i2i,euclidean,1.2,robust-prune,-1,27200,113287,3691,113285.8508,113287.0,111740,113287,22,74
coco_i2i,euclidean,1.2,robust-prune,-1,27200,113287,3692,113285.8552,113287.0,111741,113287,22,74
coco_i2i,euclidean,1.2,robust-prune,-1,27200,113287,3693,113285.8595,113287.0,111743,113287,22,73
coco_i2i,euclidean,1.2,robust-prune,-1,27200,113287,3694,113285.8637,113287.0,111745,113287,22,73
coco_i2i,euclidean,1.2,robust-prune,-1,27200,113287,3695,113285.8676,113287.0,111746,113287,22,73
coco_i2i,euclidean,1.2,robust-prune,-1,27200,113287,3696,113285.8718,113287.0,111748,113287,22,73
coco_i2i,euclidean,1.2,robust-prune,-1,27200,113287,3697,113285.876,113287.0,111749,113287,22,73
coco_i2i,euclidean,1.2,robust-prune,-1,27200,113287,3698,113285.8799,113287.0,111750,113287,22,73
coco_i2i,euclidean,1.2,robust-prune,-1,27200,113287,3699,113285.8865,113287.0,111819,113287,22,72
coco_i2i,euclidean,1.2,robust-prune,-1,27200,113287,3700,113285.8912,113287.0,111821,113287,22,72
coco_i2i,euclidean,1.2,robust-prune,-1,27200,113287,3701,113285.8967,113287.0,111849,113287,22,72
coco_i2i,euclidean,1.2,robust-prune,-1,27200,113287,3702,113285.9015,113287.0,111850,113287,22,72
coco_i2i,euclidean,1.2,robust-prune,-1,27200,113287,3703,113285.9053,113287.0,111851,113287,22,71
coco_i2i,euclidean,1.2,robust-prune,-1,27200,113287,3704,113285.9103,113287.0,111852,113287,22,71
coco_i2i,euclidean,1.2,robust-prune,-1,27200,113287,3705,113285.9148,113287.0,111854,113287,22,71
coco_i2i,euclidean,1.2,robust-prune,-1,27200,113287,3706,113285.9185,113287.0,111858,113287,22,71
coco_i2i,euclidean,1.2,robust-prune,-1,27200,113287,3707,113285.9227,113287.0,111860,113287,22,71
coco_i2i,euclidean,1.2,robust-prune,-1,27200,113287,3708,113285.9274,113287.0,111863,113287,22,71
coco_i2i,euclidean,1.2,robust-prune,-1,27200,113287,3709,113285.9316,113287.0,111865,113287,22,71
coco_i2i,euclidean,1.2,robust-prune,-1,27200,113287,3710,113285.9353,113287.0,111866,113287,22,71
coco_i2i,euclidean,1.2,robust-prune,-1,27200,113287,3711,113285.9402,113287.0,111867,113287,22,71
coco_i2i,euclidean,1.2,robust-prune,-1,27200,113287,3712,113285.9443,113287.0,111869,113287,22,71
coco_i2i,euclidean,1.2,robust-prune,-1,27200,113287,3713,113285.9486,113287.0,111872,113287,22,71
coco_i2i,euclidean,1.2,robust-prune,-1,27200,113287,3714,113285.9539,113287.0,111882,113287,22,71
coco_i2i,euclidean,1.2,robust-prune,-1,27200,113287,3715,113285.9579,113287.0,111883,113287,21,71
coco_i2i,euclidean,1.2,robust-prune,-1,27200,113287,3716,113285.9616,113287.0,111885,113287,21,71
coco_i2i,euclidean,1.2,robust-prune,-1,27200,113287,3717,113285.9657,113287.0,111886,113287,21,71
coco_i2i,euclidean,1.2,robust-prune,-1,27200,113287,3718,113285.9722,113287.0,111887,113287,21,71
coco_i2i,euclidean,1.2,robust-prune,-1,27200,113287,3719,113285.9765,113287.0,111888,113287,21,71
coco_i2i,euclidean,1.2,robust-prune,-1,27200,113287,3720,113285.9803,113287.0,111890,113287,21,71
coco_i2i,euclidean,1.2,robust-prune,-1,27200,113287,3721,113285.9842,113287.0,111891,113287,21,71
coco_i2i,euclidean,1.2,robust-prune,-1,27200,113287,3722,113285.9914,113287.0,111892,113287,20,71
coco_i2i,euclidean,1.2,robust-prune,-1,27200,113287,3723,113285.9955,113287.0,111893,113287,20,71
coco_i2i,euclidean,1.2,robust-prune,-1,27200,113287,3724,113286.0012,113287.0,111900,113287,20,71
coco_i2i,euclidean,1.2,robust-prune,-1,27200,113287,3725,113286.0055,113287.0,111901,113287,20,71
coco_i2i,euclidean,1.2,robust-prune,-1,27200,113287,3726,113286.0104,113287.0,111902,113287,20,70
coco_i2i,euclidean,1.2,robust-prune,-1,27200,113287,3727,113286.0144,113287.0,111903,113287,20,70
coco_i2i,euclidean,1.2,robust-prune,-1,27200,113287,3728,113286.0183,113287.0,111909,113287,20,69
coco_i2i,euclidean,1.2,robust-prune,-1,27200,113287,3729,113286.0222,113287.0,111913,113287,20,69
coco_i2i,euclidean,1.2,robust-prune,-1,27200,113287,3730,113286.0261,113287.0,111922,113287,20,69
coco_i2i,euclidean,1.2,robust-prune,-1,27200,113287,3731,113286.0303,113287.0,111923,113287,19,69
coco_i2i,euclidean,1.2,robust-prune,-1,27200,113287,3732,113286.0344,113287.0,111925,113287,19,69
coco_i2i,euclidean,1.2,robust-prune,-1,27200,113287,3733,113286.0385,113287.0,111926,113287,19,69
coco_i2i,euclidean,1.2,robust-prune,-1,27200,113287,3734,113286.0433,113287.0,111927,113287,19,69
coco_i2i,euclidean,1.2,robust-prune,-1,27200,113287,3735,113286.0464,113287.0,111928,113287,19,69
coco_i2i,euclidean,1.2,robust-prune,-1,27200,113287,3736,113286.0503,113287.0,111929,113287,19,68
coco_i2i,euclidean,1.2,robust-prune,-1,27200,113287,3737,113286.054,113287.0,111930,113287,19,67
coco_i2i,euclidean,1.2,robust-prune,-1,27200,113287,3738,113286.0578,113287.0,111931,113287,19,67
coco_i2i,euclidean,1.2,robust-prune,-1,27200,113287,3739,113286.0628,113287.0,111934,113287,18,67
coco_i2i,euclidean,1.2,robust-prune,-1,27200,113287,3740,113286.0668,113287.0,111935,113287,18,67
coco_i2i,euclidean,1.2,robust-prune,-1,27200,113287,3741,113286.0704,113287.0,111939,113287,18,67
coco_i2i,euclidean,1.2,robust-prune,-1,27200,113287,3742,113286.0739,113287.0,111940,113287,18,67
coco_i2i,euclidean,1.2,robust-prune,-1,27200,113287,3743,113286.0771,113287.0,111941,113287,18,67
coco_i2i,euclidean,1.2,robust-prune,-1,27200,113287,3744,113286.0808,113287.0,111942,113287,18,66
coco_i2i,euclidean,1.2,robust-prune,-1,27200,113287,3745,113286.0839,113287.0,111943,113287,18,66
coco_i2i,euclidean,1.2,robust-prune,-1,27200,113287,3746,113286.0879,113287.0,111950,113287,18,66
coco_i2i,euclidean,1.2,robust-prune,-1,27200,113287,3747,113286.0913,113287.0,111952,113287,18,65
coco_i2i,euclidean,1.2,robust-prune,-1,27200,113287,3748,113286.0949,113287.0,111953,113287,18,64
coco_i2i,euclidean,1.2,robust-prune,-1,27200,113287,3749,113286.0989,113287.0,111954,113287,18,64
coco_i2i,euclidean,1.2,robust-prune,-1,27200,113287,3750,113286.1027,113287.0,111955,113287,18,64
coco_i2i,euclidean,1.2,robust-prune,-1,27200,113287,3751,113286.1059,113287.0,111956,113287,18,64
coco_i2i,euclidean,1.2,robust-prune,-1,27200,113287,3752,113286.1097,113287.0,111958,113287,17,64
coco_i2i,euclidean,1.2,robust-prune,-1,27200,113287,3753,113286.1144,113287.0,111960,113287,17,63
coco_i2i,euclidean,1.2,robust-prune,-1,27200,113287,3754,113286.118,113287.0,111961,113287,17,63
coco_i2i,euclidean,1.2,robust-prune,-1,27200,113287,3755,113286.1215,113287.0,111962,113287,17,63
coco_i2i,euclidean,1.2,robust-prune,-1,27200,113287,3756,113286.1252,113287.0,111963,113287,17,63
coco_i2i,euclidean,1.2,robust-prune,-1,27200,113287,3757,113286.1287,113287.0,111966,113287,17,63
coco_i2i,euclidean,1.2,robust-prune,-1,27200,113287,3758,113286.1324,113287.0,111967,113287,17,63
coco_i2i,euclidean,1.2,robust-prune,-1,27200,113287,3759,113286.1364,113287.0,111968,113287,17,63
coco_i2i,euclidean,1.2,robust-prune,-1,27200,113287,3760,113286.1399,113287.0,111969,113287,17,62
coco_i2i,euclidean,1.2,robust-prune,-1,27200,113287,3761,113286.1431,113287.0,111970,113287,17,62
coco_i2i,euclidean,1.2,robust-prune,-1,27200,113287,3762,113286.1459,113287.0,111971,113287,17,62
coco_i2i,euclidean,1.2,robust-prune,-1,27200,113287,3763,113286.149,113287.0,111972,113287,17,62
coco_i2i,euclidean,1.2,robust-prune,-1,27200,113287,3764,113286.1522,113287.0,111973,113287,17,62
coco_i2i,euclidean,1.2,robust-prune,-1,27200,113287,3765,113286.156,113287.0,111974,113287,17,62
coco_i2i,euclidean,1.2,robust-prune,-1,27200,113287,3766,113286.1597,113287.0,111975,113287,17,61
coco_i2i,euclidean,1.2,robust-prune,-1,27200,113287,3767,113286.1633,113287.0,111976,113287,17,61
coco_i2i,euclidean,1.2,robust-prune,-1,27200,113287,3768,113286.1667,113287.0,111978,113287,17,61
coco_i2i,euclidean,1.2,robust-prune,-1,27200,113287,3769,113286.1712,113287.0,111979,113287,17,60
coco_i2i,euclidean,1.2,robust-prune,-1,27200,113287,3770,113286.1745,113287.0,111980,113287,17,59
coco_i2i,euclidean,1.2,robust-prune,-1,27200,113287,3771,113286.1777,113287.0,111982,113287,17,59
coco_i2i,euclidean,1.2,robust-prune,-1,27200,113287,3772,113286.1804,113287.0,111983,113287,16,59
coco_i2i,euclidean,1.2,robust-prune,-1,27200,113287,3773,113286.186,113287.0,111984,113287,15,59
coco_i2i,euclidean,1.2,robust-prune,-1,27200,113287,3774,113286.1891,113287.0,111985,113287,15,59
coco_i2i,euclidean,1.2,robust-prune,-1,27200,113287,3775,113286.1922,113287.0,111987,113287,15,59
coco_i2i,euclidean,1.2,robust-prune,-1,27200,113287,3776,113286.1966,113287.0,111988,113287,15,58
coco_i2i,euclidean,1.2,robust-prune,-1,27200,113287,3777,113286.2,113287.0,111989,113287,15,58
coco_i2i,euclidean,1.2,robust-prune,-1,27200,113287,3778,113286.204,113287.0,111991,113287,14,57
coco_i2i,euclidean,1.2,robust-prune,-1,27200,113287,3779,113286.2067,113287.0,111993,113287,13,57
coco_i2i,euclidean,1.2,robust-prune,-1,27200,113287,3780,113286.2109,113287.0,111994,113287,13,57
coco_i2i,euclidean,1.2,robust-prune,-1,27200,113287,3781,113286.2135,113287.0,111997,113287,13,57
coco_i2i,euclidean,1.2,robust-prune,-1,27200,113287,3782,113286.2165,113287.0,111998,113287,13,57
coco_i2i,euclidean,1.2,robust-prune,-1,27200,113287,3783,113286.2194,113287.0,112003,113287,13,57
coco_i2i,euclidean,1.2,robust-prune,-1,27200,113287,3784,113286.2222,113287.0,112004,113287,13,57
coco_i2i,euclidean,1.2,robust-prune,-1,27200,113287,3785,113286.2254,113287.0,112005,113287,13,57
coco_i2i,euclidean,1.2,robust-prune,-1,27200,113287,3786,113286.2431,113287.0,112055,113287,13,56
coco_i2i,euclidean,1.2,robust-prune,-1,27200,113287,3787,113286.2467,113287.0,112056,113287,13,56
coco_i2i,euclidean,1.2,robust-prune,-1,27200,113287,3788,113286.251,113287.0,112057,113287,13,56
coco_i2i,euclidean,1.2,robust-prune,-1,27200,113287,3789,113286.2542,113287.0,112058,113287,13,56
coco_i2i,euclidean,1.2,robust-prune,-1,27200,113287,3790,113286.2574,113287.0,112059,113287,13,55
coco_i2i,euclidean,1.2,robust-prune,-1,27200,113287,3791,113286.261,113287.0,112062,113287,13,55
coco_i2i,euclidean,1.2,robust-prune,-1,27200,113287,3792,113286.2638,113287.0,112063,113287,13,55
coco_i2i,euclidean,1.2,robust-prune,-1,27200,113287,3793,113286.2669,113287.0,112064,113287,13,55
coco_i2i,euclidean,1.2,robust-prune,-1,27200,113287,3794,113286.2696,113287.0,112066,113287,13,55
coco_i2i,euclidean,1.2,robust-prune,-1,27200,113287,3795,113286.2731,113287.0,112070,113287,13,55
coco_i2i,euclidean,1.2,robust-prune,-1,27200,113287,3796,113286.2763,113287.0,112072,113287,13,55
coco_i2i,euclidean,1.2,robust-prune,-1,27200,113287,3797,113286.2799,113287.0,112073,113287,13,55
coco_i2i,euclidean,1.2,robust-prune,-1,27200,113287,3798,113286.2832,113287.0,112074,113287,13,55
coco_i2i,euclidean,1.2,robust-prune,-1,27200,113287,3799,113286.2862,113287.0,112075,113287,13,55
coco_i2i,euclidean,1.2,robust-prune,-1,27200,113287,3800,113286.2893,113287.0,112076,113287,13,55
coco_i2i,euclidean,1.2,robust-prune,-1,27200,113287,3801,113286.2924,113287.0,112077,113287,13,55
coco_i2i,euclidean,1.2,robust-prune,-1,27200,113287,3802,113286.2952,113287.0,112079,113287,13,55
coco_i2i,euclidean,1.2,robust-prune,-1,27200,113287,3803,113286.2984,113287.0,112080,113287,13,55
coco_i2i,euclidean,1.2,robust-prune,-1,27200,113287,3804,113286.3012,113287.0,112081,113287,13,55
coco_i2i,euclidean,1.2,robust-prune,-1,27200,113287,3805,113286.3043,113287.0,112082,113287,13,54
coco_i2i,euclidean,1.2,robust-prune,-1,27200,113287,3806,113286.3072,113287.0,112083,113287,13,54
coco_i2i,euclidean,1.2,robust-prune,-1,27200,113287,3807,113286.3107,113287.0,112084,113287,13,54
coco_i2i,euclidean,1.2,robust-prune,-1,27200,113287,3808,113286.3138,113287.0,112085,113287,13,54
coco_i2i,euclidean,1.2,robust-prune,-1,27200,113287,3809,113286.3166,113287.0,112086,113287,13,54
coco_i2i,euclidean,1.2,robust-prune,-1,27200,113287,3810,113286.319,113287.0,112087,113287,13,54
coco_i2i,euclidean,1.2,robust-prune,-1,27200,113287,3811,113286.3219,113287.0,112090,113287,13,54
coco_i2i,euclidean,1.2,robust-prune,-1,27200,113287,3812,113286.3249,113287.0,112093,113287,13,53
coco_i2i,euclidean,1.2,robust-prune,-1,27200,113287,3813,113286.3273,113287.0,112095,113287,13,52
coco_i2i,euclidean,1.2,robust-prune,-1,27200,113287,3814,113286.3301,113287.0,112097,113287,13,52
coco_i2i,euclidean,1.2,robust-prune,-1,27200,113287,3815,113286.3335,113287.0,112098,113287,12,52
coco_i2i,euclidean,1.2,robust-prune,-1,27200,113287,3816,113286.3367,113287.0,112102,113287,12,52
coco_i2i,euclidean,1.2,robust-prune,-1,27200,113287,3817,113286.3391,113287.0,112103,113287,12,51
coco_i2i,euclidean,1.2,robust-prune,-1,27200,113287,3818,113286.3424,113287.0,112104,113287,12,51
coco_i2i,euclidean,1.2,robust-prune,-1,27200,113287,3819,113286.3446,113287.0,112105,113287,12,51
coco_i2i,euclidean,1.2,robust-prune,-1,27200,113287,3820,113286.3478,113287.0,112107,113287,12,51
coco_i2i,euclidean,1.2,robust-prune,-1,27200,113287,3821,113286.351,113287.0,112108,113287,12,51
coco_i2i,euclidean,1.2,robust-prune,-1,27200,113287,3822,113286.3535,113287.0,112109,113287,11,51
coco_i2i,euclidean,1.2,robust-prune,-1,27200,113287,3823,113286.3567,113287.0,112112,113287,11,51
coco_i2i,euclidean,1.2,robust-prune,-1,27200,113287,3824,113286.3597,113287.0,112122,113287,11,51
coco_i2i,euclidean,1.2,robust-prune,-1,27200,113287,3825,113286.3652,113287.0,112123,113287,11,51
coco_i2i,euclidean,1.2,robust-prune,-1,27200,113287,3826,113286.3683,113287.0,112124,113287,10,51
coco_i2i,euclidean,1.2,robust-prune,-1,27200,113287,3827,113286.3719,113287.0,112129,113287,10,51
coco_i2i,euclidean,1.2,robust-prune,-1,27200,113287,3828,113286.3751,113287.0,112132,113287,10,51
coco_i2i,euclidean,1.2,robust-prune,-1,27200,113287,3829,113286.3776,113287.0,112134,113287,10,51
coco_i2i,euclidean,1.2,robust-prune,-1,27200,113287,3830,113286.38,113287.0,112135,113287,10,51
coco_i2i,euclidean,1.2,robust-prune,-1,27200,113287,3831,113286.384,113287.0,112136,113287,9,51
coco_i2i,euclidean,1.2,robust-prune,-1,27200,113287,3832,113286.387,113287.0,112137,113287,9,51
coco_i2i,euclidean,1.2,robust-prune,-1,27200,113287,3833,113286.3897,113287.0,112138,113287,9,51
coco_i2i,euclidean,1.2,robust-prune,-1,27200,113287,3834,113286.3926,113287.0,112140,113287,9,51
coco_i2i,euclidean,1.2,robust-prune,-1,27200,113287,3835,113286.3957,113287.0,112142,113287,9,51
coco_i2i,euclidean,1.2,robust-prune,-1,27200,113287,3836,113286.398,113287.0,112143,113287,9,51
coco_i2i,euclidean,1.2,robust-prune,-1,27200,113287,3837,113286.4008,113287.0,112148,113287,9,51
coco_i2i,euclidean,1.2,robust-prune,-1,27200,113287,3838,113286.4035,113287.0,112153,113287,9,51
coco_i2i,euclidean,1.2,robust-prune,-1,27200,113287,3839,113286.4063,113287.0,112154,113287,9,51
coco_i2i,euclidean,1.2,robust-prune,-1,27200,113287,3840,113286.4088,113287.0,112155,113287,9,49
coco_i2i,euclidean,1.2,robust-prune,-1,27200,113287,3841,113286.4114,113287.0,112157,113287,9,48
coco_i2i,euclidean,1.2,robust-prune,-1,27200,113287,3842,113286.4138,113287.0,112158,113287,9,48
coco_i2i,euclidean,1.2,robust-prune,-1,27200,113287,3843,113286.4171,113287.0,112159,113287,9,48
coco_i2i,euclidean,1.2,robust-prune,-1,27200,113287,3844,113286.4197,113287.0,112160,113287,9,48
coco_i2i,euclidean,1.2,robust-prune,-1,27200,113287,3845,113286.4228,113287.0,112162,113287,9,48
coco_i2i,euclidean,1.2,robust-prune,-1,27200,113287,3846,113286.4256,113287.0,112163,113287,9,48
coco_i2i,euclidean,1.2,robust-prune,-1,27200,113287,3847,113286.4283,113287.0,112164,113287,9,48
coco_i2i,euclidean,1.2,robust-prune,-1,27200,113287,3848,113286.4307,113287.0,112166,113287,9,48
coco_i2i,euclidean,1.2,robust-prune,-1,27200,113287,3849,113286.4332,113287.0,112168,113287,9,48
coco_i2i,euclidean,1.2,robust-prune,-1,27200,113287,3850,113286.4354,113287.0,112171,113287,9,48
coco_i2i,euclidean,1.2,robust-prune,-1,27200,113287,3851,113286.4379,113287.0,112172,113287,9,48
coco_i2i,euclidean,1.2,robust-prune,-1,27200,113287,3852,113286.4408,113287.0,112175,113287,9,48
coco_i2i,euclidean,1.2,robust-prune,-1,27200,113287,3853,113286.443,113287.0,112176,113287,9,48
coco_i2i,euclidean,1.2,robust-prune,-1,27200,113287,3854,113286.4458,113287.0,112177,113287,9,48
coco_i2i,euclidean,1.2,robust-prune,-1,27200,113287,3855,113286.4482,113287.0,112178,113287,9,47
coco_i2i,euclidean,1.2,robust-prune,-1,27200,113287,3856,113286.4508,113287.0,112180,113287,9,47
coco_i2i,euclidean,1.2,robust-prune,-1,27200,113287,3857,113286.4533,113287.0,112182,113287,9,47
coco_i2i,euclidean,1.2,robust-prune,-1,27200,113287,3858,113286.456,113287.0,112183,113287,9,47
coco_i2i,euclidean,1.2,robust-prune,-1,27200,113287,3859,113286.4582,113287.0,112184,113287,9,46
coco_i2i,euclidean,1.2,robust-prune,-1,27200,113287,3860,113286.4612,113287.0,112185,113287,9,46
coco_i2i,euclidean,1.2,robust-prune,-1,27200,113287,3861,113286.4637,113287.0,112186,113287,9,46
coco_i2i,euclidean,1.2,robust-prune,-1,27200,113287,3862,113286.4658,113287.0,112187,113287,9,45
coco_i2i,euclidean,1.2,robust-prune,-1,27200,113287,3863,113286.4683,113287.0,112188,113287,9,45
coco_i2i,euclidean,1.2,robust-prune,-1,27200,113287,3864,113286.4709,113287.0,112189,113287,9,44
coco_i2i,euclidean,1.2,robust-prune,-1,27200,113287,3865,113286.4734,113287.0,112192,113287,9,44
coco_i2i,euclidean,1.2,robust-prune,-1,27200,113287,3866,113286.4754,113287.0,112193,113287,9,44
coco_i2i,euclidean,1.2,robust-prune,-1,27200,113287,3867,113286.4785,113287.0,112196,113287,9,44
coco_i2i,euclidean,1.2,robust-prune,-1,27200,113287,3868,113286.481,113287.0,112197,113287,9,44
coco_i2i,euclidean,1.2,robust-prune,-1,27200,113287,3869,113286.4835,113287.0,112198,113287,9,44
coco_i2i,euclidean,1.2,robust-prune,-1,27200,113287,3870,113286.4856,113287.0,112199,113287,9,44
coco_i2i,euclidean,1.2,robust-prune,-1,27200,113287,3871,113286.4879,113287.0,112203,113287,9,44
coco_i2i,euclidean,1.2,robust-prune,-1,27200,113287,3872,113286.49,113287.0,112204,113287,9,44
coco_i2i,euclidean,1.2,robust-prune,-1,27200,113287,3873,113286.4925,113287.0,112205,113287,9,44
coco_i2i,euclidean,1.2,robust-prune,-1,27200,113287,3874,113286.4952,113287.0,112207,113287,9,44
coco_i2i,euclidean,1.2,robust-prune,-1,27200,113287,3875,113286.4975,113287.0,112209,113287,9,44
coco_i2i,euclidean,1.2,robust-prune,-1,27200,113287,3876,113286.5,113287.0,112210,113287,9,44
coco_i2i,euclidean,1.2,robust-prune,-1,27200,113287,3877,113286.5026,113287.0,112211,113287,9,44
coco_i2i,euclidean,1.2,robust-prune,-1,27200,113287,3878,113286.5048,113287.0,112212,113287,9,44
coco_i2i,euclidean,1.2,robust-prune,-1,27200,113287,3879,113286.5072,113287.0,112214,113287,7,44
coco_i2i,euclidean,1.2,robust-prune,-1,27200,113287,3880,113286.5099,113287.0,112215,113287,7,44
coco_i2i,euclidean,1.2,robust-prune,-1,27200,113287,3881,113286.5117,113287.0,112216,113287,7,43
coco_i2i,euclidean,1.2,robust-prune,-1,27200,113287,3882,113286.5139,113287.0,112218,113287,7,43
coco_i2i,euclidean,1.2,robust-prune,-1,27200,113287,3883,113286.5159,113287.0,112219,113287,7,42
coco_i2i,euclidean,1.2,robust-prune,-1,27200,113287,3884,113286.5181,113287.0,112220,113287,7,42
coco_i2i,euclidean,1.2,robust-prune,-1,27200,113287,3885,113286.5207,113287.0,112225,113287,7,42
coco_i2i,euclidean,1.2,robust-prune,-1,27200,113287,3886,113286.5231,113287.0,112227,113287,7,42
coco_i2i,euclidean,1.2,robust-prune,-1,27200,113287,3887,113286.5249,113287.0,112228,113287,7,41
coco_i2i,euclidean,1.2,robust-prune,-1,27200,113287,3888,113286.5267,113287.0,112229,113287,7,41
coco_i2i,euclidean,1.2,robust-prune,-1,27200,113287,3889,113286.5287,113287.0,112230,113287,7,41
coco_i2i,euclidean,1.2,robust-prune,-1,27200,113287,3890,113286.5309,113287.0,112232,113287,7,41
coco_i2i,euclidean,1.2,robust-prune,-1,27200,113287,3891,113286.5329,113287.0,112233,113287,7,41
coco_i2i,euclidean,1.2,robust-prune,-1,27200,113287,3892,113286.5351,113287.0,112234,113287,7,41
coco_i2i,euclidean,1.2,robust-prune,-1,27200,113287,3893,113286.5381,113287.0,112235,113287,7,41
coco_i2i,euclidean,1.2,robust-prune,-1,27200,113287,3894,113286.5403,113287.0,112236,113287,7,41
coco_i2i,euclidean,1.2,robust-prune,-1,27200,113287,3895,113286.5438,113287.0,112240,113287,7,41
coco_i2i,euclidean,1.2,robust-prune,-1,27200,113287,3896,113286.546,113287.0,112245,113287,7,40
coco_i2i,euclidean,1.2,robust-prune,-1,27200,113287,3897,113286.5479,113287.0,112246,113287,7,40
coco_i2i,euclidean,1.2,robust-prune,-1,27200,113287,3898,113286.5496,113287.0,112247,113287,7,40
coco_i2i,euclidean,1.2,robust-prune,-1,27200,113287,3899,113286.5515,113287.0,112249,113287,7,40
coco_i2i,euclidean,1.2,robust-prune,-1,27200,113287,3900,113286.5533,113287.0,112250,113287,7,39
coco_i2i,euclidean,1.2,robust-prune,-1,27200,113287,3901,113286.5554,113287.0,112253,113287,7,39
coco_i2i,euclidean,1.2,robust-prune,-1,27200,113287,3902,113286.5577,113287.0,112255,113287,7,39
coco_i2i,euclidean,1.2,robust-prune,-1,27200,113287,3903,113286.56,113287.0,112257,113287,7,39
coco_i2i,euclidean,1.2,robust-prune,-1,27200,113287,3904,113286.5617,113287.0,112258,113287,7,39
coco_i2i,euclidean,1.2,robust-prune,-1,27200,113287,3905,113286.5641,113287.0,112260,113287,7,37
coco_i2i,euclidean,1.2,robust-prune,-1,27200,113287,3906,113286.5658,113287.0,112262,113287,7,37
coco_i2i,euclidean,1.2,robust-prune,-1,27200,113287,3907,113286.5693,113287.0,112263,113287,7,37
coco_i2i,euclidean,1.2,robust-prune,-1,27200,113287,3908,113286.5712,113287.0,112267,113287,7,37
coco_i2i,euclidean,1.2,robust-prune,-1,27200,113287,3909,113286.5735,113287.0,112268,113287,6,37
coco_i2i,euclidean,1.2,robust-prune,-1,27200,113287,3910,113286.5755,113287.0,112271,113287,6,37
coco_i2i,euclidean,1.2,robust-prune,-1,27200,113287,3911,113286.5778,113287.0,112272,113287,6,37
coco_i2i,euclidean,1.2,robust-prune,-1,27200,113287,3912,113286.5796,113287.0,112273,113287,6,36
coco_i2i,euclidean,1.2,robust-prune,-1,27200,113287,3913,113286.5818,113287.0,112274,113287,6,36
coco_i2i,euclidean,1.2,robust-prune,-1,27200,113287,3914,113286.5838,113287.0,112275,113287,6,36
coco_i2i,euclidean,1.2,robust-prune,-1,27200,113287,3915,113286.5854,113287.0,112277,113287,6,36
coco_i2i,euclidean,1.2,robust-prune,-1,27200,113287,3916,113286.5875,113287.0,112278,113287,6,35
coco_i2i,euclidean,1.2,robust-prune,-1,27200,113287,3917,113286.589,113287.0,112279,113287,6,35
coco_i2i,euclidean,1.2,robust-prune,-1,27200,113287,3918,113286.5909,113287.0,112283,113287,6,35
coco_i2i,euclidean,1.2,robust-prune,-1,27200,113287,3919,113286.5927,113287.0,112284,113287,6,35
coco_i2i,euclidean,1.2,robust-prune,-1,27200,113287,3920,113286.5943,113287.0,112285,113287,6,35
coco_i2i,euclidean,1.2,robust-prune,-1,27200,113287,3921,113286.5958,113287.0,112287,113287,6,35
coco_i2i,euclidean,1.2,robust-prune,-1,27200,113287,3922,113286.5979,113287.0,112288,113287,6,35
coco_i2i,euclidean,1.2,robust-prune,-1,27200,113287,3923,113286.6001,113287.0,112290,113287,6,35
coco_i2i,euclidean,1.2,robust-prune,-1,27200,113287,3924,113286.6022,113287.0,112301,113287,6,35
coco_i2i,euclidean,1.2,robust-prune,-1,27200,113287,3925,113286.6039,113287.0,112303,113287,6,35
coco_i2i,euclidean,1.2,robust-prune,-1,27200,113287,3926,113286.607,113287.0,112306,113287,6,35
coco_i2i,euclidean,1.2,robust-prune,-1,27200,113287,3927,113286.6087,113287.0,112307,113287,6,35
coco_i2i,euclidean,1.2,robust-prune,-1,27200,113287,3928,113286.611,113287.0,112309,113287,6,35
coco_i2i,euclidean,1.2,robust-prune,-1,27200,113287,3929,113286.6128,113287.0,112310,113287,6,35
coco_i2i,euclidean,1.2,robust-prune,-1,27200,113287,3930,113286.6143,113287.0,112311,113287,6,34
coco_i2i,euclidean,1.2,robust-prune,-1,27200,113287,3931,113286.616,113287.0,112312,113287,6,34
coco_i2i,euclidean,1.2,robust-prune,-1,27200,113287,3932,113286.618,113287.0,112313,113287,6,34
coco_i2i,euclidean,1.2,robust-prune,-1,27200,113287,3933,113286.62,113287.0,112314,113287,5,34
coco_i2i,euclidean,1.2,robust-prune,-1,27200,113287,3934,113286.6215,113287.0,112318,113287,5,34
coco_i2i,euclidean,1.2,robust-prune,-1,27200,113287,3935,113286.6235,113287.0,112322,113287,5,34
coco_i2i,euclidean,1.2,robust-prune,-1,27200,113287,3936,113286.6251,113287.0,112323,113287,5,34
coco_i2i,euclidean,1.2,robust-prune,-1,27200,113287,3937,113286.6272,113287.0,112324,113287,5,34
coco_i2i,euclidean,1.2,robust-prune,-1,27200,113287,3938,113286.6288,113287.0,112325,113287,5,33
coco_i2i,euclidean,1.2,robust-prune,-1,27200,113287,3939,113286.6308,113287.0,112326,113287,5,33
coco_i2i,euclidean,1.2,robust-prune,-1,27200,113287,3940,113286.6326,113287.0,112329,113287,5,33
coco_i2i,euclidean,1.2,robust-prune,-1,27200,113287,3941,113286.6346,113287.0,112330,113287,5,33
coco_i2i,euclidean,1.2,robust-prune,-1,27200,113287,3942,113286.6373,113287.0,112331,113287,5,33
coco_i2i,euclidean,1.2,robust-prune,-1,27200,113287,3943,113286.6393,113287.0,112332,113287,5,33
coco_i2i,euclidean,1.2,robust-prune,-1,27200,113287,3944,113286.641,113287.0,112334,113287,5,33
coco_i2i,euclidean,1.2,robust-prune,-1,27200,113287,3945,113286.6427,113287.0,112335,113287,5,33
coco_i2i,euclidean,1.2,robust-prune,-1,27200,113287,3946,113286.6443,113287.0,112336,113287,5,33
coco_i2i,euclidean,1.2,robust-prune,-1,27200,113287,3947,113286.6461,113287.0,112337,113287,5,33
coco_i2i,euclidean,1.2,robust-prune,-1,27200,113287,3948,113286.6479,113287.0,112340,113287,5,33
coco_i2i,euclidean,1.2,robust-prune,-1,27200,113287,3949,113286.6493,113287.0,112341,113287,5,33
coco_i2i,euclidean,1.2,robust-prune,-1,27200,113287,3950,113286.6513,113287.0,112351,113287,5,32
coco_i2i,euclidean,1.2,robust-prune,-1,27200,113287,3951,113286.6532,113287.0,112352,113287,5,32
coco_i2i,euclidean,1.2,robust-prune,-1,27200,113287,3952,113286.6549,113287.0,112353,113287,5,32
coco_i2i,euclidean,1.2,robust-prune,-1,27200,113287,3953,113286.6564,113287.0,112355,113287,5,32
coco_i2i,euclidean,1.2,robust-prune,-1,27200,113287,3954,113286.6581,113287.0,112357,113287,5,32
coco_i2i,euclidean,1.2,robust-prune,-1,27200,113287,3955,113286.6594,113287.0,112359,113287,5,32
coco_i2i,euclidean,1.2,robust-prune,-1,27200,113287,3956,113286.6612,113287.0,112361,113287,5,32
coco_i2i,euclidean,1.2,robust-prune,-1,27200,113287,3957,113286.6625,113287.0,112363,113287,5,32
coco_i2i,euclidean,1.2,robust-prune,-1,27200,113287,3958,113286.6641,113287.0,112364,113287,5,32
coco_i2i,euclidean,1.2,robust-prune,-1,27200,113287,3959,113286.6667,113287.0,112365,113287,5,32
coco_i2i,euclidean,1.2,robust-prune,-1,27200,113287,3960,113286.6683,113287.0,112367,113287,5,32
coco_i2i,euclidean,1.2,robust-prune,-1,27200,113287,3961,113286.6697,113287.0,112370,113287,5,32
coco_i2i,euclidean,1.2,robust-prune,-1,27200,113287,3962,113286.6712,113287.0,112371,113287,5,30
coco_i2i,euclidean,1.2,robust-prune,-1,27200,113287,3963,113286.6741,113287.0,112378,113287,4,30
coco_i2i,euclidean,1.2,robust-prune,-1,27200,113287,3964,113286.6764,113287.0,112380,113287,4,30
coco_i2i,euclidean,1.2,robust-prune,-1,27200,113287,3965,113286.6781,113287.0,112382,113287,4,29
coco_i2i,euclidean,1.2,robust-prune,-1,27200,113287,3966,113286.6795,113287.0,112383,113287,4,29
coco_i2i,euclidean,1.2,robust-prune,-1,27200,113287,3967,113286.681,113287.0,112384,113287,4,29
coco_i2i,euclidean,1.2,robust-prune,-1,27200,113287,3968,113286.6825,113287.0,112386,113287,4,29
coco_i2i,euclidean,1.2,robust-prune,-1,27200,113287,3969,113286.6837,113287.0,112387,113287,4,29
coco_i2i,euclidean,1.2,robust-prune,-1,27200,113287,3970,113286.6851,113287.0,112388,113287,4,29
coco_i2i,euclidean,1.2,robust-prune,-1,27200,113287,3971,113286.6868,113287.0,112390,113287,4,29
coco_i2i,euclidean,1.2,robust-prune,-1,27200,113287,3972,113286.6886,113287.0,112391,113287,4,27
coco_i2i,euclidean,1.2,robust-prune,-1,27200,113287,3973,113286.6898,113287.0,112392,113287,4,27
coco_i2i,euclidean,1.2,robust-prune,-1,27200,113287,3974,113286.6911,113287.0,112396,113287,4,27
coco_i2i,euclidean,1.2,robust-prune,-1,27200,113287,3975,113286.6928,113287.0,112398,113287,4,27
coco_i2i,euclidean,1.2,robust-prune,-1,27200,113287,3976,113286.6944,113287.0,112406,113287,4,27
coco_i2i,euclidean,1.2,robust-prune,-1,27200,113287,3977,113286.6957,113287.0,112408,113287,4,27
coco_i2i,euclidean,1.2,robust-prune,-1,27200,113287,3978,113286.697,113287.0,112409,113287,4,27
coco_i2i,euclidean,1.2,robust-prune,-1,27200,113287,3979,113286.6983,113287.0,112410,113287,4,26
coco_i2i,euclidean,1.2,robust-prune,-1,27200,113287,3980,113286.6997,113287.0,112411,113287,4,26
coco_i2i,euclidean,1.2,robust-prune,-1,27200,113287,3981,113286.7015,113287.0,112414,113287,4,26
coco_i2i,euclidean,1.2,robust-prune,-1,27200,113287,3982,113286.7032,113287.0,112415,113287,4,26
coco_i2i,euclidean,1.2,robust-prune,-1,27200,113287,3983,113286.7046,113287.0,112416,113287,4,26
coco_i2i,euclidean,1.2,robust-prune,-1,27200,113287,3984,113286.7064,113287.0,112418,113287,4,26
coco_i2i,euclidean,1.2,robust-prune,-1,27200,113287,3985,113286.7076,113287.0,112419,113287,4,26
coco_i2i,euclidean,1.2,robust-prune,-1,27200,113287,3986,113286.709,113287.0,112421,113287,4,25
coco_i2i,euclidean,1.2,robust-prune,-1,27200,113287,3987,113286.7103,113287.0,112422,113287,4,25
coco_i2i,euclidean,1.2,robust-prune,-1,27200,113287,3988,113286.7119,113287.0,112423,113287,4,25
coco_i2i,euclidean,1.2,robust-prune,-1,27200,113287,3989,113286.7135,113287.0,112424,113287,4,25
coco_i2i,euclidean,1.2,robust-prune,-1,27200,113287,3990,113286.7156,113287.0,112427,113287,4,25
coco_i2i,euclidean,1.2,robust-prune,-1,27200,113287,3991,113286.7169,113287.0,112428,113287,4,25
coco_i2i,euclidean,1.2,robust-prune,-1,27200,113287,3992,113286.7182,113287.0,112430,113287,4,25
coco_i2i,euclidean,1.2,robust-prune,-1,27200,113287,3993,113286.7194,113287.0,112431,113287,4,25
coco_i2i,euclidean,1.2,robust-prune,-1,27200,113287,3994,113286.7206,113287.0,112433,113287,4,24
coco_i2i,euclidean,1.2,robust-prune,-1,27200,113287,3995,113286.7218,113287.0,112434,113287,4,24
coco_i2i,euclidean,1.2,robust-prune,-1,27200,113287,3996,113286.7228,113287.0,112435,113287,4,24
coco_i2i,euclidean,1.2,robust-prune,-1,27200,113287,3997,113286.7241,113287.0,112441,113287,4,24
coco_i2i,euclidean,1.2,robust-prune,-1,27200,113287,3998,113286.7257,113287.0,112442,113287,4,24
coco_i2i,euclidean,1.2,robust-prune,-1,27200,113287,3999,113286.7271,113287.0,112446,113287,4,24
coco_i2i,euclidean,1.2,robust-prune,-1,27200,113287,4000,113286.7283,113287.0,112447,113287,4,24
coco_i2i,euclidean,1.2,robust-prune,-1,27200,113287,4001,113286.7295,113287.0,112448,113287,4,24
coco_i2i,euclidean,1.2,robust-prune,-1,27200,113287,4002,113286.7306,113287.0,112449,113287,4,24
coco_i2i,euclidean,1.2,robust-prune,-1,27200,113287,4003,113286.7316,113287.0,112450,113287,4,24
coco_i2i,euclidean,1.2,robust-prune,-1,27200,113287,4004,113286.7327,113287.0,112451,113287,4,24
coco_i2i,euclidean,1.2,robust-prune,-1,27200,113287,4005,113286.7351,113287.0,112469,113287,4,24
coco_i2i,euclidean,1.2,robust-prune,-1,27200,113287,4006,113286.7368,113287.0,112472,113287,4,24
coco_i2i,euclidean,1.2,robust-prune,-1,27200,113287,4007,113286.738,113287.0,112473,113287,4,24
coco_i2i,euclidean,1.2,robust-prune,-1,27200,113287,4008,113286.739,113287.0,112474,113287,4,24
coco_i2i,euclidean,1.2,robust-prune,-1,27200,113287,4009,113286.7404,113287.0,112476,113287,4,24
coco_i2i,euclidean,1.2,robust-prune,-1,27200,113287,4010,113286.7419,113287.0,112480,113287,4,24
coco_i2i,euclidean,1.2,robust-prune,-1,27200,113287,4011,113286.7431,113287.0,112481,113287,4,24
coco_i2i,euclidean,1.2,robust-prune,-1,27200,113287,4012,113286.7443,113287.0,112483,113287,4,24
coco_i2i,euclidean,1.2,robust-prune,-1,27200,113287,4013,113286.7457,113287.0,112484,113287,4,24
coco_i2i,euclidean,1.2,robust-prune,-1,27200,113287,4014,113286.7475,113287.0,112499,113287,4,24
coco_i2i,euclidean,1.2,robust-prune,-1,27200,113287,4015,113286.7488,113287.0,112501,113287,4,24
coco_i2i,euclidean,1.2,robust-prune,-1,27200,113287,4016,113286.75,113287.0,112502,113287,4,23
coco_i2i,euclidean,1.2,robust-prune,-1,27200,113287,4017,113286.7516,113287.0,112517,113287,4,23
coco_i2i,euclidean,1.2,robust-prune,-1,27200,113287,4018,113286.7528,113287.0,112518,113287,4,23
coco_i2i,euclidean,1.2,robust-prune,-1,27200,113287,4019,113286.7538,113287.0,112519,113287,4,23
coco_i2i,euclidean,1.2,robust-prune,-1,27200,113287,4020,113286.755,113287.0,112520,113287,4,23
coco_i2i,euclidean,1.2,robust-prune,-1,27200,113287,4021,113286.756,113287.0,112521,113287,4,23
coco_i2i,euclidean,1.2,robust-prune,-1,27200,113287,4022,113286.7572,113287.0,112522,113287,4,23
coco_i2i,euclidean,1.2,robust-prune,-1,27200,113287,4023,113286.759,113287.0,112525,113287,4,23
coco_i2i,euclidean,1.2,robust-prune,-1,27200,113287,4024,113286.7603,113287.0,112526,113287,4,22
coco_i2i,euclidean,1.2,robust-prune,-1,27200,113287,4025,113286.7614,113287.0,112527,113287,4,22
coco_i2i,euclidean,1.2,robust-prune,-1,27200,113287,4026,113286.7625,113287.0,112529,113287,4,22
coco_i2i,euclidean,1.2,robust-prune,-1,27200,113287,4027,113286.7641,113287.0,112531,113287,4,22
coco_i2i,euclidean,1.2,robust-prune,-1,27200,113287,4028,113286.7663,113287.0,112532,113287,4,22
coco_i2i,euclidean,1.2,robust-prune,-1,27200,113287,4029,113286.7676,113287.0,112534,113287,4,22
coco_i2i,euclidean,1.2,robust-prune,-1,27200,113287,4030,113286.769,113287.0,112543,113287,4,22
coco_i2i,euclidean,1.2,robust-prune,-1,27200,113287,4031,113286.77,113287.0,112544,113287,4,22
coco_i2i,euclidean,1.2,robust-prune,-1,27200,113287,4032,113286.7715,113287.0,112545,113287,4,22
coco_i2i,euclidean,1.2,robust-prune,-1,27200,113287,4033,113286.7729,113287.0,112546,113287,4,22
coco_i2i,euclidean,1.2,robust-prune,-1,27200,113287,4034,113286.7747,113287.0,112547,113287,4,22
coco_i2i,euclidean,1.2,robust-prune,-1,27200,113287,4035,113286.7765,113287.0,112548,113287,4,22
coco_i2i,euclidean,1.2,robust-prune,-1,27200,113287,4036,113286.7775,113287.0,112549,113287,4,22
coco_i2i,euclidean,1.2,robust-prune,-1,27200,113287,4037,113286.7788,113287.0,112550,113287,4,22
coco_i2i,euclidean,1.2,robust-prune,-1,27200,113287,4038,113286.7797,113287.0,112552,113287,4,22
coco_i2i,euclidean,1.2,robust-prune,-1,27200,113287,4039,113286.7808,113287.0,112553,113287,4,22
coco_i2i,euclidean,1.2,robust-prune,-1,27200,113287,4040,113286.7821,113287.0,112554,113287,4,22
coco_i2i,euclidean,1.2,robust-prune,-1,27200,113287,4041,113286.7831,113287.0,112555,113287,4,22
coco_i2i,euclidean,1.2,robust-prune,-1,27200,113287,4042,113286.7841,113287.0,112556,113287,3,22
coco_i2i,euclidean,1.2,robust-prune,-1,27200,113287,4043,113286.7851,113287.0,112558,113287,3,22
coco_i2i,euclidean,1.2,robust-prune,-1,27200,113287,4044,113286.7861,113287.0,112560,113287,3,22
coco_i2i,euclidean,1.2,robust-prune,-1,27200,113287,4045,113286.7874,113287.0,112561,113287,3,22
coco_i2i,euclidean,1.2,robust-prune,-1,27200,113287,4046,113286.7885,113287.0,112562,113287,3,22
coco_i2i,euclidean,1.2,robust-prune,-1,27200,113287,4047,113286.7897,113287.0,112563,113287,3,22
coco_i2i,euclidean,1.2,robust-prune,-1,27200,113287,4048,113286.7906,113287.0,112564,113287,3,22
coco_i2i,euclidean,1.2,robust-prune,-1,27200,113287,4049,113286.7919,113287.0,112565,113287,2,22
coco_i2i,euclidean,1.2,robust-prune,-1,27200,113287,4050,113286.7929,113287.0,112566,113287,2,22
coco_i2i,euclidean,1.2,robust-prune,-1,27200,113287,4051,113286.794,113287.0,112567,113287,2,22
coco_i2i,euclidean,1.2,robust-prune,-1,27200,113287,4052,113286.7951,113287.0,112568,113287,2,22
coco_i2i,euclidean,1.2,robust-prune,-1,27200,113287,4053,113286.796,113287.0,112570,113287,2,22
coco_i2i,euclidean,1.2,robust-prune,-1,27200,113287,4054,113286.7971,113287.0,112571,113287,2,22
coco_i2i,euclidean,1.2,robust-prune,-1,27200,113287,4055,113286.7981,113287.0,112572,113287,2,21
coco_i2i,euclidean,1.2,robust-prune,-1,27200,113287,4056,113286.7992,113287.0,112573,113287,2,21
coco_i2i,euclidean,1.2,robust-prune,-1,27200,113287,4057,113286.8005,113287.0,112576,113287,2,21
coco_i2i,euclidean,1.2,robust-prune,-1,27200,113287,4058,113286.8017,113287.0,112577,113287,2,20
coco_i2i,euclidean,1.2,robust-prune,-1,27200,113287,4059,113286.8026,113287.0,112578,113287,2,20
coco_i2i,euclidean,1.2,robust-prune,-1,27200,113287,4060,113286.8036,113287.0,112579,113287,2,20
coco_i2i,euclidean,1.2,robust-prune,-1,27200,113287,4061,113286.8044,113287.0,112580,113287,2,20
coco_i2i,euclidean,1.2,robust-prune,-1,27200,113287,4062,113286.8054,113287.0,112581,113287,2,20
coco_i2i,euclidean,1.2,robust-prune,-1,27200,113287,4063,113286.8065,113287.0,112584,113287,2,20
coco_i2i,euclidean,1.2,robust-prune,-1,27200,113287,4064,113286.8073,113287.0,112585,113287,2,20
coco_i2i,euclidean,1.2,robust-prune,-1,27200,113287,4065,113286.8083,113287.0,112587,113287,2,20
coco_i2i,euclidean,1.2,robust-prune,-1,27200,113287,4066,113286.8096,113287.0,112589,113287,2,20
coco_i2i,euclidean,1.2,robust-prune,-1,27200,113287,4067,113286.8103,113287.0,112590,113287,2,20
coco_i2i,euclidean,1.2,robust-prune,-1,27200,113287,4068,113286.8112,113287.0,112591,113287,2,20
coco_i2i,euclidean,1.2,robust-prune,-1,27200,113287,4069,113286.8122,113287.0,112594,113287,2,20
coco_i2i,euclidean,1.2,robust-prune,-1,27200,113287,4070,113286.8133,113287.0,112598,113287,2,20
coco_i2i,euclidean,1.2,robust-prune,-1,27200,113287,4071,113286.8143,113287.0,112599,113287,2,20
coco_i2i,euclidean,1.2,robust-prune,-1,27200,113287,4072,113286.8153,113287.0,112601,113287,2,20
coco_i2i,euclidean,1.2,robust-prune,-1,27200,113287,4073,113286.8167,113287.0,112603,113287,2,20
coco_i2i,euclidean,1.2,robust-prune,-1,27200,113287,4074,113286.8177,113287.0,112605,113287,2,20
coco_i2i,euclidean,1.2,robust-prune,-1,27200,113287,4075,113286.8185,113287.0,112607,113287,2,20
coco_i2i,euclidean,1.2,robust-prune,-1,27200,113287,4076,113286.8197,113287.0,112608,113287,2,20
coco_i2i,euclidean,1.2,robust-prune,-1,27200,113287,4077,113286.8209,113287.0,112610,113287,2,20
coco_i2i,euclidean,1.2,robust-prune,-1,27200,113287,4078,113286.822,113287.0,112611,113287,2,20
coco_i2i,euclidean,1.2,robust-prune,-1,27200,113287,4079,113286.8233,113287.0,112612,113287,2,20
coco_i2i,euclidean,1.2,robust-prune,-1,27200,113287,4080,113286.8242,113287.0,112613,113287,2,20
coco_i2i,euclidean,1.2,robust-prune,-1,27200,113287,4081,113286.8252,113287.0,112614,113287,2,20
coco_i2i,euclidean,1.2,robust-prune,-1,27200,113287,4082,113286.8262,113287.0,112616,113287,2,20
coco_i2i,euclidean,1.2,robust-prune,-1,27200,113287,4083,113286.8273,113287.0,112617,113287,2,19
coco_i2i,euclidean,1.2,robust-prune,-1,27200,113287,4084,113286.8285,113287.0,112620,113287,2,19
coco_i2i,euclidean,1.2,robust-prune,-1,27200,113287,4085,113286.8295,113287.0,112621,113287,2,19
coco_i2i,euclidean,1.2,robust-prune,-1,27200,113287,4086,113286.8305,113287.0,112623,113287,2,19
coco_i2i,euclidean,1.2,robust-prune,-1,27200,113287,4087,113286.8314,113287.0,112624,113287,2,19
coco_i2i,euclidean,1.2,robust-prune,-1,27200,113287,4088,113286.8323,113287.0,112626,113287,2,19
coco_i2i,euclidean,1.2,robust-prune,-1,27200,113287,4089,113286.8332,113287.0,112627,113287,2,19
coco_i2i,euclidean,1.2,robust-prune,-1,27200,113287,4090,113286.8341,113287.0,112628,113287,2,19
coco_i2i,euclidean,1.2,robust-prune,-1,27200,113287,4091,113286.835,113287.0,112630,113287,2,19
coco_i2i,euclidean,1.2,robust-prune,-1,27200,113287,4092,113286.8361,113287.0,112632,113287,2,19
coco_i2i,euclidean,1.2,robust-prune,-1,27200,113287,4093,113286.837,113287.0,112634,113287,2,19
coco_i2i,euclidean,1.2,robust-prune,-1,27200,113287,4094,113286.8378,113287.0,112635,113287,2,19
coco_i2i,euclidean,1.2,robust-prune,-1,27200,113287,4095,113286.8387,113287.0,112636,113287,2,19
coco_i2i,euclidean,1.2,robust-prune,-1,27200,113287,4096,113286.8396,113287.0,112638,113287,2,18
coco_i2i,euclidean,1.2,robust-prune,-1,27200,113287,4097,113286.8405,113287.0,112642,113287,2,18
coco_i2i,euclidean,1.2,robust-prune,-1,27200,113287,4098,113286.8414,113287.0,112643,113287,2,18
coco_i2i,euclidean,1.2,robust-prune,-1,27200,113287,4099,113286.8422,113287.0,112644,113287,2,18
coco_i2i,euclidean,1.2,robust-prune,-1,27200,113287,4100,113286.843,113287.0,112645,113287,2,18
coco_i2i,euclidean,1.2,robust-prune,-1,27200,113287,4101,113286.8438,113287.0,112646,113287,2,18
coco_i2i,euclidean,1.2,robust-prune,-1,27200,113287,4102,113286.8455,113287.0,112653,113287,2,18
coco_i2i,euclidean,1.2,robust-prune,-1,27200,113287,4103,113286.8463,113287.0,112654,113287,2,18
coco_i2i,euclidean,1.2,robust-prune,-1,27200,113287,4104,113286.8477,113287.0,112655,113287,2,18
coco_i2i,euclidean,1.2,robust-prune,-1,27200,113287,4105,113286.8485,113287.0,112656,113287,2,18
coco_i2i,euclidean,1.2,robust-prune,-1,27200,113287,4106,113286.8494,113287.0,112657,113287,2,18
coco_i2i,euclidean,1.2,robust-prune,-1,27200,113287,4107,113286.8501,113287.0,112659,113287,2,18
coco_i2i,euclidean,1.2,robust-prune,-1,27200,113287,4108,113286.8509,113287.0,112662,113287,2,18
coco_i2i,euclidean,1.2,robust-prune,-1,27200,113287,4109,113286.8518,113287.0,112663,113287,2,18
coco_i2i,euclidean,1.2,robust-prune,-1,27200,113287,4110,113286.8526,113287.0,112664,113287,2,18
coco_i2i,euclidean,1.2,robust-prune,-1,27200,113287,4111,113286.8533,113287.0,112665,113287,2,18
coco_i2i,euclidean,1.2,robust-prune,-1,27200,113287,4112,113286.854,113287.0,112666,113287,2,18
coco_i2i,euclidean,1.2,robust-prune,-1,27200,113287,4113,113286.855,113287.0,112672,113287,2,18
coco_i2i,euclidean,1.2,robust-prune,-1,27200,113287,4114,113286.8558,113287.0,112673,113287,2,18
coco_i2i,euclidean,1.2,robust-prune,-1,27200,113287,4115,113286.8565,113287.0,112675,113287,2,18
coco_i2i,euclidean,1.2,robust-prune,-1,27200,113287,4116,113286.8577,113287.0,112676,113287,2,18
coco_i2i,euclidean,1.2,robust-prune,-1,27200,113287,4117,113286.8585,113287.0,112678,113287,2,18
coco_i2i,euclidean,1.2,robust-prune,-1,27200,113287,4118,113286.8593,113287.0,112679,113287,2,18
coco_i2i,euclidean,1.2,robust-prune,-1,27200,113287,4119,113286.8605,113287.0,112681,113287,2,18
coco_i2i,euclidean,1.2,robust-prune,-1,27200,113287,4120,113286.8612,113287.0,112682,113287,2,18
coco_i2i,euclidean,1.2,robust-prune,-1,27200,113287,4121,113286.8621,113287.0,112683,113287,2,18
coco_i2i,euclidean,1.2,robust-prune,-1,27200,113287,4122,113286.8628,113287.0,112684,113287,2,18
coco_i2i,euclidean,1.2,robust-prune,-1,27200,113287,4123,113286.8636,113287.0,112685,113287,2,18
coco_i2i,euclidean,1.2,robust-prune,-1,27200,113287,4124,113286.8645,113287.0,112689,113287,2,18
coco_i2i,euclidean,1.2,robust-prune,-1,27200,113287,4125,113286.8654,113287.0,112691,113287,2,17
coco_i2i,euclidean,1.2,robust-prune,-1,27200,113287,4126,113286.8662,113287.0,112692,113287,2,17
coco_i2i,euclidean,1.2,robust-prune,-1,27200,113287,4127,113286.867,113287.0,112693,113287,2,17
coco_i2i,euclidean,1.2,robust-prune,-1,27200,113287,4128,113286.8678,113287.0,112694,113287,2,17
coco_i2i,euclidean,1.2,robust-prune,-1,27200,113287,4129,113286.8689,113287.0,112695,113287,2,17
coco_i2i,euclidean,1.2,robust-prune,-1,27200,113287,4130,113286.8698,113287.0,112696,113287,2,17
coco_i2i,euclidean,1.2,robust-prune,-1,27200,113287,4131,113286.8708,113287.0,112700,113287,2,17
coco_i2i,euclidean,1.2,robust-prune,-1,27200,113287,4132,113286.8715,113287.0,112701,113287,2,17
coco_i2i,euclidean,1.2,robust-prune,-1,27200,113287,4133,113286.8723,113287.0,112702,113287,1,17
coco_i2i,euclidean,1.2,robust-prune,-1,27200,113287,4134,113286.8732,113287.0,112704,113287,1,17
coco_i2i,euclidean,1.2,robust-prune,-1,27200,113287,4135,113286.8741,113287.0,112706,113287,1,17
coco_i2i,euclidean,1.2,robust-prune,-1,27200,113287,4136,113286.8753,113287.0,112707,113287,1,17
coco_i2i,euclidean,1.2,robust-prune,-1,27200,113287,4137,113286.8764,113287.0,112708,113287,1,16
coco_i2i,euclidean,1.2,robust-prune,-1,27200,113287,4138,113286.8772,113287.0,112709,113287,1,16
coco_i2i,euclidean,1.2,robust-prune,-1,27200,113287,4139,113286.8782,113287.0,112711,113287,1,16
coco_i2i,euclidean,1.2,robust-prune,-1,27200,113287,4140,113286.8791,113287.0,112713,113287,1,16
coco_i2i,euclidean,1.2,robust-prune,-1,27200,113287,4141,113286.8799,113287.0,112714,113287,1,16
coco_i2i,euclidean,1.2,robust-prune,-1,27200,113287,4142,113286.8807,113287.0,112716,113287,1,16
coco_i2i,euclidean,1.2,robust-prune,-1,27200,113287,4143,113286.8814,113287.0,112717,113287,1,16
coco_i2i,euclidean,1.2,robust-prune,-1,27200,113287,4144,113286.8821,113287.0,112718,113287,1,16
coco_i2i,euclidean,1.2,robust-prune,-1,27200,113287,4145,113286.8831,113287.0,112719,113287,1,16
coco_i2i,euclidean,1.2,robust-prune,-1,27200,113287,4146,113286.8838,113287.0,112720,113287,1,16
coco_i2i,euclidean,1.2,robust-prune,-1,27200,113287,4147,113286.8845,113287.0,112721,113287,0,16
coco_i2i,euclidean,1.2,robust-prune,-1,27200,113287,4148,113286.8853,113287.0,112723,113287,0,16
coco_i2i,euclidean,1.2,robust-prune,-1,27200,113287,4149,113286.886,113287.0,112725,113287,0,16
coco_i2i,euclidean,1.2,robust-prune,-1,27200,113287,4150,113286.8868,113287.0,112727,113287,0,16
coco_i2i,euclidean,1.2,robust-prune,-1,27200,113287,4151,113286.8876,113287.0,112728,113287,0,16
coco_i2i,euclidean,1.2,robust-prune,-1,27200,113287,4152,113286.8883,113287.0,112729,113287,0,16
coco_i2i,euclidean,1.2,robust-prune,-1,27200,113287,4153,113286.8889,113287.0,112730,113287,0,16
coco_i2i,euclidean,1.2,robust-prune,-1,27200,113287,4154,113286.8896,113287.0,112731,113287,0,16
coco_i2i,euclidean,1.2,robust-prune,-1,27200,113287,4155,113286.8904,113287.0,112732,113287,0,16
coco_i2i,euclidean,1.2,robust-prune,-1,27200,113287,4156,113286.8911,113287.0,112734,113287,0,15
coco_i2i,euclidean,1.2,robust-prune,-1,27200,113287,4157,113286.8918,113287.0,112736,113287,0,15
coco_i2i,euclidean,1.2,robust-prune,-1,27200,113287,4158,113286.8925,113287.0,112740,113287,0,15
coco_i2i,euclidean,1.2,robust-prune,-1,27200,113287,4159,113286.8931,113287.0,112741,113287,0,14
coco_i2i,euclidean,1.2,robust-prune,-1,27200,113287,4160,113286.8938,113287.0,112742,113287,0,13
coco_i2i,euclidean,1.2,robust-prune,-1,27200,113287,4161,113286.8943,113287.0,112743,113287,0,13
coco_i2i,euclidean,1.2,robust-prune,-1,27200,113287,4162,113286.8951,113287.0,112744,113287,0,13
coco_i2i,euclidean,1.2,robust-prune,-1,27200,113287,4163,113286.8957,113287.0,112746,113287,0,13
coco_i2i,euclidean,1.2,robust-prune,-1,27200,113287,4164,113286.8962,113287.0,112747,113287,0,13
coco_i2i,euclidean,1.2,robust-prune,-1,27200,113287,4165,113286.8967,113287.0,112748,113287,0,13
coco_i2i,euclidean,1.2,robust-prune,-1,27200,113287,4166,113286.8973,113287.0,112750,113287,0,13
coco_i2i,euclidean,1.2,robust-prune,-1,27200,113287,4167,113286.898,113287.0,112753,113287,0,13
coco_i2i,euclidean,1.2,robust-prune,-1,27200,113287,4168,113286.8986,113287.0,112754,113287,0,13
coco_i2i,euclidean,1.2,robust-prune,-1,27200,113287,4169,113286.8991,113287.0,112756,113287,0,13
coco_i2i,euclidean,1.2,robust-prune,-1,27200,113287,4170,113286.8997,113287.0,112757,113287,0,13
coco_i2i,euclidean,1.2,robust-prune,-1,27200,113287,4171,113286.9006,113287.0,112760,113287,0,13
coco_i2i,euclidean,1.2,robust-prune,-1,27200,113287,4172,113286.9012,113287.0,112761,113287,0,13
coco_i2i,euclidean,1.2,robust-prune,-1,27200,113287,4173,113286.902,113287.0,112763,113287,0,13
coco_i2i,euclidean,1.2,robust-prune,-1,27200,113287,4174,113286.9025,113287.0,112765,113287,0,13
coco_i2i,euclidean,1.2,robust-prune,-1,27200,113287,4175,113286.9034,113287.0,112768,113287,0,13
coco_i2i,euclidean,1.2,robust-prune,-1,27200,113287,4176,113286.9042,113287.0,112769,113287,0,13
coco_i2i,euclidean,1.2,robust-prune,-1,27200,113287,4177,113286.9051,113287.0,112772,113287,0,13
coco_i2i,euclidean,1.2,robust-prune,-1,27200,113287,4178,113286.9057,113287.0,112773,113287,0,13
coco_i2i,euclidean,1.2,robust-prune,-1,27200,113287,4179,113286.9062,113287.0,112774,113287,0,13
coco_i2i,euclidean,1.2,robust-prune,-1,27200,113287,4180,113286.9069,113287.0,112775,113287,0,13
coco_i2i,euclidean,1.2,robust-prune,-1,27200,113287,4181,113286.9076,113287.0,112776,113287,0,13
coco_i2i,euclidean,1.2,robust-prune,-1,27200,113287,4182,113286.9082,113287.0,112777,113287,0,13
coco_i2i,euclidean,1.2,robust-prune,-1,27200,113287,4183,113286.9088,113287.0,112778,113287,0,13
coco_i2i,euclidean,1.2,robust-prune,-1,27200,113287,4184,113286.9095,113287.0,112780,113287,0,12
coco_i2i,euclidean,1.2,robust-prune,-1,27200,113287,4185,113286.91,113287.0,112781,113287,0,12
coco_i2i,euclidean,1.2,robust-prune,-1,27200,113287,4186,113286.9106,113287.0,112784,113287,0,12
coco_i2i,euclidean,1.2,robust-prune,-1,27200,113287,4187,113286.9112,113287.0,112785,113287,0,12
coco_i2i,euclidean,1.2,robust-prune,-1,27200,113287,4188,113286.9118,113287.0,112786,113287,0,12
coco_i2i,euclidean,1.2,robust-prune,-1,27200,113287,4189,113286.9122,113287.0,112788,113287,0,12
coco_i2i,euclidean,1.2,robust-prune,-1,27200,113287,4190,113286.9127,113287.0,112790,113287,0,12
coco_i2i,euclidean,1.2,robust-prune,-1,27200,113287,4191,113286.9134,113287.0,112792,113287,0,12
coco_i2i,euclidean,1.2,robust-prune,-1,27200,113287,4192,113286.9141,113287.0,112793,113287,0,12
coco_i2i,euclidean,1.2,robust-prune,-1,27200,113287,4193,113286.9148,113287.0,112797,113287,0,11
coco_i2i,euclidean,1.2,robust-prune,-1,27200,113287,4194,113286.9153,113287.0,112798,113287,0,11
coco_i2i,euclidean,1.2,robust-prune,-1,27200,113287,4195,113286.9157,113287.0,112799,113287,0,11
coco_i2i,euclidean,1.2,robust-prune,-1,27200,113287,4196,113286.9162,113287.0,112800,113287,0,11
coco_i2i,euclidean,1.2,robust-prune,-1,27200,113287,4197,113286.9167,113287.0,112801,113287,0,11
coco_i2i,euclidean,1.2,robust-prune,-1,27200,113287,4198,113286.9171,113287.0,112803,113287,0,11
coco_i2i,euclidean,1.2,robust-prune,-1,27200,113287,4199,113286.9176,113287.0,112804,113287,0,11
coco_i2i,euclidean,1.2,robust-prune,-1,27200,113287,4200,113286.9182,113287.0,112806,113287,0,10
coco_i2i,euclidean,1.2,robust-prune,-1,27200,113287,4201,113286.9187,113287.0,112807,113287,0,10
coco_i2i,euclidean,1.2,robust-prune,-1,27200,113287,4202,113286.9191,113287.0,112808,113287,0,10
coco_i2i,euclidean,1.2,robust-prune,-1,27200,113287,4203,113286.9198,113287.0,112814,113287,0,10
coco_i2i,euclidean,1.2,robust-prune,-1,27200,113287,4204,113286.9201,113287.0,112815,113287,0,10
coco_i2i,euclidean,1.2,robust-prune,-1,27200,113287,4205,113286.9207,113287.0,112817,113287,0,10
coco_i2i,euclidean,1.2,robust-prune,-1,27200,113287,4206,113286.9211,113287.0,112818,113287,0,10
coco_i2i,euclidean,1.2,robust-prune,-1,27200,113287,4207,113286.9216,113287.0,112820,113287,0,10
coco_i2i,euclidean,1.2,robust-prune,-1,27200,113287,4208,113286.922,113287.0,112821,113287,0,10
coco_i2i,euclidean,1.2,robust-prune,-1,27200,113287,4209,113286.9224,113287.0,112823,113287,0,10
coco_i2i,euclidean,1.2,robust-prune,-1,27200,113287,4210,113286.9228,113287.0,112825,113287,0,10
coco_i2i,euclidean,1.2,robust-prune,-1,27200,113287,4211,113286.9233,113287.0,112826,113287,0,10
coco_i2i,euclidean,1.2,robust-prune,-1,27200,113287,4212,113286.9238,113287.0,112829,113287,0,10
coco_i2i,euclidean,1.2,robust-prune,-1,27200,113287,4213,113286.9243,113287.0,112830,113287,0,10
coco_i2i,euclidean,1.2,robust-prune,-1,27200,113287,4214,113286.9249,113287.0,112831,113287,0,10
coco_i2i,euclidean,1.2,robust-prune,-1,27200,113287,4215,113286.9253,113287.0,112832,113287,0,10
coco_i2i,euclidean,1.2,robust-prune,-1,27200,113287,4216,113286.9258,113287.0,112835,113287,0,10
coco_i2i,euclidean,1.2,robust-prune,-1,27200,113287,4217,113286.9264,113287.0,112836,113287,0,10
coco_i2i,euclidean,1.2,robust-prune,-1,27200,113287,4218,113286.9268,113287.0,112837,113287,0,10
coco_i2i,euclidean,1.2,robust-prune,-1,27200,113287,4219,113286.9272,113287.0,112839,113287,0,10
coco_i2i,euclidean,1.2,robust-prune,-1,27200,113287,4220,113286.9276,113287.0,112840,113287,0,10
coco_i2i,euclidean,1.2,robust-prune,-1,27200,113287,4221,113286.9282,113287.0,112845,113287,0,10
coco_i2i,euclidean,1.2,robust-prune,-1,27200,113287,4222,113286.9287,113287.0,112846,113287,0,10
coco_i2i,euclidean,1.2,robust-prune,-1,27200,113287,4223,113286.9293,113287.0,112848,113287,0,10
coco_i2i,euclidean,1.2,robust-prune,-1,27200,113287,4224,113286.9299,113287.0,112850,113287,0,10
coco_i2i,euclidean,1.2,robust-prune,-1,27200,113287,4225,113286.9305,113287.0,112852,113287,0,10
coco_i2i,euclidean,1.2,robust-prune,-1,27200,113287,4226,113286.9311,113287.0,112854,113287,0,10
coco_i2i,euclidean,1.2,robust-prune,-1,27200,113287,4227,113286.9315,113287.0,112855,113287,0,10
coco_i2i,euclidean,1.2,robust-prune,-1,27200,113287,4228,113286.9321,113287.0,112856,113287,0,10
coco_i2i,euclidean,1.2,robust-prune,-1,27200,113287,4229,113286.9326,113287.0,112861,113287,0,10
coco_i2i,euclidean,1.2,robust-prune,-1,27200,113287,4230,113286.933,113287.0,112862,113287,0,10
coco_i2i,euclidean,1.2,robust-prune,-1,27200,113287,4231,113286.9333,113287.0,112863,113287,0,10
coco_i2i,euclidean,1.2,robust-prune,-1,27200,113287,4232,113286.9339,113287.0,112865,113287,0,10
coco_i2i,euclidean,1.2,robust-prune,-1,27200,113287,4233,113286.9347,113287.0,112866,113287,0,10
coco_i2i,euclidean,1.2,robust-prune,-1,27200,113287,4234,113286.9351,113287.0,112867,113287,0,10
coco_i2i,euclidean,1.2,robust-prune,-1,27200,113287,4235,113286.9357,113287.0,112868,113287,0,10
coco_i2i,euclidean,1.2,robust-prune,-1,27200,113287,4236,113286.9361,113287.0,112869,113287,0,10
coco_i2i,euclidean,1.2,robust-prune,-1,27200,113287,4237,113286.9366,113287.0,112870,113287,0,10
coco_i2i,euclidean,1.2,robust-prune,-1,27200,113287,4238,113286.9372,113287.0,112871,113287,0,10
coco_i2i,euclidean,1.2,robust-prune,-1,27200,113287,4239,113286.9376,113287.0,112872,113287,0,10
coco_i2i,euclidean,1.2,robust-prune,-1,27200,113287,4240,113286.9381,113287.0,112874,113287,0,10
coco_i2i,euclidean,1.2,robust-prune,-1,27200,113287,4241,113286.9386,113287.0,112875,113287,0,10
coco_i2i,euclidean,1.2,robust-prune,-1,27200,113287,4242,113286.939,113287.0,112877,113287,0,10
coco_i2i,euclidean,1.2,robust-prune,-1,27200,113287,4243,113286.9395,113287.0,112879,113287,0,10
coco_i2i,euclidean,1.2,robust-prune,-1,27200,113287,4244,113286.9401,113287.0,112885,113287,0,10
coco_i2i,euclidean,1.2,robust-prune,-1,27200,113287,4245,113286.9405,113287.0,112886,113287,0,10
coco_i2i,euclidean,1.2,robust-prune,-1,27200,113287,4246,113286.9409,113287.0,112887,113287,0,10
coco_i2i,euclidean,1.2,robust-prune,-1,27200,113287,4247,113286.9414,113287.0,112888,113287,0,10
coco_i2i,euclidean,1.2,robust-prune,-1,27200,113287,4248,113286.9418,113287.0,112889,113287,0,10
coco_i2i,euclidean,1.2,robust-prune,-1,27200,113287,4249,113286.9423,113287.0,112891,113287,0,10
coco_i2i,euclidean,1.2,robust-prune,-1,27200,113287,4250,113286.9428,113287.0,112892,113287,0,10
coco_i2i,euclidean,1.2,robust-prune,-1,27200,113287,4251,113286.9433,113287.0,112893,113287,0,10
coco_i2i,euclidean,1.2,robust-prune,-1,27200,113287,4252,113286.9438,113287.0,112894,113287,0,10
coco_i2i,euclidean,1.2,robust-prune,-1,27200,113287,4253,113286.9442,113287.0,112896,113287,0,9
coco_i2i,euclidean,1.2,robust-prune,-1,27200,113287,4254,113286.9447,113287.0,112899,113287,0,9
coco_i2i,euclidean,1.2,robust-prune,-1,27200,113287,4255,113286.9451,113287.0,112900,113287,0,9
coco_i2i,euclidean,1.2,robust-prune,-1,27200,113287,4256,113286.9456,113287.0,112901,113287,0,9
coco_i2i,euclidean,1.2,robust-prune,-1,27200,113287,4257,113286.9459,113287.0,112902,113287,0,9
coco_i2i,euclidean,1.2,robust-prune,-1,27200,113287,4258,113286.9463,113287.0,112904,113287,0,9
coco_i2i,euclidean,1.2,robust-prune,-1,27200,113287,4259,113286.9468,113287.0,112907,113287,0,9
coco_i2i,euclidean,1.2,robust-prune,-1,27200,113287,4260,113286.9471,113287.0,112908,113287,0,9
coco_i2i,euclidean,1.2,robust-prune,-1,27200,113287,4261,113286.9476,113287.0,112909,113287,0,9
coco_i2i,euclidean,1.2,robust-prune,-1,27200,113287,4262,113286.9481,113287.0,112910,113287,0,9
coco_i2i,euclidean,1.2,robust-prune,-1,27200,113287,4263,113286.9484,113287.0,112912,113287,0,9
coco_i2i,euclidean,1.2,robust-prune,-1,27200,113287,4264,113286.9488,113287.0,112913,113287,0,9
coco_i2i,euclidean,1.2,robust-prune,-1,27200,113287,4265,113286.9493,113287.0,112915,113287,0,9
coco_i2i,euclidean,1.2,robust-prune,-1,27200,113287,4266,113286.9497,113287.0,112918,113287,0,8
coco_i2i,euclidean,1.2,robust-prune,-1,27200,113287,4267,113286.95,113287.0,112919,113287,0,8
coco_i2i,euclidean,1.2,robust-prune,-1,27200,113287,4268,113286.9504,113287.0,112920,113287,0,8
coco_i2i,euclidean,1.2,robust-prune,-1,27200,113287,4269,113286.9507,113287.0,112921,113287,0,8
coco_i2i,euclidean,1.2,robust-prune,-1,27200,113287,4270,113286.9515,113287.0,112922,113287,0,8
coco_i2i,euclidean,1.2,robust-prune,-1,27200,113287,4271,113286.9518,113287.0,112923,113287,0,8
coco_i2i,euclidean,1.2,robust-prune,-1,27200,113287,4272,113286.9521,113287.0,112924,113287,0,8
coco_i2i,euclidean,1.2,robust-prune,-1,27200,113287,4273,113286.9525,113287.0,112925,113287,0,8
coco_i2i,euclidean,1.2,robust-prune,-1,27200,113287,4274,113286.9531,113287.0,112926,113287,0,7
coco_i2i,euclidean,1.2,robust-prune,-1,27200,113287,4275,113286.9535,113287.0,112929,113287,0,7
coco_i2i,euclidean,1.2,robust-prune,-1,27200,113287,4276,113286.9538,113287.0,112930,113287,0,7
coco_i2i,euclidean,1.2,robust-prune,-1,27200,113287,4277,113286.9541,113287.0,112931,113287,0,7
coco_i2i,euclidean,1.2,robust-prune,-1,27200,113287,4278,113286.9548,113287.0,112933,113287,0,7
coco_i2i,euclidean,1.2,robust-prune,-1,27200,113287,4279,113286.9551,113287.0,112934,113287,0,7
coco_i2i,euclidean,1.2,robust-prune,-1,27200,113287,4280,113286.9555,113287.0,112936,113287,0,7
coco_i2i,euclidean,1.2,robust-prune,-1,27200,113287,4281,113286.9557,113287.0,112937,113287,0,7
coco_i2i,euclidean,1.2,robust-prune,-1,27200,113287,4282,113286.9562,113287.0,112938,113287,0,7
coco_i2i,euclidean,1.2,robust-prune,-1,27200,113287,4283,113286.9565,113287.0,112939,113287,0,6
coco_i2i,euclidean,1.2,robust-prune,-1,27200,113287,4284,113286.9568,113287.0,112940,113287,0,6
coco_i2i,euclidean,1.2,robust-prune,-1,27200,113287,4285,113286.9571,113287.0,112941,113287,0,6
coco_i2i,euclidean,1.2,robust-prune,-1,27200,113287,4286,113286.9574,113287.0,112942,113287,0,6
coco_i2i,euclidean,1.2,robust-prune,-1,27200,113287,4287,113286.9577,113287.0,112943,113287,0,6
coco_i2i,euclidean,1.2,robust-prune,-1,27200,113287,4288,113286.9581,113287.0,112946,113287,0,6
coco_i2i,euclidean,1.2,robust-prune,-1,27200,113287,4289,113286.9583,113287.0,112947,113287,0,6
coco_i2i,euclidean,1.2,robust-prune,-1,27200,113287,4290,113286.9585,113287.0,112948,113287,0,6
coco_i2i,euclidean,1.2,robust-prune,-1,27200,113287,4291,113286.9588,113287.0,112949,113287,0,6
coco_i2i,euclidean,1.2,robust-prune,-1,27200,113287,4292,113286.9591,113287.0,112950,113287,0,6
coco_i2i,euclidean,1.2,robust-prune,-1,27200,113287,4293,113286.9593,113287.0,112951,113287,0,6
coco_i2i,euclidean,1.2,robust-prune,-1,27200,113287,4294,113286.9595,113287.0,112952,113287,0,6
coco_i2i,euclidean,1.2,robust-prune,-1,27200,113287,4295,113286.9598,113287.0,112953,113287,0,6
coco_i2i,euclidean,1.2,robust-prune,-1,27200,113287,4296,113286.9602,113287.0,112960,113287,0,6
coco_i2i,euclidean,1.2,robust-prune,-1,27200,113287,4297,113286.9604,113287.0,112961,113287,0,6
coco_i2i,euclidean,1.2,robust-prune,-1,27200,113287,4298,113286.9608,113287.0,112962,113287,0,6
coco_i2i,euclidean,1.2,robust-prune,-1,27200,113287,4299,113286.9611,113287.0,112964,113287,0,6
coco_i2i,euclidean,1.2,robust-prune,-1,27200,113287,4300,113286.9614,113287.0,112965,113287,0,6
coco_i2i,euclidean,1.2,robust-prune,-1,27200,113287,4301,113286.9617,113287.0,112966,113287,0,6
coco_i2i,euclidean,1.2,robust-prune,-1,27200,113287,4302,113286.9619,113287.0,112967,113287,0,6
coco_i2i,euclidean,1.2,robust-prune,-1,27200,113287,4303,113286.9622,113287.0,112968,113287,0,6
coco_i2i,euclidean,1.2,robust-prune,-1,27200,113287,4304,113286.9625,113287.0,112969,113287,0,6
coco_i2i,euclidean,1.2,robust-prune,-1,27200,113287,4305,113286.9628,113287.0,112971,113287,0,6
coco_i2i,euclidean,1.2,robust-prune,-1,27200,113287,4306,113286.9631,113287.0,112972,113287,0,6
coco_i2i,euclidean,1.2,robust-prune,-1,27200,113287,4307,113286.9634,113287.0,112973,113287,0,6
coco_i2i,euclidean,1.2,robust-prune,-1,27200,113287,4308,113286.9638,113287.0,112977,113287,0,6
coco_i2i,euclidean,1.2,robust-prune,-1,27200,113287,4309,113286.964,113287.0,112978,113287,0,6
coco_i2i,euclidean,1.2,robust-prune,-1,27200,113287,4310,113286.9642,113287.0,112979,113287,0,6
coco_i2i,euclidean,1.2,robust-prune,-1,27200,113287,4311,113286.9644,113287.0,112980,113287,0,6
coco_i2i,euclidean,1.2,robust-prune,-1,27200,113287,4312,113286.9648,113287.0,112985,113287,0,6
coco_i2i,euclidean,1.2,robust-prune,-1,27200,113287,4313,113286.9651,113287.0,112987,113287,0,6
coco_i2i,euclidean,1.2,robust-prune,-1,27200,113287,4314,113286.9656,113287.0,112988,113287,0,6
coco_i2i,euclidean,1.2,robust-prune,-1,27200,113287,4315,113286.9658,113287.0,112989,113287,0,6
coco_i2i,euclidean,1.2,robust-prune,-1,27200,113287,4316,113286.9661,113287.0,112991,113287,0,6
coco_i2i,euclidean,1.2,robust-prune,-1,27200,113287,4317,113286.9664,113287.0,112992,113287,0,6
coco_i2i,euclidean,1.2,robust-prune,-1,27200,113287,4318,113286.9666,113287.0,112993,113287,0,6
coco_i2i,euclidean,1.2,robust-prune,-1,27200,113287,4319,113286.9668,113287.0,112994,113287,0,6
coco_i2i,euclidean,1.2,robust-prune,-1,27200,113287,4320,113286.9671,113287.0,112995,113287,0,6
coco_i2i,euclidean,1.2,robust-prune,-1,27200,113287,4321,113286.9673,113287.0,112996,113287,0,6
coco_i2i,euclidean,1.2,robust-prune,-1,27200,113287,4322,113286.9675,113287.0,112998,113287,0,6
coco_i2i,euclidean,1.2,robust-prune,-1,27200,113287,4323,113286.9678,113287.0,112999,113287,0,6
coco_i2i,euclidean,1.2,robust-prune,-1,27200,113287,4324,113286.9682,113287.0,113000,113287,0,6
coco_i2i,euclidean,1.2,robust-prune,-1,27200,113287,4325,113286.9685,113287.0,113002,113287,0,6
coco_i2i,euclidean,1.2,robust-prune,-1,27200,113287,4326,113286.9688,113287.0,113003,113287,0,6
coco_i2i,euclidean,1.2,robust-prune,-1,27200,113287,4327,113286.969,113287.0,113004,113287,0,6
coco_i2i,euclidean,1.2,robust-prune,-1,27200,113287,4328,113286.9693,113287.0,113007,113287,0,6
coco_i2i,euclidean,1.2,robust-prune,-1,27200,113287,4329,113286.9696,113287.0,113009,113287,0,6
coco_i2i,euclidean,1.2,robust-prune,-1,27200,113287,4330,113286.9698,113287.0,113010,113287,0,6
coco_i2i,euclidean,1.2,robust-prune,-1,27200,113287,4331,113286.97,113287.0,113011,113287,0,6
coco_i2i,euclidean,1.2,robust-prune,-1,27200,113287,4332,113286.9706,113287.0,113012,113287,0,6
coco_i2i,euclidean,1.2,robust-prune,-1,27200,113287,4333,113286.9709,113287.0,113013,113287,0,6
coco_i2i,euclidean,1.2,robust-prune,-1,27200,113287,4334,113286.9711,113287.0,113014,113287,0,6
coco_i2i,euclidean,1.2,robust-prune,-1,27200,113287,4335,113286.9713,113287.0,113015,113287,0,5
coco_i2i,euclidean,1.2,robust-prune,-1,27200,113287,4336,113286.9715,113287.0,113016,113287,0,5
coco_i2i,euclidean,1.2,robust-prune,-1,27200,113287,4337,113286.9719,113287.0,113022,113287,0,5
coco_i2i,euclidean,1.2,robust-prune,-1,27200,113287,4338,113286.9722,113287.0,113024,113287,0,4
coco_i2i,euclidean,1.2,robust-prune,-1,27200,113287,4339,113286.9724,113287.0,113025,113287,0,4
coco_i2i,euclidean,1.2,robust-prune,-1,27200,113287,4340,113286.9726,113287.0,113026,113287,0,4
coco_i2i,euclidean,1.2,robust-prune,-1,27200,113287,4341,113286.9728,113287.0,113027,113287,0,4
coco_i2i,euclidean,1.2,robust-prune,-1,27200,113287,4342,113286.9729,113287.0,113028,113287,0,4
coco_i2i,euclidean,1.2,robust-prune,-1,27200,113287,4343,113286.9731,113287.0,113029,113287,0,4
coco_i2i,euclidean,1.2,robust-prune,-1,27200,113287,4344,113286.9732,113287.0,113030,113287,0,4
coco_i2i,euclidean,1.2,robust-prune,-1,27200,113287,4345,113286.9734,113287.0,113031,113287,0,4
coco_i2i,euclidean,1.2,robust-prune,-1,27200,113287,4346,113286.9736,113287.0,113032,113287,0,4
coco_i2i,euclidean,1.2,robust-prune,-1,27200,113287,4347,113286.9738,113287.0,113033,113287,0,4
coco_i2i,euclidean,1.2,robust-prune,-1,27200,113287,4348,113286.974,113287.0,113035,113287,0,4
coco_i2i,euclidean,1.2,robust-prune,-1,27200,113287,4349,113286.9742,113287.0,113036,113287,0,4
coco_i2i,euclidean,1.2,robust-prune,-1,27200,113287,4350,113286.9743,113287.0,113037,113287,0,4
coco_i2i,euclidean,1.2,robust-prune,-1,27200,113287,4351,113286.9745,113287.0,113038,113287,0,4
coco_i2i,euclidean,1.2,robust-prune,-1,27200,113287,4352,113286.9747,113287.0,113039,113287,0,4
coco_i2i,euclidean,1.2,robust-prune,-1,27200,113287,4353,113286.975,113287.0,113042,113287,0,4
coco_i2i,euclidean,1.2,robust-prune,-1,27200,113287,4354,113286.9751,113287.0,113043,113287,0,4
coco_i2i,euclidean,1.2,robust-prune,-1,27200,113287,4355,113286.9753,113287.0,113044,113287,0,4
coco_i2i,euclidean,1.2,robust-prune,-1,27200,113287,4356,113286.9754,113287.0,113045,113287,0,4
coco_i2i,euclidean,1.2,robust-prune,-1,27200,113287,4357,113286.9756,113287.0,113046,113287,0,4
coco_i2i,euclidean,1.2,robust-prune,-1,27200,113287,4358,113286.9758,113287.0,113047,113287,0,4
coco_i2i,euclidean,1.2,robust-prune,-1,27200,113287,4359,113286.976,113287.0,113048,113287,0,4
coco_i2i,euclidean,1.2,robust-prune,-1,27200,113287,4360,113286.9761,113287.0,113049,113287,0,4
coco_i2i,euclidean,1.2,robust-prune,-1,27200,113287,4361,113286.9763,113287.0,113050,113287,0,4
coco_i2i,euclidean,1.2,robust-prune,-1,27200,113287,4362,113286.9764,113287.0,113051,113287,0,4
coco_i2i,euclidean,1.2,robust-prune,-1,27200,113287,4363,113286.9766,113287.0,113052,113287,0,4
coco_i2i,euclidean,1.2,robust-prune,-1,27200,113287,4364,113286.9768,113287.0,113053,113287,0,4
coco_i2i,euclidean,1.2,robust-prune,-1,27200,113287,4365,113286.977,113287.0,113054,113287,0,4
coco_i2i,euclidean,1.2,robust-prune,-1,27200,113287,4366,113286.9772,113287.0,113055,113287,0,4
coco_i2i,euclidean,1.2,robust-prune,-1,27200,113287,4367,113286.9774,113287.0,113056,113287,0,4
coco_i2i,euclidean,1.2,robust-prune,-1,27200,113287,4368,113286.9775,113287.0,113057,113287,0,4
coco_i2i,euclidean,1.2,robust-prune,-1,27200,113287,4369,113286.9777,113287.0,113059,113287,0,4
coco_i2i,euclidean,1.2,robust-prune,-1,27200,113287,4370,113286.9779,113287.0,113060,113287,0,4
coco_i2i,euclidean,1.2,robust-prune,-1,27200,113287,4371,113286.9781,113287.0,113061,113287,0,4
coco_i2i,euclidean,1.2,robust-prune,-1,27200,113287,4372,113286.9783,113287.0,113062,113287,0,4
coco_i2i,euclidean,1.2,robust-prune,-1,27200,113287,4373,113286.9784,113287.0,113063,113287,0,4
coco_i2i,euclidean,1.2,robust-prune,-1,27200,113287,4374,113286.9786,113287.0,113065,113287,0,4
coco_i2i,euclidean,1.2,robust-prune,-1,27200,113287,4375,113286.9789,113287.0,113068,113287,0,4
coco_i2i,euclidean,1.2,robust-prune,-1,27200,113287,4376,113286.979,113287.0,113069,113287,0,4
coco_i2i,euclidean,1.2,robust-prune,-1,27200,113287,4377,113286.9792,113287.0,113070,113287,0,4
coco_i2i,euclidean,1.2,robust-prune,-1,27200,113287,4378,113286.9793,113287.0,113071,113287,0,4
coco_i2i,euclidean,1.2,robust-prune,-1,27200,113287,4379,113286.9795,113287.0,113074,113287,0,4
coco_i2i,euclidean,1.2,robust-prune,-1,27200,113287,4380,113286.9797,113287.0,113075,113287,0,4
coco_i2i,euclidean,1.2,robust-prune,-1,27200,113287,4381,113286.9799,113287.0,113077,113287,0,4
coco_i2i,euclidean,1.2,robust-prune,-1,27200,113287,4382,113286.98,113287.0,113078,113287,0,4
coco_i2i,euclidean,1.2,robust-prune,-1,27200,113287,4383,113286.9802,113287.0,113079,113287,0,4
coco_i2i,euclidean,1.2,robust-prune,-1,27200,113287,4384,113286.9804,113287.0,113080,113287,0,4
coco_i2i,euclidean,1.2,robust-prune,-1,27200,113287,4385,113286.9806,113287.0,113081,113287,0,4
coco_i2i,euclidean,1.2,robust-prune,-1,27200,113287,4386,113286.9807,113287.0,113082,113287,0,4
coco_i2i,euclidean,1.2,robust-prune,-1,27200,113287,4387,113286.9809,113287.0,113083,113287,0,4
coco_i2i,euclidean,1.2,robust-prune,-1,27200,113287,4388,113286.9811,113287.0,113084,113287,0,4
coco_i2i,euclidean,1.2,robust-prune,-1,27200,113287,4389,113286.9812,113287.0,113085,113287,0,4
coco_i2i,euclidean,1.2,robust-prune,-1,27200,113287,4390,113286.9814,113287.0,113086,113287,0,4
coco_i2i,euclidean,1.2,robust-prune,-1,27200,113287,4391,113286.9816,113287.0,113087,113287,0,4
coco_i2i,euclidean,1.2,robust-prune,-1,27200,113287,4392,113286.9818,113287.0,113088,113287,0,4
coco_i2i,euclidean,1.2,robust-prune,-1,27200,113287,4393,113286.9819,113287.0,113090,113287,0,4
coco_i2i,euclidean,1.2,robust-prune,-1,27200,113287,4394,113286.9821,113287.0,113091,113287,0,4
coco_i2i,euclidean,1.2,robust-prune,-1,27200,113287,4395,113286.9823,113287.0,113092,113287,0,4
coco_i2i,euclidean,1.2,robust-prune,-1,27200,113287,4396,113286.9824,113287.0,113093,113287,0,4
coco_i2i,euclidean,1.2,robust-prune,-1,27200,113287,4397,113286.9826,113287.0,113094,113287,0,4
coco_i2i,euclidean,1.2,robust-prune,-1,27200,113287,4398,113286.9828,113287.0,113095,113287,0,4
coco_i2i,euclidean,1.2,robust-prune,-1,27200,113287,4399,113286.9829,113287.0,113097,113287,0,4
coco_i2i,euclidean,1.2,robust-prune,-1,27200,113287,4400,113286.9831,113287.0,113098,113287,0,4
coco_i2i,euclidean,1.2,robust-prune,-1,27200,113287,4401,113286.9833,113287.0,113099,113287,0,4
coco_i2i,euclidean,1.2,robust-prune,-1,27200,113287,4402,113286.9835,113287.0,113100,113287,0,4
coco_i2i,euclidean,1.2,robust-prune,-1,27200,113287,4403,113286.9837,113287.0,113101,113287,0,4
coco_i2i,euclidean,1.2,robust-prune,-1,27200,113287,4404,113286.984,113287.0,113103,113287,0,4
coco_i2i,euclidean,1.2,robust-prune,-1,27200,113287,4405,113286.9842,113287.0,113105,113287,0,4
coco_i2i,euclidean,1.2,robust-prune,-1,27200,113287,4406,113286.9843,113287.0,113106,113287,0,4
coco_i2i,euclidean,1.2,robust-prune,-1,27200,113287,4407,113286.9845,113287.0,113107,113287,0,4
coco_i2i,euclidean,1.2,robust-prune,-1,27200,113287,4408,113286.9847,113287.0,113108,113287,0,4
coco_i2i,euclidean,1.2,robust-prune,-1,27200,113287,4409,113286.9852,113287.0,113120,113287,0,4
coco_i2i,euclidean,1.2,robust-prune,-1,27200,113287,4410,113286.9854,113287.0,113121,113287,0,4
coco_i2i,euclidean,1.2,robust-prune,-1,27200,113287,4411,113286.9856,113287.0,113123,113287,0,4
coco_i2i,euclidean,1.2,robust-prune,-1,27200,113287,4412,113286.9857,113287.0,113124,113287,0,4
coco_i2i,euclidean,1.2,robust-prune,-1,27200,113287,4413,113286.986,113287.0,113125,113287,0,4
coco_i2i,euclidean,1.2,robust-prune,-1,27200,113287,4414,113286.9861,113287.0,113126,113287,0,4
coco_i2i,euclidean,1.2,robust-prune,-1,27200,113287,4415,113286.9863,113287.0,113127,113287,0,4
coco_i2i,euclidean,1.2,robust-prune,-1,27200,113287,4416,113286.9865,113287.0,113128,113287,0,4
coco_i2i,euclidean,1.2,robust-prune,-1,27200,113287,4417,113286.9867,113287.0,113129,113287,0,4
coco_i2i,euclidean,1.2,robust-prune,-1,27200,113287,4418,113286.9868,113287.0,113131,113287,0,4
coco_i2i,euclidean,1.2,robust-prune,-1,27200,113287,4419,113286.9872,113287.0,113136,113287,0,4
coco_i2i,euclidean,1.2,robust-prune,-1,27200,113287,4420,113286.9874,113287.0,113137,113287,0,4
coco_i2i,euclidean,1.2,robust-prune,-1,27200,113287,4421,113286.9875,113287.0,113138,113287,0,4
coco_i2i,euclidean,1.2,robust-prune,-1,27200,113287,4422,113286.9877,113287.0,113139,113287,0,4
coco_i2i,euclidean,1.2,robust-prune,-1,27200,113287,4423,113286.9879,113287.0,113142,113287,0,4
coco_i2i,euclidean,1.2,robust-prune,-1,27200,113287,4424,113286.9881,113287.0,113144,113287,0,4
coco_i2i,euclidean,1.2,robust-prune,-1,27200,113287,4425,113286.9882,113287.0,113145,113287,0,4
coco_i2i,euclidean,1.2,robust-prune,-1,27200,113287,4426,113286.9884,113287.0,113146,113287,0,4
coco_i2i,euclidean,1.2,robust-prune,-1,27200,113287,4427,113286.9885,113287.0,113147,113287,0,4
coco_i2i,euclidean,1.2,robust-prune,-1,27200,113287,4428,113286.9887,113287.0,113149,113287,0,4
coco_i2i,euclidean,1.2,robust-prune,-1,27200,113287,4429,113286.9889,113287.0,113150,113287,0,4
coco_i2i,euclidean,1.2,robust-prune,-1,27200,113287,4430,113286.989,113287.0,113151,113287,0,4
coco_i2i,euclidean,1.2,robust-prune,-1,27200,113287,4431,113286.9892,113287.0,113152,113287,0,4
coco_i2i,euclidean,1.2,robust-prune,-1,27200,113287,4432,113286.9893,113287.0,113153,113287,0,4
coco_i2i,euclidean,1.2,robust-prune,-1,27200,113287,4433,113286.9894,113287.0,113154,113287,0,4
coco_i2i,euclidean,1.2,robust-prune,-1,27200,113287,4434,113286.9896,113287.0,113155,113287,0,4
coco_i2i,euclidean,1.2,robust-prune,-1,27200,113287,4435,113286.9898,113287.0,113157,113287,0,4
coco_i2i,euclidean,1.2,robust-prune,-1,27200,113287,4436,113286.9899,113287.0,113158,113287,0,4
coco_i2i,euclidean,1.2,robust-prune,-1,27200,113287,4437,113286.9901,113287.0,113161,113287,0,4
coco_i2i,euclidean,1.2,robust-prune,-1,27200,113287,4438,113286.9903,113287.0,113162,113287,0,4
coco_i2i,euclidean,1.2,robust-prune,-1,27200,113287,4439,113286.9904,113287.0,113163,113287,0,4
coco_i2i,euclidean,1.2,robust-prune,-1,27200,113287,4440,113286.9906,113287.0,113165,113287,0,4
coco_i2i,euclidean,1.2,robust-prune,-1,27200,113287,4441,113286.9908,113287.0,113166,113287,0,4
coco_i2i,euclidean,1.2,robust-prune,-1,27200,113287,4442,113286.9909,113287.0,113167,113287,0,4
coco_i2i,euclidean,1.2,robust-prune,-1,27200,113287,4443,113286.9911,113287.0,113168,113287,0,4
coco_i2i,euclidean,1.2,robust-prune,-1,27200,113287,4444,113286.9912,113287.0,113169,113287,0,4
coco_i2i,euclidean,1.2,robust-prune,-1,27200,113287,4445,113286.9914,113287.0,113170,113287,0,3
coco_i2i,euclidean,1.2,robust-prune,-1,27200,113287,4446,113286.9915,113287.0,113171,113287,0,3
coco_i2i,euclidean,1.2,robust-prune,-1,27200,113287,4447,113286.9916,113287.0,113172,113287,0,3
coco_i2i,euclidean,1.2,robust-prune,-1,27200,113287,4448,113286.9917,113287.0,113173,113287,0,3
coco_i2i,euclidean,1.2,robust-prune,-1,27200,113287,4449,113286.9919,113287.0,113175,113287,0,3
coco_i2i,euclidean,1.2,robust-prune,-1,27200,113287,4450,113286.992,113287.0,113177,113287,0,3
coco_i2i,euclidean,1.2,robust-prune,-1,27200,113287,4451,113286.9921,113287.0,113178,113287,0,3
coco_i2i,euclidean,1.2,robust-prune,-1,27200,113287,4452,113286.9923,113287.0,113180,113287,0,3
coco_i2i,euclidean,1.2,robust-prune,-1,27200,113287,4453,113286.9924,113287.0,113181,113287,0,3
coco_i2i,euclidean,1.2,robust-prune,-1,27200,113287,4454,113286.9925,113287.0,113182,113287,0,3
coco_i2i,euclidean,1.2,robust-prune,-1,27200,113287,4455,113286.9927,113287.0,113183,113287,0,3
coco_i2i,euclidean,1.2,robust-prune,-1,27200,113287,4456,113286.9928,113287.0,113185,113287,0,3
coco_i2i,euclidean,1.2,robust-prune,-1,27200,113287,4457,113286.9929,113287.0,113186,113287,0,3
coco_i2i,euclidean,1.2,robust-prune,-1,27200,113287,4458,113286.9931,113287.0,113187,113287,0,3
coco_i2i,euclidean,1.2,robust-prune,-1,27200,113287,4459,113286.9932,113287.0,113188,113287,0,2
coco_i2i,euclidean,1.2,robust-prune,-1,27200,113287,4460,113286.9933,113287.0,113189,113287,0,2
coco_i2i,euclidean,1.2,robust-prune,-1,27200,113287,4461,113286.9933,113287.0,113190,113287,0,2
coco_i2i,euclidean,1.2,robust-prune,-1,27200,113287,4462,113286.9934,113287.0,113191,113287,0,2
coco_i2i,euclidean,1.2,robust-prune,-1,27200,113287,4463,113286.9935,113287.0,113192,113287,0,2
coco_i2i,euclidean,1.2,robust-prune,-1,27200,113287,4464,113286.9936,113287.0,113194,113287,0,2
coco_i2i,euclidean,1.2,robust-prune,-1,27200,113287,4465,113286.9937,113287.0,113195,113287,0,2
coco_i2i,euclidean,1.2,robust-prune,-1,27200,113287,4466,113286.9938,113287.0,113196,113287,0,2
coco_i2i,euclidean,1.2,robust-prune,-1,27200,113287,4467,113286.9939,113287.0,113197,113287,0,2
coco_i2i,euclidean,1.2,robust-prune,-1,27200,113287,4468,113286.9939,113287.0,113198,113287,0,2
coco_i2i,euclidean,1.2,robust-prune,-1,27200,113287,4469,113286.994,113287.0,113199,113287,0,2
coco_i2i,euclidean,1.2,robust-prune,-1,27200,113287,4470,113286.9941,113287.0,113201,113287,0,2
coco_i2i,euclidean,1.2,robust-prune,-1,27200,113287,4471,113286.9942,113287.0,113202,113287,0,2
coco_i2i,euclidean,1.2,robust-prune,-1,27200,113287,4472,113286.9943,113287.0,113204,113287,0,2
coco_i2i,euclidean,1.2,robust-prune,-1,27200,113287,4473,113286.9944,113287.0,113205,113287,0,2
coco_i2i,euclidean,1.2,robust-prune,-1,27200,113287,4474,113286.9944,113287.0,113206,113287,0,2
coco_i2i,euclidean,1.2,robust-prune,-1,27200,113287,4475,113286.9946,113287.0,113207,113287,0,2
coco_i2i,euclidean,1.2,robust-prune,-1,27200,113287,4476,113286.9946,113287.0,113208,113287,0,2
coco_i2i,euclidean,1.2,robust-prune,-1,27200,113287,4477,113286.9947,113287.0,113209,113287,0,2
coco_i2i,euclidean,1.2,robust-prune,-1,27200,113287,4478,113286.9948,113287.0,113210,113287,0,2
coco_i2i,euclidean,1.2,robust-prune,-1,27200,113287,4479,113286.9949,113287.0,113211,113287,0,2
coco_i2i,euclidean,1.2,robust-prune,-1,27200,113287,4480,113286.9949,113287.0,113212,113287,0,2
coco_i2i,euclidean,1.2,robust-prune,-1,27200,113287,4481,113286.995,113287.0,113213,113287,0,2
coco_i2i,euclidean,1.2,robust-prune,-1,27200,113287,4482,113286.9951,113287.0,113215,113287,0,2
coco_i2i,euclidean,1.2,robust-prune,-1,27200,113287,4483,113286.9952,113287.0,113216,113287,0,2
coco_i2i,euclidean,1.2,robust-prune,-1,27200,113287,4484,113286.9953,113287.0,113217,113287,0,2
coco_i2i,euclidean,1.2,robust-prune,-1,27200,113287,4485,113286.9954,113287.0,113219,113287,0,2
coco_i2i,euclidean,1.2,robust-prune,-1,27200,113287,4486,113286.9954,113287.0,113220,113287,0,2
coco_i2i,euclidean,1.2,robust-prune,-1,27200,113287,4487,113286.9955,113287.0,113221,113287,0,2
coco_i2i,euclidean,1.2,robust-prune,-1,27200,113287,4488,113286.9957,113287.0,113226,113287,0,2
coco_i2i,euclidean,1.2,robust-prune,-1,27200,113287,4489,113286.9958,113287.0,113227,113287,0,2
coco_i2i,euclidean,1.2,robust-prune,-1,27200,113287,4490,113286.9959,113287.0,113228,113287,0,2
coco_i2i,euclidean,1.2,robust-prune,-1,27200,113287,4491,113286.996,113287.0,113230,113287,0,2
coco_i2i,euclidean,1.2,robust-prune,-1,27200,113287,4492,113286.9961,113287.0,113231,113287,0,2
coco_i2i,euclidean,1.2,robust-prune,-1,27200,113287,4493,113286.9962,113287.0,113232,113287,0,2
coco_i2i,euclidean,1.2,robust-prune,-1,27200,113287,4494,113286.9962,113287.0,113233,113287,0,2
coco_i2i,euclidean,1.2,robust-prune,-1,27200,113287,4495,113286.9963,113287.0,113234,113287,0,2
coco_i2i,euclidean,1.2,robust-prune,-1,27200,113287,4496,113286.9964,113287.0,113235,113287,0,2
coco_i2i,euclidean,1.2,robust-prune,-1,27200,113287,4497,113286.9965,113287.0,113236,113287,0,2
coco_i2i,euclidean,1.2,robust-prune,-1,27200,113287,4498,113286.9966,113287.0,113237,113287,0,2
coco_i2i,euclidean,1.2,robust-prune,-1,27200,113287,4499,113286.9967,113287.0,113238,113287,0,2
coco_i2i,euclidean,1.2,robust-prune,-1,27200,113287,4500,113286.9967,113287.0,113239,113287,0,2
coco_i2i,euclidean,1.2,robust-prune,-1,27200,113287,4501,113286.9968,113287.0,113240,113287,0,2
coco_i2i,euclidean,1.2,robust-prune,-1,27200,113287,4502,113286.9969,113287.0,113241,113287,0,2
coco_i2i,euclidean,1.2,robust-prune,-1,27200,113287,4503,113286.9969,113287.0,113242,113287,0,2
coco_i2i,euclidean,1.2,robust-prune,-1,27200,113287,4504,113286.997,113287.0,113243,113287,0,2
coco_i2i,euclidean,1.2,robust-prune,-1,27200,113287,4505,113286.9972,113287.0,113248,113287,0,2
coco_i2i,euclidean,1.2,robust-prune,-1,27200,113287,4506,113286.9974,113287.0,113250,113287,0,2
coco_i2i,euclidean,1.2,robust-prune,-1,27200,113287,4507,113286.9974,113287.0,113251,113287,0,2
coco_i2i,euclidean,1.2,robust-prune,-1,27200,113287,4508,113286.9975,113287.0,113252,113287,0,2
coco_i2i,euclidean,1.2,robust-prune,-1,27200,113287,4509,113286.9976,113287.0,113253,113287,0,2
coco_i2i,euclidean,1.2,robust-prune,-1,27200,113287,4510,113286.9977,113287.0,113254,113287,0,2
coco_i2i,euclidean,1.2,robust-prune,-1,27200,113287,4511,113286.9978,113287.0,113255,113287,0,2
coco_i2i,euclidean,1.2,robust-prune,-1,27200,113287,4512,113286.9978,113287.0,113256,113287,0,2
coco_i2i,euclidean,1.2,robust-prune,-1,27200,113287,4513,113286.9979,113287.0,113258,113287,0,2
coco_i2i,euclidean,1.2,robust-prune,-1,27200,113287,4514,113286.998,113287.0,113259,113287,0,2
coco_i2i,euclidean,1.2,robust-prune,-1,27200,113287,4515,113286.9981,113287.0,113260,113287,0,2
coco_i2i,euclidean,1.2,robust-prune,-1,27200,113287,4516,113286.9982,113287.0,113261,113287,0,2
coco_i2i,euclidean,1.2,robust-prune,-1,27200,113287,4517,113286.9983,113287.0,113262,113287,0,2
coco_i2i,euclidean,1.2,robust-prune,-1,27200,113287,4518,113286.9983,113287.0,113263,113287,0,2
coco_i2i,euclidean,1.2,robust-prune,-1,27200,113287,4519,113286.9984,113287.0,113264,113287,0,2
coco_i2i,euclidean,1.2,robust-prune,-1,27200,113287,4520,113286.9985,113287.0,113265,113287,0,2
coco_i2i,euclidean,1.2,robust-prune,-1,27200,113287,4521,113286.9986,113287.0,113266,113287,0,2
coco_i2i,euclidean,1.2,robust-prune,-1,27200,113287,4522,113286.9987,113287.0,113267,113287,0,2
coco_i2i,euclidean,1.2,robust-prune,-1,27200,113287,4523,113286.9988,113287.0,113268,113287,0,2
coco_i2i,euclidean,1.2,robust-prune,-1,27200,113287,4524,113286.9988,113287.0,113269,113287,0,2
coco_i2i,euclidean,1.2,robust-prune,-1,27200,113287,4525,113286.9989,113287.0,113270,113287,0,2
coco_i2i,euclidean,1.2,robust-prune,-1,27200,113287,4526,113286.999,113287.0,113271,113287,0,2
coco_i2i,euclidean,1.2,robust-prune,-1,27200,113287,4527,113286.999,113287.0,113272,113287,0,2
coco_i2i,euclidean,1.2,robust-prune,-1,27200,113287,4528,113286.9991,113287.0,113273,113287,0,2
coco_i2i,euclidean,1.2,robust-prune,-1,27200,113287,4529,113286.9992,113287.0,113274,113287,0,2
coco_i2i,euclidean,1.2,robust-prune,-1,27200,113287,4530,113286.9993,113287.0,113275,113287,0,2
coco_i2i,euclidean,1.2,robust-prune,-1,27200,113287,4531,113286.9993,113287.0,113276,113287,0,2
coco_i2i,euclidean,1.2,robust-prune,-1,27200,113287,4532,113286.9994,113287.0,113277,113287,0,2
coco_i2i,euclidean,1.2,robust-prune,-1,27200,113287,4533,113286.9995,113287.0,113278,113287,0,2
coco_i2i,euclidean,1.2,robust-prune,-1,27200,113287,4534,113286.9996,113287.0,113279,113287,0,2
coco_i2i,euclidean,1.2,robust-prune,-1,27200,113287,4535,113286.9996,113287.0,113280,113287,0,2
coco_i2i,euclidean,1.2,robust-prune,-1,27200,113287,4536,113286.9997,113287.0,113281,113287,0,2
coco_i2i,euclidean,1.2,robust-prune,-1,27200,113287,4537,113286.9998,113287.0,113282,113287,0,2
coco_i2i,euclidean,1.2,robust-prune,-1,27200,113287,4538,113286.9999,113287.0,113283,113287,0,1
coco_i2i,euclidean,1.2,robust-prune,-1,27200,113287,4539,113286.9999,113287.0,113284,113287,0,1
coco_i2i,euclidean,1.2,robust-prune,-1,27200,113287,4540,113286.9999,113287.0,113285,113287,0,1
coco_i2i,euclidean,1.2,robust-prune,-1,27200,113287,4541,113287.0,113287.0,113286,113287,0,1
coco_i2i,euclidean,1.2,robust-prune,-1,27200,113287,4542,113287.0,113287.0,113287,113287,0,0
