dataset,metric,alpha,method,dimensions,sources,total points,edges,mean points covered,median points covered,min points covered,max points covered,sources below 99.5% coverage,sources below 100% coverage
mnist,euclidean,1.2,robust-prune,-1,60000,60000,1,107.3503,23.0,2,14854,60000,60000
mnist,euclidean,1.2,robust-prune,-1,60000,60000,2,259.6738,84.0,3,28068,60000,60000
mnist,euclidean,1.2,robust-prune,-1,60000,60000,3,438.1265,167.0,4,28534,60000,60000
mnist,euclidean,1.2,robust-prune,-1,60000,60000,4,638.9114,266.0,5,30114,60000,60000
mnist,euclidean,1.2,robust-prune,-1,60000,60000,5,861.2863,377.0,6,44446,60000,60000
mnist,euclidean,1.2,robust-prune,-1,60000,60000,6,1093.2072,495.0,7,46111,60000,60000
mnist,euclidean,1.2,robust-prune,-1,60000,60000,7,1339.7795,625.0,14,54374,60000,60000
mnist,euclidean,1.2,robust-prune,-1,60000,60000,8,1591.212,758.0,17,54737,60000,60000
mnist,euclidean,1.2,robust-prune,-1,60000,60000,9,1851.8002,899.0,21,55445,60000,60000
mnist,euclidean,1.2,robust-prune,-1,60000,60000,10,2119.2877,1047.0,27,55585,60000,60000
mnist,euclidean,1.2,robust-prune,-1,60000,60000,11,2397.1865,1200.0,35,56042,60000,60000
mnist,euclidean,1.2,robust-prune,-1,60000,60000,12,2673.0956,1354.0,37,57688,60000,60000
mnist,euclidean,1.2,robust-prune,-1,60000,60000,13,2956.3863,1518.0,68,58589,60000,60000
mnist,euclidean,1.2,robust-prune,-1,60000,60000,14,3242.5392,1682.0,71,59176,60000,60000
mnist,euclidean,1.2,robust-prune,-1,60000,60000,15,3535.6721,1852.0,80,59241,60000,60000
mnist,euclidean,1.2,robust-prune,-1,60000,60000,16,3830.3058,2029.0,89,59412,60000,60000
mnist,euclidean,1.2,robust-prune,-1,60000,60000,17,4131.0057,2203.0,126,59491,60000,60000
mnist,euclidean,1.2,robust-prune,-1,60000,60000,18,4441.9878,2399.5,133,59633,60000,60000
mnist,euclidean,1.2,robust-prune,-1,60000,60000,19,4754.4052,2588.0,142,59659,60000,60000
mnist,euclidean,1.2,robust-prune,-1,60000,60000,20,5066.1944,2782.0,150,59667,60000,60000
mnist,euclidean,1.2,robust-prune,-1,60000,60000,21,5383.3985,2990.0,157,59672,60000,60000
mnist,euclidean,1.2,robust-prune,-1,60000,60000,22,5699.664,3197.5,160,59935,59999,60000
mnist,euclidean,1.2,robust-prune,-1,60000,60000,23,6029.7402,3417.0,177,59940,59999,60000
mnist,euclidean,1.2,robust-prune,-1,60000,60000,24,6355.708,3649.0,180,59953,59999,60000
mnist,euclidean,1.2,robust-prune,-1,60000,60000,25,6678.5785,3887.5,211,59959,59999,60000
mnist,euclidean,1.2,robust-prune,-1,60000,60000,26,7006.6111,4115.0,230,59989,59999,60000
mnist,euclidean,1.2,robust-prune,-1,60000,60000,27,7335.6877,4351.0,233,59995,59998,60000
mnist,euclidean,1.2,robust-prune,-1,60000,60000,28,7668.7314,4592.0,245,59998,59998,60000
mnist,euclidean,1.2,robust-prune,-1,60000,60000,29,8005.1566,4847.0,255,59999,59997,60000
mnist,euclidean,1.2,robust-prune,-1,60000,60000,30,8342.4755,5093.0,286,60000,59997,59999
mnist,euclidean,1.2,robust-prune,-1,60000,60000,31,8680.9111,5354.0,303,60000,59997,59999
mnist,euclidean,1.2,robust-prune,-1,60000,60000,32,9019.3731,5628.0,355,60000,59997,59999
mnist,euclidean,1.2,robust-prune,-1,60000,60000,33,9367.7856,5897.5,361,60000,59997,59999
mnist,euclidean,1.2,robust-prune,-1,60000,60000,34,9708.3974,6193.0,368,60000,59997,59999
mnist,euclidean,1.2,robust-prune,-1,60000,60000,35,10056.4741,6482.5,380,60000,59996,59999
mnist,euclidean,1.2,robust-prune,-1,60000,60000,36,10407.5476,6777.5,409,60000,59993,59999
mnist,euclidean,1.2,robust-prune,-1,60000,60000,37,10766.1423,7099.0,410,60000,59991,59999
mnist,euclidean,1.2,robust-prune,-1,60000,60000,38,11124.6186,7424.0,426,60000,59989,59999
mnist,euclidean,1.2,robust-prune,-1,60000,60000,39,11476.3247,7734.0,439,60000,59986,59998
mnist,euclidean,1.2,robust-prune,-1,60000,60000,40,11833.9576,8073.0,515,60000,59985,59998
mnist,euclidean,1.2,robust-prune,-1,60000,60000,41,12192.8792,8387.5,517,60000,59982,59998
mnist,euclidean,1.2,robust-prune,-1,60000,60000,42,12558.2384,8728.0,530,60000,59980,59998
mnist,euclidean,1.2,robust-prune,-1,60000,60000,43,12913.1238,9086.0,533,60000,59977,59998
mnist,euclidean,1.2,robust-prune,-1,60000,60000,44,13271.9381,9411.0,539,60000,59975,59998
mnist,euclidean,1.2,robust-prune,-1,60000,60000,45,13630.9413,9761.0,542,60000,59971,59998
mnist,euclidean,1.2,robust-prune,-1,60000,60000,46,13988.3686,10107.0,562,60000,59968,59997
mnist,euclidean,1.2,robust-prune,-1,60000,60000,47,14347.4892,10442.0,570,60000,59964,59996
mnist,euclidean,1.2,robust-prune,-1,60000,60000,48,14710.9394,10809.0,589,60000,59961,59996
mnist,euclidean,1.2,robust-prune,-1,60000,60000,49,15071.1622,11168.0,596,60000,59960,59996
mnist,euclidean,1.2,robust-prune,-1,60000,60000,50,15441.4525,11525.0,597,60000,59960,59996
mnist,euclidean,1.2,robust-prune,-1,60000,60000,51,15807.7546,11891.0,650,60000,59954,59995
mnist,euclidean,1.2,robust-prune,-1,60000,60000,52,16164.5129,12248.5,688,60000,59953,59995
mnist,euclidean,1.2,robust-prune,-1,60000,60000,53,16525.4843,12639.5,691,60000,59948,59994
mnist,euclidean,1.2,robust-prune,-1,60000,60000,54,16895.2622,13005.5,816,60000,59942,59993
mnist,euclidean,1.2,robust-prune,-1,60000,60000,55,17264.0107,13374.0,846,60000,59939,59992
mnist,euclidean,1.2,robust-prune,-1,60000,60000,56,17628.1538,13732.5,850,60000,59932,59990
mnist,euclidean,1.2,robust-prune,-1,60000,60000,57,17988.2588,14121.0,858,60000,59924,59989
mnist,euclidean,1.2,robust-prune,-1,60000,60000,58,18356.886,14535.5,931,60000,59918,59987
mnist,euclidean,1.2,robust-prune,-1,60000,60000,59,18718.0028,14935.0,936,60000,59914,59985
mnist,euclidean,1.2,robust-prune,-1,60000,60000,60,19083.074,15321.0,951,60000,59911,59984
mnist,euclidean,1.2,robust-prune,-1,60000,60000,61,19447.5216,15721.0,953,60000,59902,59982
mnist,euclidean,1.2,robust-prune,-1,60000,60000,62,19805.9845,16110.0,961,60000,59893,59980
mnist,euclidean,1.2,robust-prune,-1,60000,60000,63,20164.9523,16499.0,1057,60000,59891,59979
mnist,euclidean,1.2,robust-prune,-1,60000,60000,64,20521.6982,16885.5,1084,60000,59885,59978
mnist,euclidean,1.2,robust-prune,-1,60000,60000,65,20877.829,17287.0,1128,60000,59874,59978
mnist,euclidean,1.2,robust-prune,-1,60000,60000,66,21238.0197,17690.5,1131,60000,59868,59977
mnist,euclidean,1.2,robust-prune,-1,60000,60000,67,21587.7838,18088.5,1264,60000,59857,59973
mnist,euclidean,1.2,robust-prune,-1,60000,60000,68,21949.6715,18476.0,1276,60000,59845,59969
mnist,euclidean,1.2,robust-prune,-1,60000,60000,69,22301.0899,18898.5,1332,60000,59831,59967
mnist,euclidean,1.2,robust-prune,-1,60000,60000,70,22656.1959,19325.0,1352,60000,59813,59965
mnist,euclidean,1.2,robust-prune,-1,60000,60000,71,23012.3739,19754.5,1359,60000,59797,59964
mnist,euclidean,1.2,robust-prune,-1,60000,60000,72,23362.0998,20159.0,1380,60000,59785,59961
mnist,euclidean,1.2,robust-prune,-1,60000,60000,73,23710.8391,20563.5,1385,60000,59765,59960
mnist,euclidean,1.2,robust-prune,-1,60000,60000,74,24053.2014,20953.5,1439,60000,59746,59956
mnist,euclidean,1.2,robust-prune,-1,60000,60000,75,24400.2831,21379.0,1474,60000,59727,59951
mnist,euclidean,1.2,robust-prune,-1,60000,60000,76,24746.01,21783.0,1479,60000,59704,59948
mnist,euclidean,1.2,robust-prune,-1,60000,60000,77,25084.91,22187.5,1488,60000,59684,59947
mnist,euclidean,1.2,robust-prune,-1,60000,60000,78,25428.5029,22585.0,1498,60000,59659,59944
mnist,euclidean,1.2,robust-prune,-1,60000,60000,79,25764.8293,23030.5,1500,60000,59637,59940
mnist,euclidean,1.2,robust-prune,-1,60000,60000,80,26102.5534,23454.5,1538,60000,59610,59934
mnist,euclidean,1.2,robust-prune,-1,60000,60000,81,26430.6126,23844.5,1540,60000,59595,59931
mnist,euclidean,1.2,robust-prune,-1,60000,60000,82,26763.5093,24262.5,1550,60000,59566,59928
mnist,euclidean,1.2,robust-prune,-1,60000,60000,83,27095.9529,24655.5,1631,60000,59553,59924
mnist,euclidean,1.2,robust-prune,-1,60000,60000,84,27426.1744,25029.5,1639,60000,59527,59916
mnist,euclidean,1.2,robust-prune,-1,60000,60000,85,27754.2549,25429.0,1640,60000,59505,59912
mnist,euclidean,1.2,robust-prune,-1,60000,60000,86,28083.1996,25837.5,1642,60000,59481,59906
mnist,euclidean,1.2,robust-prune,-1,60000,60000,87,28408.5935,26213.5,1851,60000,59456,59902
mnist,euclidean,1.2,robust-prune,-1,60000,60000,88,28726.4021,26604.5,1867,60000,59435,59894
mnist,euclidean,1.2,robust-prune,-1,60000,60000,89,29045.5904,26982.5,1926,60000,59400,59892
mnist,euclidean,1.2,robust-prune,-1,60000,60000,90,29363.1025,27372.5,1945,60000,59364,59884
mnist,euclidean,1.2,robust-prune,-1,60000,60000,91,29673.7723,27770.0,1990,60000,59339,59878
mnist,euclidean,1.2,robust-prune,-1,60000,60000,92,29981.57,28133.0,1993,60000,59309,59869
mnist,euclidean,1.2,robust-prune,-1,60000,60000,93,30291.0922,28513.5,2093,60000,59267,59863
mnist,euclidean,1.2,robust-prune,-1,60000,60000,94,30599.1627,28905.0,2099,60000,59234,59853
mnist,euclidean,1.2,robust-prune,-1,60000,60000,95,30902.387,29280.0,2135,60000,59194,59846
mnist,euclidean,1.2,robust-prune,-1,60000,60000,96,31204.8949,29651.5,2138,60000,59157,59831
mnist,euclidean,1.2,robust-prune,-1,60000,60000,97,31500.8156,30012.5,2184,60000,59121,59819
mnist,euclidean,1.2,robust-prune,-1,60000,60000,98,31796.8277,30416.0,2236,60000,59092,59810
mnist,euclidean,1.2,robust-prune,-1,60000,60000,99,32094.6828,30781.0,2711,60000,59061,59796
mnist,euclidean,1.2,robust-prune,-1,60000,60000,100,32386.2281,31128.5,2731,60000,59025,59778
mnist,euclidean,1.2,robust-prune,-1,60000,60000,101,32676.0581,31481.0,2750,60000,58976,59764
mnist,euclidean,1.2,robust-prune,-1,60000,60000,102,32962.3876,31854.0,3068,60000,58946,59745
mnist,euclidean,1.2,robust-prune,-1,60000,60000,103,33248.4258,32192.0,3126,60000,58902,59729
mnist,euclidean,1.2,robust-prune,-1,60000,60000,104,33529.7264,32558.0,3172,60000,58852,59713
mnist,euclidean,1.2,robust-prune,-1,60000,60000,105,33810.4005,32949.5,3196,60000,58798,59698
mnist,euclidean,1.2,robust-prune,-1,60000,60000,106,34084.1445,33279.5,3587,60000,58753,59689
mnist,euclidean,1.2,robust-prune,-1,60000,60000,107,34356.0998,33632.0,3685,60000,58708,59675
mnist,euclidean,1.2,robust-prune,-1,60000,60000,108,34628.5998,33964.0,3686,60000,58666,59657
mnist,euclidean,1.2,robust-prune,-1,60000,60000,109,34897.9612,34271.0,3689,60000,58626,59636
mnist,euclidean,1.2,robust-prune,-1,60000,60000,110,35164.39,34645.0,3694,60000,58572,59616
mnist,euclidean,1.2,robust-prune,-1,60000,60000,111,35427.2379,34981.0,3725,60000,58518,59594
mnist,euclidean,1.2,robust-prune,-1,60000,60000,112,35689.1,35321.5,3742,60000,58460,59579
mnist,euclidean,1.2,robust-prune,-1,60000,60000,113,35946.0685,35630.0,3903,60000,58401,59562
mnist,euclidean,1.2,robust-prune,-1,60000,60000,114,36200.9993,35960.5,3926,60000,58343,59544
mnist,euclidean,1.2,robust-prune,-1,60000,60000,115,36454.7772,36293.5,3955,60000,58289,59531
mnist,euclidean,1.2,robust-prune,-1,60000,60000,116,36705.4052,36595.5,3973,60000,58220,59500
mnist,euclidean,1.2,robust-prune,-1,60000,60000,117,36953.2932,36922.5,4014,60000,58172,59468
mnist,euclidean,1.2,robust-prune,-1,60000,60000,118,37198.9416,37253.5,4080,60000,58108,59448
mnist,euclidean,1.2,robust-prune,-1,60000,60000,119,37440.0221,37561.5,4082,60000,58036,59427
mnist,euclidean,1.2,robust-prune,-1,60000,60000,120,37680.2526,37853.5,4101,60000,57972,59400
mnist,euclidean,1.2,robust-prune,-1,60000,60000,121,37919.1996,38156.5,4137,60000,57903,59386
mnist,euclidean,1.2,robust-prune,-1,60000,60000,122,38154.1066,38467.0,4145,60000,57832,59366
mnist,euclidean,1.2,robust-prune,-1,60000,60000,123,38386.7661,38760.0,4147,60000,57749,59344
mnist,euclidean,1.2,robust-prune,-1,60000,60000,124,38615.1898,39043.0,4192,60000,57675,59324
mnist,euclidean,1.2,robust-prune,-1,60000,60000,125,38841.7133,39331.0,4262,60000,57613,59292
mnist,euclidean,1.2,robust-prune,-1,60000,60000,126,39064.9998,39606.0,4335,60000,57557,59261
mnist,euclidean,1.2,robust-prune,-1,60000,60000,127,39288.2798,39871.5,4342,60000,57479,59230
mnist,euclidean,1.2,robust-prune,-1,60000,60000,128,39506.9798,40176.0,4348,60000,57384,59202
mnist,euclidean,1.2,robust-prune,-1,60000,60000,129,39721.0365,40444.0,4364,60000,57304,59184
mnist,euclidean,1.2,robust-prune,-1,60000,60000,130,39933.388,40715.0,4480,60000,57221,59154
mnist,euclidean,1.2,robust-prune,-1,60000,60000,131,40149.7814,40979.5,4495,60000,57145,59125
mnist,euclidean,1.2,robust-prune,-1,60000,60000,132,40358.9151,41272.0,4713,60000,57057,59097
mnist,euclidean,1.2,robust-prune,-1,60000,60000,133,40569.0326,41511.0,4720,60000,56965,59061
mnist,euclidean,1.2,robust-prune,-1,60000,60000,134,40776.0952,41794.5,4731,60000,56872,59018
mnist,euclidean,1.2,robust-prune,-1,60000,60000,135,40978.8539,42066.5,4788,60000,56775,58978
mnist,euclidean,1.2,robust-prune,-1,60000,60000,136,41179.8264,42316.0,5286,60000,56693,58936
mnist,euclidean,1.2,robust-prune,-1,60000,60000,137,41379.0403,42557.0,5323,60000,56603,58899
mnist,euclidean,1.2,robust-prune,-1,60000,60000,138,41577.6953,42801.0,5339,60000,56510,58857
mnist,euclidean,1.2,robust-prune,-1,60000,60000,139,41773.8742,43060.0,5608,60000,56432,58807
mnist,euclidean,1.2,robust-prune,-1,60000,60000,140,41967.4178,43285.5,5625,60000,56346,58767
mnist,euclidean,1.2,robust-prune,-1,60000,60000,141,42153.4732,43515.5,6365,60000,56247,58735
mnist,euclidean,1.2,robust-prune,-1,60000,60000,142,42341.713,43765.0,6383,60000,56148,58688
mnist,euclidean,1.2,robust-prune,-1,60000,60000,143,42530.7379,44012.5,6417,60000,56039,58647
mnist,euclidean,1.2,robust-prune,-1,60000,60000,144,42711.0081,44248.0,6447,60000,55931,58611
mnist,euclidean,1.2,robust-prune,-1,60000,60000,145,42889.406,44473.5,6563,60000,55850,58556
mnist,euclidean,1.2,robust-prune,-1,60000,60000,146,43072.0686,44710.5,6590,60000,55746,58521
mnist,euclidean,1.2,robust-prune,-1,60000,60000,147,43250.273,44935.5,6623,60000,55650,58480
mnist,euclidean,1.2,robust-prune,-1,60000,60000,148,43425.5346,45181.5,6684,60000,55549,58435
mnist,euclidean,1.2,robust-prune,-1,60000,60000,149,43599.4478,45391.0,6746,60000,55470,58394
mnist,euclidean,1.2,robust-prune,-1,60000,60000,150,43771.2716,45621.0,6773,60000,55349,58362
mnist,euclidean,1.2,robust-prune,-1,60000,60000,151,43940.4391,45834.0,6854,60000,55239,58306
mnist,euclidean,1.2,robust-prune,-1,60000,60000,152,44107.0397,46046.5,6861,60000,55146,58255
mnist,euclidean,1.2,robust-prune,-1,60000,60000,153,44271.1279,46261.5,6878,60000,55052,58205
mnist,euclidean,1.2,robust-prune,-1,60000,60000,154,44432.9754,46472.0,7033,60000,54963,58162
mnist,euclidean,1.2,robust-prune,-1,60000,60000,155,44595.9673,46676.5,7039,60000,54858,58109
mnist,euclidean,1.2,robust-prune,-1,60000,60000,156,44753.9448,46861.0,7131,60000,54769,58049
mnist,euclidean,1.2,robust-prune,-1,60000,60000,157,44914.0054,47059.0,7704,60000,54661,57992
mnist,euclidean,1.2,robust-prune,-1,60000,60000,158,45068.3708,47240.0,7752,60000,54551,57933
mnist,euclidean,1.2,robust-prune,-1,60000,60000,159,45220.0266,47418.5,7875,60000,54429,57862
mnist,euclidean,1.2,robust-prune,-1,60000,60000,160,45372.3158,47622.0,8988,60000,54309,57814
mnist,euclidean,1.2,robust-prune,-1,60000,60000,161,45523.5666,47804.5,8997,60000,54201,57755
mnist,euclidean,1.2,robust-prune,-1,60000,60000,162,45669.4074,47982.5,9033,60000,54071,57713
mnist,euclidean,1.2,robust-prune,-1,60000,60000,163,45815.1667,48152.5,9051,60000,53969,57638
mnist,euclidean,1.2,robust-prune,-1,60000,60000,164,45959.4014,48353.5,9086,60000,53854,57576
mnist,euclidean,1.2,robust-prune,-1,60000,60000,165,46102.1688,48512.5,9103,60000,53760,57495
mnist,euclidean,1.2,robust-prune,-1,60000,60000,166,46246.0991,48697.0,9409,60000,53641,57429
mnist,euclidean,1.2,robust-prune,-1,60000,60000,167,46384.8078,48867.0,9604,60000,53547,57375
mnist,euclidean,1.2,robust-prune,-1,60000,60000,168,46523.341,49039.5,9611,60000,53435,57296
mnist,euclidean,1.2,robust-prune,-1,60000,60000,169,46659.09,49210.5,9615,60000,53312,57228
mnist,euclidean,1.2,robust-prune,-1,60000,60000,170,46793.0877,49377.0,9643,60000,53192,57152
mnist,euclidean,1.2,robust-prune,-1,60000,60000,171,46925.2727,49527.0,9648,60000,53083,57088
mnist,euclidean,1.2,robust-prune,-1,60000,60000,172,47057.0697,49691.0,9682,60000,52968,57012
mnist,euclidean,1.2,robust-prune,-1,60000,60000,173,47188.1078,49844.5,9692,60000,52831,56936
mnist,euclidean,1.2,robust-prune,-1,60000,60000,174,47318.4704,49980.5,9751,60000,52714,56870
mnist,euclidean,1.2,robust-prune,-1,60000,60000,175,47447.4487,50155.0,10090,60000,52600,56777
mnist,euclidean,1.2,robust-prune,-1,60000,60000,176,47573.741,50290.5,10110,60000,52464,56697
mnist,euclidean,1.2,robust-prune,-1,60000,60000,177,47698.0618,50436.5,10163,60000,52337,56639
mnist,euclidean,1.2,robust-prune,-1,60000,60000,178,47822.6911,50585.5,10264,60000,52209,56552
mnist,euclidean,1.2,robust-prune,-1,60000,60000,179,47946.1517,50727.0,10529,60000,52078,56476
mnist,euclidean,1.2,robust-prune,-1,60000,60000,180,48067.0769,50873.5,10640,60000,51950,56408
mnist,euclidean,1.2,robust-prune,-1,60000,60000,181,48186.1424,51018.5,10761,60000,51809,56329
mnist,euclidean,1.2,robust-prune,-1,60000,60000,182,48306.3012,51165.0,10814,60000,51679,56250
mnist,euclidean,1.2,robust-prune,-1,60000,60000,183,48424.3876,51307.0,10957,60000,51575,56180
mnist,euclidean,1.2,robust-prune,-1,60000,60000,184,48539.591,51460.0,11832,60000,51432,56098
mnist,euclidean,1.2,robust-prune,-1,60000,60000,185,48653.0833,51588.0,11834,60000,51308,56018
mnist,euclidean,1.2,robust-prune,-1,60000,60000,186,48765.8144,51725.0,12086,60000,51181,55938
mnist,euclidean,1.2,robust-prune,-1,60000,60000,187,48879.135,51857.5,12154,60000,51048,55858
mnist,euclidean,1.2,robust-prune,-1,60000,60000,188,48989.9584,51993.0,12207,60000,50918,55787
mnist,euclidean,1.2,robust-prune,-1,60000,60000,189,49098.8208,52114.0,12377,60000,50776,55679
mnist,euclidean,1.2,robust-prune,-1,60000,60000,190,49206.3066,52233.5,12415,60000,50641,55603
mnist,euclidean,1.2,robust-prune,-1,60000,60000,191,49314.6852,52349.5,12432,60000,50505,55507
mnist,euclidean,1.2,robust-prune,-1,60000,60000,192,49421.012,52482.0,12495,60000,50388,55405
mnist,euclidean,1.2,robust-prune,-1,60000,60000,193,49525.0334,52603.0,12543,60000,50255,55314
mnist,euclidean,1.2,robust-prune,-1,60000,60000,194,49627.4021,52721.5,12566,60000,50118,55228
mnist,euclidean,1.2,robust-prune,-1,60000,60000,195,49729.4194,52834.5,12615,60000,49990,55140
mnist,euclidean,1.2,robust-prune,-1,60000,60000,196,49830.425,52951.0,12683,60000,49862,55045
mnist,euclidean,1.2,robust-prune,-1,60000,60000,197,49929.8114,53069.5,12782,60000,49718,54944
mnist,euclidean,1.2,robust-prune,-1,60000,60000,198,50029.2258,53173.0,12998,60000,49594,54860
mnist,euclidean,1.2,robust-prune,-1,60000,60000,199,50128.431,53298.5,13044,60000,49442,54758
mnist,euclidean,1.2,robust-prune,-1,60000,60000,200,50225.1133,53400.5,13073,60000,49313,54673
mnist,euclidean,1.2,robust-prune,-1,60000,60000,201,50321.439,53508.5,13140,60000,49181,54583
mnist,euclidean,1.2,robust-prune,-1,60000,60000,202,50416.2916,53616.5,13141,60000,49058,54482
mnist,euclidean,1.2,robust-prune,-1,60000,60000,203,50510.7167,53715.0,13166,60000,48918,54399
mnist,euclidean,1.2,robust-prune,-1,60000,60000,204,50603.5493,53812.0,13220,60000,48763,54314
mnist,euclidean,1.2,robust-prune,-1,60000,60000,205,50695.0591,53921.0,13614,60000,48643,54229
mnist,euclidean,1.2,robust-prune,-1,60000,60000,206,50785.9688,54018.0,13627,60000,48493,54123
mnist,euclidean,1.2,robust-prune,-1,60000,60000,207,50876.1896,54107.0,13707,60000,48373,54018
mnist,euclidean,1.2,robust-prune,-1,60000,60000,208,50964.6595,54206.5,13744,60000,48234,53927
mnist,euclidean,1.2,robust-prune,-1,60000,60000,209,51053.4712,54302.0,13753,60000,48109,53831
mnist,euclidean,1.2,robust-prune,-1,60000,60000,210,51142.1242,54401.0,14045,60000,47982,53750
mnist,euclidean,1.2,robust-prune,-1,60000,60000,211,51227.9203,54490.0,14055,60000,47838,53658
mnist,euclidean,1.2,robust-prune,-1,60000,60000,212,51313.9482,54589.5,14920,60000,47705,53558
mnist,euclidean,1.2,robust-prune,-1,60000,60000,213,51398.384,54686.5,14924,60000,47553,53449
mnist,euclidean,1.2,robust-prune,-1,60000,60000,214,51482.1215,54769.5,14946,60000,47416,53341
mnist,euclidean,1.2,robust-prune,-1,60000,60000,215,51565.7373,54861.0,14977,60000,47279,53239
mnist,euclidean,1.2,robust-prune,-1,60000,60000,216,51648.1986,54957.0,16994,60000,47133,53134
mnist,euclidean,1.2,robust-prune,-1,60000,60000,217,51729.7441,55041.0,16999,60000,46999,53027
mnist,euclidean,1.2,robust-prune,-1,60000,60000,218,51810.5789,55125.0,17004,60000,46865,52920
mnist,euclidean,1.2,robust-prune,-1,60000,60000,219,51889.7295,55207.0,17088,60000,46711,52804
mnist,euclidean,1.2,robust-prune,-1,60000,60000,220,51969.1161,55301.0,17158,60000,46566,52719
mnist,euclidean,1.2,robust-prune,-1,60000,60000,221,52047.5312,55379.0,17499,60000,46431,52624
mnist,euclidean,1.2,robust-prune,-1,60000,60000,222,52125.0674,55466.5,17848,60000,46297,52507
mnist,euclidean,1.2,robust-prune,-1,60000,60000,223,52201.827,55551.5,17877,60000,46141,52404
mnist,euclidean,1.2,robust-prune,-1,60000,60000,224,52277.2557,55626.0,17996,60000,46024,52289
mnist,euclidean,1.2,robust-prune,-1,60000,60000,225,52351.4062,55701.0,18069,60000,45888,52196
mnist,euclidean,1.2,robust-prune,-1,60000,60000,226,52425.0477,55776.0,18090,60000,45744,52089
mnist,euclidean,1.2,robust-prune,-1,60000,60000,227,52498.0106,55857.0,18151,60000,45608,51975
mnist,euclidean,1.2,robust-prune,-1,60000,60000,228,52570.9396,55922.0,18170,60000,45441,51875
mnist,euclidean,1.2,robust-prune,-1,60000,60000,229,52643.0167,56001.0,18281,60000,45313,51781
mnist,euclidean,1.2,robust-prune,-1,60000,60000,230,52713.7182,56079.0,18317,60000,45162,51675
mnist,euclidean,1.2,robust-prune,-1,60000,60000,231,52783.158,56141.5,18328,60000,45011,51577
mnist,euclidean,1.2,robust-prune,-1,60000,60000,232,52853.1567,56215.0,18569,60000,44868,51468
mnist,euclidean,1.2,robust-prune,-1,60000,60000,233,52922.929,56272.0,19095,60000,44720,51364
mnist,euclidean,1.2,robust-prune,-1,60000,60000,234,52990.759,56338.5,19098,60000,44586,51255
mnist,euclidean,1.2,robust-prune,-1,60000,60000,235,53059.0657,56410.0,19104,60000,44424,51132
mnist,euclidean,1.2,robust-prune,-1,60000,60000,236,53125.9184,56475.0,19140,60000,44286,51013
mnist,euclidean,1.2,robust-prune,-1,60000,60000,237,53192.5925,56535.0,19158,60000,44139,50884
mnist,euclidean,1.2,robust-prune,-1,60000,60000,238,53258.9715,56610.0,19168,60000,44001,50769
mnist,euclidean,1.2,robust-prune,-1,60000,60000,239,53324.2377,56669.5,19451,60000,43852,50646
mnist,euclidean,1.2,robust-prune,-1,60000,60000,240,53389.305,56731.0,20397,60000,43709,50536
mnist,euclidean,1.2,robust-prune,-1,60000,60000,241,53454.114,56788.5,20407,60000,43562,50426
mnist,euclidean,1.2,robust-prune,-1,60000,60000,242,53516.9423,56848.0,20417,60000,43430,50327
mnist,euclidean,1.2,robust-prune,-1,60000,60000,243,53580.202,56907.0,20424,60000,43289,50192
mnist,euclidean,1.2,robust-prune,-1,60000,60000,244,53642.5617,56970.5,20475,60000,43150,50092
mnist,euclidean,1.2,robust-prune,-1,60000,60000,245,53704.3796,57021.0,20488,60000,43015,49980
mnist,euclidean,1.2,robust-prune,-1,60000,60000,246,53765.3827,57074.0,20724,60000,42868,49854
mnist,euclidean,1.2,robust-prune,-1,60000,60000,247,53826.0071,57129.0,20761,60000,42727,49738
mnist,euclidean,1.2,robust-prune,-1,60000,60000,248,53885.7166,57179.0,21948,60000,42584,49616
mnist,euclidean,1.2,robust-prune,-1,60000,60000,249,53945.0499,57237.5,21954,60000,42447,49491
mnist,euclidean,1.2,robust-prune,-1,60000,60000,250,54003.5672,57295.0,22027,60000,42300,49360
mnist,euclidean,1.2,robust-prune,-1,60000,60000,251,54061.6085,57345.0,22053,60000,42172,49256
mnist,euclidean,1.2,robust-prune,-1,60000,60000,252,54119.0094,57403.0,22100,60000,42016,49146
mnist,euclidean,1.2,robust-prune,-1,60000,60000,253,54175.7027,57454.5,22397,60000,41882,49030
mnist,euclidean,1.2,robust-prune,-1,60000,60000,254,54232.698,57511.0,22539,60000,41747,48910
mnist,euclidean,1.2,robust-prune,-1,60000,60000,255,54288.6348,57556.0,22800,60000,41601,48797
mnist,euclidean,1.2,robust-prune,-1,60000,60000,256,54343.7381,57604.0,23154,60000,41458,48688
mnist,euclidean,1.2,robust-prune,-1,60000,60000,257,54398.8875,57647.0,23157,60000,41308,48567
mnist,euclidean,1.2,robust-prune,-1,60000,60000,258,54453.5415,57698.5,23184,60000,41157,48438
mnist,euclidean,1.2,robust-prune,-1,60000,60000,259,54507.5454,57746.5,23214,60000,41010,48320
mnist,euclidean,1.2,robust-prune,-1,60000,60000,260,54561.7558,57794.5,23218,60000,40862,48190
mnist,euclidean,1.2,robust-prune,-1,60000,60000,261,54613.8051,57840.0,23225,60000,40700,48075
mnist,euclidean,1.2,robust-prune,-1,60000,60000,262,54665.2876,57883.0,23228,60000,40546,47941
mnist,euclidean,1.2,robust-prune,-1,60000,60000,263,54716.6305,57924.0,24114,60000,40403,47826
mnist,euclidean,1.2,robust-prune,-1,60000,60000,264,54766.7222,57969.0,24266,60000,40238,47718
mnist,euclidean,1.2,robust-prune,-1,60000,60000,265,54817.0166,58012.0,24321,60000,40100,47582
mnist,euclidean,1.2,robust-prune,-1,60000,60000,266,54867.253,58059.5,24568,60000,39950,47453
mnist,euclidean,1.2,robust-prune,-1,60000,60000,267,54916.1969,58098.5,24609,60000,39817,47335
mnist,euclidean,1.2,robust-prune,-1,60000,60000,268,54965.8254,58139.0,25291,60000,39675,47202
mnist,euclidean,1.2,robust-prune,-1,60000,60000,269,55013.8948,58183.5,25531,60000,39528,47074
mnist,euclidean,1.2,robust-prune,-1,60000,60000,270,55061.2835,58220.5,25565,60000,39370,46932
mnist,euclidean,1.2,robust-prune,-1,60000,60000,271,55109.0878,58262.5,25576,60000,39217,46801
mnist,euclidean,1.2,robust-prune,-1,60000,60000,272,55156.1308,58301.5,25701,60000,39062,46677
mnist,euclidean,1.2,robust-prune,-1,60000,60000,273,55202.1923,58342.0,25709,60000,38914,46577
mnist,euclidean,1.2,robust-prune,-1,60000,60000,274,55248.3269,58379.0,25754,60000,38763,46448
mnist,euclidean,1.2,robust-prune,-1,60000,60000,275,55293.749,58412.0,25821,60000,38624,46334
mnist,euclidean,1.2,robust-prune,-1,60000,60000,276,55339.1668,58446.0,25915,60000,38486,46214
mnist,euclidean,1.2,robust-prune,-1,60000,60000,277,55384.7381,58481.0,25961,60000,38326,46096
mnist,euclidean,1.2,robust-prune,-1,60000,60000,278,55429.6222,58513.5,25974,60000,38202,45979
mnist,euclidean,1.2,robust-prune,-1,60000,60000,279,55473.8726,58549.0,26002,60000,38046,45885
mnist,euclidean,1.2,robust-prune,-1,60000,60000,280,55517.018,58584.0,26111,60000,37916,45766
mnist,euclidean,1.2,robust-prune,-1,60000,60000,281,55561.0239,58616.0,26114,60000,37781,45636
mnist,euclidean,1.2,robust-prune,-1,60000,60000,282,55603.9626,58647.0,26333,60000,37634,45482
mnist,euclidean,1.2,robust-prune,-1,60000,60000,283,55646.6041,58678.0,26378,60000,37480,45364
mnist,euclidean,1.2,robust-prune,-1,60000,60000,284,55689.2121,58707.5,26553,60000,37344,45226
mnist,euclidean,1.2,robust-prune,-1,60000,60000,285,55730.9742,58735.5,26576,60000,37198,45096
mnist,euclidean,1.2,robust-prune,-1,60000,60000,286,55772.7429,58766.0,26942,60000,37051,44965
mnist,euclidean,1.2,robust-prune,-1,60000,60000,287,55813.6113,58800.0,27394,60000,36913,44855
mnist,euclidean,1.2,robust-prune,-1,60000,60000,288,55854.1955,58830.0,27514,60000,36785,44722
mnist,euclidean,1.2,robust-prune,-1,60000,60000,289,55894.5911,58857.5,27600,60000,36618,44584
mnist,euclidean,1.2,robust-prune,-1,60000,60000,290,55933.9276,58884.5,27938,60000,36478,44440
mnist,euclidean,1.2,robust-prune,-1,60000,60000,291,55973.6847,58916.0,27944,60000,36350,44312
mnist,euclidean,1.2,robust-prune,-1,60000,60000,292,56011.9645,58940.0,28136,60000,36217,44185
mnist,euclidean,1.2,robust-prune,-1,60000,60000,293,56050.7616,58968.0,28346,60000,36073,44063
mnist,euclidean,1.2,robust-prune,-1,60000,60000,294,56088.9586,58994.0,28483,60000,35917,43946
mnist,euclidean,1.2,robust-prune,-1,60000,60000,295,56126.9644,59018.0,28516,60000,35786,43842
mnist,euclidean,1.2,robust-prune,-1,60000,60000,296,56163.9923,59038.0,28587,60000,35632,43712
mnist,euclidean,1.2,robust-prune,-1,60000,60000,297,56201.1954,59065.5,28644,60000,35498,43565
mnist,euclidean,1.2,robust-prune,-1,60000,60000,298,56238.4614,59090.0,28662,60000,35350,43425
mnist,euclidean,1.2,robust-prune,-1,60000,60000,299,56274.5047,59114.0,28701,60000,35221,43309
mnist,euclidean,1.2,robust-prune,-1,60000,60000,300,56311.027,59136.0,28738,60000,35068,43178
mnist,euclidean,1.2,robust-prune,-1,60000,60000,301,56346.9514,59158.0,28741,60000,34927,43046
mnist,euclidean,1.2,robust-prune,-1,60000,60000,302,56382.2858,59180.0,28769,60000,34765,42938
mnist,euclidean,1.2,robust-prune,-1,60000,60000,303,56417.5543,59201.0,28828,60000,34634,42824
mnist,euclidean,1.2,robust-prune,-1,60000,60000,304,56452.0145,59224.0,28954,60000,34478,42701
mnist,euclidean,1.2,robust-prune,-1,60000,60000,305,56486.6948,59245.0,29232,60000,34355,42576
mnist,euclidean,1.2,robust-prune,-1,60000,60000,306,56520.9235,59263.0,29805,60000,34228,42443
mnist,euclidean,1.2,robust-prune,-1,60000,60000,307,56555.2105,59282.0,29860,60000,34069,42322
mnist,euclidean,1.2,robust-prune,-1,60000,60000,308,56589.0488,59304.0,30784,60000,33881,42203
mnist,euclidean,1.2,robust-prune,-1,60000,60000,309,56622.3898,59322.0,30833,60000,33760,42069
mnist,euclidean,1.2,robust-prune,-1,60000,60000,310,56655.324,59341.0,30908,60000,33607,41925
mnist,euclidean,1.2,robust-prune,-1,60000,60000,311,56688.1774,59363.0,30960,60000,33470,41806
mnist,euclidean,1.2,robust-prune,-1,60000,60000,312,56720.5719,59378.0,31386,60000,33330,41670
mnist,euclidean,1.2,robust-prune,-1,60000,60000,313,56752.3367,59395.0,31452,60000,33187,41551
mnist,euclidean,1.2,robust-prune,-1,60000,60000,314,56783.592,59411.0,31621,60000,33055,41409
mnist,euclidean,1.2,robust-prune,-1,60000,60000,315,56815.1699,59428.0,31626,60000,32916,41275
mnist,euclidean,1.2,robust-prune,-1,60000,60000,316,56846.3526,59444.0,31635,60000,32754,41140
mnist,euclidean,1.2,robust-prune,-1,60000,60000,317,56877.104,59460.0,31659,60000,32615,41020
mnist,euclidean,1.2,robust-prune,-1,60000,60000,318,56907.7917,59475.0,31714,60000,32470,40882
mnist,euclidean,1.2,robust-prune,-1,60000,60000,319,56937.5531,59490.0,31747,60000,32320,40737
mnist,euclidean,1.2,robust-prune,-1,60000,60000,320,56966.8103,59505.0,31787,60000,32183,40610
mnist,euclidean,1.2,robust-prune,-1,60000,60000,321,56996.3369,59520.0,31902,60000,32033,40483
mnist,euclidean,1.2,robust-prune,-1,60000,60000,322,57025.5808,59534.0,31963,60000,31882,40361
mnist,euclidean,1.2,robust-prune,-1,60000,60000,323,57054.333,59549.0,32000,60000,31732,40224
mnist,euclidean,1.2,robust-prune,-1,60000,60000,324,57082.8438,59562.0,32029,60000,31593,40097
mnist,euclidean,1.2,robust-prune,-1,60000,60000,325,57111.3894,59575.0,32145,60000,31454,39959
mnist,euclidean,1.2,robust-prune,-1,60000,60000,326,57139.5448,59587.0,32207,60000,31310,39813
mnist,euclidean,1.2,robust-prune,-1,60000,60000,327,57167.6647,59599.5,32231,60000,31179,39693
mnist,euclidean,1.2,robust-prune,-1,60000,60000,328,57195.1371,59612.0,32257,60000,31036,39543
mnist,euclidean,1.2,robust-prune,-1,60000,60000,329,57222.7054,59624.5,32361,60000,30891,39429
mnist,euclidean,1.2,robust-prune,-1,60000,60000,330,57249.6682,59636.0,32448,60000,30740,39312
mnist,euclidean,1.2,robust-prune,-1,60000,60000,331,57276.4793,59648.5,32598,60000,30614,39183
mnist,euclidean,1.2,robust-prune,-1,60000,60000,332,57302.9338,59658.0,32761,60000,30500,39071
mnist,euclidean,1.2,robust-prune,-1,60000,60000,333,57329.3962,59670.0,32918,60000,30376,38937
mnist,euclidean,1.2,robust-prune,-1,60000,60000,334,57355.4084,59681.0,32962,60000,30234,38796
mnist,euclidean,1.2,robust-prune,-1,60000,60000,335,57381.6065,59692.0,33044,60000,30090,38659
mnist,euclidean,1.2,robust-prune,-1,60000,60000,336,57407.2351,59702.0,33052,60000,29970,38539
mnist,euclidean,1.2,robust-prune,-1,60000,60000,337,57432.9822,59714.0,33059,60000,29819,38418
mnist,euclidean,1.2,robust-prune,-1,60000,60000,338,57457.97,59723.0,33239,60000,29691,38292
mnist,euclidean,1.2,robust-prune,-1,60000,60000,339,57482.8489,59733.0,33384,60000,29560,38169
mnist,euclidean,1.2,robust-prune,-1,60000,60000,340,57507.8573,59743.0,33613,60000,29418,38055
mnist,euclidean,1.2,robust-prune,-1,60000,60000,341,57532.5933,59752.0,33649,60000,29282,37944
mnist,euclidean,1.2,robust-prune,-1,60000,60000,342,57557.0448,59759.0,33735,60000,29150,37821
mnist,euclidean,1.2,robust-prune,-1,60000,60000,343,57581.4472,59768.0,33823,60000,29004,37675
mnist,euclidean,1.2,robust-prune,-1,60000,60000,344,57605.4924,59777.0,33837,60000,28887,37550
mnist,euclidean,1.2,robust-prune,-1,60000,60000,345,57629.3345,59785.0,33869,60000,28757,37440
mnist,euclidean,1.2,robust-prune,-1,60000,60000,346,57652.8928,59793.0,33908,60000,28608,37325
mnist,euclidean,1.2,robust-prune,-1,60000,60000,347,57676.036,59800.0,33960,60000,28491,37183
mnist,euclidean,1.2,robust-prune,-1,60000,60000,348,57699.0701,59808.0,34048,60000,28358,37065
mnist,euclidean,1.2,robust-prune,-1,60000,60000,349,57721.6938,59815.0,34066,60000,28202,36944
mnist,euclidean,1.2,robust-prune,-1,60000,60000,350,57744.6761,59822.0,34077,60000,28078,36801
mnist,euclidean,1.2,robust-prune,-1,60000,60000,351,57767.2524,59829.0,34108,60000,27951,36665
mnist,euclidean,1.2,robust-prune,-1,60000,60000,352,57789.3094,59836.0,34122,60000,27837,36526
mnist,euclidean,1.2,robust-prune,-1,60000,60000,353,57811.2696,59842.0,34135,60000,27694,36400
mnist,euclidean,1.2,robust-prune,-1,60000,60000,354,57832.8842,59848.0,34183,60000,27555,36284
mnist,euclidean,1.2,robust-prune,-1,60000,60000,355,57854.4501,59854.0,34219,60000,27412,36149
mnist,euclidean,1.2,robust-prune,-1,60000,60000,356,57875.6352,59860.0,34222,60000,27289,36023
mnist,euclidean,1.2,robust-prune,-1,60000,60000,357,57896.9769,59866.0,34294,60000,27139,35879
mnist,euclidean,1.2,robust-prune,-1,60000,60000,358,57917.9444,59871.0,34345,60000,27019,35763
mnist,euclidean,1.2,robust-prune,-1,60000,60000,359,57938.8582,59877.0,34353,60000,26890,35627
mnist,euclidean,1.2,robust-prune,-1,60000,60000,360,57959.5713,59882.0,34404,60000,26771,35484
mnist,euclidean,1.2,robust-prune,-1,60000,60000,361,57979.9145,59886.0,34428,60000,26654,35349
mnist,euclidean,1.2,robust-prune,-1,60000,60000,362,58000.3768,59891.0,34446,60000,26527,35208
mnist,euclidean,1.2,robust-prune,-1,60000,60000,363,58020.7118,59895.0,34611,60000,26381,35086
mnist,euclidean,1.2,robust-prune,-1,60000,60000,364,58040.6818,59900.0,34980,60000,26254,34969
mnist,euclidean,1.2,robust-prune,-1,60000,60000,365,58060.4369,59904.0,35007,60000,26109,34861
mnist,euclidean,1.2,robust-prune,-1,60000,60000,366,58080.2771,59909.0,35073,60000,25989,34721
mnist,euclidean,1.2,robust-prune,-1,60000,60000,367,58099.8004,59912.0,35080,60000,25863,34596
mnist,euclidean,1.2,robust-prune,-1,60000,60000,368,58118.7884,59916.0,35284,60000,25749,34476
mnist,euclidean,1.2,robust-prune,-1,60000,60000,369,58137.8718,59920.0,35337,60000,25614,34328
mnist,euclidean,1.2,robust-prune,-1,60000,60000,370,58156.8052,59925.0,35355,60000,25486,34217
mnist,euclidean,1.2,robust-prune,-1,60000,60000,371,58175.5482,59928.0,35379,60000,25366,34100
mnist,euclidean,1.2,robust-prune,-1,60000,60000,372,58194.377,59932.0,35466,60000,25248,33967
mnist,euclidean,1.2,robust-prune,-1,60000,60000,373,58212.9141,59935.0,35497,60000,25108,33838
mnist,euclidean,1.2,robust-prune,-1,60000,60000,374,58231.3679,59939.0,35505,60000,24978,33732
mnist,euclidean,1.2,robust-prune,-1,60000,60000,375,58249.7246,59942.0,35695,60000,24848,33601
mnist,euclidean,1.2,robust-prune,-1,60000,60000,376,58267.7084,59945.0,35786,60000,24715,33499
mnist,euclidean,1.2,robust-prune,-1,60000,60000,377,58285.1631,59948.0,35822,60000,24598,33362
mnist,euclidean,1.2,robust-prune,-1,60000,60000,378,58302.8216,59951.0,35842,60000,24473,33214
mnist,euclidean,1.2,robust-prune,-1,60000,60000,379,58320.0533,59954.0,36323,60000,24345,33095
mnist,euclidean,1.2,robust-prune,-1,60000,60000,380,58337.2115,59957.0,36379,60000,24221,32965
mnist,euclidean,1.2,robust-prune,-1,60000,60000,381,58354.0973,59959.5,36409,60000,24094,32830
mnist,euclidean,1.2,robust-prune,-1,60000,60000,382,58371.0184,59962.0,36441,60000,23952,32694
mnist,euclidean,1.2,robust-prune,-1,60000,60000,383,58387.6647,59964.0,36479,60000,23825,32550
mnist,euclidean,1.2,robust-prune,-1,60000,60000,384,58404.5401,59967.0,36643,60000,23701,32428
mnist,euclidean,1.2,robust-prune,-1,60000,60000,385,58421.212,59969.0,36656,60000,23580,32285
mnist,euclidean,1.2,robust-prune,-1,60000,60000,386,58437.6461,59971.0,36693,60000,23460,32147
mnist,euclidean,1.2,robust-prune,-1,60000,60000,387,58453.8701,59974.0,36740,60000,23333,32028
mnist,euclidean,1.2,robust-prune,-1,60000,60000,388,58469.7922,59976.0,36777,60000,23208,31908
mnist,euclidean,1.2,robust-prune,-1,60000,60000,389,58485.5634,59978.0,36820,60000,23100,31787
mnist,euclidean,1.2,robust-prune,-1,60000,60000,390,58501.347,59980.0,36883,60000,22974,31665
mnist,euclidean,1.2,robust-prune,-1,60000,60000,391,58517.067,59982.0,36907,60000,22854,31547
mnist,euclidean,1.2,robust-prune,-1,60000,60000,392,58532.5026,59984.0,36969,60000,22745,31425
mnist,euclidean,1.2,robust-prune,-1,60000,60000,393,58547.9777,59985.0,37169,60000,22628,31276
mnist,euclidean,1.2,robust-prune,-1,60000,60000,394,58562.9928,59987.0,37428,60000,22503,31160
mnist,euclidean,1.2,robust-prune,-1,60000,60000,395,58578.1018,59989.0,37522,60000,22387,31016
mnist,euclidean,1.2,robust-prune,-1,60000,60000,396,58592.8563,59990.0,37547,60000,22260,30900
mnist,euclidean,1.2,robust-prune,-1,60000,60000,397,58607.6296,59992.0,37611,60000,22122,30785
mnist,euclidean,1.2,robust-prune,-1,60000,60000,398,58622.1587,59993.0,37673,60000,22000,30626
mnist,euclidean,1.2,robust-prune,-1,60000,60000,399,58636.4461,59994.0,37685,60000,21873,30519
mnist,euclidean,1.2,robust-prune,-1,60000,60000,400,58650.9612,59996.0,37706,60000,21768,30402
mnist,euclidean,1.2,robust-prune,-1,60000,60000,401,58665.1694,59997.0,37749,60000,21666,30258
mnist,euclidean,1.2,robust-prune,-1,60000,60000,402,58679.0706,59998.0,38094,60000,21536,30138
mnist,euclidean,1.2,robust-prune,-1,60000,60000,403,58692.907,59999.0,38124,60000,21422,30014
mnist,euclidean,1.2,robust-prune,-1,60000,60000,404,58706.7656,60000.0,38164,60000,21298,29886
mnist,euclidean,1.2,robust-prune,-1,60000,60000,405,58720.3445,60000.0,38314,60000,21178,29761
mnist,euclidean,1.2,robust-prune,-1,60000,60000,406,58733.6569,60000.0,38319,60000,21056,29644
mnist,euclidean,1.2,robust-prune,-1,60000,60000,407,58746.7055,60000.0,38353,60000,20957,29517
mnist,euclidean,1.2,robust-prune,-1,60000,60000,408,58759.8875,60000.0,38397,60000,20841,29386
mnist,euclidean,1.2,robust-prune,-1,60000,60000,409,58772.9411,60000.0,38440,60000,20743,29260
mnist,euclidean,1.2,robust-prune,-1,60000,60000,410,58786.1888,60000.0,38545,60000,20647,29155
mnist,euclidean,1.2,robust-prune,-1,60000,60000,411,58799.1214,60000.0,38564,60000,20538,29033
mnist,euclidean,1.2,robust-prune,-1,60000,60000,412,58811.7813,60000.0,38580,60000,20427,28908
mnist,euclidean,1.2,robust-prune,-1,60000,60000,413,58824.3682,60000.0,38664,60000,20316,28785
mnist,euclidean,1.2,robust-prune,-1,60000,60000,414,58837.3794,60000.0,38740,60000,20177,28644
mnist,euclidean,1.2,robust-prune,-1,60000,60000,415,58849.8533,60000.0,38743,60000,20074,28515
mnist,euclidean,1.2,robust-prune,-1,60000,60000,416,58862.2318,60000.0,38853,60000,19961,28391
mnist,euclidean,1.2,robust-prune,-1,60000,60000,417,58874.4762,60000.0,38922,60000,19851,28266
mnist,euclidean,1.2,robust-prune,-1,60000,60000,418,58886.6504,60000.0,39078,60000,19731,28151
mnist,euclidean,1.2,robust-prune,-1,60000,60000,419,58898.6009,60000.0,39090,60000,19612,28010
mnist,euclidean,1.2,robust-prune,-1,60000,60000,420,58910.3758,60000.0,39131,60000,19492,27897
mnist,euclidean,1.2,robust-prune,-1,60000,60000,421,58922.2128,60000.0,39135,60000,19386,27757
mnist,euclidean,1.2,robust-prune,-1,60000,60000,422,58933.8847,60000.0,39486,60000,19265,27639
mnist,euclidean,1.2,robust-prune,-1,60000,60000,423,58945.2498,60000.0,39643,60000,19157,27518
mnist,euclidean,1.2,robust-prune,-1,60000,60000,424,58956.6766,60000.0,39666,60000,19030,27419
mnist,euclidean,1.2,robust-prune,-1,60000,60000,425,58967.9639,60000.0,39670,60000,18908,27304
mnist,euclidean,1.2,robust-prune,-1,60000,60000,426,58979.2618,60000.0,39677,60000,18769,27174
mnist,euclidean,1.2,robust-prune,-1,60000,60000,427,58990.484,60000.0,39681,60000,18668,27049
mnist,euclidean,1.2,robust-prune,-1,60000,60000,428,59001.3527,60000.0,39751,60000,18556,26927
mnist,euclidean,1.2,robust-prune,-1,60000,60000,429,59012.3673,60000.0,39760,60000,18434,26823
mnist,euclidean,1.2,robust-prune,-1,60000,60000,430,59023.3901,60000.0,39818,60000,18301,26722
mnist,euclidean,1.2,robust-prune,-1,60000,60000,431,59034.2446,60000.0,39849,60000,18198,26598
mnist,euclidean,1.2,robust-prune,-1,60000,60000,432,59044.8927,60000.0,39862,60000,18097,26486
mnist,euclidean,1.2,robust-prune,-1,60000,60000,433,59055.5561,60000.0,39875,60000,17978,26377
mnist,euclidean,1.2,robust-prune,-1,60000,60000,434,59065.8877,60000.0,39886,60000,17869,26240
mnist,euclidean,1.2,robust-prune,-1,60000,60000,435,59076.0448,60000.0,39898,60000,17773,26108
mnist,euclidean,1.2,robust-prune,-1,60000,60000,436,59086.6106,60000.0,39983,60000,17664,26015
mnist,euclidean,1.2,robust-prune,-1,60000,60000,437,59096.804,60000.0,39999,60000,17570,25902
mnist,euclidean,1.2,robust-prune,-1,60000,60000,438,59107.0726,60000.0,40027,60000,17465,25798
mnist,euclidean,1.2,robust-prune,-1,60000,60000,439,59117.1878,60000.0,40047,60000,17361,25677
mnist,euclidean,1.2,robust-prune,-1,60000,60000,440,59127.0654,60000.0,40546,60000,17252,25562
mnist,euclidean,1.2,robust-prune,-1,60000,60000,441,59136.7425,60000.0,40593,60000,17144,25438
mnist,euclidean,1.2,robust-prune,-1,60000,60000,442,59146.5293,60000.0,40610,60000,17055,25317
mnist,euclidean,1.2,robust-prune,-1,60000,60000,443,59156.1739,60000.0,40713,60000,16964,25203
mnist,euclidean,1.2,robust-prune,-1,60000,60000,444,59165.692,60000.0,40717,60000,16850,25089
mnist,euclidean,1.2,robust-prune,-1,60000,60000,445,59175.1848,60000.0,40726,60000,16730,24985
mnist,euclidean,1.2,robust-prune,-1,60000,60000,446,59184.4908,60000.0,40739,60000,16626,24890
mnist,euclidean,1.2,robust-prune,-1,60000,60000,447,59193.7964,60000.0,40989,60000,16506,24785
mnist,euclidean,1.2,robust-prune,-1,60000,60000,448,59203.0187,60000.0,41007,60000,16408,24680
mnist,euclidean,1.2,robust-prune,-1,60000,60000,449,59212.0276,60000.0,41043,60000,16307,24556
mnist,euclidean,1.2,robust-prune,-1,60000,60000,450,59220.9652,60000.0,41057,60000,16198,24430
mnist,euclidean,1.2,robust-prune,-1,60000,60000,451,59229.8754,60000.0,41100,60000,16091,24303
mnist,euclidean,1.2,robust-prune,-1,60000,60000,452,59238.5372,60000.0,41118,60000,15998,24192
mnist,euclidean,1.2,robust-prune,-1,60000,60000,453,59247.0692,60000.0,41656,60000,15900,24083
mnist,euclidean,1.2,robust-prune,-1,60000,60000,454,59255.5734,60000.0,41662,60000,15804,23959
mnist,euclidean,1.2,robust-prune,-1,60000,60000,455,59264.0939,60000.0,41681,60000,15726,23834
mnist,euclidean,1.2,robust-prune,-1,60000,60000,456,59272.5285,60000.0,41687,60000,15632,23702
mnist,euclidean,1.2,robust-prune,-1,60000,60000,457,59280.8816,60000.0,41853,60000,15528,23597
mnist,euclidean,1.2,robust-prune,-1,60000,60000,458,59289.4723,60000.0,42003,60000,15427,23486
mnist,euclidean,1.2,robust-prune,-1,60000,60000,459,59297.643,60000.0,42168,60000,15329,23385
mnist,euclidean,1.2,robust-prune,-1,60000,60000,460,59305.7308,60000.0,42172,60000,15219,23264
mnist,euclidean,1.2,robust-prune,-1,60000,60000,461,59313.754,60000.0,42182,60000,15137,23137
mnist,euclidean,1.2,robust-prune,-1,60000,60000,462,59321.5226,60000.0,42214,60000,15058,23035
mnist,euclidean,1.2,robust-prune,-1,60000,60000,463,59329.3917,60000.0,42220,60000,14956,22914
mnist,euclidean,1.2,robust-prune,-1,60000,60000,464,59337.2514,60000.0,42231,60000,14868,22790
mnist,euclidean,1.2,robust-prune,-1,60000,60000,465,59344.8302,60000.0,42277,60000,14768,22690
mnist,euclidean,1.2,robust-prune,-1,60000,60000,466,59352.4024,60000.0,42288,60000,14679,22560
mnist,euclidean,1.2,robust-prune,-1,60000,60000,467,59359.7852,60000.0,42348,60000,14592,22455
mnist,euclidean,1.2,robust-prune,-1,60000,60000,468,59367.1914,60000.0,42391,60000,14507,22347
mnist,euclidean,1.2,robust-prune,-1,60000,60000,469,59374.4968,60000.0,42546,60000,14410,22234
mnist,euclidean,1.2,robust-prune,-1,60000,60000,470,59381.8292,60000.0,42570,60000,14314,22127
mnist,euclidean,1.2,robust-prune,-1,60000,60000,471,59388.8945,60000.0,42578,60000,14214,22023
mnist,euclidean,1.2,robust-prune,-1,60000,60000,472,59396.0053,60000.0,42586,60000,14114,21908
mnist,euclidean,1.2,robust-prune,-1,60000,60000,473,59403.1937,60000.0,42616,60000,14029,21794
mnist,euclidean,1.2,robust-prune,-1,60000,60000,474,59410.1604,60000.0,42675,60000,13940,21676
mnist,euclidean,1.2,robust-prune,-1,60000,60000,475,59417.1412,60000.0,42873,60000,13851,21563
mnist,euclidean,1.2,robust-prune,-1,60000,60000,476,59423.9708,60000.0,42880,60000,13761,21472
mnist,euclidean,1.2,robust-prune,-1,60000,60000,477,59430.7285,60000.0,42958,60000,13661,21374
mnist,euclidean,1.2,robust-prune,-1,60000,60000,478,59437.2488,60000.0,42969,60000,13567,21272
mnist,euclidean,1.2,robust-prune,-1,60000,60000,479,59444.0301,60000.0,43025,60000,13450,21167
mnist,euclidean,1.2,robust-prune,-1,60000,60000,480,59450.6643,60000.0,43046,60000,13354,21060
mnist,euclidean,1.2,robust-prune,-1,60000,60000,481,59457.0626,60000.0,43318,60000,13258,20952
mnist,euclidean,1.2,robust-prune,-1,60000,60000,482,59463.5914,60000.0,43960,60000,13170,20869
mnist,euclidean,1.2,robust-prune,-1,60000,60000,483,59470.0612,60000.0,43991,60000,13085,20748
mnist,euclidean,1.2,robust-prune,-1,60000,60000,484,59476.473,60000.0,43994,60000,12979,20639
mnist,euclidean,1.2,robust-prune,-1,60000,60000,485,59482.7147,60000.0,44019,60000,12896,20542
mnist,euclidean,1.2,robust-prune,-1,60000,60000,486,59489.0965,60000.0,44092,60000,12798,20444
mnist,euclidean,1.2,robust-prune,-1,60000,60000,487,59495.109,60000.0,44098,60000,12709,20325
mnist,euclidean,1.2,robust-prune,-1,60000,60000,488,59501.1668,60000.0,44142,60000,12622,20222
mnist,euclidean,1.2,robust-prune,-1,60000,60000,489,59507.0986,60000.0,44319,60000,12528,20114
mnist,euclidean,1.2,robust-prune,-1,60000,60000,490,59513.0987,60000.0,44327,60000,12447,19997
mnist,euclidean,1.2,robust-prune,-1,60000,60000,491,59518.9426,60000.0,44513,60000,12352,19903
mnist,euclidean,1.2,robust-prune,-1,60000,60000,492,59524.7399,60000.0,44538,60000,12264,19794
mnist,euclidean,1.2,robust-prune,-1,60000,60000,493,59530.4666,60000.0,44556,60000,12175,19672
mnist,euclidean,1.2,robust-prune,-1,60000,60000,494,59536.0061,60000.0,44669,60000,12086,19552
mnist,euclidean,1.2,robust-prune,-1,60000,60000,495,59541.6259,60000.0,44720,60000,11996,19463
mnist,euclidean,1.2,robust-prune,-1,60000,60000,496,59547.0269,60000.0,44735,60000,11907,19356
mnist,euclidean,1.2,robust-prune,-1,60000,60000,497,59552.4692,60000.0,44924,60000,11826,19263
mnist,euclidean,1.2,robust-prune,-1,60000,60000,498,59557.9534,60000.0,44960,60000,11746,19145
mnist,euclidean,1.2,robust-prune,-1,60000,60000,499,59563.3656,60000.0,45008,60000,11647,19036
mnist,euclidean,1.2,robust-prune,-1,60000,60000,500,59568.5469,60000.0,45017,60000,11561,18933
mnist,euclidean,1.2,robust-prune,-1,60000,60000,501,59573.8424,60000.0,45024,60000,11497,18827
mnist,euclidean,1.2,robust-prune,-1,60000,60000,502,59578.9452,60000.0,45058,60000,11410,18724
mnist,euclidean,1.2,robust-prune,-1,60000,60000,503,59583.8619,60000.0,45076,60000,11338,18636
mnist,euclidean,1.2,robust-prune,-1,60000,60000,504,59588.8703,60000.0,45083,60000,11254,18536
mnist,euclidean,1.2,robust-prune,-1,60000,60000,505,59593.905,60000.0,45099,60000,11177,18449
mnist,euclidean,1.2,robust-prune,-1,60000,60000,506,59598.9123,60000.0,45101,60000,11083,18352
mnist,euclidean,1.2,robust-prune,-1,60000,60000,507,59603.8195,60000.0,45104,60000,10994,18263
mnist,euclidean,1.2,robust-prune,-1,60000,60000,508,59608.7113,60000.0,45146,60000,10910,18155
mnist,euclidean,1.2,robust-prune,-1,60000,60000,509,59613.5334,60000.0,45153,60000,10814,18049
mnist,euclidean,1.2,robust-prune,-1,60000,60000,510,59618.1682,60000.0,45219,60000,10735,17950
mnist,euclidean,1.2,robust-prune,-1,60000,60000,511,59622.8871,60000.0,45233,60000,10649,17860
mnist,euclidean,1.2,robust-prune,-1,60000,60000,512,59627.4202,60000.0,45586,60000,10552,17751
mnist,euclidean,1.2,robust-prune,-1,60000,60000,513,59632.0333,60000.0,45782,60000,10472,17648
mnist,euclidean,1.2,robust-prune,-1,60000,60000,514,59636.5112,60000.0,45798,60000,10384,17556
mnist,euclidean,1.2,robust-prune,-1,60000,60000,515,59641.073,60000.0,45801,60000,10290,17466
mnist,euclidean,1.2,robust-prune,-1,60000,60000,516,59645.4778,60000.0,45818,60000,10218,17369
mnist,euclidean,1.2,robust-prune,-1,60000,60000,517,59650.0552,60000.0,45853,60000,10132,17256
mnist,euclidean,1.2,robust-prune,-1,60000,60000,518,59654.3005,60000.0,45879,60000,10046,17148
mnist,euclidean,1.2,robust-prune,-1,60000,60000,519,59658.5814,60000.0,45885,60000,9967,17043
mnist,euclidean,1.2,robust-prune,-1,60000,60000,520,59662.9104,60000.0,45987,60000,9893,16956
mnist,euclidean,1.2,robust-prune,-1,60000,60000,521,59667.2174,60000.0,45997,60000,9822,16841
mnist,euclidean,1.2,robust-prune,-1,60000,60000,522,59671.43,60000.0,46032,60000,9750,16722
mnist,euclidean,1.2,robust-prune,-1,60000,60000,523,59675.5569,60000.0,46195,60000,9673,16611
mnist,euclidean,1.2,robust-prune,-1,60000,60000,524,59679.5841,60000.0,46201,60000,9603,16517
mnist,euclidean,1.2,robust-prune,-1,60000,60000,525,59683.5654,60000.0,46258,60000,9527,16418
mnist,euclidean,1.2,robust-prune,-1,60000,60000,526,59687.652,60000.0,46286,60000,9446,16314
mnist,euclidean,1.2,robust-prune,-1,60000,60000,527,59691.5167,60000.0,46391,60000,9368,16218
mnist,euclidean,1.2,robust-prune,-1,60000,60000,528,59695.4018,60000.0,46439,60000,9303,16130
mnist,euclidean,1.2,robust-prune,-1,60000,60000,529,59699.2839,60000.0,46483,60000,9234,16035
mnist,euclidean,1.2,robust-prune,-1,60000,60000,530,59703.1496,60000.0,46504,60000,9162,15951
mnist,euclidean,1.2,robust-prune,-1,60000,60000,531,59706.8936,60000.0,46657,60000,9089,15871
mnist,euclidean,1.2,robust-prune,-1,60000,60000,532,59710.6202,60000.0,46679,60000,9030,15780
mnist,euclidean,1.2,robust-prune,-1,60000,60000,533,59714.2385,60000.0,46689,60000,8947,15695
mnist,euclidean,1.2,robust-prune,-1,60000,60000,534,59717.8478,60000.0,46722,60000,8872,15592
mnist,euclidean,1.2,robust-prune,-1,60000,60000,535,59721.4142,60000.0,46781,60000,8811,15502
mnist,euclidean,1.2,robust-prune,-1,60000,60000,536,59725.0619,60000.0,46797,60000,8728,15416
mnist,euclidean,1.2,robust-prune,-1,60000,60000,537,59728.5498,60000.0,46843,60000,8655,15323
mnist,euclidean,1.2,robust-prune,-1,60000,60000,538,59732.0542,60000.0,46850,60000,8574,15242
mnist,euclidean,1.2,robust-prune,-1,60000,60000,539,59735.4394,60000.0,46862,60000,8496,15143
mnist,euclidean,1.2,robust-prune,-1,60000,60000,540,59738.9856,60000.0,46922,60000,8424,15061
mnist,euclidean,1.2,robust-prune,-1,60000,60000,541,59742.3882,60000.0,46950,60000,8355,14973
mnist,euclidean,1.2,robust-prune,-1,60000,60000,542,59745.6233,60000.0,46957,60000,8282,14896
mnist,euclidean,1.2,robust-prune,-1,60000,60000,543,59748.8254,60000.0,47242,60000,8197,14814
mnist,euclidean,1.2,robust-prune,-1,60000,60000,544,59752.1289,60000.0,47315,60000,8133,14728
mnist,euclidean,1.2,robust-prune,-1,60000,60000,545,59755.3364,60000.0,47410,60000,8054,14637
mnist,euclidean,1.2,robust-prune,-1,60000,60000,546,59758.7026,60000.0,47436,60000,7972,14540
mnist,euclidean,1.2,robust-prune,-1,60000,60000,547,59761.776,60000.0,47450,60000,7892,14468
mnist,euclidean,1.2,robust-prune,-1,60000,60000,548,59764.7877,60000.0,47473,60000,7830,14383
mnist,euclidean,1.2,robust-prune,-1,60000,60000,549,59767.7915,60000.0,47589,60000,7770,14306
mnist,euclidean,1.2,robust-prune,-1,60000,60000,550,59770.7687,60000.0,47606,60000,7713,14222
mnist,euclidean,1.2,robust-prune,-1,60000,60000,551,59773.8691,60000.0,47832,60000,7640,14133
mnist,euclidean,1.2,robust-prune,-1,60000,60000,552,59776.7851,60000.0,47938,60000,7571,14047
mnist,euclidean,1.2,robust-prune,-1,60000,60000,553,59779.6196,60000.0,48119,60000,7518,13957
mnist,euclidean,1.2,robust-prune,-1,60000,60000,554,59782.508,60000.0,48125,60000,7446,13874
mnist,euclidean,1.2,robust-prune,-1,60000,60000,555,59785.2496,60000.0,48136,60000,7386,13795
mnist,euclidean,1.2,robust-prune,-1,60000,60000,556,59788.1007,60000.0,48158,60000,7327,13718
mnist,euclidean,1.2,robust-prune,-1,60000,60000,557,59790.9418,60000.0,48351,60000,7257,13629
mnist,euclidean,1.2,robust-prune,-1,60000,60000,558,59793.6016,60000.0,48357,60000,7197,13557
mnist,euclidean,1.2,robust-prune,-1,60000,60000,559,59796.3887,60000.0,48372,60000,7126,13476
mnist,euclidean,1.2,robust-prune,-1,60000,60000,560,59799.0336,60000.0,48408,60000,7059,13400
mnist,euclidean,1.2,robust-prune,-1,60000,60000,561,59801.6668,60000.0,48445,60000,6996,13320
mnist,euclidean,1.2,robust-prune,-1,60000,60000,562,59804.3651,60000.0,48494,60000,6929,13238
mnist,euclidean,1.2,robust-prune,-1,60000,60000,563,59806.9945,60000.0,48521,60000,6867,13165
mnist,euclidean,1.2,robust-prune,-1,60000,60000,564,59809.5406,60000.0,48595,60000,6829,13090
mnist,euclidean,1.2,robust-prune,-1,60000,60000,565,59812.1646,60000.0,48617,60000,6759,13011
mnist,euclidean,1.2,robust-prune,-1,60000,60000,566,59814.6755,60000.0,48628,60000,6704,12920
mnist,euclidean,1.2,robust-prune,-1,60000,60000,567,59817.2334,60000.0,48635,60000,6653,12847
mnist,euclidean,1.2,robust-prune,-1,60000,60000,568,59819.5341,60000.0,48708,60000,6595,12760
mnist,euclidean,1.2,robust-prune,-1,60000,60000,569,59821.9452,60000.0,48878,60000,6538,12676
mnist,euclidean,1.2,robust-prune,-1,60000,60000,570,59824.4152,60000.0,48918,60000,6481,12579
mnist,euclidean,1.2,robust-prune,-1,60000,60000,571,59826.7052,60000.0,48921,60000,6423,12501
mnist,euclidean,1.2,robust-prune,-1,60000,60000,572,59828.9724,60000.0,48963,60000,6370,12405
mnist,euclidean,1.2,robust-prune,-1,60000,60000,573,59831.3341,60000.0,48984,60000,6306,12322
mnist,euclidean,1.2,robust-prune,-1,60000,60000,574,59833.6222,60000.0,49094,60000,6251,12255
mnist,euclidean,1.2,robust-prune,-1,60000,60000,575,59835.9163,60000.0,49157,60000,6200,12181
mnist,euclidean,1.2,robust-prune,-1,60000,60000,576,59838.0452,60000.0,49202,60000,6143,12106
mnist,euclidean,1.2,robust-prune,-1,60000,60000,577,59840.2241,60000.0,49259,60000,6084,12004
mnist,euclidean,1.2,robust-prune,-1,60000,60000,578,59842.349,60000.0,49305,60000,6034,11922
mnist,euclidean,1.2,robust-prune,-1,60000,60000,579,59844.5334,60000.0,49438,60000,5962,11849
mnist,euclidean,1.2,robust-prune,-1,60000,60000,580,59846.6704,60000.0,49459,60000,5914,11765
mnist,euclidean,1.2,robust-prune,-1,60000,60000,581,59848.6949,60000.0,49471,60000,5862,11676
mnist,euclidean,1.2,robust-prune,-1,60000,60000,582,59850.7196,60000.0,49481,60000,5801,11605
mnist,euclidean,1.2,robust-prune,-1,60000,60000,583,59852.7781,60000.0,49538,60000,5746,11520
mnist,euclidean,1.2,robust-prune,-1,60000,60000,584,59854.7303,60000.0,49603,60000,5703,11445
mnist,euclidean,1.2,robust-prune,-1,60000,60000,585,59856.6816,60000.0,49610,60000,5648,11355
mnist,euclidean,1.2,robust-prune,-1,60000,60000,586,59858.5864,60000.0,49632,60000,5597,11272
mnist,euclidean,1.2,robust-prune,-1,60000,60000,587,59860.5719,60000.0,49702,60000,5547,11206
mnist,euclidean,1.2,robust-prune,-1,60000,60000,588,59862.5236,60000.0,49715,60000,5506,11129
mnist,euclidean,1.2,robust-prune,-1,60000,60000,589,59864.4582,60000.0,49765,60000,5440,11055
mnist,euclidean,1.2,robust-prune,-1,60000,60000,590,59866.216,60000.0,49909,60000,5393,10975
mnist,euclidean,1.2,robust-prune,-1,60000,60000,591,59867.999,60000.0,49964,60000,5339,10893
mnist,euclidean,1.2,robust-prune,-1,60000,60000,592,59869.8602,60000.0,50026,60000,5277,10823
mnist,euclidean,1.2,robust-prune,-1,60000,60000,593,59871.6836,60000.0,50057,60000,5208,10731
mnist,euclidean,1.2,robust-prune,-1,60000,60000,594,59873.3804,60000.0,50135,60000,5148,10651
mnist,euclidean,1.2,robust-prune,-1,60000,60000,595,59875.1572,60000.0,50474,60000,5093,10571
mnist,euclidean,1.2,robust-prune,-1,60000,60000,596,59876.9162,60000.0,50509,60000,5042,10511
mnist,euclidean,1.2,robust-prune,-1,60000,60000,597,59878.5552,60000.0,50531,60000,4994,10434
mnist,euclidean,1.2,robust-prune,-1,60000,60000,598,59880.2407,60000.0,50540,60000,4944,10368
mnist,euclidean,1.2,robust-prune,-1,60000,60000,599,59881.8894,60000.0,50618,60000,4882,10287
mnist,euclidean,1.2,robust-prune,-1,60000,60000,600,59883.5072,60000.0,50629,60000,4834,10206
mnist,euclidean,1.2,robust-prune,-1,60000,60000,601,59885.1915,60000.0,50677,60000,4799,10140
mnist,euclidean,1.2,robust-prune,-1,60000,60000,602,59886.7178,60000.0,50704,60000,4756,10068
mnist,euclidean,1.2,robust-prune,-1,60000,60000,603,59888.2903,60000.0,50710,60000,4709,9981
mnist,euclidean,1.2,robust-prune,-1,60000,60000,604,59889.9457,60000.0,50713,60000,4660,9910
mnist,euclidean,1.2,robust-prune,-1,60000,60000,605,59891.4732,60000.0,50716,60000,4612,9843
mnist,euclidean,1.2,robust-prune,-1,60000,60000,606,59893.0088,60000.0,50718,60000,4569,9780
mnist,euclidean,1.2,robust-prune,-1,60000,60000,607,59894.5356,60000.0,50757,60000,4528,9707
mnist,euclidean,1.2,robust-prune,-1,60000,60000,608,59895.9977,60000.0,50769,60000,4465,9622
mnist,euclidean,1.2,robust-prune,-1,60000,60000,609,59897.3949,60000.0,50777,60000,4420,9549
mnist,euclidean,1.2,robust-prune,-1,60000,60000,610,59898.9342,60000.0,50783,60000,4384,9493
mnist,euclidean,1.2,robust-prune,-1,60000,60000,611,59900.4048,60000.0,50816,60000,4342,9409
mnist,euclidean,1.2,robust-prune,-1,60000,60000,612,59901.8362,60000.0,50821,60000,4282,9332
mnist,euclidean,1.2,robust-prune,-1,60000,60000,613,59903.2591,60000.0,50840,60000,4231,9273
mnist,euclidean,1.2,robust-prune,-1,60000,60000,614,59904.6184,60000.0,50858,60000,4172,9209
mnist,euclidean,1.2,robust-prune,-1,60000,60000,615,59905.9393,60000.0,50902,60000,4128,9156
mnist,euclidean,1.2,robust-prune,-1,60000,60000,616,59907.2204,60000.0,50929,60000,4087,9093
mnist,euclidean,1.2,robust-prune,-1,60000,60000,617,59908.5104,60000.0,50992,60000,4042,9024
mnist,euclidean,1.2,robust-prune,-1,60000,60000,618,59909.7942,60000.0,51040,60000,3992,8954
mnist,euclidean,1.2,robust-prune,-1,60000,60000,619,59911.0844,60000.0,51258,60000,3955,8886
mnist,euclidean,1.2,robust-prune,-1,60000,60000,620,59912.3492,60000.0,51440,60000,3916,8817
mnist,euclidean,1.2,robust-prune,-1,60000,60000,621,59913.5928,60000.0,51446,60000,3870,8752
mnist,euclidean,1.2,robust-prune,-1,60000,60000,622,59914.8084,60000.0,51466,60000,3838,8689
mnist,euclidean,1.2,robust-prune,-1,60000,60000,623,59916.0022,60000.0,51518,60000,3795,8626
mnist,euclidean,1.2,robust-prune,-1,60000,60000,624,59917.2219,60000.0,51546,60000,3753,8555
mnist,euclidean,1.2,robust-prune,-1,60000,60000,625,59918.3674,60000.0,51558,60000,3707,8487
mnist,euclidean,1.2,robust-prune,-1,60000,60000,626,59919.4982,60000.0,51589,60000,3670,8417
mnist,euclidean,1.2,robust-prune,-1,60000,60000,627,59920.6565,60000.0,51593,60000,3627,8366
mnist,euclidean,1.2,robust-prune,-1,60000,60000,628,59921.7842,60000.0,51601,60000,3595,8307
mnist,euclidean,1.2,robust-prune,-1,60000,60000,629,59922.903,60000.0,51604,60000,3558,8238
mnist,euclidean,1.2,robust-prune,-1,60000,60000,630,59923.9736,60000.0,51629,60000,3513,8177
mnist,euclidean,1.2,robust-prune,-1,60000,60000,631,59925.0395,60000.0,51644,60000,3467,8115
mnist,euclidean,1.2,robust-prune,-1,60000,60000,632,59926.132,60000.0,51669,60000,3427,8070
mnist,euclidean,1.2,robust-prune,-1,60000,60000,633,59927.159,60000.0,51756,60000,3392,8010
mnist,euclidean,1.2,robust-prune,-1,60000,60000,634,59928.2105,60000.0,51762,60000,3354,7945
mnist,euclidean,1.2,robust-prune,-1,60000,60000,635,59929.2354,60000.0,51790,60000,3316,7890
mnist,euclidean,1.2,robust-prune,-1,60000,60000,636,59930.2474,60000.0,51810,60000,3283,7823
mnist,euclidean,1.2,robust-prune,-1,60000,60000,637,59931.2016,60000.0,51843,60000,3253,7764
mnist,euclidean,1.2,robust-prune,-1,60000,60000,638,59932.1907,60000.0,51849,60000,3218,7709
mnist,euclidean,1.2,robust-prune,-1,60000,60000,639,59933.1501,60000.0,51854,60000,3184,7656
mnist,euclidean,1.2,robust-prune,-1,60000,60000,640,59934.123,60000.0,51861,60000,3149,7595
mnist,euclidean,1.2,robust-prune,-1,60000,60000,641,59935.0913,60000.0,51864,60000,3111,7536
mnist,euclidean,1.2,robust-prune,-1,60000,60000,642,59936.0373,60000.0,51874,60000,3081,7493
mnist,euclidean,1.2,robust-prune,-1,60000,60000,643,59936.9205,60000.0,51876,60000,3038,7440
mnist,euclidean,1.2,robust-prune,-1,60000,60000,644,59937.8191,60000.0,51938,60000,2998,7387
mnist,euclidean,1.2,robust-prune,-1,60000,60000,645,59938.7402,60000.0,51964,60000,2965,7341
mnist,euclidean,1.2,robust-prune,-1,60000,60000,646,59939.6017,60000.0,51976,60000,2934,7284
mnist,euclidean,1.2,robust-prune,-1,60000,60000,647,59940.4907,60000.0,52022,60000,2893,7231
mnist,euclidean,1.2,robust-prune,-1,60000,60000,648,59941.3792,60000.0,52075,60000,2849,7171
mnist,euclidean,1.2,robust-prune,-1,60000,60000,649,59942.2346,60000.0,52084,60000,2818,7107
mnist,euclidean,1.2,robust-prune,-1,60000,60000,650,59943.0639,60000.0,52087,60000,2780,7045
mnist,euclidean,1.2,robust-prune,-1,60000,60000,651,59943.834,60000.0,52100,60000,2749,6996
mnist,euclidean,1.2,robust-prune,-1,60000,60000,652,59944.6734,60000.0,52114,60000,2723,6939
mnist,euclidean,1.2,robust-prune,-1,60000,60000,653,59945.4628,60000.0,52243,60000,2697,6880
mnist,euclidean,1.2,robust-prune,-1,60000,60000,654,59946.2148,60000.0,52248,60000,2657,6830
mnist,euclidean,1.2,robust-prune,-1,60000,60000,655,59946.9708,60000.0,52264,60000,2629,6782
mnist,euclidean,1.2,robust-prune,-1,60000,60000,656,59947.6787,60000.0,52375,60000,2604,6733
mnist,euclidean,1.2,robust-prune,-1,60000,60000,657,59948.4205,60000.0,52432,60000,2564,6679
mnist,euclidean,1.2,robust-prune,-1,60000,60000,658,59949.1708,60000.0,52471,60000,2537,6625
mnist,euclidean,1.2,robust-prune,-1,60000,60000,659,59949.9001,60000.0,52512,60000,2506,6575
mnist,euclidean,1.2,robust-prune,-1,60000,60000,660,59950.5644,60000.0,52530,60000,2472,6529
mnist,euclidean,1.2,robust-prune,-1,60000,60000,661,59951.2828,60000.0,52542,60000,2442,6485
mnist,euclidean,1.2,robust-prune,-1,60000,60000,662,59951.9645,60000.0,52620,60000,2412,6433
mnist,euclidean,1.2,robust-prune,-1,60000,60000,663,59952.6202,60000.0,52624,60000,2385,6374
mnist,euclidean,1.2,robust-prune,-1,60000,60000,664,59953.2921,60000.0,52626,60000,2363,6323
mnist,euclidean,1.2,robust-prune,-1,60000,60000,665,59953.9403,60000.0,52636,60000,2332,6265
mnist,euclidean,1.2,robust-prune,-1,60000,60000,666,59954.6442,60000.0,52647,60000,2306,6217
mnist,euclidean,1.2,robust-prune,-1,60000,60000,667,59955.3228,60000.0,52654,60000,2275,6164
mnist,euclidean,1.2,robust-prune,-1,60000,60000,668,59955.9616,60000.0,52666,60000,2247,6115
mnist,euclidean,1.2,robust-prune,-1,60000,60000,669,59956.5745,60000.0,52676,60000,2214,6062
mnist,euclidean,1.2,robust-prune,-1,60000,60000,670,59957.2075,60000.0,52696,60000,2186,6013
mnist,euclidean,1.2,robust-prune,-1,60000,60000,671,59957.8066,60000.0,52709,60000,2155,5965
mnist,euclidean,1.2,robust-prune,-1,60000,60000,672,59958.4263,60000.0,52716,60000,2123,5916
mnist,euclidean,1.2,robust-prune,-1,60000,60000,673,59959.0191,60000.0,52719,60000,2097,5855
mnist,euclidean,1.2,robust-prune,-1,60000,60000,674,59959.5691,60000.0,52744,60000,2083,5816
mnist,euclidean,1.2,robust-prune,-1,60000,60000,675,59960.1614,60000.0,52752,60000,2056,5758
mnist,euclidean,1.2,robust-prune,-1,60000,60000,676,59960.7256,60000.0,52772,60000,2043,5703
mnist,euclidean,1.2,robust-prune,-1,60000,60000,677,59961.2604,60000.0,52774,60000,2021,5646
mnist,euclidean,1.2,robust-prune,-1,60000,60000,678,59961.8188,60000.0,52827,60000,2002,5596
mnist,euclidean,1.2,robust-prune,-1,60000,60000,679,59962.3483,60000.0,52831,60000,1983,5567
mnist,euclidean,1.2,robust-prune,-1,60000,60000,680,59962.8658,60000.0,52838,60000,1963,5524
mnist,euclidean,1.2,robust-prune,-1,60000,60000,681,59963.4478,60000.0,52950,60000,1941,5478
mnist,euclidean,1.2,robust-prune,-1,60000,60000,682,59963.9951,60000.0,52958,60000,1909,5432
mnist,euclidean,1.2,robust-prune,-1,60000,60000,683,59964.53,60000.0,52959,60000,1889,5384
mnist,euclidean,1.2,robust-prune,-1,60000,60000,684,59965.0631,60000.0,52964,60000,1865,5340
mnist,euclidean,1.2,robust-prune,-1,60000,60000,685,59965.5508,60000.0,52966,60000,1845,5301
mnist,euclidean,1.2,robust-prune,-1,60000,60000,686,59966.0584,60000.0,52983,60000,1824,5256
mnist,euclidean,1.2,robust-prune,-1,60000,60000,687,59966.544,60000.0,53064,60000,1802,5214
mnist,euclidean,1.2,robust-prune,-1,60000,60000,688,59967.0518,60000.0,53097,60000,1773,5155
mnist,euclidean,1.2,robust-prune,-1,60000,60000,689,59967.5266,60000.0,53149,60000,1756,5106
mnist,euclidean,1.2,robust-prune,-1,60000,60000,690,59967.9991,60000.0,53162,60000,1733,5056
mnist,euclidean,1.2,robust-prune,-1,60000,60000,691,59968.4697,60000.0,53163,60000,1715,5010
mnist,euclidean,1.2,robust-prune,-1,60000,60000,692,59968.9332,60000.0,53169,60000,1695,4972
mnist,euclidean,1.2,robust-prune,-1,60000,60000,693,59969.3736,60000.0,53222,60000,1668,4925
mnist,euclidean,1.2,robust-prune,-1,60000,60000,694,59969.8361,60000.0,53235,60000,1644,4878
mnist,euclidean,1.2,robust-prune,-1,60000,60000,695,59970.2727,60000.0,53250,60000,1626,4835
mnist,euclidean,1.2,robust-prune,-1,60000,60000,696,59970.6884,60000.0,53255,60000,1603,4794
mnist,euclidean,1.2,robust-prune,-1,60000,60000,697,59971.1496,60000.0,53264,60000,1578,4742
mnist,euclidean,1.2,robust-prune,-1,60000,60000,698,59971.5953,60000.0,53270,60000,1564,4690
mnist,euclidean,1.2,robust-prune,-1,60000,60000,699,59972.0388,60000.0,53274,60000,1551,4646
mnist,euclidean,1.2,robust-prune,-1,60000,60000,700,59972.4561,60000.0,53318,60000,1532,4602
mnist,euclidean,1.2,robust-prune,-1,60000,60000,701,59972.8691,60000.0,53325,60000,1509,4567
mnist,euclidean,1.2,robust-prune,-1,60000,60000,702,59973.2507,60000.0,53370,60000,1486,4522
mnist,euclidean,1.2,robust-prune,-1,60000,60000,703,59973.652,60000.0,53375,60000,1467,4488
mnist,euclidean,1.2,robust-prune,-1,60000,60000,704,59974.0451,60000.0,53395,60000,1452,4445
mnist,euclidean,1.2,robust-prune,-1,60000,60000,705,59974.4102,60000.0,53429,60000,1430,4408
mnist,euclidean,1.2,robust-prune,-1,60000,60000,706,59974.7627,60000.0,53442,60000,1409,4372
mnist,euclidean,1.2,robust-prune,-1,60000,60000,707,59975.1066,60000.0,53522,60000,1391,4332
mnist,euclidean,1.2,robust-prune,-1,60000,60000,708,59975.4854,60000.0,53525,60000,1374,4288
mnist,euclidean,1.2,robust-prune,-1,60000,60000,709,59975.8277,60000.0,53541,60000,1361,4239
mnist,euclidean,1.2,robust-prune,-1,60000,60000,710,59976.2149,60000.0,53552,60000,1353,4206
mnist,euclidean,1.2,robust-prune,-1,60000,60000,711,59976.592,60000.0,53563,60000,1333,4164
mnist,euclidean,1.2,robust-prune,-1,60000,60000,712,59976.9247,60000.0,53569,60000,1315,4125
mnist,euclidean,1.2,robust-prune,-1,60000,60000,713,59977.2379,60000.0,53791,60000,1293,4091
mnist,euclidean,1.2,robust-prune,-1,60000,60000,714,59977.5684,60000.0,53829,60000,1281,4054
mnist,euclidean,1.2,robust-prune,-1,60000,60000,715,59977.9039,60000.0,53837,60000,1262,4021
mnist,euclidean,1.2,robust-prune,-1,60000,60000,716,59978.241,60000.0,53870,60000,1239,3991
mnist,euclidean,1.2,robust-prune,-1,60000,60000,717,59978.5465,60000.0,53877,60000,1220,3953
mnist,euclidean,1.2,robust-prune,-1,60000,60000,718,59978.8546,60000.0,53979,60000,1209,3922
mnist,euclidean,1.2,robust-prune,-1,60000,60000,719,59979.1703,60000.0,54004,60000,1190,3887
mnist,euclidean,1.2,robust-prune,-1,60000,60000,720,59979.4625,60000.0,54101,60000,1172,3867
mnist,euclidean,1.2,robust-prune,-1,60000,60000,721,59979.7608,60000.0,54121,60000,1158,3830
mnist,euclidean,1.2,robust-prune,-1,60000,60000,722,59980.0642,60000.0,54142,60000,1140,3792
mnist,euclidean,1.2,robust-prune,-1,60000,60000,723,59980.3528,60000.0,54218,60000,1128,3766
mnist,euclidean,1.2,robust-prune,-1,60000,60000,724,59980.6303,60000.0,54286,60000,1110,3727
mnist,euclidean,1.2,robust-prune,-1,60000,60000,725,59980.9161,60000.0,54290,60000,1091,3696
mnist,euclidean,1.2,robust-prune,-1,60000,60000,726,59981.1901,60000.0,54298,60000,1076,3671
mnist,euclidean,1.2,robust-prune,-1,60000,60000,727,59981.461,60000.0,54410,60000,1057,3635
mnist,euclidean,1.2,robust-prune,-1,60000,60000,728,59981.7175,60000.0,54414,60000,1046,3597
mnist,euclidean,1.2,robust-prune,-1,60000,60000,729,59981.974,60000.0,54505,60000,1029,3560
mnist,euclidean,1.2,robust-prune,-1,60000,60000,730,59982.2296,60000.0,54526,60000,1014,3518
mnist,euclidean,1.2,robust-prune,-1,60000,60000,731,59982.5042,60000.0,54529,60000,1000,3490
mnist,euclidean,1.2,robust-prune,-1,60000,60000,732,59982.779,60000.0,54543,60000,987,3446
mnist,euclidean,1.2,robust-prune,-1,60000,60000,733,59983.041,60000.0,54568,60000,973,3422
mnist,euclidean,1.2,robust-prune,-1,60000,60000,734,59983.2815,60000.0,54604,60000,961,3395
mnist,euclidean,1.2,robust-prune,-1,60000,60000,735,59983.5268,60000.0,54608,60000,951,3361
mnist,euclidean,1.2,robust-prune,-1,60000,60000,736,59983.7575,60000.0,54610,60000,938,3324
mnist,euclidean,1.2,robust-prune,-1,60000,60000,737,59984.0174,60000.0,54615,60000,926,3285
mnist,euclidean,1.2,robust-prune,-1,60000,60000,738,59984.2496,60000.0,54619,60000,916,3253
mnist,euclidean,1.2,robust-prune,-1,60000,60000,739,59984.4875,60000.0,54627,60000,908,3226
mnist,euclidean,1.2,robust-prune,-1,60000,60000,740,59984.7024,60000.0,54628,60000,889,3202
mnist,euclidean,1.2,robust-prune,-1,60000,60000,741,59984.9158,60000.0,54629,60000,872,3168
mnist,euclidean,1.2,robust-prune,-1,60000,60000,742,59985.1368,60000.0,54666,60000,865,3139
mnist,euclidean,1.2,robust-prune,-1,60000,60000,743,59985.3486,60000.0,54667,60000,851,3114
mnist,euclidean,1.2,robust-prune,-1,60000,60000,744,59985.5687,60000.0,54674,60000,835,3081
mnist,euclidean,1.2,robust-prune,-1,60000,60000,745,59985.7746,60000.0,54687,60000,828,3057
mnist,euclidean,1.2,robust-prune,-1,60000,60000,746,59985.9895,60000.0,54691,60000,820,3030
mnist,euclidean,1.2,robust-prune,-1,60000,60000,747,59986.2009,60000.0,54699,60000,808,3001
mnist,euclidean,1.2,robust-prune,-1,60000,60000,748,59986.3994,60000.0,54711,60000,794,2962
mnist,euclidean,1.2,robust-prune,-1,60000,60000,749,59986.5968,60000.0,54769,60000,779,2929
mnist,euclidean,1.2,robust-prune,-1,60000,60000,750,59986.7788,60000.0,54816,60000,770,2892
mnist,euclidean,1.2,robust-prune,-1,60000,60000,751,59986.9566,60000.0,54825,60000,760,2864
mnist,euclidean,1.2,robust-prune,-1,60000,60000,752,59987.1524,60000.0,54841,60000,748,2838
mnist,euclidean,1.2,robust-prune,-1,60000,60000,753,59987.3526,60000.0,54872,60000,732,2807
mnist,euclidean,1.2,robust-prune,-1,60000,60000,754,59987.5436,60000.0,54884,60000,718,2770
mnist,euclidean,1.2,robust-prune,-1,60000,60000,755,59987.7101,60000.0,54887,60000,713,2737
mnist,euclidean,1.2,robust-prune,-1,60000,60000,756,59987.8949,60000.0,54888,60000,693,2710
mnist,euclidean,1.2,robust-prune,-1,60000,60000,757,59988.0723,60000.0,54961,60000,683,2677
mnist,euclidean,1.2,robust-prune,-1,60000,60000,758,59988.243,60000.0,54971,60000,667,2652
mnist,euclidean,1.2,robust-prune,-1,60000,60000,759,59988.4185,60000.0,55003,60000,657,2621
mnist,euclidean,1.2,robust-prune,-1,60000,60000,760,59988.6073,60000.0,55010,60000,642,2586
mnist,euclidean,1.2,robust-prune,-1,60000,60000,761,59988.7834,60000.0,55344,60000,635,2562
mnist,euclidean,1.2,robust-prune,-1,60000,60000,762,59988.941,60000.0,55374,60000,630,2532
mnist,euclidean,1.2,robust-prune,-1,60000,60000,763,59989.1166,60000.0,55383,60000,620,2494
mnist,euclidean,1.2,robust-prune,-1,60000,60000,764,59989.2791,60000.0,55414,60000,612,2472
mnist,euclidean,1.2,robust-prune,-1,60000,60000,765,59989.4347,60000.0,55420,60000,604,2445
mnist,euclidean,1.2,robust-prune,-1,60000,60000,766,59989.6066,60000.0,55421,60000,600,2421
mnist,euclidean,1.2,robust-prune,-1,60000,60000,767,59989.7572,60000.0,55428,60000,593,2391
mnist,euclidean,1.2,robust-prune,-1,60000,60000,768,59989.9184,60000.0,55447,60000,585,2363
mnist,euclidean,1.2,robust-prune,-1,60000,60000,769,59990.0746,60000.0,55464,60000,572,2338
mnist,euclidean,1.2,robust-prune,-1,60000,60000,770,59990.2268,60000.0,55486,60000,560,2322
mnist,euclidean,1.2,robust-prune,-1,60000,60000,771,59990.3751,60000.0,55495,60000,552,2296
mnist,euclidean,1.2,robust-prune,-1,60000,60000,772,59990.5119,60000.0,55497,60000,539,2272
mnist,euclidean,1.2,robust-prune,-1,60000,60000,773,59990.645,60000.0,55503,60000,530,2255
mnist,euclidean,1.2,robust-prune,-1,60000,60000,774,59990.7869,60000.0,55509,60000,523,2238
mnist,euclidean,1.2,robust-prune,-1,60000,60000,775,59990.921,60000.0,55563,60000,510,2222
mnist,euclidean,1.2,robust-prune,-1,60000,60000,776,59991.0571,60000.0,55567,60000,501,2197
mnist,euclidean,1.2,robust-prune,-1,60000,60000,777,59991.1831,60000.0,55578,60000,497,2167
mnist,euclidean,1.2,robust-prune,-1,60000,60000,778,59991.3087,60000.0,55589,60000,489,2136
mnist,euclidean,1.2,robust-prune,-1,60000,60000,779,59991.4414,60000.0,55594,60000,481,2115
mnist,euclidean,1.2,robust-prune,-1,60000,60000,780,59991.5672,60000.0,55603,60000,479,2093
mnist,euclidean,1.2,robust-prune,-1,60000,60000,781,59991.6936,60000.0,55636,60000,472,2068
mnist,euclidean,1.2,robust-prune,-1,60000,60000,782,59991.836,60000.0,55638,60000,464,2053
mnist,euclidean,1.2,robust-prune,-1,60000,60000,783,59991.9578,60000.0,55670,60000,453,2032
mnist,euclidean,1.2,robust-prune,-1,60000,60000,784,59992.0798,60000.0,55682,60000,445,2014
mnist,euclidean,1.2,robust-prune,-1,60000,60000,785,59992.1886,60000.0,55698,60000,441,1984
mnist,euclidean,1.2,robust-prune,-1,60000,60000,786,59992.3095,60000.0,55701,60000,432,1968
mnist,euclidean,1.2,robust-prune,-1,60000,60000,787,59992.4121,60000.0,55738,60000,422,1943
mnist,euclidean,1.2,robust-prune,-1,60000,60000,788,59992.5248,60000.0,55761,60000,417,1920
mnist,euclidean,1.2,robust-prune,-1,60000,60000,789,59992.6385,60000.0,55762,60000,412,1901
mnist,euclidean,1.2,robust-prune,-1,60000,60000,790,59992.7548,60000.0,55766,60000,408,1888
mnist,euclidean,1.2,robust-prune,-1,60000,60000,791,59992.8602,60000.0,55774,60000,401,1865
mnist,euclidean,1.2,robust-prune,-1,60000,60000,792,59992.9603,60000.0,55788,60000,395,1847
mnist,euclidean,1.2,robust-prune,-1,60000,60000,793,59993.0706,60000.0,55790,60000,388,1821
mnist,euclidean,1.2,robust-prune,-1,60000,60000,794,59993.186,60000.0,55795,60000,379,1801
mnist,euclidean,1.2,robust-prune,-1,60000,60000,795,59993.2926,60000.0,55798,60000,372,1792
mnist,euclidean,1.2,robust-prune,-1,60000,60000,796,59993.3926,60000.0,55802,60000,367,1773
mnist,euclidean,1.2,robust-prune,-1,60000,60000,797,59993.4866,60000.0,55809,60000,363,1753
mnist,euclidean,1.2,robust-prune,-1,60000,60000,798,59993.5892,60000.0,55810,60000,353,1745
mnist,euclidean,1.2,robust-prune,-1,60000,60000,799,59993.6801,60000.0,55812,60000,346,1720
mnist,euclidean,1.2,robust-prune,-1,60000,60000,800,59993.7756,60000.0,55815,60000,343,1704
mnist,euclidean,1.2,robust-prune,-1,60000,60000,801,59993.8714,60000.0,55849,60000,339,1688
mnist,euclidean,1.2,robust-prune,-1,60000,60000,802,59993.9636,60000.0,55856,60000,333,1676
mnist,euclidean,1.2,robust-prune,-1,60000,60000,803,59994.0546,60000.0,55857,60000,331,1653
mnist,euclidean,1.2,robust-prune,-1,60000,60000,804,59994.1393,60000.0,55860,60000,328,1640
mnist,euclidean,1.2,robust-prune,-1,60000,60000,805,59994.2248,60000.0,55884,60000,324,1617
mnist,euclidean,1.2,robust-prune,-1,60000,60000,806,59994.3106,60000.0,55892,60000,316,1601
mnist,euclidean,1.2,robust-prune,-1,60000,60000,807,59994.3979,60000.0,55896,60000,308,1588
mnist,euclidean,1.2,robust-prune,-1,60000,60000,808,59994.4788,60000.0,55915,60000,305,1571
mnist,euclidean,1.2,robust-prune,-1,60000,60000,809,59994.564,60000.0,55946,60000,296,1548
mnist,euclidean,1.2,robust-prune,-1,60000,60000,810,59994.6483,60000.0,55981,60000,290,1531
mnist,euclidean,1.2,robust-prune,-1,60000,60000,811,59994.7265,60000.0,55988,60000,285,1512
mnist,euclidean,1.2,robust-prune,-1,60000,60000,812,59994.8031,60000.0,55992,60000,282,1487
mnist,euclidean,1.2,robust-prune,-1,60000,60000,813,59994.8933,60000.0,55995,60000,275,1470
mnist,euclidean,1.2,robust-prune,-1,60000,60000,814,59994.9723,60000.0,55996,60000,271,1448
mnist,euclidean,1.2,robust-prune,-1,60000,60000,815,59995.0488,60000.0,56005,60000,268,1431
mnist,euclidean,1.2,robust-prune,-1,60000,60000,816,59995.118,60000.0,56026,60000,268,1415
mnist,euclidean,1.2,robust-prune,-1,60000,60000,817,59995.2032,60000.0,56027,60000,266,1400
mnist,euclidean,1.2,robust-prune,-1,60000,60000,818,59995.2745,60000.0,56035,60000,261,1385
mnist,euclidean,1.2,robust-prune,-1,60000,60000,819,59995.3449,60000.0,56071,60000,260,1366
mnist,euclidean,1.2,robust-prune,-1,60000,60000,820,59995.4157,60000.0,56072,60000,256,1347
mnist,euclidean,1.2,robust-prune,-1,60000,60000,821,59995.4798,60000.0,56074,60000,251,1334
mnist,euclidean,1.2,robust-prune,-1,60000,60000,822,59995.551,60000.0,56079,60000,247,1319
mnist,euclidean,1.2,robust-prune,-1,60000,60000,823,59995.6196,60000.0,56082,60000,245,1305
mnist,euclidean,1.2,robust-prune,-1,60000,60000,824,59995.6933,60000.0,56108,60000,240,1295
mnist,euclidean,1.2,robust-prune,-1,60000,60000,825,59995.7619,60000.0,56112,60000,237,1284
mnist,euclidean,1.2,robust-prune,-1,60000,60000,826,59995.8242,60000.0,56117,60000,235,1272
mnist,euclidean,1.2,robust-prune,-1,60000,60000,827,59995.8888,60000.0,56131,60000,233,1261
mnist,euclidean,1.2,robust-prune,-1,60000,60000,828,59995.9502,60000.0,56171,60000,230,1245
mnist,euclidean,1.2,robust-prune,-1,60000,60000,829,59996.0097,60000.0,56181,60000,224,1232
mnist,euclidean,1.2,robust-prune,-1,60000,60000,830,59996.0723,60000.0,56183,60000,223,1216
mnist,euclidean,1.2,robust-prune,-1,60000,60000,831,59996.1347,60000.0,56189,60000,219,1201
mnist,euclidean,1.2,robust-prune,-1,60000,60000,832,59996.1949,60000.0,56195,60000,217,1187
mnist,euclidean,1.2,robust-prune,-1,60000,60000,833,59996.2518,60000.0,56200,60000,214,1170
mnist,euclidean,1.2,robust-prune,-1,60000,60000,834,59996.3116,60000.0,56319,60000,212,1162
mnist,euclidean,1.2,robust-prune,-1,60000,60000,835,59996.37,60000.0,56330,60000,210,1148
mnist,euclidean,1.2,robust-prune,-1,60000,60000,836,59996.4241,60000.0,56334,60000,206,1133
mnist,euclidean,1.2,robust-prune,-1,60000,60000,837,59996.4805,60000.0,56336,60000,203,1119
mnist,euclidean,1.2,robust-prune,-1,60000,60000,838,59996.533,60000.0,56352,60000,200,1098
mnist,euclidean,1.2,robust-prune,-1,60000,60000,839,59996.5932,60000.0,56400,60000,195,1086
mnist,euclidean,1.2,robust-prune,-1,60000,60000,840,59996.6501,60000.0,56407,60000,189,1071
mnist,euclidean,1.2,robust-prune,-1,60000,60000,841,59996.701,60000.0,56411,60000,184,1059
mnist,euclidean,1.2,robust-prune,-1,60000,60000,842,59996.7472,60000.0,56425,60000,179,1042
mnist,euclidean,1.2,robust-prune,-1,60000,60000,843,59996.7964,60000.0,56432,60000,176,1024
mnist,euclidean,1.2,robust-prune,-1,60000,60000,844,59996.8505,60000.0,56569,60000,174,1016
mnist,euclidean,1.2,robust-prune,-1,60000,60000,845,59996.9048,60000.0,56693,60000,168,1007
mnist,euclidean,1.2,robust-prune,-1,60000,60000,846,59996.9534,60000.0,56696,60000,164,992
mnist,euclidean,1.2,robust-prune,-1,60000,60000,847,59996.9973,60000.0,56697,60000,161,980
mnist,euclidean,1.2,robust-prune,-1,60000,60000,848,59997.0428,60000.0,56705,60000,155,970
mnist,euclidean,1.2,robust-prune,-1,60000,60000,849,59997.091,60000.0,56736,60000,150,960
mnist,euclidean,1.2,robust-prune,-1,60000,60000,850,59997.1375,60000.0,56773,60000,146,947
mnist,euclidean,1.2,robust-prune,-1,60000,60000,851,59997.1806,60000.0,56777,60000,145,933
mnist,euclidean,1.2,robust-prune,-1,60000,60000,852,59997.2223,60000.0,56781,60000,144,922
mnist,euclidean,1.2,robust-prune,-1,60000,60000,853,59997.2639,60000.0,56788,60000,144,906
mnist,euclidean,1.2,robust-prune,-1,60000,60000,854,59997.304,60000.0,56799,60000,142,898
mnist,euclidean,1.2,robust-prune,-1,60000,60000,855,59997.3457,60000.0,56800,60000,138,890
mnist,euclidean,1.2,robust-prune,-1,60000,60000,856,59997.3923,60000.0,56803,60000,137,883
mnist,euclidean,1.2,robust-prune,-1,60000,60000,857,59997.4329,60000.0,56805,60000,135,871
mnist,euclidean,1.2,robust-prune,-1,60000,60000,858,59997.4746,60000.0,56808,60000,135,861
mnist,euclidean,1.2,robust-prune,-1,60000,60000,859,59997.5166,60000.0,56853,60000,131,845
mnist,euclidean,1.2,robust-prune,-1,60000,60000,860,59997.5546,60000.0,56870,60000,126,833
mnist,euclidean,1.2,robust-prune,-1,60000,60000,861,59997.5991,60000.0,56875,60000,126,823
mnist,euclidean,1.2,robust-prune,-1,60000,60000,862,59997.6346,60000.0,56878,60000,126,815
mnist,euclidean,1.2,robust-prune,-1,60000,60000,863,59997.6701,60000.0,56886,60000,126,809
mnist,euclidean,1.2,robust-prune,-1,60000,60000,864,59997.7069,60000.0,56970,60000,125,800
mnist,euclidean,1.2,robust-prune,-1,60000,60000,865,59997.7385,60000.0,56978,60000,123,789
mnist,euclidean,1.2,robust-prune,-1,60000,60000,866,59997.773,60000.0,56982,60000,121,782
mnist,euclidean,1.2,robust-prune,-1,60000,60000,867,59997.8138,60000.0,57224,60000,119,772
mnist,euclidean,1.2,robust-prune,-1,60000,60000,868,59997.8525,60000.0,57334,60000,117,763
mnist,euclidean,1.2,robust-prune,-1,60000,60000,869,59997.8895,60000.0,57335,60000,116,752
mnist,euclidean,1.2,robust-prune,-1,60000,60000,870,59997.9237,60000.0,57351,60000,116,738
mnist,euclidean,1.2,robust-prune,-1,60000,60000,871,59997.9607,60000.0,57399,60000,116,728
mnist,euclidean,1.2,robust-prune,-1,60000,60000,872,59997.997,60000.0,57402,60000,116,718
mnist,euclidean,1.2,robust-prune,-1,60000,60000,873,59998.0298,60000.0,57471,60000,115,710
mnist,euclidean,1.2,robust-prune,-1,60000,60000,874,59998.0594,60000.0,57484,60000,112,697
mnist,euclidean,1.2,robust-prune,-1,60000,60000,875,59998.0898,60000.0,57496,60000,109,691
mnist,euclidean,1.2,robust-prune,-1,60000,60000,876,59998.1188,60000.0,57498,60000,108,679
mnist,euclidean,1.2,robust-prune,-1,60000,60000,877,59998.1481,60000.0,57502,60000,107,673
mnist,euclidean,1.2,robust-prune,-1,60000,60000,878,59998.1756,60000.0,57505,60000,105,666
mnist,euclidean,1.2,robust-prune,-1,60000,60000,879,59998.2036,60000.0,57512,60000,104,659
mnist,euclidean,1.2,robust-prune,-1,60000,60000,880,59998.2331,60000.0,57519,60000,103,650
mnist,euclidean,1.2,robust-prune,-1,60000,60000,881,59998.2618,60000.0,57524,60000,102,639
mnist,euclidean,1.2,robust-prune,-1,60000,60000,882,59998.2883,60000.0,57532,60000,100,635
mnist,euclidean,1.2,robust-prune,-1,60000,60000,883,59998.3167,60000.0,57563,60000,100,629
mnist,euclidean,1.2,robust-prune,-1,60000,60000,884,59998.344,60000.0,57639,60000,95,617
mnist,euclidean,1.2,robust-prune,-1,60000,60000,885,59998.3705,60000.0,57644,60000,95,608
mnist,euclidean,1.2,robust-prune,-1,60000,60000,886,59998.3974,60000.0,57646,60000,92,602
mnist,euclidean,1.2,robust-prune,-1,60000,60000,887,59998.422,60000.0,57654,60000,90,592
mnist,euclidean,1.2,robust-prune,-1,60000,60000,888,59998.4481,60000.0,57658,60000,87,585
mnist,euclidean,1.2,robust-prune,-1,60000,60000,889,59998.4724,60000.0,57671,60000,86,578
mnist,euclidean,1.2,robust-prune,-1,60000,60000,890,59998.4965,60000.0,57699,60000,83,572
mnist,euclidean,1.2,robust-prune,-1,60000,60000,891,59998.5175,60000.0,57719,60000,83,561
mnist,euclidean,1.2,robust-prune,-1,60000,60000,892,59998.5422,60000.0,57735,60000,82,552
mnist,euclidean,1.2,robust-prune,-1,60000,60000,893,59998.565,60000.0,57748,60000,82,538
mnist,euclidean,1.2,robust-prune,-1,60000,60000,894,59998.5892,60000.0,57760,60000,80,532
mnist,euclidean,1.2,robust-prune,-1,60000,60000,895,59998.6102,60000.0,57764,60000,76,526
mnist,euclidean,1.2,robust-prune,-1,60000,60000,896,59998.6322,60000.0,57773,60000,75,520
mnist,euclidean,1.2,robust-prune,-1,60000,60000,897,59998.654,60000.0,57783,60000,75,513
mnist,euclidean,1.2,robust-prune,-1,60000,60000,898,59998.6754,60000.0,57805,60000,74,505
mnist,euclidean,1.2,robust-prune,-1,60000,60000,899,59998.7007,60000.0,57828,60000,73,497
mnist,euclidean,1.2,robust-prune,-1,60000,60000,900,59998.7246,60000.0,57835,60000,72,491
mnist,euclidean,1.2,robust-prune,-1,60000,60000,901,59998.7472,60000.0,58010,60000,71,486
mnist,euclidean,1.2,robust-prune,-1,60000,60000,902,59998.768,60000.0,58021,60000,70,479
mnist,euclidean,1.2,robust-prune,-1,60000,60000,903,59998.7876,60000.0,58023,60000,70,474
mnist,euclidean,1.2,robust-prune,-1,60000,60000,904,59998.8096,60000.0,58123,60000,67,470
mnist,euclidean,1.2,robust-prune,-1,60000,60000,905,59998.8308,60000.0,58126,60000,65,461
mnist,euclidean,1.2,robust-prune,-1,60000,60000,906,59998.8501,60000.0,58131,60000,65,457
mnist,euclidean,1.2,robust-prune,-1,60000,60000,907,59998.8694,60000.0,58140,60000,64,448
mnist,euclidean,1.2,robust-prune,-1,60000,60000,908,59998.8867,60000.0,58141,60000,64,438
mnist,euclidean,1.2,robust-prune,-1,60000,60000,909,59998.9035,60000.0,58159,60000,63,436
mnist,euclidean,1.2,robust-prune,-1,60000,60000,910,59998.9202,60000.0,58189,60000,63,425
mnist,euclidean,1.2,robust-prune,-1,60000,60000,911,59998.94,60000.0,58193,60000,61,420
mnist,euclidean,1.2,robust-prune,-1,60000,60000,912,59998.9569,60000.0,58205,60000,61,416
mnist,euclidean,1.2,robust-prune,-1,60000,60000,913,59998.9744,60000.0,58219,60000,58,412
mnist,euclidean,1.2,robust-prune,-1,60000,60000,914,59998.9908,60000.0,58221,60000,58,403
mnist,euclidean,1.2,robust-prune,-1,60000,60000,915,59999.0079,60000.0,58236,60000,57,398
mnist,euclidean,1.2,robust-prune,-1,60000,60000,916,59999.0234,60000.0,58241,60000,56,391
mnist,euclidean,1.2,robust-prune,-1,60000,60000,917,59999.0419,60000.0,58242,60000,56,384
mnist,euclidean,1.2,robust-prune,-1,60000,60000,918,59999.0569,60000.0,58249,60000,56,379
mnist,euclidean,1.2,robust-prune,-1,60000,60000,919,59999.0712,60000.0,58265,60000,56,375
mnist,euclidean,1.2,robust-prune,-1,60000,60000,920,59999.0866,60000.0,58332,60000,54,370
mnist,euclidean,1.2,robust-prune,-1,60000,60000,921,59999.1019,60000.0,58336,60000,53,369
mnist,euclidean,1.2,robust-prune,-1,60000,60000,922,59999.1176,60000.0,58349,60000,50,363
mnist,euclidean,1.2,robust-prune,-1,60000,60000,923,59999.1368,60000.0,58430,60000,49,359
mnist,euclidean,1.2,robust-prune,-1,60000,60000,924,59999.1523,60000.0,58435,60000,49,350
mnist,euclidean,1.2,robust-prune,-1,60000,60000,925,59999.1682,60000.0,58443,60000,49,345
mnist,euclidean,1.2,robust-prune,-1,60000,60000,926,59999.1814,60000.0,58457,60000,48,335
mnist,euclidean,1.2,robust-prune,-1,60000,60000,927,59999.196,60000.0,58459,60000,47,329
mnist,euclidean,1.2,robust-prune,-1,60000,60000,928,59999.2107,60000.0,58598,60000,46,324
mnist,euclidean,1.2,robust-prune,-1,60000,60000,929,59999.2237,60000.0,58607,60000,45,321
mnist,euclidean,1.2,robust-prune,-1,60000,60000,930,59999.2362,60000.0,58609,60000,42,316
mnist,euclidean,1.2,robust-prune,-1,60000,60000,931,59999.2479,60000.0,58614,60000,42,308
mnist,euclidean,1.2,robust-prune,-1,60000,60000,932,59999.261,60000.0,58618,60000,42,304
mnist,euclidean,1.2,robust-prune,-1,60000,60000,933,59999.2717,60000.0,58620,60000,42,300
mnist,euclidean,1.2,robust-prune,-1,60000,60000,934,59999.2835,60000.0,58622,60000,41,295
mnist,euclidean,1.2,robust-prune,-1,60000,60000,935,59999.2945,60000.0,58653,60000,38,293
mnist,euclidean,1.2,robust-prune,-1,60000,60000,936,59999.3065,60000.0,58662,60000,38,291
mnist,euclidean,1.2,robust-prune,-1,60000,60000,937,59999.3188,60000.0,58691,60000,38,289
mnist,euclidean,1.2,robust-prune,-1,60000,60000,938,59999.3299,60000.0,58693,60000,36,286
mnist,euclidean,1.2,robust-prune,-1,60000,60000,939,59999.3413,60000.0,58699,60000,35,282
mnist,euclidean,1.2,robust-prune,-1,60000,60000,940,59999.3515,60000.0,58701,60000,34,280
mnist,euclidean,1.2,robust-prune,-1,60000,60000,941,59999.3633,60000.0,58705,60000,34,275
mnist,euclidean,1.2,robust-prune,-1,60000,60000,942,59999.373,60000.0,58713,60000,34,268
mnist,euclidean,1.2,robust-prune,-1,60000,60000,943,59999.385,60000.0,58714,60000,33,262
mnist,euclidean,1.2,robust-prune,-1,60000,60000,944,59999.3957,60000.0,58753,60000,33,259
mnist,euclidean,1.2,robust-prune,-1,60000,60000,945,59999.4053,60000.0,58758,60000,32,256
mnist,euclidean,1.2,robust-prune,-1,60000,60000,946,59999.4164,60000.0,58759,60000,30,253
mnist,euclidean,1.2,robust-prune,-1,60000,60000,947,59999.425,60000.0,58766,60000,30,249
mnist,euclidean,1.2,robust-prune,-1,60000,60000,948,59999.4343,60000.0,58768,60000,30,243
mnist,euclidean,1.2,robust-prune,-1,60000,60000,949,59999.4439,60000.0,58772,60000,29,239
mnist,euclidean,1.2,robust-prune,-1,60000,60000,950,59999.4525,60000.0,58777,60000,29,238
mnist,euclidean,1.2,robust-prune,-1,60000,60000,951,59999.4625,60000.0,58793,60000,28,235
mnist,euclidean,1.2,robust-prune,-1,60000,60000,952,59999.4707,60000.0,58802,60000,28,233
mnist,euclidean,1.2,robust-prune,-1,60000,60000,953,59999.4801,60000.0,58810,60000,28,229
mnist,euclidean,1.2,robust-prune,-1,60000,60000,954,59999.4894,60000.0,58819,60000,28,226
mnist,euclidean,1.2,robust-prune,-1,60000,60000,955,59999.4984,60000.0,58871,60000,27,224
mnist,euclidean,1.2,robust-prune,-1,60000,60000,956,59999.5063,60000.0,58880,60000,27,223
mnist,euclidean,1.2,robust-prune,-1,60000,60000,957,59999.5151,60000.0,58887,60000,27,223
mnist,euclidean,1.2,robust-prune,-1,60000,60000,958,59999.5229,60000.0,58893,60000,27,220
mnist,euclidean,1.2,robust-prune,-1,60000,60000,959,59999.5321,60000.0,58903,60000,26,220
mnist,euclidean,1.2,robust-prune,-1,60000,60000,960,59999.5398,60000.0,58907,60000,26,217
mnist,euclidean,1.2,robust-prune,-1,60000,60000,961,59999.5479,60000.0,58909,60000,26,217
mnist,euclidean,1.2,robust-prune,-1,60000,60000,962,59999.5553,60000.0,58912,60000,25,212
mnist,euclidean,1.2,robust-prune,-1,60000,60000,963,59999.5619,60000.0,58916,60000,25,209
mnist,euclidean,1.2,robust-prune,-1,60000,60000,964,59999.5686,60000.0,58918,60000,25,204
mnist,euclidean,1.2,robust-prune,-1,60000,60000,965,59999.5764,60000.0,58931,60000,25,202
mnist,euclidean,1.2,robust-prune,-1,60000,60000,966,59999.5837,60000.0,58954,60000,25,199
mnist,euclidean,1.2,robust-prune,-1,60000,60000,967,59999.5906,60000.0,58956,60000,25,196
mnist,euclidean,1.2,robust-prune,-1,60000,60000,968,59999.5967,60000.0,58968,60000,25,193
mnist,euclidean,1.2,robust-prune,-1,60000,60000,969,59999.6045,60000.0,58974,60000,24,190
mnist,euclidean,1.2,robust-prune,-1,60000,60000,970,59999.6121,60000.0,59011,60000,24,189
mnist,euclidean,1.2,robust-prune,-1,60000,60000,971,59999.618,60000.0,59014,60000,23,186
mnist,euclidean,1.2,robust-prune,-1,60000,60000,972,59999.6242,60000.0,59020,60000,23,184
mnist,euclidean,1.2,robust-prune,-1,60000,60000,973,59999.6318,60000.0,59021,60000,23,181
mnist,euclidean,1.2,robust-prune,-1,60000,60000,974,59999.6382,60000.0,59024,60000,23,177
mnist,euclidean,1.2,robust-prune,-1,60000,60000,975,59999.6437,60000.0,59026,60000,23,176
mnist,euclidean,1.2,robust-prune,-1,60000,60000,976,59999.651,60000.0,59035,60000,22,174
mnist,euclidean,1.2,robust-prune,-1,60000,60000,977,59999.6568,60000.0,59045,60000,21,169
mnist,euclidean,1.2,robust-prune,-1,60000,60000,978,59999.6626,60000.0,59050,60000,20,169
mnist,euclidean,1.2,robust-prune,-1,60000,60000,979,59999.6699,60000.0,59081,60000,20,167
mnist,euclidean,1.2,robust-prune,-1,60000,60000,980,59999.6754,60000.0,59082,60000,20,162
mnist,euclidean,1.2,robust-prune,-1,60000,60000,981,59999.6814,60000.0,59086,60000,20,157
mnist,euclidean,1.2,robust-prune,-1,60000,60000,982,59999.6886,60000.0,59102,60000,20,154
mnist,euclidean,1.2,robust-prune,-1,60000,60000,983,59999.6937,60000.0,59113,60000,19,151
mnist,euclidean,1.2,robust-prune,-1,60000,60000,984,59999.6993,60000.0,59132,60000,19,148
mnist,euclidean,1.2,robust-prune,-1,60000,60000,985,59999.7041,60000.0,59135,60000,19,146
mnist,euclidean,1.2,robust-prune,-1,60000,60000,986,59999.7096,60000.0,59141,60000,19,145
mnist,euclidean,1.2,robust-prune,-1,60000,60000,987,59999.7156,60000.0,59145,60000,18,142
mnist,euclidean,1.2,robust-prune,-1,60000,60000,988,59999.7204,60000.0,59146,60000,15,138
mnist,euclidean,1.2,robust-prune,-1,60000,60000,989,59999.7251,60000.0,59156,60000,15,134
mnist,euclidean,1.2,robust-prune,-1,60000,60000,990,59999.7299,60000.0,59161,60000,15,130
mnist,euclidean,1.2,robust-prune,-1,60000,60000,991,59999.7346,60000.0,59163,60000,15,129
mnist,euclidean,1.2,robust-prune,-1,60000,60000,992,59999.7404,60000.0,59165,60000,14,126
mnist,euclidean,1.2,robust-prune,-1,60000,60000,993,59999.7468,60000.0,59166,60000,14,124
mnist,euclidean,1.2,robust-prune,-1,60000,60000,994,59999.7508,60000.0,59172,60000,14,123
mnist,euclidean,1.2,robust-prune,-1,60000,60000,995,59999.7551,60000.0,59174,60000,14,121
mnist,euclidean,1.2,robust-prune,-1,60000,60000,996,59999.7591,60000.0,59184,60000,13,120
mnist,euclidean,1.2,robust-prune,-1,60000,60000,997,59999.7636,60000.0,59193,60000,13,118
mnist,euclidean,1.2,robust-prune,-1,60000,60000,998,59999.7676,60000.0,59218,60000,12,118
mnist,euclidean,1.2,robust-prune,-1,60000,60000,999,59999.7716,60000.0,59226,60000,12,118
mnist,euclidean,1.2,robust-prune,-1,60000,60000,1000,59999.7751,60000.0,59228,60000,12,118
mnist,euclidean,1.2,robust-prune,-1,60000,60000,1001,59999.7784,60000.0,59235,60000,12,112
mnist,euclidean,1.2,robust-prune,-1,60000,60000,1002,59999.7826,60000.0,59238,60000,12,112
mnist,euclidean,1.2,robust-prune,-1,60000,60000,1003,59999.786,60000.0,59240,60000,12,110
mnist,euclidean,1.2,robust-prune,-1,60000,60000,1004,59999.7894,60000.0,59247,60000,11,108
mnist,euclidean,1.2,robust-prune,-1,60000,60000,1005,59999.7936,60000.0,59297,60000,11,108
mnist,euclidean,1.2,robust-prune,-1,60000,60000,1006,59999.7979,60000.0,59300,60000,11,107
mnist,euclidean,1.2,robust-prune,-1,60000,60000,1007,59999.8014,60000.0,59302,60000,11,106
mnist,euclidean,1.2,robust-prune,-1,60000,60000,1008,59999.8052,60000.0,59326,60000,10,104
mnist,euclidean,1.2,robust-prune,-1,60000,60000,1009,59999.8092,60000.0,59327,60000,10,103
mnist,euclidean,1.2,robust-prune,-1,60000,60000,1010,59999.8127,60000.0,59328,60000,10,103
mnist,euclidean,1.2,robust-prune,-1,60000,60000,1011,59999.816,60000.0,59329,60000,10,101
mnist,euclidean,1.2,robust-prune,-1,60000,60000,1012,59999.819,60000.0,59338,60000,10,100
mnist,euclidean,1.2,robust-prune,-1,60000,60000,1013,59999.8216,60000.0,59339,60000,10,100
mnist,euclidean,1.2,robust-prune,-1,60000,60000,1014,59999.8253,60000.0,59341,60000,10,99
mnist,euclidean,1.2,robust-prune,-1,60000,60000,1015,59999.8286,60000.0,59346,60000,10,97
mnist,euclidean,1.2,robust-prune,-1,60000,60000,1016,59999.8326,60000.0,59349,60000,9,94
mnist,euclidean,1.2,robust-prune,-1,60000,60000,1017,59999.8366,60000.0,59350,60000,8,91
mnist,euclidean,1.2,robust-prune,-1,60000,60000,1018,59999.8396,60000.0,59354,60000,8,89
mnist,euclidean,1.2,robust-prune,-1,60000,60000,1019,59999.8422,60000.0,59363,60000,8,88
mnist,euclidean,1.2,robust-prune,-1,60000,60000,1020,59999.845,60000.0,59367,60000,8,88
mnist,euclidean,1.2,robust-prune,-1,60000,60000,1021,59999.8479,60000.0,59374,60000,8,84
mnist,euclidean,1.2,robust-prune,-1,60000,60000,1022,59999.8508,60000.0,59376,60000,8,83
mnist,euclidean,1.2,robust-prune,-1,60000,60000,1023,59999.8538,60000.0,59378,60000,8,82
mnist,euclidean,1.2,robust-prune,-1,60000,60000,1024,59999.8572,60000.0,59397,60000,6,82
mnist,euclidean,1.2,robust-prune,-1,60000,60000,1025,59999.8598,60000.0,59410,60000,6,82
mnist,euclidean,1.2,robust-prune,-1,60000,60000,1026,59999.8623,60000.0,59414,60000,6,82
mnist,euclidean,1.2,robust-prune,-1,60000,60000,1027,59999.8646,60000.0,59416,60000,6,81
mnist,euclidean,1.2,robust-prune,-1,60000,60000,1028,59999.8673,60000.0,59425,60000,6,77
mnist,euclidean,1.2,robust-prune,-1,60000,60000,1029,59999.8704,60000.0,59432,60000,6,76
mnist,euclidean,1.2,robust-prune,-1,60000,60000,1030,59999.8725,60000.0,59433,60000,6,76
mnist,euclidean,1.2,robust-prune,-1,60000,60000,1031,59999.8763,60000.0,59436,60000,5,76
mnist,euclidean,1.2,robust-prune,-1,60000,60000,1032,59999.8788,60000.0,59439,60000,4,75
mnist,euclidean,1.2,robust-prune,-1,60000,60000,1033,59999.8809,60000.0,59440,60000,4,70
mnist,euclidean,1.2,robust-prune,-1,60000,60000,1034,59999.8832,60000.0,59441,60000,4,68
mnist,euclidean,1.2,robust-prune,-1,60000,60000,1035,59999.885,60000.0,59452,60000,4,67
mnist,euclidean,1.2,robust-prune,-1,60000,60000,1036,59999.8874,60000.0,59456,60000,4,67
mnist,euclidean,1.2,robust-prune,-1,60000,60000,1037,59999.8891,60000.0,59460,60000,4,66
mnist,euclidean,1.2,robust-prune,-1,60000,60000,1038,59999.8913,60000.0,59461,60000,4,66
mnist,euclidean,1.2,robust-prune,-1,60000,60000,1039,59999.8932,60000.0,59466,60000,4,65
mnist,euclidean,1.2,robust-prune,-1,60000,60000,1040,59999.8952,60000.0,59468,60000,4,64
mnist,euclidean,1.2,robust-prune,-1,60000,60000,1041,59999.8969,60000.0,59470,60000,3,61
mnist,euclidean,1.2,robust-prune,-1,60000,60000,1042,59999.8984,60000.0,59471,60000,3,61
mnist,euclidean,1.2,robust-prune,-1,60000,60000,1043,59999.9002,60000.0,59474,60000,3,59
mnist,euclidean,1.2,robust-prune,-1,60000,60000,1044,59999.9023,60000.0,59477,60000,3,59
mnist,euclidean,1.2,robust-prune,-1,60000,60000,1045,59999.9041,60000.0,59478,60000,2,57
mnist,euclidean,1.2,robust-prune,-1,60000,60000,1046,59999.9062,60000.0,59485,60000,2,56
mnist,euclidean,1.2,robust-prune,-1,60000,60000,1047,59999.9078,60000.0,59486,60000,2,54
mnist,euclidean,1.2,robust-prune,-1,60000,60000,1048,59999.9093,60000.0,59493,60000,2,54
mnist,euclidean,1.2,robust-prune,-1,60000,60000,1049,59999.9109,60000.0,59499,60000,2,54
mnist,euclidean,1.2,robust-prune,-1,60000,60000,1050,59999.9131,60000.0,59502,60000,2,54
mnist,euclidean,1.2,robust-prune,-1,60000,60000,1051,59999.9148,60000.0,59505,60000,2,53
mnist,euclidean,1.2,robust-prune,-1,60000,60000,1052,59999.9164,60000.0,59507,60000,2,50
mnist,euclidean,1.2,robust-prune,-1,60000,60000,1053,59999.9178,60000.0,59513,60000,2,49
mnist,euclidean,1.2,robust-prune,-1,60000,60000,1054,59999.9192,60000.0,59514,60000,2,49
mnist,euclidean,1.2,robust-prune,-1,60000,60000,1055,59999.9208,60000.0,59523,60000,2,49
mnist,euclidean,1.2,robust-prune,-1,60000,60000,1056,59999.9223,60000.0,59526,60000,2,48
mnist,euclidean,1.2,robust-prune,-1,60000,60000,1057,59999.9238,60000.0,59527,60000,2,47
mnist,euclidean,1.2,robust-prune,-1,60000,60000,1058,59999.9249,60000.0,59529,60000,2,45
mnist,euclidean,1.2,robust-prune,-1,60000,60000,1059,59999.9264,60000.0,59533,60000,2,44
mnist,euclidean,1.2,robust-prune,-1,60000,60000,1060,59999.9277,60000.0,59536,60000,2,44
mnist,euclidean,1.2,robust-prune,-1,60000,60000,1061,59999.9289,60000.0,59537,60000,2,42
mnist,euclidean,1.2,robust-prune,-1,60000,60000,1062,59999.9303,60000.0,59541,60000,2,42
mnist,euclidean,1.2,robust-prune,-1,60000,60000,1063,59999.9314,60000.0,59546,60000,2,42
mnist,euclidean,1.2,robust-prune,-1,60000,60000,1064,59999.9328,60000.0,59548,60000,2,40
mnist,euclidean,1.2,robust-prune,-1,60000,60000,1065,59999.9339,60000.0,59550,60000,2,39
mnist,euclidean,1.2,robust-prune,-1,60000,60000,1066,59999.935,60000.0,59556,60000,2,39
mnist,euclidean,1.2,robust-prune,-1,60000,60000,1067,59999.936,60000.0,59562,60000,2,37
mnist,euclidean,1.2,robust-prune,-1,60000,60000,1068,59999.9372,60000.0,59565,60000,2,37
mnist,euclidean,1.2,robust-prune,-1,60000,60000,1069,59999.9383,60000.0,59567,60000,2,36
mnist,euclidean,1.2,robust-prune,-1,60000,60000,1070,59999.9395,60000.0,59568,60000,2,36
mnist,euclidean,1.2,robust-prune,-1,60000,60000,1071,59999.9406,60000.0,59569,60000,2,36
mnist,euclidean,1.2,robust-prune,-1,60000,60000,1072,59999.9417,60000.0,59572,60000,2,36
mnist,euclidean,1.2,robust-prune,-1,60000,60000,1073,59999.9426,60000.0,59578,60000,2,35
mnist,euclidean,1.2,robust-prune,-1,60000,60000,1074,59999.9437,60000.0,59579,60000,2,34
mnist,euclidean,1.2,robust-prune,-1,60000,60000,1075,59999.945,60000.0,59583,60000,2,33
mnist,euclidean,1.2,robust-prune,-1,60000,60000,1076,59999.9458,60000.0,59584,60000,2,33
mnist,euclidean,1.2,robust-prune,-1,60000,60000,1077,59999.9469,60000.0,59585,60000,2,33
mnist,euclidean,1.2,robust-prune,-1,60000,60000,1078,59999.9479,60000.0,59586,60000,2,33
mnist,euclidean,1.2,robust-prune,-1,60000,60000,1079,59999.9488,60000.0,59588,60000,2,33
mnist,euclidean,1.2,robust-prune,-1,60000,60000,1080,59999.9497,60000.0,59590,60000,2,33
mnist,euclidean,1.2,robust-prune,-1,60000,60000,1081,59999.9506,60000.0,59598,60000,2,31
mnist,euclidean,1.2,robust-prune,-1,60000,60000,1082,59999.9517,60000.0,59623,60000,2,31
mnist,euclidean,1.2,robust-prune,-1,60000,60000,1083,59999.9526,60000.0,59628,60000,2,30
mnist,euclidean,1.2,robust-prune,-1,60000,60000,1084,59999.9534,60000.0,59629,60000,2,29
mnist,euclidean,1.2,robust-prune,-1,60000,60000,1085,59999.9542,60000.0,59630,60000,2,29
mnist,euclidean,1.2,robust-prune,-1,60000,60000,1086,59999.955,60000.0,59632,60000,2,29
mnist,euclidean,1.2,robust-prune,-1,60000,60000,1087,59999.956,60000.0,59635,60000,2,29
mnist,euclidean,1.2,robust-prune,-1,60000,60000,1088,59999.957,60000.0,59637,60000,2,29
mnist,euclidean,1.2,robust-prune,-1,60000,60000,1089,59999.9576,60000.0,59640,60000,2,29
mnist,euclidean,1.2,robust-prune,-1,60000,60000,1090,59999.9586,60000.0,59650,60000,2,29
mnist,euclidean,1.2,robust-prune,-1,60000,60000,1091,59999.9593,60000.0,59652,60000,2,28
mnist,euclidean,1.2,robust-prune,-1,60000,60000,1092,59999.9604,60000.0,59654,60000,2,28
mnist,euclidean,1.2,robust-prune,-1,60000,60000,1093,59999.9614,60000.0,59659,60000,2,28
mnist,euclidean,1.2,robust-prune,-1,60000,60000,1094,59999.9621,60000.0,59660,60000,2,27
mnist,euclidean,1.2,robust-prune,-1,60000,60000,1095,59999.9628,60000.0,59661,60000,2,27
mnist,euclidean,1.2,robust-prune,-1,60000,60000,1096,59999.9637,60000.0,59663,60000,2,27
mnist,euclidean,1.2,robust-prune,-1,60000,60000,1097,59999.9644,60000.0,59668,60000,2,27
mnist,euclidean,1.2,robust-prune,-1,60000,60000,1098,59999.965,60000.0,59671,60000,2,26
mnist,euclidean,1.2,robust-prune,-1,60000,60000,1099,59999.9657,60000.0,59674,60000,2,25
mnist,euclidean,1.2,robust-prune,-1,60000,60000,1100,59999.9664,60000.0,59675,60000,2,24
mnist,euclidean,1.2,robust-prune,-1,60000,60000,1101,59999.9669,60000.0,59676,60000,2,24
mnist,euclidean,1.2,robust-prune,-1,60000,60000,1102,59999.9675,60000.0,59677,60000,2,24
mnist,euclidean,1.2,robust-prune,-1,60000,60000,1103,59999.9681,60000.0,59680,60000,2,24
mnist,euclidean,1.2,robust-prune,-1,60000,60000,1104,59999.9688,60000.0,59683,60000,2,23
mnist,euclidean,1.2,robust-prune,-1,60000,60000,1105,59999.9693,60000.0,59685,60000,2,23
mnist,euclidean,1.2,robust-prune,-1,60000,60000,1106,59999.9699,60000.0,59690,60000,2,23
mnist,euclidean,1.2,robust-prune,-1,60000,60000,1107,59999.9704,60000.0,59691,60000,2,23
mnist,euclidean,1.2,robust-prune,-1,60000,60000,1108,59999.9712,60000.0,59695,60000,2,23
mnist,euclidean,1.2,robust-prune,-1,60000,60000,1109,59999.9718,60000.0,59701,60000,0,23
mnist,euclidean,1.2,robust-prune,-1,60000,60000,1110,59999.9724,60000.0,59702,60000,0,23
mnist,euclidean,1.2,robust-prune,-1,60000,60000,1111,59999.973,60000.0,59703,60000,0,23
mnist,euclidean,1.2,robust-prune,-1,60000,60000,1112,59999.9735,60000.0,59705,60000,0,23
mnist,euclidean,1.2,robust-prune,-1,60000,60000,1113,59999.9741,60000.0,59707,60000,0,23
mnist,euclidean,1.2,robust-prune,-1,60000,60000,1114,59999.9747,60000.0,59708,60000,0,23
mnist,euclidean,1.2,robust-prune,-1,60000,60000,1115,59999.9754,60000.0,59711,60000,0,23
mnist,euclidean,1.2,robust-prune,-1,60000,60000,1116,59999.976,60000.0,59713,60000,0,23
mnist,euclidean,1.2,robust-prune,-1,60000,60000,1117,59999.9765,60000.0,59715,60000,0,23
mnist,euclidean,1.2,robust-prune,-1,60000,60000,1118,59999.9771,60000.0,59720,60000,0,23
mnist,euclidean,1.2,robust-prune,-1,60000,60000,1119,59999.9777,60000.0,59722,60000,0,22
mnist,euclidean,1.2,robust-prune,-1,60000,60000,1120,59999.9782,60000.0,59726,60000,0,21
mnist,euclidean,1.2,robust-prune,-1,60000,60000,1121,59999.9788,60000.0,59729,60000,0,21
mnist,euclidean,1.2,robust-prune,-1,60000,60000,1122,59999.9794,60000.0,59731,60000,0,21
mnist,euclidean,1.2,robust-prune,-1,60000,60000,1123,59999.9799,60000.0,59736,60000,0,21
mnist,euclidean,1.2,robust-prune,-1,60000,60000,1124,59999.9804,60000.0,59739,60000,0,21
mnist,euclidean,1.2,robust-prune,-1,60000,60000,1125,59999.9809,60000.0,59741,60000,0,20
mnist,euclidean,1.2,robust-prune,-1,60000,60000,1126,59999.9813,60000.0,59744,60000,0,20
mnist,euclidean,1.2,robust-prune,-1,60000,60000,1127,59999.982,60000.0,59749,60000,0,20
mnist,euclidean,1.2,robust-prune,-1,60000,60000,1128,59999.9829,60000.0,59769,60000,0,18
mnist,euclidean,1.2,robust-prune,-1,60000,60000,1129,59999.9833,60000.0,59770,60000,0,18
mnist,euclidean,1.2,robust-prune,-1,60000,60000,1130,59999.9837,60000.0,59771,60000,0,18
mnist,euclidean,1.2,robust-prune,-1,60000,60000,1131,59999.9841,60000.0,59772,60000,0,17
mnist,euclidean,1.2,robust-prune,-1,60000,60000,1132,59999.9845,60000.0,59774,60000,0,17
mnist,euclidean,1.2,robust-prune,-1,60000,60000,1133,59999.985,60000.0,59785,60000,0,16
mnist,euclidean,1.2,robust-prune,-1,60000,60000,1134,59999.9853,60000.0,59787,60000,0,16
mnist,euclidean,1.2,robust-prune,-1,60000,60000,1135,59999.9858,60000.0,59788,60000,0,16
mnist,euclidean,1.2,robust-prune,-1,60000,60000,1136,59999.9861,60000.0,59789,60000,0,16
mnist,euclidean,1.2,robust-prune,-1,60000,60000,1137,59999.9865,60000.0,59790,60000,0,15
mnist,euclidean,1.2,robust-prune,-1,60000,60000,1138,59999.9869,60000.0,59794,60000,0,15
mnist,euclidean,1.2,robust-prune,-1,60000,60000,1139,59999.9872,60000.0,59796,60000,0,14
mnist,euclidean,1.2,robust-prune,-1,60000,60000,1140,59999.9876,60000.0,59802,60000,0,14
mnist,euclidean,1.2,robust-prune,-1,60000,60000,1141,59999.9879,60000.0,59803,60000,0,14
mnist,euclidean,1.2,robust-prune,-1,60000,60000,1142,59999.9882,60000.0,59804,60000,0,12
mnist,euclidean,1.2,robust-prune,-1,60000,60000,1143,59999.9886,60000.0,59808,60000,0,11
mnist,euclidean,1.2,robust-prune,-1,60000,60000,1144,59999.9888,60000.0,59811,60000,0,11
mnist,euclidean,1.2,robust-prune,-1,60000,60000,1145,59999.989,60000.0,59812,60000,0,11
mnist,euclidean,1.2,robust-prune,-1,60000,60000,1146,59999.9893,60000.0,59814,60000,0,11
mnist,euclidean,1.2,robust-prune,-1,60000,60000,1147,59999.9896,60000.0,59815,60000,0,10
mnist,euclidean,1.2,robust-prune,-1,60000,60000,1148,59999.9898,60000.0,59818,60000,0,10
mnist,euclidean,1.2,robust-prune,-1,60000,60000,1149,59999.9902,60000.0,59820,60000,0,10
mnist,euclidean,1.2,robust-prune,-1,60000,60000,1150,59999.9904,60000.0,59821,60000,0,10
mnist,euclidean,1.2,robust-prune,-1,60000,60000,1151,59999.9906,60000.0,59823,60000,0,10
mnist,euclidean,1.2,robust-prune,-1,60000,60000,1152,59999.9908,60000.0,59825,60000,0,9
mnist,euclidean,1.2,robust-prune,-1,60000,60000,1153,59999.991,60000.0,59826,60000,0,8
mnist,euclidean,1.2,robust-prune,-1,60000,60000,1154,59999.9913,60000.0,59828,60000,0,8
mnist,euclidean,1.2,robust-prune,-1,60000,60000,1155,59999.9915,60000.0,59831,60000,0,8
mnist,euclidean,1.2,robust-prune,-1,60000,60000,1156,59999.9916,60000.0,59832,60000,0,8
mnist,euclidean,1.2,robust-prune,-1,60000,60000,1157,59999.9918,60000.0,59833,60000,0,8
mnist,euclidean,1.2,robust-prune,-1,60000,60000,1158,59999.9921,60000.0,59838,60000,0,7
mnist,euclidean,1.2,robust-prune,-1,60000,60000,1159,59999.9922,60000.0,59839,60000,0,7
mnist,euclidean,1.2,robust-prune,-1,60000,60000,1160,59999.9924,60000.0,59840,60000,0,7
mnist,euclidean,1.2,robust-prune,-1,60000,60000,1161,59999.9925,60000.0,59841,60000,0,7
mnist,euclidean,1.2,robust-prune,-1,60000,60000,1162,59999.9928,60000.0,59846,60000,0,7
mnist,euclidean,1.2,robust-prune,-1,60000,60000,1163,59999.9929,60000.0,59847,60000,0,7
mnist,euclidean,1.2,robust-prune,-1,60000,60000,1164,59999.993,60000.0,59848,60000,0,7
mnist,euclidean,1.2,robust-prune,-1,60000,60000,1165,59999.9933,60000.0,59854,60000,0,7
mnist,euclidean,1.2,robust-prune,-1,60000,60000,1166,59999.9934,60000.0,59856,60000,0,7
mnist,euclidean,1.2,robust-prune,-1,60000,60000,1167,59999.9936,60000.0,59857,60000,0,7
mnist,euclidean,1.2,robust-prune,-1,60000,60000,1168,59999.9937,60000.0,59858,60000,0,6
mnist,euclidean,1.2,robust-prune,-1,60000,60000,1169,59999.9939,60000.0,59860,60000,0,5
mnist,euclidean,1.2,robust-prune,-1,60000,60000,1170,59999.994,60000.0,59861,60000,0,5
mnist,euclidean,1.2,robust-prune,-1,60000,60000,1171,59999.9941,60000.0,59862,60000,0,5
mnist,euclidean,1.2,robust-prune,-1,60000,60000,1172,59999.9942,60000.0,59863,60000,0,5
mnist,euclidean,1.2,robust-prune,-1,60000,60000,1173,59999.9943,60000.0,59864,60000,0,5
mnist,euclidean,1.2,robust-prune,-1,60000,60000,1174,59999.9944,60000.0,59866,60000,0,5
mnist,euclidean,1.2,robust-prune,-1,60000,60000,1175,59999.9946,60000.0,59869,60000,0,5
mnist,euclidean,1.2,robust-prune,-1,60000,60000,1176,59999.9947,60000.0,59870,60000,0,5
mnist,euclidean,1.2,robust-prune,-1,60000,60000,1177,59999.9948,60000.0,59871,60000,0,5
mnist,euclidean,1.2,robust-prune,-1,60000,60000,1178,59999.995,60000.0,59876,60000,0,5
mnist,euclidean,1.2,robust-prune,-1,60000,60000,1179,59999.9952,60000.0,59879,60000,0,5
mnist,euclidean,1.2,robust-prune,-1,60000,60000,1180,59999.9953,60000.0,59880,60000,0,5
mnist,euclidean,1.2,robust-prune,-1,60000,60000,1181,59999.9954,60000.0,59882,60000,0,5
mnist,euclidean,1.2,robust-prune,-1,60000,60000,1182,59999.9956,60000.0,59883,60000,0,5
mnist,euclidean,1.2,robust-prune,-1,60000,60000,1183,59999.9957,60000.0,59884,60000,0,5
mnist,euclidean,1.2,robust-prune,-1,60000,60000,1184,59999.9958,60000.0,59885,60000,0,5
mnist,euclidean,1.2,robust-prune,-1,60000,60000,1185,59999.996,60000.0,59888,60000,0,5
mnist,euclidean,1.2,robust-prune,-1,60000,60000,1186,59999.996,60000.0,59889,60000,0,5
mnist,euclidean,1.2,robust-prune,-1,60000,60000,1187,59999.9962,60000.0,59890,60000,0,5
mnist,euclidean,1.2,robust-prune,-1,60000,60000,1188,59999.9963,60000.0,59893,60000,0,4
mnist,euclidean,1.2,robust-prune,-1,60000,60000,1189,59999.9964,60000.0,59894,60000,0,4
mnist,euclidean,1.2,robust-prune,-1,60000,60000,1190,59999.9965,60000.0,59895,60000,0,4
mnist,euclidean,1.2,robust-prune,-1,60000,60000,1191,59999.9966,60000.0,59896,60000,0,4
mnist,euclidean,1.2,robust-prune,-1,60000,60000,1192,59999.9967,60000.0,59897,60000,0,3
mnist,euclidean,1.2,robust-prune,-1,60000,60000,1193,59999.9968,60000.0,59901,60000,0,3
mnist,euclidean,1.2,robust-prune,-1,60000,60000,1194,59999.9969,60000.0,59904,60000,0,3
mnist,euclidean,1.2,robust-prune,-1,60000,60000,1195,59999.997,60000.0,59905,60000,0,3
mnist,euclidean,1.2,robust-prune,-1,60000,60000,1196,59999.997,60000.0,59906,60000,0,3
mnist,euclidean,1.2,robust-prune,-1,60000,60000,1197,59999.997,60000.0,59907,60000,0,3
mnist,euclidean,1.2,robust-prune,-1,60000,60000,1198,59999.9971,60000.0,59908,60000,0,3
mnist,euclidean,1.2,robust-prune,-1,60000,60000,1199,59999.9972,60000.0,59910,60000,0,3
mnist,euclidean,1.2,robust-prune,-1,60000,60000,1200,59999.9972,60000.0,59911,60000,0,3
mnist,euclidean,1.2,robust-prune,-1,60000,60000,1201,59999.9973,60000.0,59913,60000,0,3
mnist,euclidean,1.2,robust-prune,-1,60000,60000,1202,59999.9974,60000.0,59916,60000,0,3
mnist,euclidean,1.2,robust-prune,-1,60000,60000,1203,59999.9975,60000.0,59917,60000,0,3
mnist,euclidean,1.2,robust-prune,-1,60000,60000,1204,59999.9975,60000.0,59918,60000,0,2
mnist,euclidean,1.2,robust-prune,-1,60000,60000,1205,59999.9976,60000.0,59919,60000,0,2
mnist,euclidean,1.2,robust-prune,-1,60000,60000,1206,59999.9976,60000.0,59920,60000,0,2
mnist,euclidean,1.2,robust-prune,-1,60000,60000,1207,59999.9976,60000.0,59921,60000,0,2
mnist,euclidean,1.2,robust-prune,-1,60000,60000,1208,59999.9977,60000.0,59922,60000,0,2
mnist,euclidean,1.2,robust-prune,-1,60000,60000,1209,59999.9977,60000.0,59923,60000,0,2
mnist,euclidean,1.2,robust-prune,-1,60000,60000,1210,59999.9978,60000.0,59926,60000,0,2
mnist,euclidean,1.2,robust-prune,-1,60000,60000,1211,59999.9979,60000.0,59929,60000,0,2
mnist,euclidean,1.2,robust-prune,-1,60000,60000,1212,59999.998,60000.0,59930,60000,0,2
mnist,euclidean,1.2,robust-prune,-1,60000,60000,1213,59999.998,60000.0,59934,60000,0,2
mnist,euclidean,1.2,robust-prune,-1,60000,60000,1214,59999.9981,60000.0,59938,60000,0,2
mnist,euclidean,1.2,robust-prune,-1,60000,60000,1215,59999.9982,60000.0,59940,60000,0,2
mnist,euclidean,1.2,robust-prune,-1,60000,60000,1216,59999.9982,60000.0,59941,60000,0,2
mnist,euclidean,1.2,robust-prune,-1,60000,60000,1217,59999.9983,60000.0,59942,60000,0,2
mnist,euclidean,1.2,robust-prune,-1,60000,60000,1218,59999.9984,60000.0,59943,60000,0,2
mnist,euclidean,1.2,robust-prune,-1,60000,60000,1219,59999.9984,60000.0,59945,60000,0,2
mnist,euclidean,1.2,robust-prune,-1,60000,60000,1220,59999.9984,60000.0,59947,60000,0,2
mnist,euclidean,1.2,robust-prune,-1,60000,60000,1221,59999.9985,60000.0,59948,60000,0,2
mnist,euclidean,1.2,robust-prune,-1,60000,60000,1222,59999.9985,60000.0,59949,60000,0,2
mnist,euclidean,1.2,robust-prune,-1,60000,60000,1223,59999.9986,60000.0,59951,60000,0,2
mnist,euclidean,1.2,robust-prune,-1,60000,60000,1224,59999.9986,60000.0,59953,60000,0,2
mnist,euclidean,1.2,robust-prune,-1,60000,60000,1225,59999.9987,60000.0,59954,60000,0,2
mnist,euclidean,1.2,robust-prune,-1,60000,60000,1226,59999.9987,60000.0,59955,60000,0,2
mnist,euclidean,1.2,robust-prune,-1,60000,60000,1227,59999.9988,60000.0,59956,60000,0,2
mnist,euclidean,1.2,robust-prune,-1,60000,60000,1228,59999.9988,60000.0,59957,60000,0,2
mnist,euclidean,1.2,robust-prune,-1,60000,60000,1229,59999.9988,60000.0,59958,60000,0,2
mnist,euclidean,1.2,robust-prune,-1,60000,60000,1230,59999.9989,60000.0,59959,60000,0,2
mnist,euclidean,1.2,robust-prune,-1,60000,60000,1231,59999.9989,60000.0,59960,60000,0,2
mnist,euclidean,1.2,robust-prune,-1,60000,60000,1232,59999.9989,60000.0,59961,60000,0,2
mnist,euclidean,1.2,robust-prune,-1,60000,60000,1233,59999.999,60000.0,59963,60000,0,2
mnist,euclidean,1.2,robust-prune,-1,60000,60000,1234,59999.999,60000.0,59964,60000,0,2
mnist,euclidean,1.2,robust-prune,-1,60000,60000,1235,59999.9991,60000.0,59965,60000,0,2
mnist,euclidean,1.2,robust-prune,-1,60000,60000,1236,59999.9991,60000.0,59966,60000,0,2
mnist,euclidean,1.2,robust-prune,-1,60000,60000,1237,59999.9992,60000.0,59968,60000,0,2
mnist,euclidean,1.2,robust-prune,-1,60000,60000,1238,59999.9992,60000.0,59969,60000,0,2
mnist,euclidean,1.2,robust-prune,-1,60000,60000,1239,59999.9992,60000.0,59971,60000,0,2
mnist,euclidean,1.2,robust-prune,-1,60000,60000,1240,59999.9993,60000.0,59972,60000,0,2
mnist,euclidean,1.2,robust-prune,-1,60000,60000,1241,59999.9993,60000.0,59974,60000,0,2
mnist,euclidean,1.2,robust-prune,-1,60000,60000,1242,59999.9994,60000.0,59976,60000,0,2
mnist,euclidean,1.2,robust-prune,-1,60000,60000,1243,59999.9994,60000.0,59978,60000,0,2
mnist,euclidean,1.2,robust-prune,-1,60000,60000,1244,59999.9995,60000.0,59979,60000,0,2
mnist,euclidean,1.2,robust-prune,-1,60000,60000,1245,59999.9995,60000.0,59981,60000,0,2
mnist,euclidean,1.2,robust-prune,-1,60000,60000,1246,59999.9996,60000.0,59983,60000,0,2
mnist,euclidean,1.2,robust-prune,-1,60000,60000,1247,59999.9996,60000.0,59984,60000,0,2
mnist,euclidean,1.2,robust-prune,-1,60000,60000,1248,59999.9996,60000.0,59985,60000,0,2
mnist,euclidean,1.2,robust-prune,-1,60000,60000,1249,59999.9997,60000.0,59986,60000,0,2
mnist,euclidean,1.2,robust-prune,-1,60000,60000,1250,59999.9997,60000.0,59987,60000,0,2
mnist,euclidean,1.2,robust-prune,-1,60000,60000,1251,59999.9997,60000.0,59988,60000,0,2
mnist,euclidean,1.2,robust-prune,-1,60000,60000,1252,59999.9998,60000.0,59989,60000,0,2
mnist,euclidean,1.2,robust-prune,-1,60000,60000,1253,59999.9998,60000.0,59990,60000,0,2
mnist,euclidean,1.2,robust-prune,-1,60000,60000,1254,59999.9998,60000.0,59991,60000,0,2
mnist,euclidean,1.2,robust-prune,-1,60000,60000,1255,59999.9999,60000.0,59992,60000,0,1
mnist,euclidean,1.2,robust-prune,-1,60000,60000,1256,59999.9999,60000.0,59993,60000,0,1
mnist,euclidean,1.2,robust-prune,-1,60000,60000,1257,59999.9999,60000.0,59994,60000,0,1
mnist,euclidean,1.2,robust-prune,-1,60000,60000,1258,59999.9999,60000.0,59995,60000,0,1
mnist,euclidean,1.2,robust-prune,-1,60000,60000,1259,59999.9999,60000.0,59996,60000,0,1
mnist,euclidean,1.2,robust-prune,-1,60000,60000,1260,60000.0,60000.0,59997,60000,0,1
mnist,euclidean,1.2,robust-prune,-1,60000,60000,1261,60000.0,60000.0,59998,60000,0,1
mnist,euclidean,1.2,robust-prune,-1,60000,60000,1262,60000.0,60000.0,59999,60000,0,1
mnist,euclidean,1.2,robust-prune,-1,60000,60000,1263,60000.0,60000.0,60000,60000,0,0
