dataset,metric,alpha,method,dimensions,sources,total points,edges,mean points covered,median points covered,min points covered,max points covered,sources below 99.5% coverage,sources below 100% coverage
fashion_mnist,euclidean,1.2,robust-prune,-1,60000,60000,1,889.4971,47.0,2,58907,60000,60000
fashion_mnist,euclidean,1.2,robust-prune,-1,60000,60000,2,1718.8503,205.0,3,59569,60000,60000
fashion_mnist,euclidean,1.2,robust-prune,-1,60000,60000,3,2464.069,433.0,4,59824,59999,60000
fashion_mnist,euclidean,1.2,robust-prune,-1,60000,60000,4,3176.898,715.0,5,59847,59996,60000
fashion_mnist,euclidean,1.2,robust-prune,-1,60000,60000,5,3838.3701,1017.0,6,59922,59993,60000
fashion_mnist,euclidean,1.2,robust-prune,-1,60000,60000,6,4473.2008,1360.0,7,59931,59989,60000
fashion_mnist,euclidean,1.2,robust-prune,-1,60000,60000,7,5097.1593,1720.0,8,59985,59985,60000
fashion_mnist,euclidean,1.2,robust-prune,-1,60000,60000,8,5696.2571,2095.5,9,59993,59980,60000
fashion_mnist,euclidean,1.2,robust-prune,-1,60000,60000,9,6288.1108,2487.0,19,59995,59974,60000
fashion_mnist,euclidean,1.2,robust-prune,-1,60000,60000,10,6869.3362,2867.0,20,59996,59964,60000
fashion_mnist,euclidean,1.2,robust-prune,-1,60000,60000,11,7430.596,3279.0,22,59998,59950,60000
fashion_mnist,euclidean,1.2,robust-prune,-1,60000,60000,12,7982.6244,3690.0,23,60000,59943,59998
fashion_mnist,euclidean,1.2,robust-prune,-1,60000,60000,13,8535.293,4125.0,24,60000,59933,59997
fashion_mnist,euclidean,1.2,robust-prune,-1,60000,60000,14,9074.3424,4550.5,35,60000,59923,59996
fashion_mnist,euclidean,1.2,robust-prune,-1,60000,60000,15,9583.5029,4971.0,36,60000,59907,59993
fashion_mnist,euclidean,1.2,robust-prune,-1,60000,60000,16,10081.4507,5398.0,37,60000,59888,59989
fashion_mnist,euclidean,1.2,robust-prune,-1,60000,60000,17,10588.2026,5824.5,38,60000,59877,59986
fashion_mnist,euclidean,1.2,robust-prune,-1,60000,60000,18,11083.2603,6251.0,39,60000,59865,59978
fashion_mnist,euclidean,1.2,robust-prune,-1,60000,60000,19,11553.8476,6668.0,43,60000,59847,59974
fashion_mnist,euclidean,1.2,robust-prune,-1,60000,60000,20,12028.2638,7087.5,44,60000,59821,59966
fashion_mnist,euclidean,1.2,robust-prune,-1,60000,60000,21,12498.1973,7521.0,46,60000,59796,59962
fashion_mnist,euclidean,1.2,robust-prune,-1,60000,60000,22,12958.5482,7950.0,52,60000,59769,59954
fashion_mnist,euclidean,1.2,robust-prune,-1,60000,60000,23,13398.7797,8366.0,53,60000,59743,59945
fashion_mnist,euclidean,1.2,robust-prune,-1,60000,60000,24,13831.2378,8788.0,54,60000,59716,59939
fashion_mnist,euclidean,1.2,robust-prune,-1,60000,60000,25,14255.2437,9207.5,58,60000,59689,59931
fashion_mnist,euclidean,1.2,robust-prune,-1,60000,60000,26,14681.7282,9613.0,66,60000,59655,59926
fashion_mnist,euclidean,1.2,robust-prune,-1,60000,60000,27,15107.3813,10035.0,91,60000,59626,59915
fashion_mnist,euclidean,1.2,robust-prune,-1,60000,60000,28,15525.2424,10441.0,101,60000,59588,59908
fashion_mnist,euclidean,1.2,robust-prune,-1,60000,60000,29,15935.6151,10835.0,105,60000,59545,59894
fashion_mnist,euclidean,1.2,robust-prune,-1,60000,60000,30,16337.4815,11197.0,106,60000,59495,59882
fashion_mnist,euclidean,1.2,robust-prune,-1,60000,60000,31,16729.1896,11579.0,112,60000,59460,59870
fashion_mnist,euclidean,1.2,robust-prune,-1,60000,60000,32,17127.5575,11952.5,114,60000,59423,59855
fashion_mnist,euclidean,1.2,robust-prune,-1,60000,60000,33,17503.7821,12347.5,168,60000,59372,59841
fashion_mnist,euclidean,1.2,robust-prune,-1,60000,60000,34,17898.6106,12724.0,183,60000,59314,59822
fashion_mnist,euclidean,1.2,robust-prune,-1,60000,60000,35,18279.0517,13095.0,185,60000,59251,59804
fashion_mnist,euclidean,1.2,robust-prune,-1,60000,60000,36,18666.4019,13513.0,210,60000,59205,59791
fashion_mnist,euclidean,1.2,robust-prune,-1,60000,60000,37,19045.5558,13860.5,213,60000,59158,59770
fashion_mnist,euclidean,1.2,robust-prune,-1,60000,60000,38,19416.5922,14263.0,233,60000,59105,59756
fashion_mnist,euclidean,1.2,robust-prune,-1,60000,60000,39,19782.7018,14633.5,265,60000,59053,59740
fashion_mnist,euclidean,1.2,robust-prune,-1,60000,60000,40,20141.8314,14992.0,266,60000,59000,59720
fashion_mnist,euclidean,1.2,robust-prune,-1,60000,60000,41,20491.8137,15335.5,268,60000,58926,59701
fashion_mnist,euclidean,1.2,robust-prune,-1,60000,60000,42,20856.4915,15705.0,275,60000,58874,59677
fashion_mnist,euclidean,1.2,robust-prune,-1,60000,60000,43,21210.4972,16087.5,284,60000,58801,59642
fashion_mnist,euclidean,1.2,robust-prune,-1,60000,60000,44,21565.6533,16482.0,300,60000,58736,59619
fashion_mnist,euclidean,1.2,robust-prune,-1,60000,60000,45,21914.7295,16813.5,301,60000,58663,59587
fashion_mnist,euclidean,1.2,robust-prune,-1,60000,60000,46,22262.8026,17173.0,330,60000,58588,59551
fashion_mnist,euclidean,1.2,robust-prune,-1,60000,60000,47,22599.0978,17522.0,337,60000,58507,59511
fashion_mnist,euclidean,1.2,robust-prune,-1,60000,60000,48,22940.4021,17869.0,339,60000,58407,59466
fashion_mnist,euclidean,1.2,robust-prune,-1,60000,60000,49,23271.2429,18202.0,345,60000,58319,59432
fashion_mnist,euclidean,1.2,robust-prune,-1,60000,60000,50,23600.5003,18565.0,467,60000,58226,59393
fashion_mnist,euclidean,1.2,robust-prune,-1,60000,60000,51,23920.7597,18889.0,469,60000,58106,59359
fashion_mnist,euclidean,1.2,robust-prune,-1,60000,60000,52,24248.388,19281.5,488,60000,58009,59320
fashion_mnist,euclidean,1.2,robust-prune,-1,60000,60000,53,24563.9034,19616.0,489,60000,57928,59287
fashion_mnist,euclidean,1.2,robust-prune,-1,60000,60000,54,24880.774,19965.0,492,60000,57846,59249
fashion_mnist,euclidean,1.2,robust-prune,-1,60000,60000,55,25205.756,20326.0,493,60000,57731,59198
fashion_mnist,euclidean,1.2,robust-prune,-1,60000,60000,56,25520.3366,20692.5,511,60000,57638,59145
fashion_mnist,euclidean,1.2,robust-prune,-1,60000,60000,57,25826.7508,21046.5,522,60000,57531,59098
fashion_mnist,euclidean,1.2,robust-prune,-1,60000,60000,58,26130.8104,21369.0,526,60000,57431,59043
fashion_mnist,euclidean,1.2,robust-prune,-1,60000,60000,59,26449.034,21737.0,528,60000,57316,58982
fashion_mnist,euclidean,1.2,robust-prune,-1,60000,60000,60,26757.575,22099.0,537,60000,57218,58914
fashion_mnist,euclidean,1.2,robust-prune,-1,60000,60000,61,27048.469,22441.0,563,60000,57106,58856
fashion_mnist,euclidean,1.2,robust-prune,-1,60000,60000,62,27341.1171,22812.5,572,60000,56992,58797
fashion_mnist,euclidean,1.2,robust-prune,-1,60000,60000,63,27625.6551,23163.0,599,60000,56882,58735
fashion_mnist,euclidean,1.2,robust-prune,-1,60000,60000,64,27921.3063,23538.5,661,60000,56731,58668
fashion_mnist,euclidean,1.2,robust-prune,-1,60000,60000,65,28205.7566,23901.0,662,60000,56595,58593
fashion_mnist,euclidean,1.2,robust-prune,-1,60000,60000,66,28481.054,24263.0,666,60000,56460,58538
fashion_mnist,euclidean,1.2,robust-prune,-1,60000,60000,67,28753.0693,24598.0,667,60000,56335,58451
fashion_mnist,euclidean,1.2,robust-prune,-1,60000,60000,68,29018.5753,24944.5,670,60000,56186,58371
fashion_mnist,euclidean,1.2,robust-prune,-1,60000,60000,69,29296.4744,25257.0,856,60000,56061,58300
fashion_mnist,euclidean,1.2,robust-prune,-1,60000,60000,70,29569.7851,25600.0,860,60000,55935,58209
fashion_mnist,euclidean,1.2,robust-prune,-1,60000,60000,71,29837.2586,25935.5,876,60000,55809,58116
fashion_mnist,euclidean,1.2,robust-prune,-1,60000,60000,72,30101.8842,26280.0,888,60000,55666,58034
fashion_mnist,euclidean,1.2,robust-prune,-1,60000,60000,73,30369.8128,26650.0,899,60000,55517,57941
fashion_mnist,euclidean,1.2,robust-prune,-1,60000,60000,74,30636.0267,27014.5,965,60000,55365,57854
fashion_mnist,euclidean,1.2,robust-prune,-1,60000,60000,75,30891.873,27344.5,966,60000,55209,57764
fashion_mnist,euclidean,1.2,robust-prune,-1,60000,60000,76,31152.8334,27725.0,973,60000,55055,57676
fashion_mnist,euclidean,1.2,robust-prune,-1,60000,60000,77,31409.7264,28078.0,975,60000,54919,57589
fashion_mnist,euclidean,1.2,robust-prune,-1,60000,60000,78,31658.7333,28414.0,977,60000,54771,57489
fashion_mnist,euclidean,1.2,robust-prune,-1,60000,60000,79,31905.6574,28774.5,978,60000,54625,57395
fashion_mnist,euclidean,1.2,robust-prune,-1,60000,60000,80,32142.643,29121.5,979,60000,54462,57281
fashion_mnist,euclidean,1.2,robust-prune,-1,60000,60000,81,32379.6634,29484.5,988,60000,54317,57186
fashion_mnist,euclidean,1.2,robust-prune,-1,60000,60000,82,32617.9227,29847.0,1031,60000,54180,57071
fashion_mnist,euclidean,1.2,robust-prune,-1,60000,60000,83,32849.504,30208.0,1032,60000,54030,56956
fashion_mnist,euclidean,1.2,robust-prune,-1,60000,60000,84,33079.6093,30517.5,1078,60000,53863,56840
fashion_mnist,euclidean,1.2,robust-prune,-1,60000,60000,85,33312.6434,30855.5,1146,60000,53697,56730
fashion_mnist,euclidean,1.2,robust-prune,-1,60000,60000,86,33542.5977,31241.0,1148,60000,53529,56627
fashion_mnist,euclidean,1.2,robust-prune,-1,60000,60000,87,33763.263,31557.0,1192,60000,53382,56498
fashion_mnist,euclidean,1.2,robust-prune,-1,60000,60000,88,33988.444,31877.0,1196,60000,53215,56393
fashion_mnist,euclidean,1.2,robust-prune,-1,60000,60000,89,34212.268,32255.0,1197,60000,53041,56291
fashion_mnist,euclidean,1.2,robust-prune,-1,60000,60000,90,34427.8766,32614.0,1203,60000,52880,56181
fashion_mnist,euclidean,1.2,robust-prune,-1,60000,60000,91,34645.8241,32965.5,1204,60000,52707,56077
fashion_mnist,euclidean,1.2,robust-prune,-1,60000,60000,92,34864.1843,33320.5,1207,60000,52536,55969
fashion_mnist,euclidean,1.2,robust-prune,-1,60000,60000,93,35080.894,33662.0,1219,60000,52380,55834
fashion_mnist,euclidean,1.2,robust-prune,-1,60000,60000,94,35291.8172,34036.5,1225,60000,52206,55725
fashion_mnist,euclidean,1.2,robust-prune,-1,60000,60000,95,35498.0744,34378.5,1227,60000,52027,55594
fashion_mnist,euclidean,1.2,robust-prune,-1,60000,60000,96,35706.1245,34749.0,1230,60000,51848,55456
fashion_mnist,euclidean,1.2,robust-prune,-1,60000,60000,97,35907.8766,35055.5,1275,60000,51674,55322
fashion_mnist,euclidean,1.2,robust-prune,-1,60000,60000,98,36109.595,35381.5,1312,60000,51500,55188
fashion_mnist,euclidean,1.2,robust-prune,-1,60000,60000,99,36313.1354,35742.0,1313,60000,51322,55045
fashion_mnist,euclidean,1.2,robust-prune,-1,60000,60000,100,36513.4586,36074.5,1317,60000,51165,54908
fashion_mnist,euclidean,1.2,robust-prune,-1,60000,60000,101,36713.5696,36402.5,1334,60000,50974,54782
fashion_mnist,euclidean,1.2,robust-prune,-1,60000,60000,102,36894.8779,36692.5,1339,60000,50806,54662
fashion_mnist,euclidean,1.2,robust-prune,-1,60000,60000,103,37092.1601,37020.5,1342,60000,50622,54523
fashion_mnist,euclidean,1.2,robust-prune,-1,60000,60000,104,37279.9532,37374.5,1345,60000,50460,54394
fashion_mnist,euclidean,1.2,robust-prune,-1,60000,60000,105,37469.2697,37729.5,1346,60000,50265,54259
fashion_mnist,euclidean,1.2,robust-prune,-1,60000,60000,106,37663.2606,38088.0,1525,60000,50094,54113
fashion_mnist,euclidean,1.2,robust-prune,-1,60000,60000,107,37849.611,38420.0,1526,60000,49909,53966
fashion_mnist,euclidean,1.2,robust-prune,-1,60000,60000,108,38029.1296,38741.0,1550,60000,49755,53820
fashion_mnist,euclidean,1.2,robust-prune,-1,60000,60000,109,38212.5914,39050.5,1553,60000,49570,53682
fashion_mnist,euclidean,1.2,robust-prune,-1,60000,60000,110,38381.5286,39356.0,1578,60000,49405,53532
fashion_mnist,euclidean,1.2,robust-prune,-1,60000,60000,111,38565.8903,39741.0,1579,60000,49222,53388
fashion_mnist,euclidean,1.2,robust-prune,-1,60000,60000,112,38740.4726,40102.5,1584,60000,49019,53220
fashion_mnist,euclidean,1.2,robust-prune,-1,60000,60000,113,38915.2406,40446.0,1588,60000,48845,53076
fashion_mnist,euclidean,1.2,robust-prune,-1,60000,60000,114,39087.752,40768.5,1590,60000,48685,52928
fashion_mnist,euclidean,1.2,robust-prune,-1,60000,60000,115,39256.561,41057.5,1602,60000,48499,52779
fashion_mnist,euclidean,1.2,robust-prune,-1,60000,60000,116,39434.2167,41408.5,1643,60000,48350,52649
fashion_mnist,euclidean,1.2,robust-prune,-1,60000,60000,117,39602.6957,41726.5,1646,60000,48181,52498
fashion_mnist,euclidean,1.2,robust-prune,-1,60000,60000,118,39766.1733,42069.5,1650,60000,47994,52335
fashion_mnist,euclidean,1.2,robust-prune,-1,60000,60000,119,39924.3384,42333.0,1777,60000,47810,52215
fashion_mnist,euclidean,1.2,robust-prune,-1,60000,60000,120,40082.7688,42636.0,1812,60000,47645,52033
fashion_mnist,euclidean,1.2,robust-prune,-1,60000,60000,121,40236.978,42950.5,1814,60000,47502,51873
fashion_mnist,euclidean,1.2,robust-prune,-1,60000,60000,122,40394.3392,43277.0,1816,60000,47337,51709
fashion_mnist,euclidean,1.2,robust-prune,-1,60000,60000,123,40547.7757,43588.0,1823,60000,47143,51565
fashion_mnist,euclidean,1.2,robust-prune,-1,60000,60000,124,40703.507,43859.0,2370,60000,46960,51407
fashion_mnist,euclidean,1.2,robust-prune,-1,60000,60000,125,40853.6653,44110.0,2371,60000,46784,51267
fashion_mnist,euclidean,1.2,robust-prune,-1,60000,60000,126,41005.1988,44384.5,2379,60000,46601,51114
fashion_mnist,euclidean,1.2,robust-prune,-1,60000,60000,127,41150.205,44681.0,2475,60000,46436,50949
fashion_mnist,euclidean,1.2,robust-prune,-1,60000,60000,128,41299.6828,44958.0,2531,60000,46268,50817
fashion_mnist,euclidean,1.2,robust-prune,-1,60000,60000,129,41448.4517,45254.0,2541,60000,46113,50676
fashion_mnist,euclidean,1.2,robust-prune,-1,60000,60000,130,41596.6905,45523.0,2653,60000,45950,50541
fashion_mnist,euclidean,1.2,robust-prune,-1,60000,60000,131,41739.7226,45753.0,2655,60000,45775,50369
fashion_mnist,euclidean,1.2,robust-prune,-1,60000,60000,132,41883.6189,46045.0,2657,60000,45618,50210
fashion_mnist,euclidean,1.2,robust-prune,-1,60000,60000,133,42029.7763,46284.5,2688,60000,45464,50054
fashion_mnist,euclidean,1.2,robust-prune,-1,60000,60000,134,42165.9056,46526.0,2691,60000,45307,49903
fashion_mnist,euclidean,1.2,robust-prune,-1,60000,60000,135,42300.7234,46779.5,2780,60000,45144,49764
fashion_mnist,euclidean,1.2,robust-prune,-1,60000,60000,136,42437.4911,47038.5,2799,60000,44965,49620
fashion_mnist,euclidean,1.2,robust-prune,-1,60000,60000,137,42572.6923,47318.0,2862,60000,44787,49496
fashion_mnist,euclidean,1.2,robust-prune,-1,60000,60000,138,42701.9309,47564.5,2865,60000,44607,49326
fashion_mnist,euclidean,1.2,robust-prune,-1,60000,60000,139,42830.8154,47783.5,2867,60000,44442,49170
fashion_mnist,euclidean,1.2,robust-prune,-1,60000,60000,140,42962.664,48069.5,2868,60000,44264,49007
fashion_mnist,euclidean,1.2,robust-prune,-1,60000,60000,141,43088.4498,48299.0,2869,60000,44091,48866
fashion_mnist,euclidean,1.2,robust-prune,-1,60000,60000,142,43220.3929,48547.0,2885,60000,43916,48731
fashion_mnist,euclidean,1.2,robust-prune,-1,60000,60000,143,43345.6807,48755.0,3096,60000,43732,48575
fashion_mnist,euclidean,1.2,robust-prune,-1,60000,60000,144,43468.615,49002.0,3098,60000,43571,48445
fashion_mnist,euclidean,1.2,robust-prune,-1,60000,60000,145,43593.6126,49232.5,3101,60000,43377,48313
fashion_mnist,euclidean,1.2,robust-prune,-1,60000,60000,146,43715.4652,49461.0,3103,60000,43209,48164
fashion_mnist,euclidean,1.2,robust-prune,-1,60000,60000,147,43839.3117,49641.5,3104,60000,43030,48021
fashion_mnist,euclidean,1.2,robust-prune,-1,60000,60000,148,43959.7536,49853.5,3105,60000,42874,47872
fashion_mnist,euclidean,1.2,robust-prune,-1,60000,60000,149,44078.149,50110.0,3107,60000,42705,47745
fashion_mnist,euclidean,1.2,robust-prune,-1,60000,60000,150,44200.3483,50337.0,3118,60000,42540,47583
fashion_mnist,euclidean,1.2,robust-prune,-1,60000,60000,151,44321.945,50559.0,3142,60000,42364,47428
fashion_mnist,euclidean,1.2,robust-prune,-1,60000,60000,152,44435.7729,50780.5,3170,60000,42174,47267
fashion_mnist,euclidean,1.2,robust-prune,-1,60000,60000,153,44549.6008,51019.5,3173,60000,42022,47115
fashion_mnist,euclidean,1.2,robust-prune,-1,60000,60000,154,44662.4265,51209.0,3182,60000,41832,46959
fashion_mnist,euclidean,1.2,robust-prune,-1,60000,60000,155,44772.2749,51400.5,3188,60000,41696,46821
fashion_mnist,euclidean,1.2,robust-prune,-1,60000,60000,156,44879.4685,51590.5,3189,60000,41553,46677
fashion_mnist,euclidean,1.2,robust-prune,-1,60000,60000,157,44985.4854,51785.0,3196,60000,41387,46504
fashion_mnist,euclidean,1.2,robust-prune,-1,60000,60000,158,45095.7568,52002.5,3198,60000,41204,46386
fashion_mnist,euclidean,1.2,robust-prune,-1,60000,60000,159,45201.0132,52185.5,3210,60000,41042,46242
fashion_mnist,euclidean,1.2,robust-prune,-1,60000,60000,160,45303.3736,52369.5,3213,60000,40892,46107
fashion_mnist,euclidean,1.2,robust-prune,-1,60000,60000,161,45404.7726,52558.5,3214,60000,40736,45973
fashion_mnist,euclidean,1.2,robust-prune,-1,60000,60000,162,45509.2677,52746.0,3259,60000,40566,45809
fashion_mnist,euclidean,1.2,robust-prune,-1,60000,60000,163,45617.474,52955.0,3304,60000,40379,45646
fashion_mnist,euclidean,1.2,robust-prune,-1,60000,60000,164,45721.4119,53126.5,3330,60000,40215,45491
fashion_mnist,euclidean,1.2,robust-prune,-1,60000,60000,165,45825.0904,53293.0,3569,60000,40065,45357
fashion_mnist,euclidean,1.2,robust-prune,-1,60000,60000,166,45930.3944,53466.5,3585,60000,39919,45197
fashion_mnist,euclidean,1.2,robust-prune,-1,60000,60000,167,46035.0564,53633.0,3589,60000,39759,45053
fashion_mnist,euclidean,1.2,robust-prune,-1,60000,60000,168,46138.1794,53799.5,3800,60000,39603,44903
fashion_mnist,euclidean,1.2,robust-prune,-1,60000,60000,169,46236.22,53944.5,3801,60000,39455,44749
fashion_mnist,euclidean,1.2,robust-prune,-1,60000,60000,170,46332.3208,54135.0,3802,60000,39297,44601
fashion_mnist,euclidean,1.2,robust-prune,-1,60000,60000,171,46427.7193,54318.5,3838,60000,39138,44456
fashion_mnist,euclidean,1.2,robust-prune,-1,60000,60000,172,46526.5031,54490.0,3840,60000,38959,44314
fashion_mnist,euclidean,1.2,robust-prune,-1,60000,60000,173,46624.744,54636.5,3842,60000,38796,44153
fashion_mnist,euclidean,1.2,robust-prune,-1,60000,60000,174,46721.0982,54776.5,3844,60000,38633,43999
fashion_mnist,euclidean,1.2,robust-prune,-1,60000,60000,175,46814.6538,54937.0,3847,60000,38476,43856
fashion_mnist,euclidean,1.2,robust-prune,-1,60000,60000,176,46909.9976,55094.0,3852,60000,38314,43710
fashion_mnist,euclidean,1.2,robust-prune,-1,60000,60000,177,47002.2678,55261.0,3853,60000,38176,43552
fashion_mnist,euclidean,1.2,robust-prune,-1,60000,60000,178,47092.6024,55388.5,3863,60000,37994,43401
fashion_mnist,euclidean,1.2,robust-prune,-1,60000,60000,179,47184.871,55524.0,3868,60000,37857,43261
fashion_mnist,euclidean,1.2,robust-prune,-1,60000,60000,180,47276.5424,55657.5,3876,60000,37696,43118
fashion_mnist,euclidean,1.2,robust-prune,-1,60000,60000,181,47364.8256,55796.0,3995,60000,37524,42990
fashion_mnist,euclidean,1.2,robust-prune,-1,60000,60000,182,47452.1427,55942.5,4001,60000,37379,42860
fashion_mnist,euclidean,1.2,robust-prune,-1,60000,60000,183,47542.4778,56080.5,4002,60000,37219,42718
fashion_mnist,euclidean,1.2,robust-prune,-1,60000,60000,184,47628.7346,56217.0,4006,60000,37077,42591
fashion_mnist,euclidean,1.2,robust-prune,-1,60000,60000,185,47712.7595,56342.0,4010,60000,36913,42456
fashion_mnist,euclidean,1.2,robust-prune,-1,60000,60000,186,47798.0008,56478.0,4092,60000,36755,42309
fashion_mnist,euclidean,1.2,robust-prune,-1,60000,60000,187,47886.5401,56607.0,4107,60000,36613,42167
fashion_mnist,euclidean,1.2,robust-prune,-1,60000,60000,188,47968.694,56721.5,4108,60000,36465,42018
fashion_mnist,euclidean,1.2,robust-prune,-1,60000,60000,189,48054.7328,56824.0,4139,60000,36308,41858
fashion_mnist,euclidean,1.2,robust-prune,-1,60000,60000,190,48138.1667,56944.0,4518,60000,36168,41711
fashion_mnist,euclidean,1.2,robust-prune,-1,60000,60000,191,48221.0042,57049.5,4520,60000,36031,41580
fashion_mnist,euclidean,1.2,robust-prune,-1,60000,60000,192,48307.0764,57158.5,4528,60000,35882,41431
fashion_mnist,euclidean,1.2,robust-prune,-1,60000,60000,193,48387.7745,57265.5,4530,60000,35755,41288
fashion_mnist,euclidean,1.2,robust-prune,-1,60000,60000,194,48464.9663,57353.5,4531,60000,35610,41154
fashion_mnist,euclidean,1.2,robust-prune,-1,60000,60000,195,48541.8546,57436.5,4532,60000,35465,41039
fashion_mnist,euclidean,1.2,robust-prune,-1,60000,60000,196,48619.0366,57553.0,4539,60000,35321,40894
fashion_mnist,euclidean,1.2,robust-prune,-1,60000,60000,197,48693.2973,57633.5,4662,60000,35189,40761
fashion_mnist,euclidean,1.2,robust-prune,-1,60000,60000,198,48769.5242,57738.5,4663,60000,35045,40617
fashion_mnist,euclidean,1.2,robust-prune,-1,60000,60000,199,48852.2347,57830.0,4686,60000,34923,40463
fashion_mnist,euclidean,1.2,robust-prune,-1,60000,60000,200,48925.6802,57906.0,4687,60000,34755,40326
fashion_mnist,euclidean,1.2,robust-prune,-1,60000,60000,201,48998.1328,57998.0,5054,60000,34613,40188
fashion_mnist,euclidean,1.2,robust-prune,-1,60000,60000,202,49073.7322,58076.0,5055,60000,34461,40046
fashion_mnist,euclidean,1.2,robust-prune,-1,60000,60000,203,49145.8872,58149.5,5056,60000,34327,39908
fashion_mnist,euclidean,1.2,robust-prune,-1,60000,60000,204,49217.2371,58236.0,5057,60000,34193,39780
fashion_mnist,euclidean,1.2,robust-prune,-1,60000,60000,205,49289.8453,58304.0,5058,60000,34051,39658
fashion_mnist,euclidean,1.2,robust-prune,-1,60000,60000,206,49361.3639,58378.5,5059,60000,33906,39523
fashion_mnist,euclidean,1.2,robust-prune,-1,60000,60000,207,49434.3618,58458.0,5060,60000,33774,39398
fashion_mnist,euclidean,1.2,robust-prune,-1,60000,60000,208,49504.561,58522.5,5061,60000,33646,39284
fashion_mnist,euclidean,1.2,robust-prune,-1,60000,60000,209,49574.611,58583.0,5336,60000,33517,39147
fashion_mnist,euclidean,1.2,robust-prune,-1,60000,60000,210,49648.1505,58641.0,5337,60000,33399,39021
fashion_mnist,euclidean,1.2,robust-prune,-1,60000,60000,211,49716.9738,58720.5,5349,60000,33257,38908
fashion_mnist,euclidean,1.2,robust-prune,-1,60000,60000,212,49788.97,58780.0,5351,60000,33123,38782
fashion_mnist,euclidean,1.2,robust-prune,-1,60000,60000,213,49858.2842,58837.0,5352,60000,32996,38657
fashion_mnist,euclidean,1.2,robust-prune,-1,60000,60000,214,49922.9359,58886.0,5354,60000,32832,38523
fashion_mnist,euclidean,1.2,robust-prune,-1,60000,60000,215,49990.5838,58949.0,5355,60000,32703,38377
fashion_mnist,euclidean,1.2,robust-prune,-1,60000,60000,216,50058.4649,58999.0,5356,60000,32587,38243
fashion_mnist,euclidean,1.2,robust-prune,-1,60000,60000,217,50125.3633,59048.0,5525,60000,32463,38109
fashion_mnist,euclidean,1.2,robust-prune,-1,60000,60000,218,50188.508,59095.0,5531,60000,32323,37990
fashion_mnist,euclidean,1.2,robust-prune,-1,60000,60000,219,50254.523,59135.5,5533,60000,32188,37875
fashion_mnist,euclidean,1.2,robust-prune,-1,60000,60000,220,50319.1704,59183.0,5535,60000,32064,37739
fashion_mnist,euclidean,1.2,robust-prune,-1,60000,60000,221,50384.128,59231.0,5540,60000,31946,37608
fashion_mnist,euclidean,1.2,robust-prune,-1,60000,60000,222,50446.869,59271.5,5771,60000,31816,37481
fashion_mnist,euclidean,1.2,robust-prune,-1,60000,60000,223,50513.9794,59313.0,5772,60000,31681,37362
fashion_mnist,euclidean,1.2,robust-prune,-1,60000,60000,224,50572.4414,59349.0,5773,60000,31564,37233
fashion_mnist,euclidean,1.2,robust-prune,-1,60000,60000,225,50635.5411,59389.5,5779,60000,31415,37123
fashion_mnist,euclidean,1.2,robust-prune,-1,60000,60000,226,50698.2551,59426.5,5780,60000,31292,36987
fashion_mnist,euclidean,1.2,robust-prune,-1,60000,60000,227,50756.5824,59463.0,5782,60000,31192,36854
fashion_mnist,euclidean,1.2,robust-prune,-1,60000,60000,228,50814.5831,59490.5,5784,60000,31064,36734
fashion_mnist,euclidean,1.2,robust-prune,-1,60000,60000,229,50875.6372,59522.0,5787,60000,30932,36609
fashion_mnist,euclidean,1.2,robust-prune,-1,60000,60000,230,50937.3811,59549.0,5788,60000,30787,36457
fashion_mnist,euclidean,1.2,robust-prune,-1,60000,60000,231,50997.3136,59582.5,5789,60000,30655,36327
fashion_mnist,euclidean,1.2,robust-prune,-1,60000,60000,232,51057.5264,59611.0,5790,60000,30523,36200
fashion_mnist,euclidean,1.2,robust-prune,-1,60000,60000,233,51113.6876,59631.0,5791,60000,30404,36087
fashion_mnist,euclidean,1.2,robust-prune,-1,60000,60000,234,51168.9946,59650.0,5794,60000,30279,35961
fashion_mnist,euclidean,1.2,robust-prune,-1,60000,60000,235,51227.8027,59674.0,5847,60000,30143,35849
fashion_mnist,euclidean,1.2,robust-prune,-1,60000,60000,236,51284.9588,59698.0,5848,60000,30013,35720
fashion_mnist,euclidean,1.2,robust-prune,-1,60000,60000,237,51339.9547,59716.0,5872,60000,29895,35606
fashion_mnist,euclidean,1.2,robust-prune,-1,60000,60000,238,51395.4804,59736.0,5874,60000,29764,35458
fashion_mnist,euclidean,1.2,robust-prune,-1,60000,60000,239,51449.1583,59756.0,5878,60000,29655,35328
fashion_mnist,euclidean,1.2,robust-prune,-1,60000,60000,240,51504.4861,59768.0,5880,60000,29544,35205
fashion_mnist,euclidean,1.2,robust-prune,-1,60000,60000,241,51556.4968,59782.0,5883,60000,29427,35088
fashion_mnist,euclidean,1.2,robust-prune,-1,60000,60000,242,51609.1597,59794.0,6001,60000,29321,34967
fashion_mnist,euclidean,1.2,robust-prune,-1,60000,60000,243,51666.4689,59807.0,6003,60000,29203,34856
fashion_mnist,euclidean,1.2,robust-prune,-1,60000,60000,244,51720.3139,59820.0,6013,60000,29083,34736
fashion_mnist,euclidean,1.2,robust-prune,-1,60000,60000,245,51774.1584,59834.0,6014,60000,28956,34628
fashion_mnist,euclidean,1.2,robust-prune,-1,60000,60000,246,51826.5477,59845.0,6019,60000,28848,34504
fashion_mnist,euclidean,1.2,robust-prune,-1,60000,60000,247,51876.8034,59857.0,6020,60000,28740,34370
fashion_mnist,euclidean,1.2,robust-prune,-1,60000,60000,248,51931.7354,59866.0,6163,60000,28623,34242
fashion_mnist,euclidean,1.2,robust-prune,-1,60000,60000,249,51982.1286,59876.0,6192,60000,28514,34117
fashion_mnist,euclidean,1.2,robust-prune,-1,60000,60000,250,52034.7254,59883.0,6193,60000,28401,34008
fashion_mnist,euclidean,1.2,robust-prune,-1,60000,60000,251,52086.4221,59891.0,6195,60000,28281,33897
fashion_mnist,euclidean,1.2,robust-prune,-1,60000,60000,252,52138.7988,59898.0,6196,60000,28185,33790
fashion_mnist,euclidean,1.2,robust-prune,-1,60000,60000,253,52191.354,59905.0,6208,60000,28070,33686
fashion_mnist,euclidean,1.2,robust-prune,-1,60000,60000,254,52241.0584,59911.0,6212,60000,27966,33575
fashion_mnist,euclidean,1.2,robust-prune,-1,60000,60000,255,52293.3784,59917.0,6217,60000,27852,33463
fashion_mnist,euclidean,1.2,robust-prune,-1,60000,60000,256,52341.266,59922.0,6498,60000,27748,33336
fashion_mnist,euclidean,1.2,robust-prune,-1,60000,60000,257,52389.0528,59927.0,6500,60000,27621,33218
fashion_mnist,euclidean,1.2,robust-prune,-1,60000,60000,258,52436.3623,59933.0,6503,60000,27496,33094
fashion_mnist,euclidean,1.2,robust-prune,-1,60000,60000,259,52486.1438,59937.0,6512,60000,27380,32967
fashion_mnist,euclidean,1.2,robust-prune,-1,60000,60000,260,52532.85,59941.0,6513,60000,27272,32864
fashion_mnist,euclidean,1.2,robust-prune,-1,60000,60000,261,52577.7286,59945.0,6514,60000,27158,32759
fashion_mnist,euclidean,1.2,robust-prune,-1,60000,60000,262,52621.6587,59948.0,6516,60000,27042,32621
fashion_mnist,euclidean,1.2,robust-prune,-1,60000,60000,263,52668.8799,59951.5,6521,60000,26939,32528
fashion_mnist,euclidean,1.2,robust-prune,-1,60000,60000,264,52717.7152,59955.0,6527,60000,26837,32423
fashion_mnist,euclidean,1.2,robust-prune,-1,60000,60000,265,52763.8509,59958.0,6536,60000,26739,32320
fashion_mnist,euclidean,1.2,robust-prune,-1,60000,60000,266,52810.8884,59961.0,6537,60000,26628,32198
fashion_mnist,euclidean,1.2,robust-prune,-1,60000,60000,267,52855.9659,59964.0,6538,60000,26539,32082
fashion_mnist,euclidean,1.2,robust-prune,-1,60000,60000,268,52901.3009,59967.0,6541,60000,26424,31969
fashion_mnist,euclidean,1.2,robust-prune,-1,60000,60000,269,52946.9135,59969.0,6542,60000,26321,31853
fashion_mnist,euclidean,1.2,robust-prune,-1,60000,60000,270,52990.3285,59972.0,6555,60000,26219,31745
fashion_mnist,euclidean,1.2,robust-prune,-1,60000,60000,271,53033.1187,59974.0,6556,60000,26096,31635
fashion_mnist,euclidean,1.2,robust-prune,-1,60000,60000,272,53078.154,59976.0,6577,60000,25980,31532
fashion_mnist,euclidean,1.2,robust-prune,-1,60000,60000,273,53119.5165,59978.0,6578,60000,25870,31429
fashion_mnist,euclidean,1.2,robust-prune,-1,60000,60000,274,53165.0179,59980.0,6579,60000,25754,31310
fashion_mnist,euclidean,1.2,robust-prune,-1,60000,60000,275,53209.1044,59982.0,6583,60000,25653,31212
fashion_mnist,euclidean,1.2,robust-prune,-1,60000,60000,276,53252.7034,59984.0,6585,60000,25544,31092
fashion_mnist,euclidean,1.2,robust-prune,-1,60000,60000,277,53292.549,59987.0,6586,60000,25445,30994
fashion_mnist,euclidean,1.2,robust-prune,-1,60000,60000,278,53335.3916,59988.0,6594,60000,25346,30897
fashion_mnist,euclidean,1.2,robust-prune,-1,60000,60000,279,53376.3814,59990.0,6597,60000,25240,30783
fashion_mnist,euclidean,1.2,robust-prune,-1,60000,60000,280,53420.5087,59991.0,6599,60000,25123,30677
fashion_mnist,euclidean,1.2,robust-prune,-1,60000,60000,281,53463.2493,59992.0,6600,60000,25018,30569
fashion_mnist,euclidean,1.2,robust-prune,-1,60000,60000,282,53503.3902,59994.0,6603,60000,24906,30445
fashion_mnist,euclidean,1.2,robust-prune,-1,60000,60000,283,53543.8966,59995.0,6606,60000,24795,30331
fashion_mnist,euclidean,1.2,robust-prune,-1,60000,60000,284,53582.4005,59997.0,6792,60000,24685,30226
fashion_mnist,euclidean,1.2,robust-prune,-1,60000,60000,285,53620.7853,59998.0,6797,60000,24570,30134
fashion_mnist,euclidean,1.2,robust-prune,-1,60000,60000,286,53660.9417,59999.0,6799,60000,24466,30017
fashion_mnist,euclidean,1.2,robust-prune,-1,60000,60000,287,53702.2723,60000.0,6801,60000,24366,29927
fashion_mnist,euclidean,1.2,robust-prune,-1,60000,60000,288,53740.656,60000.0,6805,60000,24269,29840
fashion_mnist,euclidean,1.2,robust-prune,-1,60000,60000,289,53781.7269,60000.0,6807,60000,24176,29722
fashion_mnist,euclidean,1.2,robust-prune,-1,60000,60000,290,53820.3537,60000.0,6812,60000,24089,29616
fashion_mnist,euclidean,1.2,robust-prune,-1,60000,60000,291,53857.4046,60000.0,6813,60000,24002,29522
fashion_mnist,euclidean,1.2,robust-prune,-1,60000,60000,292,53893.5886,60000.0,6821,60000,23910,29423
fashion_mnist,euclidean,1.2,robust-prune,-1,60000,60000,293,53933.4804,60000.0,6822,60000,23805,29313
fashion_mnist,euclidean,1.2,robust-prune,-1,60000,60000,294,53973.3374,60000.0,6824,60000,23713,29188
fashion_mnist,euclidean,1.2,robust-prune,-1,60000,60000,295,54009.348,60000.0,6825,60000,23598,29076
fashion_mnist,euclidean,1.2,robust-prune,-1,60000,60000,296,54048.5684,60000.0,6826,60000,23495,28968
fashion_mnist,euclidean,1.2,robust-prune,-1,60000,60000,297,54085.3207,60000.0,6828,60000,23403,28872
fashion_mnist,euclidean,1.2,robust-prune,-1,60000,60000,298,54120.9095,60000.0,6852,60000,23314,28769
fashion_mnist,euclidean,1.2,robust-prune,-1,60000,60000,299,54158.1502,60000.0,6860,60000,23226,28672
fashion_mnist,euclidean,1.2,robust-prune,-1,60000,60000,300,54192.1151,60000.0,6864,60000,23150,28589
fashion_mnist,euclidean,1.2,robust-prune,-1,60000,60000,301,54229.6431,60000.0,6865,60000,23057,28467
fashion_mnist,euclidean,1.2,robust-prune,-1,60000,60000,302,54266.1793,60000.0,6887,60000,22973,28349
fashion_mnist,euclidean,1.2,robust-prune,-1,60000,60000,303,54297.439,60000.0,6889,60000,22884,28254
fashion_mnist,euclidean,1.2,robust-prune,-1,60000,60000,304,54330.5534,60000.0,6892,60000,22791,28167
fashion_mnist,euclidean,1.2,robust-prune,-1,60000,60000,305,54367.631,60000.0,6893,60000,22712,28064
fashion_mnist,euclidean,1.2,robust-prune,-1,60000,60000,306,54398.3877,60000.0,6978,60000,22628,27980
fashion_mnist,euclidean,1.2,robust-prune,-1,60000,60000,307,54432.6415,60000.0,6979,60000,22557,27899
fashion_mnist,euclidean,1.2,robust-prune,-1,60000,60000,308,54466.2055,60000.0,6981,60000,22477,27793
fashion_mnist,euclidean,1.2,robust-prune,-1,60000,60000,309,54503.2389,60000.0,6982,60000,22380,27696
fashion_mnist,euclidean,1.2,robust-prune,-1,60000,60000,310,54536.2207,60000.0,6983,60000,22298,27598
fashion_mnist,euclidean,1.2,robust-prune,-1,60000,60000,311,54569.7837,60000.0,6985,60000,22199,27506
fashion_mnist,euclidean,1.2,robust-prune,-1,60000,60000,312,54603.1903,60000.0,6986,60000,22116,27410
fashion_mnist,euclidean,1.2,robust-prune,-1,60000,60000,313,54634.405,60000.0,6997,60000,22032,27336
fashion_mnist,euclidean,1.2,robust-prune,-1,60000,60000,314,54667.9282,60000.0,6998,60000,21936,27256
fashion_mnist,euclidean,1.2,robust-prune,-1,60000,60000,315,54702.2703,60000.0,6999,60000,21842,27155
fashion_mnist,euclidean,1.2,robust-prune,-1,60000,60000,316,54732.4505,60000.0,7000,60000,21753,27067
fashion_mnist,euclidean,1.2,robust-prune,-1,60000,60000,317,54764.2182,60000.0,7003,60000,21660,26973
fashion_mnist,euclidean,1.2,robust-prune,-1,60000,60000,318,54794.1782,60000.0,7004,60000,21584,26862
fashion_mnist,euclidean,1.2,robust-prune,-1,60000,60000,319,54825.0862,60000.0,7011,60000,21502,26769
fashion_mnist,euclidean,1.2,robust-prune,-1,60000,60000,320,54858.3168,60000.0,7013,60000,21436,26674
fashion_mnist,euclidean,1.2,robust-prune,-1,60000,60000,321,54891.5347,60000.0,7027,60000,21342,26565
fashion_mnist,euclidean,1.2,robust-prune,-1,60000,60000,322,54919.3328,60000.0,7057,60000,21261,26482
fashion_mnist,euclidean,1.2,robust-prune,-1,60000,60000,323,54949.1146,60000.0,7065,60000,21168,26395
fashion_mnist,euclidean,1.2,robust-prune,-1,60000,60000,324,54979.2715,60000.0,7068,60000,21081,26284
fashion_mnist,euclidean,1.2,robust-prune,-1,60000,60000,325,55009.2036,60000.0,7070,60000,20996,26190
fashion_mnist,euclidean,1.2,robust-prune,-1,60000,60000,326,55039.1509,60000.0,7071,60000,20904,26105
fashion_mnist,euclidean,1.2,robust-prune,-1,60000,60000,327,55069.6357,60000.0,7072,60000,20824,26026
fashion_mnist,euclidean,1.2,robust-prune,-1,60000,60000,328,55098.3551,60000.0,7073,60000,20730,25956
fashion_mnist,euclidean,1.2,robust-prune,-1,60000,60000,329,55128.5221,60000.0,7075,60000,20648,25870
fashion_mnist,euclidean,1.2,robust-prune,-1,60000,60000,330,55158.7171,60000.0,7084,60000,20558,25778
fashion_mnist,euclidean,1.2,robust-prune,-1,60000,60000,331,55184.9676,60000.0,7119,60000,20479,25706
fashion_mnist,euclidean,1.2,robust-prune,-1,60000,60000,332,55213.938,60000.0,7120,60000,20402,25619
fashion_mnist,euclidean,1.2,robust-prune,-1,60000,60000,333,55243.0243,60000.0,7124,60000,20316,25541
fashion_mnist,euclidean,1.2,robust-prune,-1,60000,60000,334,55270.9559,60000.0,7126,60000,20229,25449
fashion_mnist,euclidean,1.2,robust-prune,-1,60000,60000,335,55301.4688,60000.0,7128,60000,20144,25362
fashion_mnist,euclidean,1.2,robust-prune,-1,60000,60000,336,55331.116,60000.0,7129,60000,20065,25249
fashion_mnist,euclidean,1.2,robust-prune,-1,60000,60000,337,55357.801,60000.0,7248,60000,19994,25168
fashion_mnist,euclidean,1.2,robust-prune,-1,60000,60000,338,55385.7892,60000.0,7249,60000,19916,25081
fashion_mnist,euclidean,1.2,robust-prune,-1,60000,60000,339,55411.7839,60000.0,7250,60000,19830,24992
fashion_mnist,euclidean,1.2,robust-prune,-1,60000,60000,340,55440.0261,60000.0,7252,60000,19753,24924
fashion_mnist,euclidean,1.2,robust-prune,-1,60000,60000,341,55469.1362,60000.0,7256,60000,19688,24848
fashion_mnist,euclidean,1.2,robust-prune,-1,60000,60000,342,55496.7352,60000.0,7261,60000,19609,24759
fashion_mnist,euclidean,1.2,robust-prune,-1,60000,60000,343,55522.2118,60000.0,7265,60000,19518,24674
fashion_mnist,euclidean,1.2,robust-prune,-1,60000,60000,344,55551.939,60000.0,7267,60000,19425,24582
fashion_mnist,euclidean,1.2,robust-prune,-1,60000,60000,345,55580.3422,60000.0,7268,60000,19351,24486
fashion_mnist,euclidean,1.2,robust-prune,-1,60000,60000,346,55609.5544,60000.0,7269,60000,19268,24417
fashion_mnist,euclidean,1.2,robust-prune,-1,60000,60000,347,55635.5036,60000.0,7270,60000,19196,24323
fashion_mnist,euclidean,1.2,robust-prune,-1,60000,60000,348,55661.8845,60000.0,7273,60000,19111,24243
fashion_mnist,euclidean,1.2,robust-prune,-1,60000,60000,349,55686.1536,60000.0,7283,60000,19035,24153
fashion_mnist,euclidean,1.2,robust-prune,-1,60000,60000,350,55711.1736,60000.0,7284,60000,18963,24047
fashion_mnist,euclidean,1.2,robust-prune,-1,60000,60000,351,55734.836,60000.0,7285,60000,18902,23957
fashion_mnist,euclidean,1.2,robust-prune,-1,60000,60000,352,55762.3135,60000.0,7286,60000,18852,23871
fashion_mnist,euclidean,1.2,robust-prune,-1,60000,60000,353,55786.7778,60000.0,7287,60000,18778,23786
fashion_mnist,euclidean,1.2,robust-prune,-1,60000,60000,354,55810.6334,60000.0,7321,60000,18691,23709
fashion_mnist,euclidean,1.2,robust-prune,-1,60000,60000,355,55834.9093,60000.0,7323,60000,18619,23634
fashion_mnist,euclidean,1.2,robust-prune,-1,60000,60000,356,55859.407,60000.0,7324,60000,18561,23555
fashion_mnist,euclidean,1.2,robust-prune,-1,60000,60000,357,55887.1226,60000.0,7337,60000,18497,23477
fashion_mnist,euclidean,1.2,robust-prune,-1,60000,60000,358,55911.3216,60000.0,7343,60000,18416,23393
fashion_mnist,euclidean,1.2,robust-prune,-1,60000,60000,359,55936.8049,60000.0,7349,60000,18338,23313
fashion_mnist,euclidean,1.2,robust-prune,-1,60000,60000,360,55959.9272,60000.0,7351,60000,18264,23218
fashion_mnist,euclidean,1.2,robust-prune,-1,60000,60000,361,55982.9974,60000.0,7359,60000,18196,23128
fashion_mnist,euclidean,1.2,robust-prune,-1,60000,60000,362,56004.6866,60000.0,7360,60000,18114,23044
fashion_mnist,euclidean,1.2,robust-prune,-1,60000,60000,363,56025.339,60000.0,7362,60000,18042,22957
fashion_mnist,euclidean,1.2,robust-prune,-1,60000,60000,364,56047.0642,60000.0,7364,60000,17964,22864
fashion_mnist,euclidean,1.2,robust-prune,-1,60000,60000,365,56069.2031,60000.0,7380,60000,17910,22782
fashion_mnist,euclidean,1.2,robust-prune,-1,60000,60000,366,56092.3208,60000.0,7388,60000,17849,22702
fashion_mnist,euclidean,1.2,robust-prune,-1,60000,60000,367,56115.7834,60000.0,7393,60000,17781,22617
fashion_mnist,euclidean,1.2,robust-prune,-1,60000,60000,368,56137.8423,60000.0,7397,60000,17713,22531
fashion_mnist,euclidean,1.2,robust-prune,-1,60000,60000,369,56160.4506,60000.0,7398,60000,17646,22469
fashion_mnist,euclidean,1.2,robust-prune,-1,60000,60000,370,56181.9121,60000.0,7403,60000,17589,22384
fashion_mnist,euclidean,1.2,robust-prune,-1,60000,60000,371,56205.2488,60000.0,7404,60000,17514,22312
fashion_mnist,euclidean,1.2,robust-prune,-1,60000,60000,372,56227.0594,60000.0,7405,60000,17448,22240
fashion_mnist,euclidean,1.2,robust-prune,-1,60000,60000,373,56248.1231,60000.0,7427,60000,17380,22168
fashion_mnist,euclidean,1.2,robust-prune,-1,60000,60000,374,56270.2119,60000.0,7428,60000,17315,22072
fashion_mnist,euclidean,1.2,robust-prune,-1,60000,60000,375,56290.7464,60000.0,7429,60000,17253,21996
fashion_mnist,euclidean,1.2,robust-prune,-1,60000,60000,376,56310.3078,60000.0,7430,60000,17187,21922
fashion_mnist,euclidean,1.2,robust-prune,-1,60000,60000,377,56331.7712,60000.0,7431,60000,17106,21848
fashion_mnist,euclidean,1.2,robust-prune,-1,60000,60000,378,56350.6481,60000.0,7445,60000,17041,21773
fashion_mnist,euclidean,1.2,robust-prune,-1,60000,60000,379,56371.6801,60000.0,7447,60000,16984,21693
fashion_mnist,euclidean,1.2,robust-prune,-1,60000,60000,380,56392.9212,60000.0,7448,60000,16923,21617
fashion_mnist,euclidean,1.2,robust-prune,-1,60000,60000,381,56413.1986,60000.0,7450,60000,16850,21552
fashion_mnist,euclidean,1.2,robust-prune,-1,60000,60000,382,56434.5187,60000.0,7454,60000,16791,21488
fashion_mnist,euclidean,1.2,robust-prune,-1,60000,60000,383,56455.2883,60000.0,7455,60000,16719,21434
fashion_mnist,euclidean,1.2,robust-prune,-1,60000,60000,384,56476.6049,60000.0,7457,60000,16652,21367
fashion_mnist,euclidean,1.2,robust-prune,-1,60000,60000,385,56494.269,60000.0,7460,60000,16585,21284
fashion_mnist,euclidean,1.2,robust-prune,-1,60000,60000,386,56514.1165,60000.0,7467,60000,16532,21222
fashion_mnist,euclidean,1.2,robust-prune,-1,60000,60000,387,56535.8952,60000.0,7497,60000,16463,21152
fashion_mnist,euclidean,1.2,robust-prune,-1,60000,60000,388,56554.2356,60000.0,7500,60000,16400,21068
fashion_mnist,euclidean,1.2,robust-prune,-1,60000,60000,389,56571.7598,60000.0,7534,60000,16331,21007
fashion_mnist,euclidean,1.2,robust-prune,-1,60000,60000,390,56592.6983,60000.0,7535,60000,16268,20940
fashion_mnist,euclidean,1.2,robust-prune,-1,60000,60000,391,56614.7525,60000.0,7559,60000,16204,20856
fashion_mnist,euclidean,1.2,robust-prune,-1,60000,60000,392,56633.6146,60000.0,7560,60000,16141,20787
fashion_mnist,euclidean,1.2,robust-prune,-1,60000,60000,393,56653.5796,60000.0,7561,60000,16069,20720
fashion_mnist,euclidean,1.2,robust-prune,-1,60000,60000,394,56673.3338,60000.0,7563,60000,16009,20658
fashion_mnist,euclidean,1.2,robust-prune,-1,60000,60000,395,56692.8128,60000.0,7565,60000,15945,20591
fashion_mnist,euclidean,1.2,robust-prune,-1,60000,60000,396,56711.755,60000.0,7571,60000,15888,20530
fashion_mnist,euclidean,1.2,robust-prune,-1,60000,60000,397,56731.3886,60000.0,7575,60000,15838,20456
fashion_mnist,euclidean,1.2,robust-prune,-1,60000,60000,398,56749.1859,60000.0,7576,60000,15782,20409
fashion_mnist,euclidean,1.2,robust-prune,-1,60000,60000,399,56768.4474,60000.0,7579,60000,15716,20329
fashion_mnist,euclidean,1.2,robust-prune,-1,60000,60000,400,56785.5778,60000.0,7580,60000,15657,20258
fashion_mnist,euclidean,1.2,robust-prune,-1,60000,60000,401,56803.7105,60000.0,7581,60000,15595,20202
fashion_mnist,euclidean,1.2,robust-prune,-1,60000,60000,402,56822.1081,60000.0,7582,60000,15534,20132
fashion_mnist,euclidean,1.2,robust-prune,-1,60000,60000,403,56841.2477,60000.0,7613,60000,15477,20075
fashion_mnist,euclidean,1.2,robust-prune,-1,60000,60000,404,56859.1877,60000.0,7614,60000,15420,20016
fashion_mnist,euclidean,1.2,robust-prune,-1,60000,60000,405,56878.7547,60000.0,7616,60000,15368,19943
fashion_mnist,euclidean,1.2,robust-prune,-1,60000,60000,406,56894.7963,60000.0,7620,60000,15323,19862
fashion_mnist,euclidean,1.2,robust-prune,-1,60000,60000,407,56912.7011,60000.0,7621,60000,15267,19796
fashion_mnist,euclidean,1.2,robust-prune,-1,60000,60000,408,56928.8264,60000.0,7622,60000,15209,19735
fashion_mnist,euclidean,1.2,robust-prune,-1,60000,60000,409,56946.4086,60000.0,7632,60000,15144,19649
fashion_mnist,euclidean,1.2,robust-prune,-1,60000,60000,410,56962.8146,60000.0,7634,60000,15092,19590
fashion_mnist,euclidean,1.2,robust-prune,-1,60000,60000,411,56980.0674,60000.0,7635,60000,15034,19524
fashion_mnist,euclidean,1.2,robust-prune,-1,60000,60000,412,56997.9004,60000.0,7636,60000,14988,19454
fashion_mnist,euclidean,1.2,robust-prune,-1,60000,60000,413,57015.4635,60000.0,7681,60000,14924,19388
fashion_mnist,euclidean,1.2,robust-prune,-1,60000,60000,414,57032.1668,60000.0,7701,60000,14858,19324
fashion_mnist,euclidean,1.2,robust-prune,-1,60000,60000,415,57050.0405,60000.0,7819,60000,14808,19272
fashion_mnist,euclidean,1.2,robust-prune,-1,60000,60000,416,57067.5032,60000.0,8017,60000,14752,19213
fashion_mnist,euclidean,1.2,robust-prune,-1,60000,60000,417,57082.0199,60000.0,8018,60000,14704,19145
fashion_mnist,euclidean,1.2,robust-prune,-1,60000,60000,418,57097.8741,60000.0,8028,60000,14643,19073
fashion_mnist,euclidean,1.2,robust-prune,-1,60000,60000,419,57115.8032,60000.0,8029,60000,14573,19001
fashion_mnist,euclidean,1.2,robust-prune,-1,60000,60000,420,57132.7901,60000.0,8030,60000,14518,18936
fashion_mnist,euclidean,1.2,robust-prune,-1,60000,60000,421,57150.6209,60000.0,8112,60000,14469,18851
fashion_mnist,euclidean,1.2,robust-prune,-1,60000,60000,422,57166.1022,60000.0,8119,60000,14418,18792
fashion_mnist,euclidean,1.2,robust-prune,-1,60000,60000,423,57181.8561,60000.0,8120,60000,14372,18731
fashion_mnist,euclidean,1.2,robust-prune,-1,60000,60000,424,57197.9669,60000.0,8122,60000,14322,18661
fashion_mnist,euclidean,1.2,robust-prune,-1,60000,60000,425,57213.7205,60000.0,8123,60000,14285,18579
fashion_mnist,euclidean,1.2,robust-prune,-1,60000,60000,426,57231.3844,60000.0,8124,60000,14218,18516
fashion_mnist,euclidean,1.2,robust-prune,-1,60000,60000,427,57246.6588,60000.0,8128,60000,14177,18443
fashion_mnist,euclidean,1.2,robust-prune,-1,60000,60000,428,57260.8696,60000.0,8137,60000,14125,18379
fashion_mnist,euclidean,1.2,robust-prune,-1,60000,60000,429,57277.4462,60000.0,8140,60000,14076,18329
fashion_mnist,euclidean,1.2,robust-prune,-1,60000,60000,430,57293.3231,60000.0,8142,60000,14026,18280
fashion_mnist,euclidean,1.2,robust-prune,-1,60000,60000,431,57309.4348,60000.0,8146,60000,13977,18231
fashion_mnist,euclidean,1.2,robust-prune,-1,60000,60000,432,57324.1505,60000.0,8147,60000,13894,18173
fashion_mnist,euclidean,1.2,robust-prune,-1,60000,60000,433,57339.203,60000.0,8149,60000,13840,18114
fashion_mnist,euclidean,1.2,robust-prune,-1,60000,60000,434,57353.6816,60000.0,8153,60000,13800,18058
fashion_mnist,euclidean,1.2,robust-prune,-1,60000,60000,435,57368.5038,60000.0,8154,60000,13747,18016
fashion_mnist,euclidean,1.2,robust-prune,-1,60000,60000,436,57382.3049,60000.0,8156,60000,13701,17963
fashion_mnist,euclidean,1.2,robust-prune,-1,60000,60000,437,57397.378,60000.0,8157,60000,13656,17919
fashion_mnist,euclidean,1.2,robust-prune,-1,60000,60000,438,57413.265,60000.0,8188,60000,13609,17859
fashion_mnist,euclidean,1.2,robust-prune,-1,60000,60000,439,57427.6074,60000.0,8202,60000,13559,17802
fashion_mnist,euclidean,1.2,robust-prune,-1,60000,60000,440,57442.7372,60000.0,8293,60000,13517,17752
fashion_mnist,euclidean,1.2,robust-prune,-1,60000,60000,441,57457.5581,60000.0,8295,60000,13461,17687
fashion_mnist,euclidean,1.2,robust-prune,-1,60000,60000,442,57470.4627,60000.0,8296,60000,13416,17628
fashion_mnist,euclidean,1.2,robust-prune,-1,60000,60000,443,57484.1668,60000.0,8310,60000,13366,17577
fashion_mnist,euclidean,1.2,robust-prune,-1,60000,60000,444,57499.3289,60000.0,8314,60000,13318,17521
fashion_mnist,euclidean,1.2,robust-prune,-1,60000,60000,445,57514.1692,60000.0,8382,60000,13271,17460
fashion_mnist,euclidean,1.2,robust-prune,-1,60000,60000,446,57528.4282,60000.0,8384,60000,13219,17392
fashion_mnist,euclidean,1.2,robust-prune,-1,60000,60000,447,57544.0176,60000.0,8385,60000,13170,17338
fashion_mnist,euclidean,1.2,robust-prune,-1,60000,60000,448,57559.2526,60000.0,8386,60000,13126,17283
fashion_mnist,euclidean,1.2,robust-prune,-1,60000,60000,449,57573.1896,60000.0,8388,60000,13087,17227
fashion_mnist,euclidean,1.2,robust-prune,-1,60000,60000,450,57586.0902,60000.0,8390,60000,13046,17177
fashion_mnist,euclidean,1.2,robust-prune,-1,60000,60000,451,57598.7912,60000.0,8392,60000,13005,17119
fashion_mnist,euclidean,1.2,robust-prune,-1,60000,60000,452,57611.4526,60000.0,8393,60000,12953,17071
fashion_mnist,euclidean,1.2,robust-prune,-1,60000,60000,453,57626.2549,60000.0,8401,60000,12906,17010
fashion_mnist,euclidean,1.2,robust-prune,-1,60000,60000,454,57638.7768,60000.0,8402,60000,12849,16958
fashion_mnist,euclidean,1.2,robust-prune,-1,60000,60000,455,57652.9413,60000.0,8408,60000,12798,16897
fashion_mnist,euclidean,1.2,robust-prune,-1,60000,60000,456,57667.8009,60000.0,8412,60000,12744,16835
fashion_mnist,euclidean,1.2,robust-prune,-1,60000,60000,457,57679.0744,60000.0,8413,60000,12710,16780
fashion_mnist,euclidean,1.2,robust-prune,-1,60000,60000,458,57692.3166,60000.0,8414,60000,12667,16731
fashion_mnist,euclidean,1.2,robust-prune,-1,60000,60000,459,57704.8427,60000.0,8425,60000,12630,16676
fashion_mnist,euclidean,1.2,robust-prune,-1,60000,60000,460,57718.1212,60000.0,8427,60000,12578,16610
fashion_mnist,euclidean,1.2,robust-prune,-1,60000,60000,461,57731.4437,60000.0,8428,60000,12519,16557
fashion_mnist,euclidean,1.2,robust-prune,-1,60000,60000,462,57743.9848,60000.0,8430,60000,12467,16511
fashion_mnist,euclidean,1.2,robust-prune,-1,60000,60000,463,57757.154,60000.0,8440,60000,12410,16452
fashion_mnist,euclidean,1.2,robust-prune,-1,60000,60000,464,57769.633,60000.0,8444,60000,12361,16396
fashion_mnist,euclidean,1.2,robust-prune,-1,60000,60000,465,57783.0366,60000.0,8486,60000,12308,16339
fashion_mnist,euclidean,1.2,robust-prune,-1,60000,60000,466,57795.3708,60000.0,8489,60000,12261,16289
fashion_mnist,euclidean,1.2,robust-prune,-1,60000,60000,467,57806.3645,60000.0,8490,60000,12224,16221
fashion_mnist,euclidean,1.2,robust-prune,-1,60000,60000,468,57819.293,60000.0,8493,60000,12170,16176
fashion_mnist,euclidean,1.2,robust-prune,-1,60000,60000,469,57831.7502,60000.0,8494,60000,12136,16123
fashion_mnist,euclidean,1.2,robust-prune,-1,60000,60000,470,57845.3617,60000.0,8495,60000,12094,16060
fashion_mnist,euclidean,1.2,robust-prune,-1,60000,60000,471,57857.6146,60000.0,8496,60000,12045,16007
fashion_mnist,euclidean,1.2,robust-prune,-1,60000,60000,472,57868.7649,60000.0,8502,60000,12012,15952
fashion_mnist,euclidean,1.2,robust-prune,-1,60000,60000,473,57878.1932,60000.0,8503,60000,11965,15900
fashion_mnist,euclidean,1.2,robust-prune,-1,60000,60000,474,57890.6653,60000.0,8504,60000,11923,15852
fashion_mnist,euclidean,1.2,robust-prune,-1,60000,60000,475,57901.8394,60000.0,8507,60000,11879,15799
fashion_mnist,euclidean,1.2,robust-prune,-1,60000,60000,476,57913.6821,60000.0,8509,60000,11834,15754
fashion_mnist,euclidean,1.2,robust-prune,-1,60000,60000,477,57925.3706,60000.0,8511,60000,11792,15706
fashion_mnist,euclidean,1.2,robust-prune,-1,60000,60000,478,57937.5609,60000.0,8517,60000,11754,15657
fashion_mnist,euclidean,1.2,robust-prune,-1,60000,60000,479,57948.7501,60000.0,8550,60000,11714,15612
fashion_mnist,euclidean,1.2,robust-prune,-1,60000,60000,480,57960.6821,60000.0,8551,60000,11668,15561
fashion_mnist,euclidean,1.2,robust-prune,-1,60000,60000,481,57971.3276,60000.0,8552,60000,11627,15514
fashion_mnist,euclidean,1.2,robust-prune,-1,60000,60000,482,57980.9059,60000.0,8553,60000,11594,15466
fashion_mnist,euclidean,1.2,robust-prune,-1,60000,60000,483,57991.6484,60000.0,8554,60000,11550,15425
fashion_mnist,euclidean,1.2,robust-prune,-1,60000,60000,484,58002.4964,60000.0,8555,60000,11499,15365
fashion_mnist,euclidean,1.2,robust-prune,-1,60000,60000,485,58013.1093,60000.0,8559,60000,11454,15328
fashion_mnist,euclidean,1.2,robust-prune,-1,60000,60000,486,58023.7534,60000.0,8560,60000,11413,15289
fashion_mnist,euclidean,1.2,robust-prune,-1,60000,60000,487,58034.1634,60000.0,8561,60000,11373,15256
fashion_mnist,euclidean,1.2,robust-prune,-1,60000,60000,488,58044.6717,60000.0,8562,60000,11322,15203
fashion_mnist,euclidean,1.2,robust-prune,-1,60000,60000,489,58055.7981,60000.0,8564,60000,11284,15165
fashion_mnist,euclidean,1.2,robust-prune,-1,60000,60000,490,58067.0628,60000.0,8570,60000,11233,15119
fashion_mnist,euclidean,1.2,robust-prune,-1,60000,60000,491,58077.333,60000.0,9180,60000,11192,15067
fashion_mnist,euclidean,1.2,robust-prune,-1,60000,60000,492,58087.2312,60000.0,9196,60000,11148,15024
fashion_mnist,euclidean,1.2,robust-prune,-1,60000,60000,493,58098.4664,60000.0,9197,60000,11106,14990
fashion_mnist,euclidean,1.2,robust-prune,-1,60000,60000,494,58108.8362,60000.0,9200,60000,11060,14937
fashion_mnist,euclidean,1.2,robust-prune,-1,60000,60000,495,58119.4778,60000.0,9201,60000,11024,14887
fashion_mnist,euclidean,1.2,robust-prune,-1,60000,60000,496,58130.5731,60000.0,9202,60000,10987,14836
fashion_mnist,euclidean,1.2,robust-prune,-1,60000,60000,497,58141.047,60000.0,9203,60000,10944,14785
fashion_mnist,euclidean,1.2,robust-prune,-1,60000,60000,498,58150.4782,60000.0,9212,60000,10893,14743
fashion_mnist,euclidean,1.2,robust-prune,-1,60000,60000,499,58161.2584,60000.0,9213,60000,10852,14696
fashion_mnist,euclidean,1.2,robust-prune,-1,60000,60000,500,58170.3111,60000.0,9228,60000,10797,14645
fashion_mnist,euclidean,1.2,robust-prune,-1,60000,60000,501,58180.8054,60000.0,9230,60000,10754,14595
fashion_mnist,euclidean,1.2,robust-prune,-1,60000,60000,502,58189.2696,60000.0,9231,60000,10706,14552
fashion_mnist,euclidean,1.2,robust-prune,-1,60000,60000,503,58198.7527,60000.0,9249,60000,10658,14515
fashion_mnist,euclidean,1.2,robust-prune,-1,60000,60000,504,58208.5439,60000.0,9251,60000,10619,14476
fashion_mnist,euclidean,1.2,robust-prune,-1,60000,60000,505,58216.7909,60000.0,9254,60000,10585,14438
fashion_mnist,euclidean,1.2,robust-prune,-1,60000,60000,506,58225.7489,60000.0,9256,60000,10548,14396
fashion_mnist,euclidean,1.2,robust-prune,-1,60000,60000,507,58234.73,60000.0,9260,60000,10508,14348
fashion_mnist,euclidean,1.2,robust-prune,-1,60000,60000,508,58243.3231,60000.0,9263,60000,10466,14301
fashion_mnist,euclidean,1.2,robust-prune,-1,60000,60000,509,58251.6967,60000.0,9264,60000,10433,14270
fashion_mnist,euclidean,1.2,robust-prune,-1,60000,60000,510,58260.2466,60000.0,9335,60000,10386,14226
fashion_mnist,euclidean,1.2,robust-prune,-1,60000,60000,511,58269.4095,60000.0,9339,60000,10356,14188
fashion_mnist,euclidean,1.2,robust-prune,-1,60000,60000,512,58279.08,60000.0,9340,60000,10318,14141
fashion_mnist,euclidean,1.2,robust-prune,-1,60000,60000,513,58287.6259,60000.0,9341,60000,10287,14102
fashion_mnist,euclidean,1.2,robust-prune,-1,60000,60000,514,58297.0826,60000.0,9342,60000,10236,14064
fashion_mnist,euclidean,1.2,robust-prune,-1,60000,60000,515,58305.1571,60000.0,9345,60000,10196,14021
fashion_mnist,euclidean,1.2,robust-prune,-1,60000,60000,516,58313.6374,60000.0,9347,60000,10173,13978
fashion_mnist,euclidean,1.2,robust-prune,-1,60000,60000,517,58321.361,60000.0,9375,60000,10136,13929
fashion_mnist,euclidean,1.2,robust-prune,-1,60000,60000,518,58330.0436,60000.0,9377,60000,10102,13884
fashion_mnist,euclidean,1.2,robust-prune,-1,60000,60000,519,58339.1137,60000.0,9378,60000,10064,13843
fashion_mnist,euclidean,1.2,robust-prune,-1,60000,60000,520,58348.0063,60000.0,9438,60000,10024,13794
fashion_mnist,euclidean,1.2,robust-prune,-1,60000,60000,521,58356.2784,60000.0,9446,60000,9979,13762
fashion_mnist,euclidean,1.2,robust-prune,-1,60000,60000,522,58364.2424,60000.0,9448,60000,9940,13707
fashion_mnist,euclidean,1.2,robust-prune,-1,60000,60000,523,58372.9924,60000.0,9450,60000,9902,13657
fashion_mnist,euclidean,1.2,robust-prune,-1,60000,60000,524,58381.0493,60000.0,9453,60000,9868,13627
fashion_mnist,euclidean,1.2,robust-prune,-1,60000,60000,525,58390.2044,60000.0,9454,60000,9831,13592
fashion_mnist,euclidean,1.2,robust-prune,-1,60000,60000,526,58398.2192,60000.0,9456,60000,9796,13551
fashion_mnist,euclidean,1.2,robust-prune,-1,60000,60000,527,58407.1126,60000.0,9468,60000,9770,13499
fashion_mnist,euclidean,1.2,robust-prune,-1,60000,60000,528,58416.4212,60000.0,9469,60000,9735,13462
fashion_mnist,euclidean,1.2,robust-prune,-1,60000,60000,529,58425.2236,60000.0,9471,60000,9700,13412
fashion_mnist,euclidean,1.2,robust-prune,-1,60000,60000,530,58433.7199,60000.0,9472,60000,9660,13375
fashion_mnist,euclidean,1.2,robust-prune,-1,60000,60000,531,58440.9609,60000.0,9473,60000,9631,13337
fashion_mnist,euclidean,1.2,robust-prune,-1,60000,60000,532,58450.2064,60000.0,9475,60000,9598,13287
fashion_mnist,euclidean,1.2,robust-prune,-1,60000,60000,533,58457.5787,60000.0,9476,60000,9571,13247
fashion_mnist,euclidean,1.2,robust-prune,-1,60000,60000,534,58465.5119,60000.0,9480,60000,9542,13196
fashion_mnist,euclidean,1.2,robust-prune,-1,60000,60000,535,58473.7606,60000.0,9488,60000,9513,13156
fashion_mnist,euclidean,1.2,robust-prune,-1,60000,60000,536,58481.5338,60000.0,9490,60000,9482,13102
fashion_mnist,euclidean,1.2,robust-prune,-1,60000,60000,537,58489.0517,60000.0,9494,60000,9444,13063
fashion_mnist,euclidean,1.2,robust-prune,-1,60000,60000,538,58497.0385,60000.0,9495,60000,9405,13019
fashion_mnist,euclidean,1.2,robust-prune,-1,60000,60000,539,58505.2214,60000.0,9511,60000,9377,12984
fashion_mnist,euclidean,1.2,robust-prune,-1,60000,60000,540,58514.0982,60000.0,9512,60000,9344,12947
fashion_mnist,euclidean,1.2,robust-prune,-1,60000,60000,541,58521.7967,60000.0,9528,60000,9310,12908
fashion_mnist,euclidean,1.2,robust-prune,-1,60000,60000,542,58528.7442,60000.0,9535,60000,9281,12864
fashion_mnist,euclidean,1.2,robust-prune,-1,60000,60000,543,58537.5011,60000.0,9536,60000,9247,12816
fashion_mnist,euclidean,1.2,robust-prune,-1,60000,60000,544,58545.8538,60000.0,9537,60000,9220,12780
fashion_mnist,euclidean,1.2,robust-prune,-1,60000,60000,545,58553.4091,60000.0,9541,60000,9191,12739
fashion_mnist,euclidean,1.2,robust-prune,-1,60000,60000,546,58560.6574,60000.0,9542,60000,9164,12695
fashion_mnist,euclidean,1.2,robust-prune,-1,60000,60000,547,58569.2841,60000.0,9543,60000,9133,12656
fashion_mnist,euclidean,1.2,robust-prune,-1,60000,60000,548,58577.1992,60000.0,9607,60000,9102,12619
fashion_mnist,euclidean,1.2,robust-prune,-1,60000,60000,549,58585.8289,60000.0,9653,60000,9075,12589
fashion_mnist,euclidean,1.2,robust-prune,-1,60000,60000,550,58593.7775,60000.0,9655,60000,9050,12554
fashion_mnist,euclidean,1.2,robust-prune,-1,60000,60000,551,58601.6779,60000.0,9656,60000,9028,12509
fashion_mnist,euclidean,1.2,robust-prune,-1,60000,60000,552,58609.1506,60000.0,9658,60000,9003,12468
fashion_mnist,euclidean,1.2,robust-prune,-1,60000,60000,553,58616.9746,60000.0,9663,60000,8973,12439
fashion_mnist,euclidean,1.2,robust-prune,-1,60000,60000,554,58624.537,60000.0,9749,60000,8948,12388
fashion_mnist,euclidean,1.2,robust-prune,-1,60000,60000,555,58632.7714,60000.0,9751,60000,8916,12349
fashion_mnist,euclidean,1.2,robust-prune,-1,60000,60000,556,58641.1676,60000.0,9756,60000,8884,12301
fashion_mnist,euclidean,1.2,robust-prune,-1,60000,60000,557,58649.9138,60000.0,9757,60000,8863,12265
fashion_mnist,euclidean,1.2,robust-prune,-1,60000,60000,558,58656.7436,60000.0,9758,60000,8830,12225
fashion_mnist,euclidean,1.2,robust-prune,-1,60000,60000,559,58664.9321,60000.0,9759,60000,8806,12177
fashion_mnist,euclidean,1.2,robust-prune,-1,60000,60000,560,58671.901,60000.0,9760,60000,8782,12127
fashion_mnist,euclidean,1.2,robust-prune,-1,60000,60000,561,58678.1484,60000.0,9761,60000,8745,12096
fashion_mnist,euclidean,1.2,robust-prune,-1,60000,60000,562,58685.6524,60000.0,9762,60000,8712,12056
fashion_mnist,euclidean,1.2,robust-prune,-1,60000,60000,563,58692.4244,60000.0,9764,60000,8679,12021
fashion_mnist,euclidean,1.2,robust-prune,-1,60000,60000,564,58699.3985,60000.0,9765,60000,8650,11983
fashion_mnist,euclidean,1.2,robust-prune,-1,60000,60000,565,58707.1231,60000.0,9767,60000,8621,11952
fashion_mnist,euclidean,1.2,robust-prune,-1,60000,60000,566,58713.578,60000.0,9768,60000,8593,11911
fashion_mnist,euclidean,1.2,robust-prune,-1,60000,60000,567,58720.6112,60000.0,9771,60000,8564,11870
fashion_mnist,euclidean,1.2,robust-prune,-1,60000,60000,568,58727.8565,60000.0,9781,60000,8536,11836
fashion_mnist,euclidean,1.2,robust-prune,-1,60000,60000,569,58734.8392,60000.0,9782,60000,8506,11793
fashion_mnist,euclidean,1.2,robust-prune,-1,60000,60000,570,58741.6782,60000.0,9784,60000,8471,11751
fashion_mnist,euclidean,1.2,robust-prune,-1,60000,60000,571,58747.5919,60000.0,9790,60000,8441,11716
fashion_mnist,euclidean,1.2,robust-prune,-1,60000,60000,572,58754.3887,60000.0,9791,60000,8414,11678
fashion_mnist,euclidean,1.2,robust-prune,-1,60000,60000,573,58761.0669,60000.0,9792,60000,8385,11648
fashion_mnist,euclidean,1.2,robust-prune,-1,60000,60000,574,58768.9182,60000.0,9793,60000,8364,11605
fashion_mnist,euclidean,1.2,robust-prune,-1,60000,60000,575,58774.5335,60000.0,9985,60000,8329,11569
fashion_mnist,euclidean,1.2,robust-prune,-1,60000,60000,576,58781.0461,60000.0,9986,60000,8297,11545
fashion_mnist,euclidean,1.2,robust-prune,-1,60000,60000,577,58787.1706,60000.0,9987,60000,8272,11513
fashion_mnist,euclidean,1.2,robust-prune,-1,60000,60000,578,58793.9053,60000.0,9989,60000,8242,11482
fashion_mnist,euclidean,1.2,robust-prune,-1,60000,60000,579,58800.2924,60000.0,9998,60000,8211,11434
fashion_mnist,euclidean,1.2,robust-prune,-1,60000,60000,580,58807.0052,60000.0,10001,60000,8174,11396
fashion_mnist,euclidean,1.2,robust-prune,-1,60000,60000,581,58813.4034,60000.0,10002,60000,8141,11354
fashion_mnist,euclidean,1.2,robust-prune,-1,60000,60000,582,58821.0114,60000.0,10008,60000,8116,11308
fashion_mnist,euclidean,1.2,robust-prune,-1,60000,60000,583,58826.6424,60000.0,10009,60000,8088,11279
fashion_mnist,euclidean,1.2,robust-prune,-1,60000,60000,584,58833.4312,60000.0,10012,60000,8057,11241
fashion_mnist,euclidean,1.2,robust-prune,-1,60000,60000,585,58838.4682,60000.0,10020,60000,8028,11209
fashion_mnist,euclidean,1.2,robust-prune,-1,60000,60000,586,58844.7857,60000.0,10023,60000,8004,11164
fashion_mnist,euclidean,1.2,robust-prune,-1,60000,60000,587,58851.9468,60000.0,10026,60000,7978,11139
fashion_mnist,euclidean,1.2,robust-prune,-1,60000,60000,588,58858.5588,60000.0,10027,60000,7944,11111
fashion_mnist,euclidean,1.2,robust-prune,-1,60000,60000,589,58865.2112,60000.0,10028,60000,7920,11069
fashion_mnist,euclidean,1.2,robust-prune,-1,60000,60000,590,58871.5017,60000.0,10030,60000,7900,11037
fashion_mnist,euclidean,1.2,robust-prune,-1,60000,60000,591,58877.7062,60000.0,10031,60000,7876,10998
fashion_mnist,euclidean,1.2,robust-prune,-1,60000,60000,592,58883.7356,60000.0,10032,60000,7859,10963
fashion_mnist,euclidean,1.2,robust-prune,-1,60000,60000,593,58890.5622,60000.0,10033,60000,7837,10934
fashion_mnist,euclidean,1.2,robust-prune,-1,60000,60000,594,58895.3476,60000.0,10040,60000,7813,10909
fashion_mnist,euclidean,1.2,robust-prune,-1,60000,60000,595,58902.3801,60000.0,10053,60000,7787,10878
fashion_mnist,euclidean,1.2,robust-prune,-1,60000,60000,596,58908.2662,60000.0,10054,60000,7759,10844
fashion_mnist,euclidean,1.2,robust-prune,-1,60000,60000,597,58913.7221,60000.0,10061,60000,7729,10808
fashion_mnist,euclidean,1.2,robust-prune,-1,60000,60000,598,58920.1977,60000.0,10062,60000,7705,10772
fashion_mnist,euclidean,1.2,robust-prune,-1,60000,60000,599,58925.2224,60000.0,10065,60000,7677,10744
fashion_mnist,euclidean,1.2,robust-prune,-1,60000,60000,600,58931.6589,60000.0,10066,60000,7645,10714
fashion_mnist,euclidean,1.2,robust-prune,-1,60000,60000,601,58937.1048,60000.0,10067,60000,7619,10690
fashion_mnist,euclidean,1.2,robust-prune,-1,60000,60000,602,58943.1559,60000.0,10072,60000,7603,10660
fashion_mnist,euclidean,1.2,robust-prune,-1,60000,60000,603,58948.6947,60000.0,10074,60000,7575,10626
fashion_mnist,euclidean,1.2,robust-prune,-1,60000,60000,604,58954.2206,60000.0,10075,60000,7547,10592
fashion_mnist,euclidean,1.2,robust-prune,-1,60000,60000,605,58959.9689,60000.0,10078,60000,7512,10558
fashion_mnist,euclidean,1.2,robust-prune,-1,60000,60000,606,58965.7101,60000.0,10079,60000,7489,10523
fashion_mnist,euclidean,1.2,robust-prune,-1,60000,60000,607,58970.7767,60000.0,10083,60000,7462,10490
fashion_mnist,euclidean,1.2,robust-prune,-1,60000,60000,608,58976.8208,60000.0,10084,60000,7440,10466
fashion_mnist,euclidean,1.2,robust-prune,-1,60000,60000,609,58981.391,60000.0,10085,60000,7413,10434
fashion_mnist,euclidean,1.2,robust-prune,-1,60000,60000,610,58987.681,60000.0,10086,60000,7384,10409
fashion_mnist,euclidean,1.2,robust-prune,-1,60000,60000,611,58993.1333,60000.0,10087,60000,7355,10387
fashion_mnist,euclidean,1.2,robust-prune,-1,60000,60000,612,58998.3344,60000.0,10088,60000,7325,10359
fashion_mnist,euclidean,1.2,robust-prune,-1,60000,60000,613,59004.1708,60000.0,10089,60000,7305,10323
fashion_mnist,euclidean,1.2,robust-prune,-1,60000,60000,614,59009.835,60000.0,10094,60000,7275,10296
fashion_mnist,euclidean,1.2,robust-prune,-1,60000,60000,615,59015.9346,60000.0,10110,60000,7251,10257
fashion_mnist,euclidean,1.2,robust-prune,-1,60000,60000,616,59020.042,60000.0,10111,60000,7230,10226
fashion_mnist,euclidean,1.2,robust-prune,-1,60000,60000,617,59025.6619,60000.0,10113,60000,7205,10193
fashion_mnist,euclidean,1.2,robust-prune,-1,60000,60000,618,59030.0108,60000.0,10115,60000,7186,10172
fashion_mnist,euclidean,1.2,robust-prune,-1,60000,60000,619,59035.0906,60000.0,10117,60000,7165,10138
fashion_mnist,euclidean,1.2,robust-prune,-1,60000,60000,620,59040.5569,60000.0,10118,60000,7143,10106
fashion_mnist,euclidean,1.2,robust-prune,-1,60000,60000,621,59045.3426,60000.0,10120,60000,7119,10068
fashion_mnist,euclidean,1.2,robust-prune,-1,60000,60000,622,59050.2731,60000.0,10121,60000,7098,10040
fashion_mnist,euclidean,1.2,robust-prune,-1,60000,60000,623,59054.5063,60000.0,10122,60000,7081,10003
fashion_mnist,euclidean,1.2,robust-prune,-1,60000,60000,624,59059.116,60000.0,10123,60000,7055,9973
fashion_mnist,euclidean,1.2,robust-prune,-1,60000,60000,625,59064.609,60000.0,10127,60000,7027,9942
fashion_mnist,euclidean,1.2,robust-prune,-1,60000,60000,626,59069.3103,60000.0,10129,60000,7001,9922
fashion_mnist,euclidean,1.2,robust-prune,-1,60000,60000,627,59073.9822,60000.0,10130,60000,6970,9901
fashion_mnist,euclidean,1.2,robust-prune,-1,60000,60000,628,59079.4892,60000.0,10132,60000,6943,9873
fashion_mnist,euclidean,1.2,robust-prune,-1,60000,60000,629,59084.113,60000.0,10133,60000,6922,9851
fashion_mnist,euclidean,1.2,robust-prune,-1,60000,60000,630,59088.4409,60000.0,10135,60000,6902,9827
fashion_mnist,euclidean,1.2,robust-prune,-1,60000,60000,631,59093.7124,60000.0,10137,60000,6873,9805
fashion_mnist,euclidean,1.2,robust-prune,-1,60000,60000,632,59098.2687,60000.0,10138,60000,6858,9784
fashion_mnist,euclidean,1.2,robust-prune,-1,60000,60000,633,59103.139,60000.0,10141,60000,6831,9761
fashion_mnist,euclidean,1.2,robust-prune,-1,60000,60000,634,59108.2086,60000.0,10142,60000,6807,9732
fashion_mnist,euclidean,1.2,robust-prune,-1,60000,60000,635,59112.6752,60000.0,10144,60000,6777,9702
fashion_mnist,euclidean,1.2,robust-prune,-1,60000,60000,636,59117.744,60000.0,10145,60000,6753,9670
fashion_mnist,euclidean,1.2,robust-prune,-1,60000,60000,637,59122.997,60000.0,10149,60000,6724,9641
fashion_mnist,euclidean,1.2,robust-prune,-1,60000,60000,638,59127.4621,60000.0,10150,60000,6702,9616
fashion_mnist,euclidean,1.2,robust-prune,-1,60000,60000,639,59132.4657,60000.0,10151,60000,6683,9590
fashion_mnist,euclidean,1.2,robust-prune,-1,60000,60000,640,59137.1233,60000.0,10152,60000,6663,9570
fashion_mnist,euclidean,1.2,robust-prune,-1,60000,60000,641,59141.411,60000.0,10155,60000,6646,9549
fashion_mnist,euclidean,1.2,robust-prune,-1,60000,60000,642,59145.8408,60000.0,10156,60000,6627,9518
fashion_mnist,euclidean,1.2,robust-prune,-1,60000,60000,643,59150.9106,60000.0,10157,60000,6602,9491
fashion_mnist,euclidean,1.2,robust-prune,-1,60000,60000,644,59155.7749,60000.0,10158,60000,6574,9447
fashion_mnist,euclidean,1.2,robust-prune,-1,60000,60000,645,59160.3853,60000.0,10171,60000,6556,9428
fashion_mnist,euclidean,1.2,robust-prune,-1,60000,60000,646,59164.2812,60000.0,10172,60000,6539,9407
fashion_mnist,euclidean,1.2,robust-prune,-1,60000,60000,647,59169.0563,60000.0,10179,60000,6521,9376
fashion_mnist,euclidean,1.2,robust-prune,-1,60000,60000,648,59173.0224,60000.0,10181,60000,6503,9352
fashion_mnist,euclidean,1.2,robust-prune,-1,60000,60000,649,59177.0918,60000.0,10182,60000,6482,9322
fashion_mnist,euclidean,1.2,robust-prune,-1,60000,60000,650,59182.1443,60000.0,10183,60000,6459,9288
fashion_mnist,euclidean,1.2,robust-prune,-1,60000,60000,651,59186.4405,60000.0,10184,60000,6437,9263
fashion_mnist,euclidean,1.2,robust-prune,-1,60000,60000,652,59191.0918,60000.0,10188,60000,6420,9237
fashion_mnist,euclidean,1.2,robust-prune,-1,60000,60000,653,59195.1264,60000.0,10190,60000,6399,9201
fashion_mnist,euclidean,1.2,robust-prune,-1,60000,60000,654,59200.2366,60000.0,10195,60000,6385,9165
fashion_mnist,euclidean,1.2,robust-prune,-1,60000,60000,655,59204.3529,60000.0,10198,60000,6373,9135
fashion_mnist,euclidean,1.2,robust-prune,-1,60000,60000,656,59209.1126,60000.0,10200,60000,6344,9103
fashion_mnist,euclidean,1.2,robust-prune,-1,60000,60000,657,59212.8252,60000.0,10201,60000,6324,9076
fashion_mnist,euclidean,1.2,robust-prune,-1,60000,60000,658,59217.0354,60000.0,10207,60000,6308,9047
fashion_mnist,euclidean,1.2,robust-prune,-1,60000,60000,659,59220.5535,60000.0,10213,60000,6286,9021
fashion_mnist,euclidean,1.2,robust-prune,-1,60000,60000,660,59224.7,60000.0,10214,60000,6273,8993
fashion_mnist,euclidean,1.2,robust-prune,-1,60000,60000,661,59229.0631,60000.0,10217,60000,6248,8972
fashion_mnist,euclidean,1.2,robust-prune,-1,60000,60000,662,59233.963,60000.0,10231,60000,6220,8947
fashion_mnist,euclidean,1.2,robust-prune,-1,60000,60000,663,59238.063,60000.0,10232,60000,6199,8919
fashion_mnist,euclidean,1.2,robust-prune,-1,60000,60000,664,59242.2044,60000.0,10233,60000,6170,8889
fashion_mnist,euclidean,1.2,robust-prune,-1,60000,60000,665,59245.6972,60000.0,10234,60000,6146,8866
fashion_mnist,euclidean,1.2,robust-prune,-1,60000,60000,666,59249.569,60000.0,10235,60000,6122,8839
fashion_mnist,euclidean,1.2,robust-prune,-1,60000,60000,667,59253.7834,60000.0,10236,60000,6096,8805
fashion_mnist,euclidean,1.2,robust-prune,-1,60000,60000,668,59257.5941,60000.0,10244,60000,6078,8779
fashion_mnist,euclidean,1.2,robust-prune,-1,60000,60000,669,59260.9746,60000.0,10247,60000,6055,8754
fashion_mnist,euclidean,1.2,robust-prune,-1,60000,60000,670,59264.9909,60000.0,10248,60000,6033,8715
fashion_mnist,euclidean,1.2,robust-prune,-1,60000,60000,671,59268.3698,60000.0,10250,60000,6013,8691
fashion_mnist,euclidean,1.2,robust-prune,-1,60000,60000,672,59271.8047,60000.0,10251,60000,5999,8672
fashion_mnist,euclidean,1.2,robust-prune,-1,60000,60000,673,59275.7472,60000.0,10254,60000,5972,8648
fashion_mnist,euclidean,1.2,robust-prune,-1,60000,60000,674,59279.0157,60000.0,10255,60000,5956,8620
fashion_mnist,euclidean,1.2,robust-prune,-1,60000,60000,675,59283.2505,60000.0,10265,60000,5935,8598
fashion_mnist,euclidean,1.2,robust-prune,-1,60000,60000,676,59286.9516,60000.0,10267,60000,5920,8575
fashion_mnist,euclidean,1.2,robust-prune,-1,60000,60000,677,59290.7346,60000.0,10268,60000,5904,8547
fashion_mnist,euclidean,1.2,robust-prune,-1,60000,60000,678,59294.8918,60000.0,10270,60000,5886,8525
fashion_mnist,euclidean,1.2,robust-prune,-1,60000,60000,679,59298.9703,60000.0,10271,60000,5859,8496
fashion_mnist,euclidean,1.2,robust-prune,-1,60000,60000,680,59302.6766,60000.0,10272,60000,5844,8477
fashion_mnist,euclidean,1.2,robust-prune,-1,60000,60000,681,59306.2106,60000.0,10273,60000,5818,8446
fashion_mnist,euclidean,1.2,robust-prune,-1,60000,60000,682,59309.849,60000.0,10274,60000,5802,8420
fashion_mnist,euclidean,1.2,robust-prune,-1,60000,60000,683,59313.5468,60000.0,10275,60000,5783,8399
fashion_mnist,euclidean,1.2,robust-prune,-1,60000,60000,684,59316.9018,60000.0,10279,60000,5769,8373
fashion_mnist,euclidean,1.2,robust-prune,-1,60000,60000,685,59320.7523,60000.0,10285,60000,5747,8350
fashion_mnist,euclidean,1.2,robust-prune,-1,60000,60000,686,59324.7214,60000.0,10446,60000,5726,8312
fashion_mnist,euclidean,1.2,robust-prune,-1,60000,60000,687,59328.0216,60000.0,10447,60000,5710,8291
fashion_mnist,euclidean,1.2,robust-prune,-1,60000,60000,688,59331.3808,60000.0,10449,60000,5687,8270
fashion_mnist,euclidean,1.2,robust-prune,-1,60000,60000,689,59334.7168,60000.0,10450,60000,5672,8242
fashion_mnist,euclidean,1.2,robust-prune,-1,60000,60000,690,59338.862,60000.0,10452,60000,5648,8221
fashion_mnist,euclidean,1.2,robust-prune,-1,60000,60000,691,59342.6282,60000.0,10453,60000,5628,8197
fashion_mnist,euclidean,1.2,robust-prune,-1,60000,60000,692,59345.7839,60000.0,10456,60000,5605,8172
fashion_mnist,euclidean,1.2,robust-prune,-1,60000,60000,693,59349.3992,60000.0,10457,60000,5592,8144
fashion_mnist,euclidean,1.2,robust-prune,-1,60000,60000,694,59352.9815,60000.0,10468,60000,5568,8123
fashion_mnist,euclidean,1.2,robust-prune,-1,60000,60000,695,59356.2526,60000.0,10478,60000,5548,8094
fashion_mnist,euclidean,1.2,robust-prune,-1,60000,60000,696,59360.2435,60000.0,10480,60000,5531,8063
fashion_mnist,euclidean,1.2,robust-prune,-1,60000,60000,697,59363.9374,60000.0,10488,60000,5512,8041
fashion_mnist,euclidean,1.2,robust-prune,-1,60000,60000,698,59367.7196,60000.0,10493,60000,5498,8012
fashion_mnist,euclidean,1.2,robust-prune,-1,60000,60000,699,59370.1944,60000.0,10501,60000,5479,7984
fashion_mnist,euclidean,1.2,robust-prune,-1,60000,60000,700,59373.8566,60000.0,10502,60000,5459,7963
fashion_mnist,euclidean,1.2,robust-prune,-1,60000,60000,701,59377.6919,60000.0,10505,60000,5451,7933
fashion_mnist,euclidean,1.2,robust-prune,-1,60000,60000,702,59381.2916,60000.0,10506,60000,5437,7916
fashion_mnist,euclidean,1.2,robust-prune,-1,60000,60000,703,59384.0669,60000.0,10508,60000,5418,7886
fashion_mnist,euclidean,1.2,robust-prune,-1,60000,60000,704,59387.3075,60000.0,10510,60000,5398,7864
fashion_mnist,euclidean,1.2,robust-prune,-1,60000,60000,705,59391.1784,60000.0,10511,60000,5377,7843
fashion_mnist,euclidean,1.2,robust-prune,-1,60000,60000,706,59393.8026,60000.0,10515,60000,5356,7817
fashion_mnist,euclidean,1.2,robust-prune,-1,60000,60000,707,59396.6439,60000.0,10516,60000,5341,7799
fashion_mnist,euclidean,1.2,robust-prune,-1,60000,60000,708,59400.1548,60000.0,10518,60000,5327,7777
fashion_mnist,euclidean,1.2,robust-prune,-1,60000,60000,709,59402.943,60000.0,10519,60000,5311,7753
fashion_mnist,euclidean,1.2,robust-prune,-1,60000,60000,710,59405.7746,60000.0,10522,60000,5296,7733
fashion_mnist,euclidean,1.2,robust-prune,-1,60000,60000,711,59408.6678,60000.0,10523,60000,5280,7716
fashion_mnist,euclidean,1.2,robust-prune,-1,60000,60000,712,59411.3822,60000.0,10547,60000,5258,7699
fashion_mnist,euclidean,1.2,robust-prune,-1,60000,60000,713,59414.0726,60000.0,11768,60000,5234,7679
fashion_mnist,euclidean,1.2,robust-prune,-1,60000,60000,714,59417.2396,60000.0,11773,60000,5220,7660
fashion_mnist,euclidean,1.2,robust-prune,-1,60000,60000,715,59420.5032,60000.0,11774,60000,5206,7639
fashion_mnist,euclidean,1.2,robust-prune,-1,60000,60000,716,59423.5195,60000.0,11779,60000,5194,7612
fashion_mnist,euclidean,1.2,robust-prune,-1,60000,60000,717,59426.3742,60000.0,11810,60000,5182,7588
fashion_mnist,euclidean,1.2,robust-prune,-1,60000,60000,718,59429.9946,60000.0,11863,60000,5168,7577
fashion_mnist,euclidean,1.2,robust-prune,-1,60000,60000,719,59432.8506,60000.0,11864,60000,5142,7557
fashion_mnist,euclidean,1.2,robust-prune,-1,60000,60000,720,59436.1454,60000.0,11865,60000,5133,7535
fashion_mnist,euclidean,1.2,robust-prune,-1,60000,60000,721,59439.1996,60000.0,11866,60000,5112,7509
fashion_mnist,euclidean,1.2,robust-prune,-1,60000,60000,722,59441.653,60000.0,11869,60000,5097,7491
fashion_mnist,euclidean,1.2,robust-prune,-1,60000,60000,723,59445.2183,60000.0,11870,60000,5077,7469
fashion_mnist,euclidean,1.2,robust-prune,-1,60000,60000,724,59448.4618,60000.0,11879,60000,5060,7455
fashion_mnist,euclidean,1.2,robust-prune,-1,60000,60000,725,59451.1325,60000.0,11880,60000,5049,7429
fashion_mnist,euclidean,1.2,robust-prune,-1,60000,60000,726,59454.7879,60000.0,11903,60000,5025,7408
fashion_mnist,euclidean,1.2,robust-prune,-1,60000,60000,727,59457.1617,60000.0,11904,60000,5009,7388
fashion_mnist,euclidean,1.2,robust-prune,-1,60000,60000,728,59459.711,60000.0,11906,60000,4994,7374
fashion_mnist,euclidean,1.2,robust-prune,-1,60000,60000,729,59461.8633,60000.0,11907,60000,4974,7348
fashion_mnist,euclidean,1.2,robust-prune,-1,60000,60000,730,59464.7014,60000.0,11908,60000,4956,7320
fashion_mnist,euclidean,1.2,robust-prune,-1,60000,60000,731,59467.8469,60000.0,11916,60000,4944,7294
fashion_mnist,euclidean,1.2,robust-prune,-1,60000,60000,732,59471.5342,60000.0,11917,60000,4928,7273
fashion_mnist,euclidean,1.2,robust-prune,-1,60000,60000,733,59474.252,60000.0,11920,60000,4907,7257
fashion_mnist,euclidean,1.2,robust-prune,-1,60000,60000,734,59477.1609,60000.0,12309,60000,4879,7238
fashion_mnist,euclidean,1.2,robust-prune,-1,60000,60000,735,59479.9595,60000.0,13000,60000,4868,7216
fashion_mnist,euclidean,1.2,robust-prune,-1,60000,60000,736,59482.4728,60000.0,13002,60000,4857,7196
fashion_mnist,euclidean,1.2,robust-prune,-1,60000,60000,737,59485.7498,60000.0,13020,60000,4838,7181
fashion_mnist,euclidean,1.2,robust-prune,-1,60000,60000,738,59488.6476,60000.0,13021,60000,4814,7158
fashion_mnist,euclidean,1.2,robust-prune,-1,60000,60000,739,59491.0776,60000.0,13025,60000,4795,7143
fashion_mnist,euclidean,1.2,robust-prune,-1,60000,60000,740,59494.099,60000.0,13026,60000,4776,7114
fashion_mnist,euclidean,1.2,robust-prune,-1,60000,60000,741,59496.5463,60000.0,13040,60000,4760,7091
fashion_mnist,euclidean,1.2,robust-prune,-1,60000,60000,742,59499.7272,60000.0,13052,60000,4747,7076
fashion_mnist,euclidean,1.2,robust-prune,-1,60000,60000,743,59502.2863,60000.0,13053,60000,4736,7059
fashion_mnist,euclidean,1.2,robust-prune,-1,60000,60000,744,59504.7698,60000.0,13054,60000,4721,7039
fashion_mnist,euclidean,1.2,robust-prune,-1,60000,60000,745,59507.8158,60000.0,13057,60000,4706,7019
fashion_mnist,euclidean,1.2,robust-prune,-1,60000,60000,746,59510.0383,60000.0,13058,60000,4691,7004
fashion_mnist,euclidean,1.2,robust-prune,-1,60000,60000,747,59512.7174,60000.0,13059,60000,4682,6990
fashion_mnist,euclidean,1.2,robust-prune,-1,60000,60000,748,59514.899,60000.0,13074,60000,4663,6964
fashion_mnist,euclidean,1.2,robust-prune,-1,60000,60000,749,59517.2164,60000.0,13075,60000,4649,6951
fashion_mnist,euclidean,1.2,robust-prune,-1,60000,60000,750,59520.3702,60000.0,13502,60000,4630,6936
fashion_mnist,euclidean,1.2,robust-prune,-1,60000,60000,751,59522.5125,60000.0,13504,60000,4615,6915
fashion_mnist,euclidean,1.2,robust-prune,-1,60000,60000,752,59525.2127,60000.0,13505,60000,4598,6892
fashion_mnist,euclidean,1.2,robust-prune,-1,60000,60000,753,59527.6868,60000.0,13532,60000,4584,6872
fashion_mnist,euclidean,1.2,robust-prune,-1,60000,60000,754,59530.4432,60000.0,13533,60000,4567,6851
fashion_mnist,euclidean,1.2,robust-prune,-1,60000,60000,755,59533.0167,60000.0,13537,60000,4552,6834
fashion_mnist,euclidean,1.2,robust-prune,-1,60000,60000,756,59535.53,60000.0,13538,60000,4538,6813
fashion_mnist,euclidean,1.2,robust-prune,-1,60000,60000,757,59537.8381,60000.0,13539,60000,4524,6794
fashion_mnist,euclidean,1.2,robust-prune,-1,60000,60000,758,59539.8264,60000.0,13540,60000,4504,6781
fashion_mnist,euclidean,1.2,robust-prune,-1,60000,60000,759,59542.0391,60000.0,13541,60000,4498,6768
fashion_mnist,euclidean,1.2,robust-prune,-1,60000,60000,760,59544.3283,60000.0,13682,60000,4486,6750
fashion_mnist,euclidean,1.2,robust-prune,-1,60000,60000,761,59547.0566,60000.0,13683,60000,4465,6734
fashion_mnist,euclidean,1.2,robust-prune,-1,60000,60000,762,59549.8373,60000.0,13684,60000,4447,6709
fashion_mnist,euclidean,1.2,robust-prune,-1,60000,60000,763,59552.589,60000.0,13686,60000,4429,6684
fashion_mnist,euclidean,1.2,robust-prune,-1,60000,60000,764,59554.9192,60000.0,13690,60000,4417,6667
fashion_mnist,euclidean,1.2,robust-prune,-1,60000,60000,765,59557.5503,60000.0,13691,60000,4400,6642
fashion_mnist,euclidean,1.2,robust-prune,-1,60000,60000,766,59559.5182,60000.0,13697,60000,4390,6625
fashion_mnist,euclidean,1.2,robust-prune,-1,60000,60000,767,59562.1667,60000.0,13698,60000,4377,6608
fashion_mnist,euclidean,1.2,robust-prune,-1,60000,60000,768,59564.9153,60000.0,13702,60000,4363,6581
fashion_mnist,euclidean,1.2,robust-prune,-1,60000,60000,769,59567.0232,60000.0,13706,60000,4348,6564
fashion_mnist,euclidean,1.2,robust-prune,-1,60000,60000,770,59569.4739,60000.0,13710,60000,4336,6548
fashion_mnist,euclidean,1.2,robust-prune,-1,60000,60000,771,59571.4594,60000.0,13712,60000,4321,6530
fashion_mnist,euclidean,1.2,robust-prune,-1,60000,60000,772,59573.7366,60000.0,13714,60000,4308,6511
fashion_mnist,euclidean,1.2,robust-prune,-1,60000,60000,773,59576.3808,60000.0,13715,60000,4295,6495
fashion_mnist,euclidean,1.2,robust-prune,-1,60000,60000,774,59578.8561,60000.0,13717,60000,4277,6476
fashion_mnist,euclidean,1.2,robust-prune,-1,60000,60000,775,59581.2504,60000.0,13718,60000,4263,6454
fashion_mnist,euclidean,1.2,robust-prune,-1,60000,60000,776,59584.1261,60000.0,13719,60000,4244,6434
fashion_mnist,euclidean,1.2,robust-prune,-1,60000,60000,777,59586.5657,60000.0,13728,60000,4229,6417
fashion_mnist,euclidean,1.2,robust-prune,-1,60000,60000,778,59588.6276,60000.0,13732,60000,4210,6401
fashion_mnist,euclidean,1.2,robust-prune,-1,60000,60000,779,59590.4086,60000.0,13733,60000,4197,6381
fashion_mnist,euclidean,1.2,robust-prune,-1,60000,60000,780,59592.5277,60000.0,13736,60000,4184,6366
fashion_mnist,euclidean,1.2,robust-prune,-1,60000,60000,781,59594.7221,60000.0,13738,60000,4169,6346
fashion_mnist,euclidean,1.2,robust-prune,-1,60000,60000,782,59596.8625,60000.0,13741,60000,4158,6326
fashion_mnist,euclidean,1.2,robust-prune,-1,60000,60000,783,59598.6714,60000.0,13743,60000,4143,6307
fashion_mnist,euclidean,1.2,robust-prune,-1,60000,60000,784,59601.2224,60000.0,13744,60000,4130,6292
fashion_mnist,euclidean,1.2,robust-prune,-1,60000,60000,785,59604.2955,60000.0,13745,60000,4111,6277
fashion_mnist,euclidean,1.2,robust-prune,-1,60000,60000,786,59606.13,60000.0,13748,60000,4099,6262
fashion_mnist,euclidean,1.2,robust-prune,-1,60000,60000,787,59607.9104,60000.0,13750,60000,4081,6248
fashion_mnist,euclidean,1.2,robust-prune,-1,60000,60000,788,59609.687,60000.0,13753,60000,4071,6232
fashion_mnist,euclidean,1.2,robust-prune,-1,60000,60000,789,59611.6906,60000.0,13763,60000,4056,6219
fashion_mnist,euclidean,1.2,robust-prune,-1,60000,60000,790,59613.4241,60000.0,13764,60000,4042,6208
fashion_mnist,euclidean,1.2,robust-prune,-1,60000,60000,791,59615.6281,60000.0,13768,60000,4029,6196
fashion_mnist,euclidean,1.2,robust-prune,-1,60000,60000,792,59617.6639,60000.0,13769,60000,4014,6175
fashion_mnist,euclidean,1.2,robust-prune,-1,60000,60000,793,59619.6604,60000.0,13770,60000,4000,6161
fashion_mnist,euclidean,1.2,robust-prune,-1,60000,60000,794,59621.2933,60000.0,13771,60000,3978,6131
fashion_mnist,euclidean,1.2,robust-prune,-1,60000,60000,795,59623.4031,60000.0,13772,60000,3960,6107
fashion_mnist,euclidean,1.2,robust-prune,-1,60000,60000,796,59625.1266,60000.0,13775,60000,3950,6088
fashion_mnist,euclidean,1.2,robust-prune,-1,60000,60000,797,59626.8749,60000.0,13826,60000,3929,6074
fashion_mnist,euclidean,1.2,robust-prune,-1,60000,60000,798,59629.2686,60000.0,13827,60000,3915,6051
fashion_mnist,euclidean,1.2,robust-prune,-1,60000,60000,799,59631.0822,60000.0,13828,60000,3903,6040
fashion_mnist,euclidean,1.2,robust-prune,-1,60000,60000,800,59632.7324,60000.0,13830,60000,3889,6026
fashion_mnist,euclidean,1.2,robust-prune,-1,60000,60000,801,59634.7159,60000.0,13833,60000,3875,6003
fashion_mnist,euclidean,1.2,robust-prune,-1,60000,60000,802,59636.7808,60000.0,13834,60000,3861,5990
fashion_mnist,euclidean,1.2,robust-prune,-1,60000,60000,803,59639.2305,60000.0,13835,60000,3850,5972
fashion_mnist,euclidean,1.2,robust-prune,-1,60000,60000,804,59641.1021,60000.0,13836,60000,3841,5955
fashion_mnist,euclidean,1.2,robust-prune,-1,60000,60000,805,59643.2419,60000.0,13842,60000,3834,5937
fashion_mnist,euclidean,1.2,robust-prune,-1,60000,60000,806,59644.7601,60000.0,13843,60000,3829,5925
fashion_mnist,euclidean,1.2,robust-prune,-1,60000,60000,807,59646.4971,60000.0,13844,60000,3815,5908
fashion_mnist,euclidean,1.2,robust-prune,-1,60000,60000,808,59648.3075,60000.0,13848,60000,3806,5900
fashion_mnist,euclidean,1.2,robust-prune,-1,60000,60000,809,59650.3415,60000.0,13849,60000,3789,5885
fashion_mnist,euclidean,1.2,robust-prune,-1,60000,60000,810,59652.6092,60000.0,13854,60000,3779,5869
fashion_mnist,euclidean,1.2,robust-prune,-1,60000,60000,811,59654.0189,60000.0,13856,60000,3767,5854
fashion_mnist,euclidean,1.2,robust-prune,-1,60000,60000,812,59655.5061,60000.0,13857,60000,3757,5833
fashion_mnist,euclidean,1.2,robust-prune,-1,60000,60000,813,59657.5592,60000.0,13858,60000,3748,5820
fashion_mnist,euclidean,1.2,robust-prune,-1,60000,60000,814,59659.7011,60000.0,13859,60000,3741,5807
fashion_mnist,euclidean,1.2,robust-prune,-1,60000,60000,815,59661.0676,60000.0,13861,60000,3732,5790
fashion_mnist,euclidean,1.2,robust-prune,-1,60000,60000,816,59662.8368,60000.0,13862,60000,3720,5776
fashion_mnist,euclidean,1.2,robust-prune,-1,60000,60000,817,59665.5816,60000.0,13867,60000,3707,5762
fashion_mnist,euclidean,1.2,robust-prune,-1,60000,60000,818,59667.2943,60000.0,13868,60000,3690,5743
fashion_mnist,euclidean,1.2,robust-prune,-1,60000,60000,819,59669.1743,60000.0,13869,60000,3674,5727
fashion_mnist,euclidean,1.2,robust-prune,-1,60000,60000,820,59671.0136,60000.0,13871,60000,3665,5710
fashion_mnist,euclidean,1.2,robust-prune,-1,60000,60000,821,59672.8066,60000.0,13872,60000,3654,5698
fashion_mnist,euclidean,1.2,robust-prune,-1,60000,60000,822,59674.305,60000.0,13873,60000,3642,5684
fashion_mnist,euclidean,1.2,robust-prune,-1,60000,60000,823,59675.9974,60000.0,13876,60000,3635,5668
fashion_mnist,euclidean,1.2,robust-prune,-1,60000,60000,824,59677.7387,60000.0,13877,60000,3624,5660
fashion_mnist,euclidean,1.2,robust-prune,-1,60000,60000,825,59679.8438,60000.0,13879,60000,3610,5643
fashion_mnist,euclidean,1.2,robust-prune,-1,60000,60000,826,59681.8424,60000.0,13880,60000,3600,5629
fashion_mnist,euclidean,1.2,robust-prune,-1,60000,60000,827,59683.2606,60000.0,13883,60000,3592,5618
fashion_mnist,euclidean,1.2,robust-prune,-1,60000,60000,828,59684.8804,60000.0,13890,60000,3577,5601
fashion_mnist,euclidean,1.2,robust-prune,-1,60000,60000,829,59686.4804,60000.0,13893,60000,3562,5586
fashion_mnist,euclidean,1.2,robust-prune,-1,60000,60000,830,59688.3653,60000.0,13894,60000,3556,5570
fashion_mnist,euclidean,1.2,robust-prune,-1,60000,60000,831,59690.16,60000.0,13900,60000,3543,5561
fashion_mnist,euclidean,1.2,robust-prune,-1,60000,60000,832,59692.2288,60000.0,13901,60000,3530,5550
fashion_mnist,euclidean,1.2,robust-prune,-1,60000,60000,833,59693.7089,60000.0,13972,60000,3514,5529
fashion_mnist,euclidean,1.2,robust-prune,-1,60000,60000,834,59695.3099,60000.0,13976,60000,3503,5513
fashion_mnist,euclidean,1.2,robust-prune,-1,60000,60000,835,59696.8336,60000.0,13977,60000,3495,5497
fashion_mnist,euclidean,1.2,robust-prune,-1,60000,60000,836,59698.2034,60000.0,13998,60000,3479,5475
fashion_mnist,euclidean,1.2,robust-prune,-1,60000,60000,837,59699.6328,60000.0,13999,60000,3471,5463
fashion_mnist,euclidean,1.2,robust-prune,-1,60000,60000,838,59701.0102,60000.0,14000,60000,3464,5450
fashion_mnist,euclidean,1.2,robust-prune,-1,60000,60000,839,59702.7819,60000.0,14003,60000,3454,5435
fashion_mnist,euclidean,1.2,robust-prune,-1,60000,60000,840,59704.521,60000.0,14004,60000,3443,5426
fashion_mnist,euclidean,1.2,robust-prune,-1,60000,60000,841,59705.8856,60000.0,14006,60000,3433,5413
fashion_mnist,euclidean,1.2,robust-prune,-1,60000,60000,842,59707.2036,60000.0,14007,60000,3418,5397
fashion_mnist,euclidean,1.2,robust-prune,-1,60000,60000,843,59708.6018,60000.0,14008,60000,3411,5380
fashion_mnist,euclidean,1.2,robust-prune,-1,60000,60000,844,59710.292,60000.0,14010,60000,3397,5364
fashion_mnist,euclidean,1.2,robust-prune,-1,60000,60000,845,59711.9129,60000.0,14069,60000,3379,5352
fashion_mnist,euclidean,1.2,robust-prune,-1,60000,60000,846,59713.8511,60000.0,14070,60000,3369,5345
fashion_mnist,euclidean,1.2,robust-prune,-1,60000,60000,847,59715.1979,60000.0,14071,60000,3360,5332
fashion_mnist,euclidean,1.2,robust-prune,-1,60000,60000,848,59716.3026,60000.0,14072,60000,3350,5323
fashion_mnist,euclidean,1.2,robust-prune,-1,60000,60000,849,59717.4409,60000.0,14073,60000,3340,5315
fashion_mnist,euclidean,1.2,robust-prune,-1,60000,60000,850,59719.1614,60000.0,14074,60000,3329,5296
fashion_mnist,euclidean,1.2,robust-prune,-1,60000,60000,851,59721.0219,60000.0,14075,60000,3316,5284
fashion_mnist,euclidean,1.2,robust-prune,-1,60000,60000,852,59722.6553,60000.0,14076,60000,3306,5274
fashion_mnist,euclidean,1.2,robust-prune,-1,60000,60000,853,59723.8625,60000.0,14077,60000,3300,5268
fashion_mnist,euclidean,1.2,robust-prune,-1,60000,60000,854,59725.0132,60000.0,14080,60000,3285,5260
fashion_mnist,euclidean,1.2,robust-prune,-1,60000,60000,855,59727.0434,60000.0,14084,60000,3269,5240
fashion_mnist,euclidean,1.2,robust-prune,-1,60000,60000,856,59728.4567,60000.0,14086,60000,3259,5220
fashion_mnist,euclidean,1.2,robust-prune,-1,60000,60000,857,59729.7726,60000.0,14088,60000,3252,5208
fashion_mnist,euclidean,1.2,robust-prune,-1,60000,60000,858,59731.2622,60000.0,14090,60000,3244,5187
fashion_mnist,euclidean,1.2,robust-prune,-1,60000,60000,859,59732.3864,60000.0,14092,60000,3235,5167
fashion_mnist,euclidean,1.2,robust-prune,-1,60000,60000,860,59733.7345,60000.0,14093,60000,3226,5154
fashion_mnist,euclidean,1.2,robust-prune,-1,60000,60000,861,59734.9577,60000.0,14094,60000,3215,5140
fashion_mnist,euclidean,1.2,robust-prune,-1,60000,60000,862,59736.6833,60000.0,14125,60000,3208,5125
fashion_mnist,euclidean,1.2,robust-prune,-1,60000,60000,863,59737.997,60000.0,14127,60000,3202,5116
fashion_mnist,euclidean,1.2,robust-prune,-1,60000,60000,864,59739.5974,60000.0,14128,60000,3191,5106
fashion_mnist,euclidean,1.2,robust-prune,-1,60000,60000,865,59741.1506,60000.0,14129,60000,3182,5087
fashion_mnist,euclidean,1.2,robust-prune,-1,60000,60000,866,59742.946,60000.0,14131,60000,3173,5072
fashion_mnist,euclidean,1.2,robust-prune,-1,60000,60000,867,59744.3854,60000.0,14133,60000,3163,5060
fashion_mnist,euclidean,1.2,robust-prune,-1,60000,60000,868,59745.9389,60000.0,14137,60000,3150,5044
fashion_mnist,euclidean,1.2,robust-prune,-1,60000,60000,869,59747.3433,60000.0,14139,60000,3136,5029
fashion_mnist,euclidean,1.2,robust-prune,-1,60000,60000,870,59748.8677,60000.0,14140,60000,3124,5016
fashion_mnist,euclidean,1.2,robust-prune,-1,60000,60000,871,59750.0371,60000.0,14142,60000,3116,4993
fashion_mnist,euclidean,1.2,robust-prune,-1,60000,60000,872,59751.3549,60000.0,14144,60000,3110,4975
fashion_mnist,euclidean,1.2,robust-prune,-1,60000,60000,873,59752.7926,60000.0,14145,60000,3098,4961
fashion_mnist,euclidean,1.2,robust-prune,-1,60000,60000,874,59754.1559,60000.0,14150,60000,3089,4951
fashion_mnist,euclidean,1.2,robust-prune,-1,60000,60000,875,59755.126,60000.0,14151,60000,3081,4936
fashion_mnist,euclidean,1.2,robust-prune,-1,60000,60000,876,59756.3808,60000.0,14152,60000,3071,4918
fashion_mnist,euclidean,1.2,robust-prune,-1,60000,60000,877,59757.5626,60000.0,14153,60000,3064,4905
fashion_mnist,euclidean,1.2,robust-prune,-1,60000,60000,878,59758.7032,60000.0,14154,60000,3056,4892
fashion_mnist,euclidean,1.2,robust-prune,-1,60000,60000,879,59760.2498,60000.0,14155,60000,3045,4883
fashion_mnist,euclidean,1.2,robust-prune,-1,60000,60000,880,59761.705,60000.0,14156,60000,3033,4866
fashion_mnist,euclidean,1.2,robust-prune,-1,60000,60000,881,59763.2525,60000.0,14157,60000,3023,4856
fashion_mnist,euclidean,1.2,robust-prune,-1,60000,60000,882,59764.6606,60000.0,14173,60000,3014,4840
fashion_mnist,euclidean,1.2,robust-prune,-1,60000,60000,883,59766.0174,60000.0,14177,60000,3005,4830
fashion_mnist,euclidean,1.2,robust-prune,-1,60000,60000,884,59767.015,60000.0,14178,60000,2997,4824
fashion_mnist,euclidean,1.2,robust-prune,-1,60000,60000,885,59768.6467,60000.0,14179,60000,2986,4810
fashion_mnist,euclidean,1.2,robust-prune,-1,60000,60000,886,59769.8478,60000.0,14180,60000,2981,4792
fashion_mnist,euclidean,1.2,robust-prune,-1,60000,60000,887,59770.8009,60000.0,14188,60000,2971,4780
fashion_mnist,euclidean,1.2,robust-prune,-1,60000,60000,888,59772.2781,60000.0,14189,60000,2959,4762
fashion_mnist,euclidean,1.2,robust-prune,-1,60000,60000,889,59773.4917,60000.0,14190,60000,2949,4752
fashion_mnist,euclidean,1.2,robust-prune,-1,60000,60000,890,59774.6642,60000.0,14194,60000,2937,4733
fashion_mnist,euclidean,1.2,robust-prune,-1,60000,60000,891,59775.7032,60000.0,14196,60000,2930,4721
fashion_mnist,euclidean,1.2,robust-prune,-1,60000,60000,892,59776.9052,60000.0,14198,60000,2923,4700
fashion_mnist,euclidean,1.2,robust-prune,-1,60000,60000,893,59777.9883,60000.0,14200,60000,2912,4692
fashion_mnist,euclidean,1.2,robust-prune,-1,60000,60000,894,59779.0517,60000.0,14201,60000,2900,4678
fashion_mnist,euclidean,1.2,robust-prune,-1,60000,60000,895,59780.4498,60000.0,14202,60000,2889,4668
fashion_mnist,euclidean,1.2,robust-prune,-1,60000,60000,896,59781.9977,60000.0,14203,60000,2878,4658
fashion_mnist,euclidean,1.2,robust-prune,-1,60000,60000,897,59783.567,60000.0,14204,60000,2869,4639
fashion_mnist,euclidean,1.2,robust-prune,-1,60000,60000,898,59784.9724,60000.0,14207,60000,2861,4627
fashion_mnist,euclidean,1.2,robust-prune,-1,60000,60000,899,59786.377,60000.0,14208,60000,2854,4614
fashion_mnist,euclidean,1.2,robust-prune,-1,60000,60000,900,59787.4033,60000.0,14209,60000,2843,4601
fashion_mnist,euclidean,1.2,robust-prune,-1,60000,60000,901,59788.7673,60000.0,14216,60000,2832,4590
fashion_mnist,euclidean,1.2,robust-prune,-1,60000,60000,902,59790.0391,60000.0,14217,60000,2825,4581
fashion_mnist,euclidean,1.2,robust-prune,-1,60000,60000,903,59790.9042,60000.0,14219,60000,2808,4562
fashion_mnist,euclidean,1.2,robust-prune,-1,60000,60000,904,59792.0408,60000.0,14221,60000,2800,4549
fashion_mnist,euclidean,1.2,robust-prune,-1,60000,60000,905,59792.9069,60000.0,14225,60000,2792,4536
fashion_mnist,euclidean,1.2,robust-prune,-1,60000,60000,906,59793.8549,60000.0,14226,60000,2781,4525
fashion_mnist,euclidean,1.2,robust-prune,-1,60000,60000,907,59795.1784,60000.0,14228,60000,2773,4512
fashion_mnist,euclidean,1.2,robust-prune,-1,60000,60000,908,59796.1875,60000.0,14231,60000,2765,4490
fashion_mnist,euclidean,1.2,robust-prune,-1,60000,60000,909,59797.0117,60000.0,14233,60000,2756,4479
fashion_mnist,euclidean,1.2,robust-prune,-1,60000,60000,910,59798.593,60000.0,14235,60000,2745,4464
fashion_mnist,euclidean,1.2,robust-prune,-1,60000,60000,911,59799.6741,60000.0,14237,60000,2737,4448
fashion_mnist,euclidean,1.2,robust-prune,-1,60000,60000,912,59800.6928,60000.0,14238,60000,2725,4436
fashion_mnist,euclidean,1.2,robust-prune,-1,60000,60000,913,59801.5962,60000.0,14239,60000,2716,4424
fashion_mnist,euclidean,1.2,robust-prune,-1,60000,60000,914,59802.4552,60000.0,14244,60000,2703,4417
fashion_mnist,euclidean,1.2,robust-prune,-1,60000,60000,915,59803.4033,60000.0,14245,60000,2693,4400
fashion_mnist,euclidean,1.2,robust-prune,-1,60000,60000,916,59804.596,60000.0,14246,60000,2683,4377
fashion_mnist,euclidean,1.2,robust-prune,-1,60000,60000,917,59805.6215,60000.0,14247,60000,2672,4364
fashion_mnist,euclidean,1.2,robust-prune,-1,60000,60000,918,59806.186,60000.0,14248,60000,2656,4344
fashion_mnist,euclidean,1.2,robust-prune,-1,60000,60000,919,59807.2752,60000.0,14249,60000,2649,4325
fashion_mnist,euclidean,1.2,robust-prune,-1,60000,60000,920,59808.6009,60000.0,14250,60000,2638,4317
fashion_mnist,euclidean,1.2,robust-prune,-1,60000,60000,921,59809.8543,60000.0,14251,60000,2627,4305
fashion_mnist,euclidean,1.2,robust-prune,-1,60000,60000,922,59810.9634,60000.0,14252,60000,2612,4297
fashion_mnist,euclidean,1.2,robust-prune,-1,60000,60000,923,59811.8069,60000.0,14253,60000,2602,4286
fashion_mnist,euclidean,1.2,robust-prune,-1,60000,60000,924,59812.919,60000.0,14254,60000,2591,4274
fashion_mnist,euclidean,1.2,robust-prune,-1,60000,60000,925,59813.9045,60000.0,14258,60000,2580,4266
fashion_mnist,euclidean,1.2,robust-prune,-1,60000,60000,926,59814.9825,60000.0,14259,60000,2576,4255
fashion_mnist,euclidean,1.2,robust-prune,-1,60000,60000,927,59816.1326,60000.0,14260,60000,2565,4242
fashion_mnist,euclidean,1.2,robust-prune,-1,60000,60000,928,59817.134,60000.0,14261,60000,2552,4225
fashion_mnist,euclidean,1.2,robust-prune,-1,60000,60000,929,59818.0954,60000.0,14268,60000,2544,4208
fashion_mnist,euclidean,1.2,robust-prune,-1,60000,60000,930,59818.9194,60000.0,14269,60000,2533,4196
fashion_mnist,euclidean,1.2,robust-prune,-1,60000,60000,931,59819.7515,60000.0,14271,60000,2522,4186
fashion_mnist,euclidean,1.2,robust-prune,-1,60000,60000,932,59820.6332,60000.0,14272,60000,2518,4179
fashion_mnist,euclidean,1.2,robust-prune,-1,60000,60000,933,59821.8672,60000.0,14273,60000,2505,4170
fashion_mnist,euclidean,1.2,robust-prune,-1,60000,60000,934,59822.7281,60000.0,14279,60000,2493,4161
fashion_mnist,euclidean,1.2,robust-prune,-1,60000,60000,935,59823.8904,60000.0,14281,60000,2489,4147
fashion_mnist,euclidean,1.2,robust-prune,-1,60000,60000,936,59824.7547,60000.0,14282,60000,2484,4137
fashion_mnist,euclidean,1.2,robust-prune,-1,60000,60000,937,59825.769,60000.0,14283,60000,2473,4124
fashion_mnist,euclidean,1.2,robust-prune,-1,60000,60000,938,59826.683,60000.0,14284,60000,2461,4118
fashion_mnist,euclidean,1.2,robust-prune,-1,60000,60000,939,59827.4306,60000.0,14286,60000,2450,4105
fashion_mnist,euclidean,1.2,robust-prune,-1,60000,60000,940,59828.3986,60000.0,14287,60000,2441,4093
fashion_mnist,euclidean,1.2,robust-prune,-1,60000,60000,941,59829.6351,60000.0,14289,60000,2440,4084
fashion_mnist,euclidean,1.2,robust-prune,-1,60000,60000,942,59830.8188,60000.0,14291,60000,2424,4068
fashion_mnist,euclidean,1.2,robust-prune,-1,60000,60000,943,59831.8264,60000.0,14292,60000,2416,4058
fashion_mnist,euclidean,1.2,robust-prune,-1,60000,60000,944,59832.6294,60000.0,14298,60000,2403,4045
fashion_mnist,euclidean,1.2,robust-prune,-1,60000,60000,945,59833.3257,60000.0,14299,60000,2396,4033
fashion_mnist,euclidean,1.2,robust-prune,-1,60000,60000,946,59834.24,60000.0,14300,60000,2382,4023
fashion_mnist,euclidean,1.2,robust-prune,-1,60000,60000,947,59835.1324,60000.0,14301,60000,2371,4012
fashion_mnist,euclidean,1.2,robust-prune,-1,60000,60000,948,59835.8242,60000.0,14304,60000,2367,4001
fashion_mnist,euclidean,1.2,robust-prune,-1,60000,60000,949,59836.5814,60000.0,14305,60000,2360,3993
fashion_mnist,euclidean,1.2,robust-prune,-1,60000,60000,950,59837.8784,60000.0,14306,60000,2347,3980
fashion_mnist,euclidean,1.2,robust-prune,-1,60000,60000,951,59838.8656,60000.0,14310,60000,2341,3966
fashion_mnist,euclidean,1.2,robust-prune,-1,60000,60000,952,59839.8934,60000.0,14311,60000,2332,3951
fashion_mnist,euclidean,1.2,robust-prune,-1,60000,60000,953,59841.0003,60000.0,14312,60000,2324,3942
fashion_mnist,euclidean,1.2,robust-prune,-1,60000,60000,954,59842.0964,60000.0,14314,60000,2311,3929
fashion_mnist,euclidean,1.2,robust-prune,-1,60000,60000,955,59842.9893,60000.0,14317,60000,2301,3917
fashion_mnist,euclidean,1.2,robust-prune,-1,60000,60000,956,59843.755,60000.0,14319,60000,2292,3903
fashion_mnist,euclidean,1.2,robust-prune,-1,60000,60000,957,59844.7296,60000.0,14322,60000,2284,3887
fashion_mnist,euclidean,1.2,robust-prune,-1,60000,60000,958,59845.5596,60000.0,14323,60000,2279,3883
fashion_mnist,euclidean,1.2,robust-prune,-1,60000,60000,959,59846.5434,60000.0,14324,60000,2273,3872
fashion_mnist,euclidean,1.2,robust-prune,-1,60000,60000,960,59847.2087,60000.0,14325,60000,2260,3862
fashion_mnist,euclidean,1.2,robust-prune,-1,60000,60000,961,59847.9584,60000.0,14326,60000,2253,3851
fashion_mnist,euclidean,1.2,robust-prune,-1,60000,60000,962,59848.7789,60000.0,14327,60000,2249,3839
fashion_mnist,euclidean,1.2,robust-prune,-1,60000,60000,963,59849.5366,60000.0,14328,60000,2240,3830
fashion_mnist,euclidean,1.2,robust-prune,-1,60000,60000,964,59850.2272,60000.0,14329,60000,2233,3822
fashion_mnist,euclidean,1.2,robust-prune,-1,60000,60000,965,59851.2536,60000.0,14331,60000,2221,3811
fashion_mnist,euclidean,1.2,robust-prune,-1,60000,60000,966,59852.2464,60000.0,14333,60000,2208,3804
fashion_mnist,euclidean,1.2,robust-prune,-1,60000,60000,967,59852.7915,60000.0,14339,60000,2201,3802
fashion_mnist,euclidean,1.2,robust-prune,-1,60000,60000,968,59853.8726,60000.0,14341,60000,2194,3792
fashion_mnist,euclidean,1.2,robust-prune,-1,60000,60000,969,59854.7659,60000.0,14345,60000,2187,3782
fashion_mnist,euclidean,1.2,robust-prune,-1,60000,60000,970,59855.5105,60000.0,14347,60000,2181,3771
fashion_mnist,euclidean,1.2,robust-prune,-1,60000,60000,971,59856.1321,60000.0,14348,60000,2176,3759
fashion_mnist,euclidean,1.2,robust-prune,-1,60000,60000,972,59856.9358,60000.0,14349,60000,2166,3752
fashion_mnist,euclidean,1.2,robust-prune,-1,60000,60000,973,59857.8443,60000.0,14350,60000,2159,3742
fashion_mnist,euclidean,1.2,robust-prune,-1,60000,60000,974,59858.5614,60000.0,14351,60000,2155,3730
fashion_mnist,euclidean,1.2,robust-prune,-1,60000,60000,975,59859.6373,60000.0,14352,60000,2151,3718
fashion_mnist,euclidean,1.2,robust-prune,-1,60000,60000,976,59860.3303,60000.0,14353,60000,2145,3703
fashion_mnist,euclidean,1.2,robust-prune,-1,60000,60000,977,59861.0481,60000.0,14354,60000,2140,3688
fashion_mnist,euclidean,1.2,robust-prune,-1,60000,60000,978,59861.8573,60000.0,14355,60000,2134,3682
fashion_mnist,euclidean,1.2,robust-prune,-1,60000,60000,979,59863.0515,60000.0,14356,60000,2126,3672
fashion_mnist,euclidean,1.2,robust-prune,-1,60000,60000,980,59863.9732,60000.0,14357,60000,2121,3659
fashion_mnist,euclidean,1.2,robust-prune,-1,60000,60000,981,59864.6909,60000.0,14358,60000,2110,3648
fashion_mnist,euclidean,1.2,robust-prune,-1,60000,60000,982,59865.4539,60000.0,14359,60000,2100,3643
fashion_mnist,euclidean,1.2,robust-prune,-1,60000,60000,983,59866.1101,60000.0,14362,60000,2095,3635
fashion_mnist,euclidean,1.2,robust-prune,-1,60000,60000,984,59866.7433,60000.0,14363,60000,2084,3615
fashion_mnist,euclidean,1.2,robust-prune,-1,60000,60000,985,59867.4821,60000.0,14364,60000,2080,3603
fashion_mnist,euclidean,1.2,robust-prune,-1,60000,60000,986,59868.2866,60000.0,14365,60000,2074,3594
fashion_mnist,euclidean,1.2,robust-prune,-1,60000,60000,987,59868.8439,60000.0,14366,60000,2068,3587
fashion_mnist,euclidean,1.2,robust-prune,-1,60000,60000,988,59869.472,60000.0,14367,60000,2062,3580
fashion_mnist,euclidean,1.2,robust-prune,-1,60000,60000,989,59870.1081,60000.0,14371,60000,2056,3572
fashion_mnist,euclidean,1.2,robust-prune,-1,60000,60000,990,59871.0002,60000.0,14373,60000,2045,3565
fashion_mnist,euclidean,1.2,robust-prune,-1,60000,60000,991,59871.7164,60000.0,14375,60000,2037,3557
fashion_mnist,euclidean,1.2,robust-prune,-1,60000,60000,992,59872.2568,60000.0,14377,60000,2027,3546
fashion_mnist,euclidean,1.2,robust-prune,-1,60000,60000,993,59873.0332,60000.0,14801,60000,2020,3532
fashion_mnist,euclidean,1.2,robust-prune,-1,60000,60000,994,59873.684,60000.0,14803,60000,2015,3519
fashion_mnist,euclidean,1.2,robust-prune,-1,60000,60000,995,59874.3206,60000.0,14804,60000,2009,3509
fashion_mnist,euclidean,1.2,robust-prune,-1,60000,60000,996,59874.9824,60000.0,14805,60000,2001,3497
fashion_mnist,euclidean,1.2,robust-prune,-1,60000,60000,997,59875.5608,60000.0,14806,60000,1996,3488
fashion_mnist,euclidean,1.2,robust-prune,-1,60000,60000,998,59876.0466,60000.0,14809,60000,1994,3479
fashion_mnist,euclidean,1.2,robust-prune,-1,60000,60000,999,59876.7132,60000.0,14813,60000,1990,3465
fashion_mnist,euclidean,1.2,robust-prune,-1,60000,60000,1000,59877.3906,60000.0,14814,60000,1988,3455
fashion_mnist,euclidean,1.2,robust-prune,-1,60000,60000,1001,59877.9032,60000.0,14815,60000,1981,3442
fashion_mnist,euclidean,1.2,robust-prune,-1,60000,60000,1002,59878.5042,60000.0,14822,60000,1976,3432
fashion_mnist,euclidean,1.2,robust-prune,-1,60000,60000,1003,59878.9646,60000.0,14824,60000,1965,3423
fashion_mnist,euclidean,1.2,robust-prune,-1,60000,60000,1004,59879.8572,60000.0,14825,60000,1958,3411
fashion_mnist,euclidean,1.2,robust-prune,-1,60000,60000,1005,59880.5798,60000.0,14827,60000,1954,3401
fashion_mnist,euclidean,1.2,robust-prune,-1,60000,60000,1006,59881.0468,60000.0,14843,60000,1944,3390
fashion_mnist,euclidean,1.2,robust-prune,-1,60000,60000,1007,59881.7963,60000.0,14844,60000,1934,3381
fashion_mnist,euclidean,1.2,robust-prune,-1,60000,60000,1008,59882.4338,60000.0,14845,60000,1922,3367
fashion_mnist,euclidean,1.2,robust-prune,-1,60000,60000,1009,59883.137,60000.0,14846,60000,1912,3352
fashion_mnist,euclidean,1.2,robust-prune,-1,60000,60000,1010,59883.8704,60000.0,14849,60000,1902,3343
fashion_mnist,euclidean,1.2,robust-prune,-1,60000,60000,1011,59884.7132,60000.0,14851,60000,1890,3329
fashion_mnist,euclidean,1.2,robust-prune,-1,60000,60000,1012,59885.485,60000.0,14854,60000,1883,3314
fashion_mnist,euclidean,1.2,robust-prune,-1,60000,60000,1013,59886.144,60000.0,14855,60000,1875,3306
fashion_mnist,euclidean,1.2,robust-prune,-1,60000,60000,1014,59886.7313,60000.0,14856,60000,1867,3292
fashion_mnist,euclidean,1.2,robust-prune,-1,60000,60000,1015,59887.4213,60000.0,14857,60000,1860,3286
fashion_mnist,euclidean,1.2,robust-prune,-1,60000,60000,1016,59888.0137,60000.0,14859,60000,1850,3279
fashion_mnist,euclidean,1.2,robust-prune,-1,60000,60000,1017,59888.5879,60000.0,14860,60000,1840,3271
fashion_mnist,euclidean,1.2,robust-prune,-1,60000,60000,1018,59889.5247,60000.0,14862,60000,1832,3255
fashion_mnist,euclidean,1.2,robust-prune,-1,60000,60000,1019,59890.0029,60000.0,14868,60000,1827,3250
fashion_mnist,euclidean,1.2,robust-prune,-1,60000,60000,1020,59890.728,60000.0,14869,60000,1815,3242
fashion_mnist,euclidean,1.2,robust-prune,-1,60000,60000,1021,59891.7209,60000.0,14870,60000,1809,3233
fashion_mnist,euclidean,1.2,robust-prune,-1,60000,60000,1022,59892.3734,60000.0,14871,60000,1803,3224
fashion_mnist,euclidean,1.2,robust-prune,-1,60000,60000,1023,59893.0011,60000.0,14872,60000,1797,3218
fashion_mnist,euclidean,1.2,robust-prune,-1,60000,60000,1024,59893.6787,60000.0,14874,60000,1791,3210
fashion_mnist,euclidean,1.2,robust-prune,-1,60000,60000,1025,59894.3692,60000.0,14875,60000,1780,3202
fashion_mnist,euclidean,1.2,robust-prune,-1,60000,60000,1026,59895.1371,60000.0,14877,60000,1776,3194
fashion_mnist,euclidean,1.2,robust-prune,-1,60000,60000,1027,59895.6806,60000.0,14878,60000,1767,3189
fashion_mnist,euclidean,1.2,robust-prune,-1,60000,60000,1028,59896.1288,60000.0,14879,60000,1752,3175
fashion_mnist,euclidean,1.2,robust-prune,-1,60000,60000,1029,59896.6028,60000.0,14880,60000,1745,3168
fashion_mnist,euclidean,1.2,robust-prune,-1,60000,60000,1030,59897.4831,60000.0,14881,60000,1734,3154
fashion_mnist,euclidean,1.2,robust-prune,-1,60000,60000,1031,59898.4721,60000.0,14882,60000,1729,3147
fashion_mnist,euclidean,1.2,robust-prune,-1,60000,60000,1032,59899.0401,60000.0,14883,60000,1726,3141
fashion_mnist,euclidean,1.2,robust-prune,-1,60000,60000,1033,59899.5935,60000.0,14884,60000,1716,3131
fashion_mnist,euclidean,1.2,robust-prune,-1,60000,60000,1034,59900.8011,60000.0,14967,60000,1711,3121
fashion_mnist,euclidean,1.2,robust-prune,-1,60000,60000,1035,59901.4866,60000.0,14969,60000,1701,3107
fashion_mnist,euclidean,1.2,robust-prune,-1,60000,60000,1036,59902.028,60000.0,14971,60000,1695,3102
fashion_mnist,euclidean,1.2,robust-prune,-1,60000,60000,1037,59902.4858,60000.0,14972,60000,1685,3094
fashion_mnist,euclidean,1.2,robust-prune,-1,60000,60000,1038,59903.3324,60000.0,14974,60000,1681,3079
fashion_mnist,euclidean,1.2,robust-prune,-1,60000,60000,1039,59903.9427,60000.0,14978,60000,1677,3067
fashion_mnist,euclidean,1.2,robust-prune,-1,60000,60000,1040,59904.4378,60000.0,14979,60000,1672,3064
fashion_mnist,euclidean,1.2,robust-prune,-1,60000,60000,1041,59904.9541,60000.0,14980,60000,1666,3061
fashion_mnist,euclidean,1.2,robust-prune,-1,60000,60000,1042,59905.8181,60000.0,14981,60000,1658,3054
fashion_mnist,euclidean,1.2,robust-prune,-1,60000,60000,1043,59906.3798,60000.0,14982,60000,1656,3043
fashion_mnist,euclidean,1.2,robust-prune,-1,60000,60000,1044,59907.3492,60000.0,14983,60000,1652,3033
fashion_mnist,euclidean,1.2,robust-prune,-1,60000,60000,1045,59907.8421,60000.0,14984,60000,1645,3025
fashion_mnist,euclidean,1.2,robust-prune,-1,60000,60000,1046,59908.2747,60000.0,14985,60000,1640,3007
fashion_mnist,euclidean,1.2,robust-prune,-1,60000,60000,1047,59908.7529,60000.0,14986,60000,1631,2998
fashion_mnist,euclidean,1.2,robust-prune,-1,60000,60000,1048,59909.2582,60000.0,14987,60000,1625,2985
fashion_mnist,euclidean,1.2,robust-prune,-1,60000,60000,1049,59909.6052,60000.0,14989,60000,1619,2978
fashion_mnist,euclidean,1.2,robust-prune,-1,60000,60000,1050,59910.1926,60000.0,14990,60000,1614,2974
fashion_mnist,euclidean,1.2,robust-prune,-1,60000,60000,1051,59910.5658,60000.0,14991,60000,1610,2972
fashion_mnist,euclidean,1.2,robust-prune,-1,60000,60000,1052,59910.9966,60000.0,15002,60000,1602,2957
fashion_mnist,euclidean,1.2,robust-prune,-1,60000,60000,1053,59911.4087,60000.0,15004,60000,1594,2946
fashion_mnist,euclidean,1.2,robust-prune,-1,60000,60000,1054,59911.9288,60000.0,15005,60000,1592,2939
fashion_mnist,euclidean,1.2,robust-prune,-1,60000,60000,1055,59912.3318,60000.0,15007,60000,1585,2935
fashion_mnist,euclidean,1.2,robust-prune,-1,60000,60000,1056,59912.8273,60000.0,15009,60000,1578,2929
fashion_mnist,euclidean,1.2,robust-prune,-1,60000,60000,1057,59913.2273,60000.0,15010,60000,1572,2919
fashion_mnist,euclidean,1.2,robust-prune,-1,60000,60000,1058,59913.8833,60000.0,15011,60000,1561,2911
fashion_mnist,euclidean,1.2,robust-prune,-1,60000,60000,1059,59914.4217,60000.0,15012,60000,1556,2907
fashion_mnist,euclidean,1.2,robust-prune,-1,60000,60000,1060,59915.0096,60000.0,15013,60000,1555,2903
fashion_mnist,euclidean,1.2,robust-prune,-1,60000,60000,1061,59915.4156,60000.0,15014,60000,1552,2894
fashion_mnist,euclidean,1.2,robust-prune,-1,60000,60000,1062,59916.0046,60000.0,15015,60000,1546,2884
fashion_mnist,euclidean,1.2,robust-prune,-1,60000,60000,1063,59916.3472,60000.0,15016,60000,1541,2875
fashion_mnist,euclidean,1.2,robust-prune,-1,60000,60000,1064,59916.8397,60000.0,15017,60000,1539,2870
fashion_mnist,euclidean,1.2,robust-prune,-1,60000,60000,1065,59917.1953,60000.0,15019,60000,1533,2865
fashion_mnist,euclidean,1.2,robust-prune,-1,60000,60000,1066,59917.4503,60000.0,15020,60000,1528,2858
fashion_mnist,euclidean,1.2,robust-prune,-1,60000,60000,1067,59917.9488,60000.0,15021,60000,1520,2851
fashion_mnist,euclidean,1.2,robust-prune,-1,60000,60000,1068,59918.3091,60000.0,15023,60000,1513,2837
fashion_mnist,euclidean,1.2,robust-prune,-1,60000,60000,1069,59918.9283,60000.0,15027,60000,1508,2824
fashion_mnist,euclidean,1.2,robust-prune,-1,60000,60000,1070,59919.3433,60000.0,15028,60000,1502,2819
fashion_mnist,euclidean,1.2,robust-prune,-1,60000,60000,1071,59919.7548,60000.0,15030,60000,1499,2807
fashion_mnist,euclidean,1.2,robust-prune,-1,60000,60000,1072,59920.4103,60000.0,15044,60000,1494,2799
fashion_mnist,euclidean,1.2,robust-prune,-1,60000,60000,1073,59921.1401,60000.0,15045,60000,1491,2791
fashion_mnist,euclidean,1.2,robust-prune,-1,60000,60000,1074,59921.6716,60000.0,15046,60000,1488,2786
fashion_mnist,euclidean,1.2,robust-prune,-1,60000,60000,1075,59922.0128,60000.0,15047,60000,1481,2780
fashion_mnist,euclidean,1.2,robust-prune,-1,60000,60000,1076,59922.4251,60000.0,15048,60000,1476,2768
fashion_mnist,euclidean,1.2,robust-prune,-1,60000,60000,1077,59923.0806,60000.0,15049,60000,1468,2757
fashion_mnist,euclidean,1.2,robust-prune,-1,60000,60000,1078,59923.532,60000.0,15050,60000,1461,2751
fashion_mnist,euclidean,1.2,robust-prune,-1,60000,60000,1079,59923.8961,60000.0,15058,60000,1457,2747
fashion_mnist,euclidean,1.2,robust-prune,-1,60000,60000,1080,59924.3056,60000.0,15059,60000,1451,2740
fashion_mnist,euclidean,1.2,robust-prune,-1,60000,60000,1081,59924.8164,60000.0,15139,60000,1446,2735
fashion_mnist,euclidean,1.2,robust-prune,-1,60000,60000,1082,59925.1591,60000.0,15140,60000,1443,2725
fashion_mnist,euclidean,1.2,robust-prune,-1,60000,60000,1083,59925.4736,60000.0,15141,60000,1441,2719
fashion_mnist,euclidean,1.2,robust-prune,-1,60000,60000,1084,59925.8248,60000.0,15142,60000,1433,2713
fashion_mnist,euclidean,1.2,robust-prune,-1,60000,60000,1085,59926.4607,60000.0,15145,60000,1427,2707
fashion_mnist,euclidean,1.2,robust-prune,-1,60000,60000,1086,59926.8878,60000.0,15146,60000,1421,2696
fashion_mnist,euclidean,1.2,robust-prune,-1,60000,60000,1087,59927.2207,60000.0,15148,60000,1413,2685
fashion_mnist,euclidean,1.2,robust-prune,-1,60000,60000,1088,59927.5279,60000.0,15151,60000,1410,2676
fashion_mnist,euclidean,1.2,robust-prune,-1,60000,60000,1089,59927.9456,60000.0,15153,60000,1405,2669
fashion_mnist,euclidean,1.2,robust-prune,-1,60000,60000,1090,59928.6474,60000.0,15155,60000,1397,2656
fashion_mnist,euclidean,1.2,robust-prune,-1,60000,60000,1091,59929.1112,60000.0,15156,60000,1388,2652
fashion_mnist,euclidean,1.2,robust-prune,-1,60000,60000,1092,59929.6387,60000.0,15157,60000,1382,2642
fashion_mnist,euclidean,1.2,robust-prune,-1,60000,60000,1093,59930.0113,60000.0,15167,60000,1378,2636
fashion_mnist,euclidean,1.2,robust-prune,-1,60000,60000,1094,59930.412,60000.0,15168,60000,1374,2631
fashion_mnist,euclidean,1.2,robust-prune,-1,60000,60000,1095,59930.7658,60000.0,15176,60000,1365,2620
fashion_mnist,euclidean,1.2,robust-prune,-1,60000,60000,1096,59931.0586,60000.0,15177,60000,1363,2612
fashion_mnist,euclidean,1.2,robust-prune,-1,60000,60000,1097,59931.4967,60000.0,15178,60000,1355,2604
fashion_mnist,euclidean,1.2,robust-prune,-1,60000,60000,1098,59931.8674,60000.0,15179,60000,1351,2599
fashion_mnist,euclidean,1.2,robust-prune,-1,60000,60000,1099,59932.1894,60000.0,15180,60000,1344,2596
fashion_mnist,euclidean,1.2,robust-prune,-1,60000,60000,1100,59932.605,60000.0,15181,60000,1340,2585
fashion_mnist,euclidean,1.2,robust-prune,-1,60000,60000,1101,59933.0519,60000.0,15182,60000,1330,2579
fashion_mnist,euclidean,1.2,robust-prune,-1,60000,60000,1102,59933.6824,60000.0,15191,60000,1324,2573
fashion_mnist,euclidean,1.2,robust-prune,-1,60000,60000,1103,59934.1152,60000.0,15192,60000,1318,2562
fashion_mnist,euclidean,1.2,robust-prune,-1,60000,60000,1104,59934.3674,60000.0,15193,60000,1315,2554
fashion_mnist,euclidean,1.2,robust-prune,-1,60000,60000,1105,59934.7324,60000.0,15194,60000,1312,2546
fashion_mnist,euclidean,1.2,robust-prune,-1,60000,60000,1106,59935.0911,60000.0,15728,60000,1308,2536
fashion_mnist,euclidean,1.2,robust-prune,-1,60000,60000,1107,59935.43,60000.0,15729,60000,1303,2534
fashion_mnist,euclidean,1.2,robust-prune,-1,60000,60000,1108,59935.9272,60000.0,15730,60000,1299,2521
fashion_mnist,euclidean,1.2,robust-prune,-1,60000,60000,1109,59936.1844,60000.0,15731,60000,1295,2508
fashion_mnist,euclidean,1.2,robust-prune,-1,60000,60000,1110,59936.5468,60000.0,15732,60000,1290,2498
fashion_mnist,euclidean,1.2,robust-prune,-1,60000,60000,1111,59936.8691,60000.0,16090,60000,1279,2490
fashion_mnist,euclidean,1.2,robust-prune,-1,60000,60000,1112,59937.2048,60000.0,16092,60000,1276,2484
fashion_mnist,euclidean,1.2,robust-prune,-1,60000,60000,1113,59937.7031,60000.0,16093,60000,1271,2479
fashion_mnist,euclidean,1.2,robust-prune,-1,60000,60000,1114,59938.0083,60000.0,16229,60000,1268,2471
fashion_mnist,euclidean,1.2,robust-prune,-1,60000,60000,1115,59938.4025,60000.0,16230,60000,1263,2466
fashion_mnist,euclidean,1.2,robust-prune,-1,60000,60000,1116,59938.7586,60000.0,16231,60000,1261,2455
fashion_mnist,euclidean,1.2,robust-prune,-1,60000,60000,1117,59939.0078,60000.0,16232,60000,1254,2450
fashion_mnist,euclidean,1.2,robust-prune,-1,60000,60000,1118,59939.3105,60000.0,16234,60000,1246,2441
fashion_mnist,euclidean,1.2,robust-prune,-1,60000,60000,1119,59939.828,60000.0,16235,60000,1243,2434
fashion_mnist,euclidean,1.2,robust-prune,-1,60000,60000,1120,59940.0983,60000.0,16236,60000,1240,2428
fashion_mnist,euclidean,1.2,robust-prune,-1,60000,60000,1121,59940.3318,60000.0,16237,60000,1234,2417
fashion_mnist,euclidean,1.2,robust-prune,-1,60000,60000,1122,59940.5822,60000.0,16238,60000,1226,2414
fashion_mnist,euclidean,1.2,robust-prune,-1,60000,60000,1123,59940.9869,60000.0,16246,60000,1223,2407
fashion_mnist,euclidean,1.2,robust-prune,-1,60000,60000,1124,59941.3247,60000.0,16250,60000,1217,2400
fashion_mnist,euclidean,1.2,robust-prune,-1,60000,60000,1125,59941.5888,60000.0,16408,60000,1212,2391
fashion_mnist,euclidean,1.2,robust-prune,-1,60000,60000,1126,59942.1331,60000.0,16415,60000,1210,2384
fashion_mnist,euclidean,1.2,robust-prune,-1,60000,60000,1127,59942.408,60000.0,16416,60000,1206,2376
fashion_mnist,euclidean,1.2,robust-prune,-1,60000,60000,1128,59942.7001,60000.0,16423,60000,1196,2367
fashion_mnist,euclidean,1.2,robust-prune,-1,60000,60000,1129,59943.0891,60000.0,16424,60000,1191,2359
fashion_mnist,euclidean,1.2,robust-prune,-1,60000,60000,1130,59943.3429,60000.0,16425,60000,1186,2348
fashion_mnist,euclidean,1.2,robust-prune,-1,60000,60000,1131,59943.7191,60000.0,16432,60000,1183,2342
fashion_mnist,euclidean,1.2,robust-prune,-1,60000,60000,1132,59944.1754,60000.0,16434,60000,1179,2332
fashion_mnist,euclidean,1.2,robust-prune,-1,60000,60000,1133,59944.5501,60000.0,16442,60000,1173,2330
fashion_mnist,euclidean,1.2,robust-prune,-1,60000,60000,1134,59944.9804,60000.0,16444,60000,1169,2320
fashion_mnist,euclidean,1.2,robust-prune,-1,60000,60000,1135,59945.2615,60000.0,16445,60000,1165,2312
fashion_mnist,euclidean,1.2,robust-prune,-1,60000,60000,1136,59945.5783,60000.0,16446,60000,1160,2301
fashion_mnist,euclidean,1.2,robust-prune,-1,60000,60000,1137,59945.8298,60000.0,16447,60000,1155,2295
fashion_mnist,euclidean,1.2,robust-prune,-1,60000,60000,1138,59946.0827,60000.0,16448,60000,1153,2287
fashion_mnist,euclidean,1.2,robust-prune,-1,60000,60000,1139,59946.3376,60000.0,16450,60000,1148,2276
fashion_mnist,euclidean,1.2,robust-prune,-1,60000,60000,1140,59946.7437,60000.0,16451,60000,1145,2271
fashion_mnist,euclidean,1.2,robust-prune,-1,60000,60000,1141,59947.1703,60000.0,16479,60000,1136,2260
fashion_mnist,euclidean,1.2,robust-prune,-1,60000,60000,1142,59947.5413,60000.0,16481,60000,1132,2253
fashion_mnist,euclidean,1.2,robust-prune,-1,60000,60000,1143,59947.838,60000.0,16482,60000,1129,2240
fashion_mnist,euclidean,1.2,robust-prune,-1,60000,60000,1144,59948.1083,60000.0,16484,60000,1124,2234
fashion_mnist,euclidean,1.2,robust-prune,-1,60000,60000,1145,59948.3007,60000.0,16585,60000,1119,2228
fashion_mnist,euclidean,1.2,robust-prune,-1,60000,60000,1146,59948.5463,60000.0,16586,60000,1116,2224
fashion_mnist,euclidean,1.2,robust-prune,-1,60000,60000,1147,59949.0415,60000.0,16598,60000,1112,2219
fashion_mnist,euclidean,1.2,robust-prune,-1,60000,60000,1148,59949.2603,60000.0,16600,60000,1109,2212
fashion_mnist,euclidean,1.2,robust-prune,-1,60000,60000,1149,59949.4998,60000.0,16614,60000,1105,2200
fashion_mnist,euclidean,1.2,robust-prune,-1,60000,60000,1150,59949.739,60000.0,16952,60000,1103,2193
fashion_mnist,euclidean,1.2,robust-prune,-1,60000,60000,1151,59950.0363,60000.0,16953,60000,1099,2188
fashion_mnist,euclidean,1.2,robust-prune,-1,60000,60000,1152,59950.3493,60000.0,16954,60000,1096,2182
fashion_mnist,euclidean,1.2,robust-prune,-1,60000,60000,1153,59950.8129,60000.0,16955,60000,1090,2177
fashion_mnist,euclidean,1.2,robust-prune,-1,60000,60000,1154,59951.093,60000.0,16956,60000,1084,2165
fashion_mnist,euclidean,1.2,robust-prune,-1,60000,60000,1155,59951.3445,60000.0,16957,60000,1081,2156
fashion_mnist,euclidean,1.2,robust-prune,-1,60000,60000,1156,59951.5456,60000.0,16961,60000,1076,2145
fashion_mnist,euclidean,1.2,robust-prune,-1,60000,60000,1157,59951.8339,60000.0,16963,60000,1069,2138
fashion_mnist,euclidean,1.2,robust-prune,-1,60000,60000,1158,59952.0486,60000.0,16971,60000,1067,2133
fashion_mnist,euclidean,1.2,robust-prune,-1,60000,60000,1159,59952.3212,60000.0,16972,60000,1066,2123
fashion_mnist,euclidean,1.2,robust-prune,-1,60000,60000,1160,59952.8849,60000.0,16974,60000,1064,2110
fashion_mnist,euclidean,1.2,robust-prune,-1,60000,60000,1161,59953.1056,60000.0,16975,60000,1059,2105
fashion_mnist,euclidean,1.2,robust-prune,-1,60000,60000,1162,59953.3775,60000.0,16976,60000,1056,2102
fashion_mnist,euclidean,1.2,robust-prune,-1,60000,60000,1163,59953.6236,60000.0,16978,60000,1052,2097
fashion_mnist,euclidean,1.2,robust-prune,-1,60000,60000,1164,59954.0922,60000.0,16988,60000,1046,2092
fashion_mnist,euclidean,1.2,robust-prune,-1,60000,60000,1165,59954.3999,60000.0,16994,60000,1041,2080
fashion_mnist,euclidean,1.2,robust-prune,-1,60000,60000,1166,59954.755,60000.0,16995,60000,1039,2075
fashion_mnist,euclidean,1.2,robust-prune,-1,60000,60000,1167,59955.0315,60000.0,16996,60000,1030,2068
fashion_mnist,euclidean,1.2,robust-prune,-1,60000,60000,1168,59955.21,60000.0,16997,60000,1029,2062
fashion_mnist,euclidean,1.2,robust-prune,-1,60000,60000,1169,59955.4098,60000.0,16998,60000,1026,2055
fashion_mnist,euclidean,1.2,robust-prune,-1,60000,60000,1170,59955.656,60000.0,17009,60000,1025,2049
fashion_mnist,euclidean,1.2,robust-prune,-1,60000,60000,1171,59955.8935,60000.0,17010,60000,1020,2046
fashion_mnist,euclidean,1.2,robust-prune,-1,60000,60000,1172,59956.1245,60000.0,17011,60000,1014,2040
fashion_mnist,euclidean,1.2,robust-prune,-1,60000,60000,1173,59956.378,60000.0,17017,60000,1011,2036
fashion_mnist,euclidean,1.2,robust-prune,-1,60000,60000,1174,59956.6667,60000.0,17019,60000,1003,2028
fashion_mnist,euclidean,1.2,robust-prune,-1,60000,60000,1175,59956.893,60000.0,17020,60000,999,2023
fashion_mnist,euclidean,1.2,robust-prune,-1,60000,60000,1176,59957.1299,60000.0,17021,60000,995,2018
fashion_mnist,euclidean,1.2,robust-prune,-1,60000,60000,1177,59957.3598,60000.0,17953,60000,989,2012
fashion_mnist,euclidean,1.2,robust-prune,-1,60000,60000,1178,59957.6746,60000.0,17955,60000,982,2006
fashion_mnist,euclidean,1.2,robust-prune,-1,60000,60000,1179,59957.9285,60000.0,17956,60000,980,1997
fashion_mnist,euclidean,1.2,robust-prune,-1,60000,60000,1180,59958.253,60000.0,17957,60000,978,1992
fashion_mnist,euclidean,1.2,robust-prune,-1,60000,60000,1181,59958.5077,60000.0,17958,60000,973,1986
fashion_mnist,euclidean,1.2,robust-prune,-1,60000,60000,1182,59958.6764,60000.0,17959,60000,971,1978
fashion_mnist,euclidean,1.2,robust-prune,-1,60000,60000,1183,59958.8854,60000.0,17960,60000,966,1974
fashion_mnist,euclidean,1.2,robust-prune,-1,60000,60000,1184,59959.027,60000.0,17961,60000,961,1965
fashion_mnist,euclidean,1.2,robust-prune,-1,60000,60000,1185,59959.2948,60000.0,17963,60000,958,1960
fashion_mnist,euclidean,1.2,robust-prune,-1,60000,60000,1186,59959.5912,60000.0,17964,60000,955,1951
fashion_mnist,euclidean,1.2,robust-prune,-1,60000,60000,1187,59959.9383,60000.0,17965,60000,950,1946
fashion_mnist,euclidean,1.2,robust-prune,-1,60000,60000,1188,59960.2075,60000.0,17967,60000,948,1940
fashion_mnist,euclidean,1.2,robust-prune,-1,60000,60000,1189,59960.434,60000.0,17968,60000,945,1937
fashion_mnist,euclidean,1.2,robust-prune,-1,60000,60000,1190,59960.6316,60000.0,17969,60000,942,1924
fashion_mnist,euclidean,1.2,robust-prune,-1,60000,60000,1191,59960.853,60000.0,17970,60000,939,1918
fashion_mnist,euclidean,1.2,robust-prune,-1,60000,60000,1192,59961.0126,60000.0,17971,60000,936,1916
fashion_mnist,euclidean,1.2,robust-prune,-1,60000,60000,1193,59961.1989,60000.0,17973,60000,934,1908
fashion_mnist,euclidean,1.2,robust-prune,-1,60000,60000,1194,59961.5157,60000.0,17975,60000,928,1901
fashion_mnist,euclidean,1.2,robust-prune,-1,60000,60000,1195,59961.7018,60000.0,17976,60000,927,1898
fashion_mnist,euclidean,1.2,robust-prune,-1,60000,60000,1196,59961.938,60000.0,17977,60000,922,1891
fashion_mnist,euclidean,1.2,robust-prune,-1,60000,60000,1197,59962.1027,60000.0,17978,60000,918,1882
fashion_mnist,euclidean,1.2,robust-prune,-1,60000,60000,1198,59962.4414,60000.0,17979,60000,916,1876
fashion_mnist,euclidean,1.2,robust-prune,-1,60000,60000,1199,59962.7369,60000.0,17980,60000,914,1867
fashion_mnist,euclidean,1.2,robust-prune,-1,60000,60000,1200,59962.9914,60000.0,17987,60000,909,1862
fashion_mnist,euclidean,1.2,robust-prune,-1,60000,60000,1201,59963.286,60000.0,17988,60000,908,1857
fashion_mnist,euclidean,1.2,robust-prune,-1,60000,60000,1202,59963.4166,60000.0,17991,60000,902,1852
fashion_mnist,euclidean,1.2,robust-prune,-1,60000,60000,1203,59963.6659,60000.0,17992,60000,899,1848
fashion_mnist,euclidean,1.2,robust-prune,-1,60000,60000,1204,59963.9409,60000.0,17993,60000,897,1841
fashion_mnist,euclidean,1.2,robust-prune,-1,60000,60000,1205,59964.2029,60000.0,17994,60000,893,1837
fashion_mnist,euclidean,1.2,robust-prune,-1,60000,60000,1206,59964.3675,60000.0,17995,60000,890,1830
fashion_mnist,euclidean,1.2,robust-prune,-1,60000,60000,1207,59964.6906,60000.0,17996,60000,887,1824
fashion_mnist,euclidean,1.2,robust-prune,-1,60000,60000,1208,59964.8741,60000.0,17997,60000,883,1815
fashion_mnist,euclidean,1.2,robust-prune,-1,60000,60000,1209,59965.1181,60000.0,18005,60000,878,1808
fashion_mnist,euclidean,1.2,robust-prune,-1,60000,60000,1210,59965.3494,60000.0,18006,60000,874,1802
fashion_mnist,euclidean,1.2,robust-prune,-1,60000,60000,1211,59965.5282,60000.0,18007,60000,871,1796
fashion_mnist,euclidean,1.2,robust-prune,-1,60000,60000,1212,59965.7581,60000.0,18008,60000,867,1792
fashion_mnist,euclidean,1.2,robust-prune,-1,60000,60000,1213,59965.9156,60000.0,18009,60000,861,1781
fashion_mnist,euclidean,1.2,robust-prune,-1,60000,60000,1214,59966.0998,60000.0,18010,60000,858,1776
fashion_mnist,euclidean,1.2,robust-prune,-1,60000,60000,1215,59966.4435,60000.0,18034,60000,856,1772
fashion_mnist,euclidean,1.2,robust-prune,-1,60000,60000,1216,59966.6439,60000.0,18035,60000,853,1767
fashion_mnist,euclidean,1.2,robust-prune,-1,60000,60000,1217,59966.8166,60000.0,18036,60000,849,1765
fashion_mnist,euclidean,1.2,robust-prune,-1,60000,60000,1218,59967.062,60000.0,18039,60000,842,1755
fashion_mnist,euclidean,1.2,robust-prune,-1,60000,60000,1219,59967.3189,60000.0,18040,60000,840,1752
fashion_mnist,euclidean,1.2,robust-prune,-1,60000,60000,1220,59967.5363,60000.0,18042,60000,837,1749
fashion_mnist,euclidean,1.2,robust-prune,-1,60000,60000,1221,59967.7978,60000.0,18043,60000,837,1743
fashion_mnist,euclidean,1.2,robust-prune,-1,60000,60000,1222,59968.0791,60000.0,18044,60000,831,1740
fashion_mnist,euclidean,1.2,robust-prune,-1,60000,60000,1223,59968.3465,60000.0,18045,60000,828,1728
fashion_mnist,euclidean,1.2,robust-prune,-1,60000,60000,1224,59968.6048,60000.0,18048,60000,826,1717
fashion_mnist,euclidean,1.2,robust-prune,-1,60000,60000,1225,59968.9581,60000.0,18050,60000,821,1712
fashion_mnist,euclidean,1.2,robust-prune,-1,60000,60000,1226,59969.1562,60000.0,18051,60000,815,1708
fashion_mnist,euclidean,1.2,robust-prune,-1,60000,60000,1227,59969.3492,60000.0,18052,60000,811,1702
fashion_mnist,euclidean,1.2,robust-prune,-1,60000,60000,1228,59969.5041,60000.0,18061,60000,809,1694
fashion_mnist,euclidean,1.2,robust-prune,-1,60000,60000,1229,59969.625,60000.0,18070,60000,806,1690
fashion_mnist,euclidean,1.2,robust-prune,-1,60000,60000,1230,59969.8274,60000.0,18071,60000,799,1683
fashion_mnist,euclidean,1.2,robust-prune,-1,60000,60000,1231,59970.0353,60000.0,18073,60000,796,1673
fashion_mnist,euclidean,1.2,robust-prune,-1,60000,60000,1232,59970.182,60000.0,18075,60000,794,1667
fashion_mnist,euclidean,1.2,robust-prune,-1,60000,60000,1233,59970.2826,60000.0,18076,60000,790,1660
fashion_mnist,euclidean,1.2,robust-prune,-1,60000,60000,1234,59970.4982,60000.0,18077,60000,783,1657
fashion_mnist,euclidean,1.2,robust-prune,-1,60000,60000,1235,59970.7881,60000.0,18078,60000,780,1650
fashion_mnist,euclidean,1.2,robust-prune,-1,60000,60000,1236,59970.9119,60000.0,18079,60000,775,1647
fashion_mnist,euclidean,1.2,robust-prune,-1,60000,60000,1237,59971.1078,60000.0,18243,60000,771,1639
fashion_mnist,euclidean,1.2,robust-prune,-1,60000,60000,1238,59971.2322,60000.0,18244,60000,764,1631
fashion_mnist,euclidean,1.2,robust-prune,-1,60000,60000,1239,59971.4344,60000.0,18377,60000,758,1619
fashion_mnist,euclidean,1.2,robust-prune,-1,60000,60000,1240,59971.5951,60000.0,18383,60000,756,1617
fashion_mnist,euclidean,1.2,robust-prune,-1,60000,60000,1241,59971.9288,60000.0,18384,60000,752,1610
fashion_mnist,euclidean,1.2,robust-prune,-1,60000,60000,1242,59972.1877,60000.0,18390,60000,750,1603
fashion_mnist,euclidean,1.2,robust-prune,-1,60000,60000,1243,59972.458,60000.0,20441,60000,743,1594
fashion_mnist,euclidean,1.2,robust-prune,-1,60000,60000,1244,59972.5976,60000.0,20444,60000,741,1591
fashion_mnist,euclidean,1.2,robust-prune,-1,60000,60000,1245,59972.7969,60000.0,20445,60000,736,1584
fashion_mnist,euclidean,1.2,robust-prune,-1,60000,60000,1246,59972.9647,60000.0,20448,60000,733,1581
fashion_mnist,euclidean,1.2,robust-prune,-1,60000,60000,1247,59973.1781,60000.0,20449,60000,732,1575
fashion_mnist,euclidean,1.2,robust-prune,-1,60000,60000,1248,59973.3939,60000.0,20454,60000,727,1568
fashion_mnist,euclidean,1.2,robust-prune,-1,60000,60000,1249,59973.5129,60000.0,20455,60000,723,1564
fashion_mnist,euclidean,1.2,robust-prune,-1,60000,60000,1250,59973.8594,60000.0,20456,60000,722,1560
fashion_mnist,euclidean,1.2,robust-prune,-1,60000,60000,1251,59974.0434,60000.0,20457,60000,719,1557
fashion_mnist,euclidean,1.2,robust-prune,-1,60000,60000,1252,59974.2074,60000.0,20474,60000,716,1548
fashion_mnist,euclidean,1.2,robust-prune,-1,60000,60000,1253,59974.6085,60000.0,20475,60000,713,1540
fashion_mnist,euclidean,1.2,robust-prune,-1,60000,60000,1254,59974.7567,60000.0,20481,60000,711,1536
fashion_mnist,euclidean,1.2,robust-prune,-1,60000,60000,1255,59974.901,60000.0,20483,60000,708,1532
fashion_mnist,euclidean,1.2,robust-prune,-1,60000,60000,1256,59975.2117,60000.0,20484,60000,707,1528
fashion_mnist,euclidean,1.2,robust-prune,-1,60000,60000,1257,59975.4212,60000.0,20485,60000,704,1522
fashion_mnist,euclidean,1.2,robust-prune,-1,60000,60000,1258,59975.5811,60000.0,20654,60000,701,1519
fashion_mnist,euclidean,1.2,robust-prune,-1,60000,60000,1259,59975.7693,60000.0,20655,60000,700,1515
fashion_mnist,euclidean,1.2,robust-prune,-1,60000,60000,1260,59976.1923,60000.0,25435,60000,697,1506
fashion_mnist,euclidean,1.2,robust-prune,-1,60000,60000,1261,59976.326,60000.0,25436,60000,694,1497
fashion_mnist,euclidean,1.2,robust-prune,-1,60000,60000,1262,59976.4836,60000.0,25437,60000,692,1493
fashion_mnist,euclidean,1.2,robust-prune,-1,60000,60000,1263,59976.6318,60000.0,25438,60000,688,1488
fashion_mnist,euclidean,1.2,robust-prune,-1,60000,60000,1264,59976.8786,60000.0,25439,60000,686,1480
fashion_mnist,euclidean,1.2,robust-prune,-1,60000,60000,1265,59977.0095,60000.0,25440,60000,682,1473
fashion_mnist,euclidean,1.2,robust-prune,-1,60000,60000,1266,59977.1028,60000.0,25441,60000,675,1466
fashion_mnist,euclidean,1.2,robust-prune,-1,60000,60000,1267,59977.1805,60000.0,25442,60000,668,1464
fashion_mnist,euclidean,1.2,robust-prune,-1,60000,60000,1268,59977.332,60000.0,25443,60000,663,1457
fashion_mnist,euclidean,1.2,robust-prune,-1,60000,60000,1269,59977.5476,60000.0,25578,60000,661,1452
fashion_mnist,euclidean,1.2,robust-prune,-1,60000,60000,1270,59977.6718,60000.0,25579,60000,659,1449
fashion_mnist,euclidean,1.2,robust-prune,-1,60000,60000,1271,59977.8106,60000.0,25581,60000,654,1448
fashion_mnist,euclidean,1.2,robust-prune,-1,60000,60000,1272,59977.9088,60000.0,25582,60000,648,1443
fashion_mnist,euclidean,1.2,robust-prune,-1,60000,60000,1273,59978.0502,60000.0,25583,60000,644,1440
fashion_mnist,euclidean,1.2,robust-prune,-1,60000,60000,1274,59978.1851,60000.0,25588,60000,642,1436
fashion_mnist,euclidean,1.2,robust-prune,-1,60000,60000,1275,59978.4161,60000.0,25589,60000,638,1433
fashion_mnist,euclidean,1.2,robust-prune,-1,60000,60000,1276,59978.5478,60000.0,25590,60000,633,1430
fashion_mnist,euclidean,1.2,robust-prune,-1,60000,60000,1277,59978.6678,60000.0,25591,60000,629,1427
fashion_mnist,euclidean,1.2,robust-prune,-1,60000,60000,1278,59978.8229,60000.0,25592,60000,625,1420
fashion_mnist,euclidean,1.2,robust-prune,-1,60000,60000,1279,59979.0071,60000.0,25593,60000,623,1417
fashion_mnist,euclidean,1.2,robust-prune,-1,60000,60000,1280,59979.2312,60000.0,25594,60000,621,1415
fashion_mnist,euclidean,1.2,robust-prune,-1,60000,60000,1281,59979.3552,60000.0,25597,60000,620,1409
fashion_mnist,euclidean,1.2,robust-prune,-1,60000,60000,1282,59979.4958,60000.0,25651,60000,619,1402
fashion_mnist,euclidean,1.2,robust-prune,-1,60000,60000,1283,59979.5959,60000.0,25652,60000,613,1399
fashion_mnist,euclidean,1.2,robust-prune,-1,60000,60000,1284,59979.8439,60000.0,25653,60000,609,1396
fashion_mnist,euclidean,1.2,robust-prune,-1,60000,60000,1285,59979.94,60000.0,25654,60000,605,1391
fashion_mnist,euclidean,1.2,robust-prune,-1,60000,60000,1286,59980.078,60000.0,25655,60000,600,1386
fashion_mnist,euclidean,1.2,robust-prune,-1,60000,60000,1287,59980.1857,60000.0,25656,60000,595,1377
fashion_mnist,euclidean,1.2,robust-prune,-1,60000,60000,1288,59980.3933,60000.0,25657,60000,593,1371
fashion_mnist,euclidean,1.2,robust-prune,-1,60000,60000,1289,59980.6513,60000.0,25658,60000,592,1368
fashion_mnist,euclidean,1.2,robust-prune,-1,60000,60000,1290,59980.7612,60000.0,25661,60000,588,1364
fashion_mnist,euclidean,1.2,robust-prune,-1,60000,60000,1291,59980.903,60000.0,25662,60000,587,1359
fashion_mnist,euclidean,1.2,robust-prune,-1,60000,60000,1292,59981.0061,60000.0,25663,60000,581,1355
fashion_mnist,euclidean,1.2,robust-prune,-1,60000,60000,1293,59981.0974,60000.0,25664,60000,580,1349
fashion_mnist,euclidean,1.2,robust-prune,-1,60000,60000,1294,59981.1885,60000.0,25665,60000,580,1341
fashion_mnist,euclidean,1.2,robust-prune,-1,60000,60000,1295,59981.2962,60000.0,25666,60000,577,1335
fashion_mnist,euclidean,1.2,robust-prune,-1,60000,60000,1296,59981.4113,60000.0,25667,60000,574,1329
fashion_mnist,euclidean,1.2,robust-prune,-1,60000,60000,1297,59981.5233,60000.0,25668,60000,569,1322
fashion_mnist,euclidean,1.2,robust-prune,-1,60000,60000,1298,59981.6699,60000.0,25669,60000,563,1316
fashion_mnist,euclidean,1.2,robust-prune,-1,60000,60000,1299,59981.8072,60000.0,25670,60000,561,1312
fashion_mnist,euclidean,1.2,robust-prune,-1,60000,60000,1300,59981.8768,60000.0,25671,60000,558,1304
fashion_mnist,euclidean,1.2,robust-prune,-1,60000,60000,1301,59981.9742,60000.0,25672,60000,552,1300
fashion_mnist,euclidean,1.2,robust-prune,-1,60000,60000,1302,59982.0864,60000.0,25673,60000,552,1297
fashion_mnist,euclidean,1.2,robust-prune,-1,60000,60000,1303,59982.2092,60000.0,25711,60000,551,1295
fashion_mnist,euclidean,1.2,robust-prune,-1,60000,60000,1304,59982.329,60000.0,25712,60000,549,1286
fashion_mnist,euclidean,1.2,robust-prune,-1,60000,60000,1305,59982.4062,60000.0,25715,60000,547,1283
fashion_mnist,euclidean,1.2,robust-prune,-1,60000,60000,1306,59982.4972,60000.0,25717,60000,546,1275
fashion_mnist,euclidean,1.2,robust-prune,-1,60000,60000,1307,59982.7603,60000.0,35786,60000,546,1273
fashion_mnist,euclidean,1.2,robust-prune,-1,60000,60000,1308,59982.9312,60000.0,35787,60000,543,1267
fashion_mnist,euclidean,1.2,robust-prune,-1,60000,60000,1309,59983.0796,60000.0,35789,60000,538,1262
fashion_mnist,euclidean,1.2,robust-prune,-1,60000,60000,1310,59983.1769,60000.0,35790,60000,536,1255
fashion_mnist,euclidean,1.2,robust-prune,-1,60000,60000,1311,59983.2958,60000.0,35793,60000,533,1252
fashion_mnist,euclidean,1.2,robust-prune,-1,60000,60000,1312,59983.4348,60000.0,35794,60000,533,1250
fashion_mnist,euclidean,1.2,robust-prune,-1,60000,60000,1313,59983.5368,60000.0,35795,60000,531,1246
fashion_mnist,euclidean,1.2,robust-prune,-1,60000,60000,1314,59983.6223,60000.0,35796,60000,524,1242
fashion_mnist,euclidean,1.2,robust-prune,-1,60000,60000,1315,59983.7134,60000.0,35797,60000,519,1237
fashion_mnist,euclidean,1.2,robust-prune,-1,60000,60000,1316,59983.7915,60000.0,35798,60000,516,1236
fashion_mnist,euclidean,1.2,robust-prune,-1,60000,60000,1317,59983.8617,60000.0,35799,60000,513,1228
fashion_mnist,euclidean,1.2,robust-prune,-1,60000,60000,1318,59983.9897,60000.0,35800,60000,511,1224
fashion_mnist,euclidean,1.2,robust-prune,-1,60000,60000,1319,59984.094,60000.0,35801,60000,507,1218
fashion_mnist,euclidean,1.2,robust-prune,-1,60000,60000,1320,59984.168,60000.0,35802,60000,504,1212
fashion_mnist,euclidean,1.2,robust-prune,-1,60000,60000,1321,59984.3164,60000.0,35803,60000,502,1211
fashion_mnist,euclidean,1.2,robust-prune,-1,60000,60000,1322,59984.3904,60000.0,35804,60000,498,1208
fashion_mnist,euclidean,1.2,robust-prune,-1,60000,60000,1323,59984.495,60000.0,35813,60000,496,1207
fashion_mnist,euclidean,1.2,robust-prune,-1,60000,60000,1324,59984.5774,60000.0,35814,60000,495,1202
fashion_mnist,euclidean,1.2,robust-prune,-1,60000,60000,1325,59984.736,60000.0,35815,60000,494,1198
fashion_mnist,euclidean,1.2,robust-prune,-1,60000,60000,1326,59984.8919,60000.0,35816,60000,492,1193
fashion_mnist,euclidean,1.2,robust-prune,-1,60000,60000,1327,59984.9992,60000.0,35817,60000,491,1188
fashion_mnist,euclidean,1.2,robust-prune,-1,60000,60000,1328,59985.0839,60000.0,35818,60000,490,1181
fashion_mnist,euclidean,1.2,robust-prune,-1,60000,60000,1329,59985.2268,60000.0,35820,60000,487,1174
fashion_mnist,euclidean,1.2,robust-prune,-1,60000,60000,1330,59985.2922,60000.0,35821,60000,487,1170
fashion_mnist,euclidean,1.2,robust-prune,-1,60000,60000,1331,59985.4234,60000.0,35823,60000,484,1165
fashion_mnist,euclidean,1.2,robust-prune,-1,60000,60000,1332,59985.5322,60000.0,35824,60000,483,1161
fashion_mnist,euclidean,1.2,robust-prune,-1,60000,60000,1333,59985.6066,60000.0,35825,60000,479,1158
fashion_mnist,euclidean,1.2,robust-prune,-1,60000,60000,1334,59985.6852,60000.0,35828,60000,476,1153
fashion_mnist,euclidean,1.2,robust-prune,-1,60000,60000,1335,59985.7707,60000.0,35830,60000,473,1149
fashion_mnist,euclidean,1.2,robust-prune,-1,60000,60000,1336,59985.8555,60000.0,35846,60000,470,1144
fashion_mnist,euclidean,1.2,robust-prune,-1,60000,60000,1337,59985.9449,60000.0,35847,60000,468,1143
fashion_mnist,euclidean,1.2,robust-prune,-1,60000,60000,1338,59986.0322,60000.0,35848,60000,464,1141
fashion_mnist,euclidean,1.2,robust-prune,-1,60000,60000,1339,59986.2142,60000.0,35849,60000,463,1138
fashion_mnist,euclidean,1.2,robust-prune,-1,60000,60000,1340,59986.303,60000.0,35886,60000,461,1133
fashion_mnist,euclidean,1.2,robust-prune,-1,60000,60000,1341,59986.5007,60000.0,35887,60000,460,1129
fashion_mnist,euclidean,1.2,robust-prune,-1,60000,60000,1342,59986.58,60000.0,35888,60000,458,1129
fashion_mnist,euclidean,1.2,robust-prune,-1,60000,60000,1343,59986.6682,60000.0,35889,60000,454,1127
fashion_mnist,euclidean,1.2,robust-prune,-1,60000,60000,1344,59986.7609,60000.0,35892,60000,448,1119
fashion_mnist,euclidean,1.2,robust-prune,-1,60000,60000,1345,59986.8017,60000.0,35893,60000,447,1116
fashion_mnist,euclidean,1.2,robust-prune,-1,60000,60000,1346,59986.9051,60000.0,35894,60000,447,1113
fashion_mnist,euclidean,1.2,robust-prune,-1,60000,60000,1347,59987.0178,60000.0,35895,60000,445,1110
fashion_mnist,euclidean,1.2,robust-prune,-1,60000,60000,1348,59987.109,60000.0,35896,60000,443,1108
fashion_mnist,euclidean,1.2,robust-prune,-1,60000,60000,1349,59987.257,60000.0,38164,60000,442,1100
fashion_mnist,euclidean,1.2,robust-prune,-1,60000,60000,1350,59987.35,60000.0,38165,60000,441,1099
fashion_mnist,euclidean,1.2,robust-prune,-1,60000,60000,1351,59987.4076,60000.0,38170,60000,439,1095
fashion_mnist,euclidean,1.2,robust-prune,-1,60000,60000,1352,59987.4474,60000.0,38171,60000,436,1092
fashion_mnist,euclidean,1.2,robust-prune,-1,60000,60000,1353,59987.539,60000.0,38172,60000,433,1086
fashion_mnist,euclidean,1.2,robust-prune,-1,60000,60000,1354,59987.6232,60000.0,38180,60000,430,1084
fashion_mnist,euclidean,1.2,robust-prune,-1,60000,60000,1355,59987.7328,60000.0,38181,60000,426,1080
fashion_mnist,euclidean,1.2,robust-prune,-1,60000,60000,1356,59987.8398,60000.0,38206,60000,423,1076
fashion_mnist,euclidean,1.2,robust-prune,-1,60000,60000,1357,59987.8997,60000.0,38207,60000,417,1072
fashion_mnist,euclidean,1.2,robust-prune,-1,60000,60000,1358,59988.0373,60000.0,38208,60000,416,1068
fashion_mnist,euclidean,1.2,robust-prune,-1,60000,60000,1359,59988.1399,60000.0,38210,60000,412,1061
fashion_mnist,euclidean,1.2,robust-prune,-1,60000,60000,1360,59988.199,60000.0,38211,60000,410,1053
fashion_mnist,euclidean,1.2,robust-prune,-1,60000,60000,1361,59988.2602,60000.0,38213,60000,409,1051
fashion_mnist,euclidean,1.2,robust-prune,-1,60000,60000,1362,59988.3286,60000.0,38214,60000,404,1050
fashion_mnist,euclidean,1.2,robust-prune,-1,60000,60000,1363,59988.4326,60000.0,38216,60000,403,1048
fashion_mnist,euclidean,1.2,robust-prune,-1,60000,60000,1364,59988.4852,60000.0,38217,60000,400,1043
fashion_mnist,euclidean,1.2,robust-prune,-1,60000,60000,1365,59988.557,60000.0,38218,60000,400,1037
fashion_mnist,euclidean,1.2,robust-prune,-1,60000,60000,1366,59988.62,60000.0,38220,60000,398,1035
fashion_mnist,euclidean,1.2,robust-prune,-1,60000,60000,1367,59988.6944,60000.0,38221,60000,395,1032
fashion_mnist,euclidean,1.2,robust-prune,-1,60000,60000,1368,59988.7962,60000.0,38223,60000,394,1028
fashion_mnist,euclidean,1.2,robust-prune,-1,60000,60000,1369,59988.8496,60000.0,38254,60000,392,1024
fashion_mnist,euclidean,1.2,robust-prune,-1,60000,60000,1370,59988.8966,60000.0,38255,60000,389,1022
fashion_mnist,euclidean,1.2,robust-prune,-1,60000,60000,1371,59988.9495,60000.0,38256,60000,387,1020
fashion_mnist,euclidean,1.2,robust-prune,-1,60000,60000,1372,59989.0016,60000.0,38257,60000,386,1015
fashion_mnist,euclidean,1.2,robust-prune,-1,60000,60000,1373,59989.0879,60000.0,38260,60000,384,1013
fashion_mnist,euclidean,1.2,robust-prune,-1,60000,60000,1374,59989.1595,60000.0,38272,60000,383,1011
fashion_mnist,euclidean,1.2,robust-prune,-1,60000,60000,1375,59989.2706,60000.0,38273,60000,382,1005
fashion_mnist,euclidean,1.2,robust-prune,-1,60000,60000,1376,59989.3419,60000.0,38274,60000,379,997
fashion_mnist,euclidean,1.2,robust-prune,-1,60000,60000,1377,59989.4104,60000.0,38276,60000,377,993
fashion_mnist,euclidean,1.2,robust-prune,-1,60000,60000,1378,59989.5458,60000.0,38277,60000,375,993
fashion_mnist,euclidean,1.2,robust-prune,-1,60000,60000,1379,59989.6098,60000.0,38278,60000,373,990
fashion_mnist,euclidean,1.2,robust-prune,-1,60000,60000,1380,59989.6721,60000.0,38279,60000,369,989
fashion_mnist,euclidean,1.2,robust-prune,-1,60000,60000,1381,59989.7363,60000.0,38280,60000,368,985
fashion_mnist,euclidean,1.2,robust-prune,-1,60000,60000,1382,59989.8009,60000.0,38281,60000,365,983
fashion_mnist,euclidean,1.2,robust-prune,-1,60000,60000,1383,59989.8522,60000.0,38282,60000,363,980
fashion_mnist,euclidean,1.2,robust-prune,-1,60000,60000,1384,59989.9316,60000.0,38629,60000,362,975
fashion_mnist,euclidean,1.2,robust-prune,-1,60000,60000,1385,59989.9837,60000.0,38630,60000,361,973
fashion_mnist,euclidean,1.2,robust-prune,-1,60000,60000,1386,59990.054,60000.0,38631,60000,359,968
fashion_mnist,euclidean,1.2,robust-prune,-1,60000,60000,1387,59990.125,60000.0,38674,60000,355,963
fashion_mnist,euclidean,1.2,robust-prune,-1,60000,60000,1388,59990.1911,60000.0,38675,60000,355,956
fashion_mnist,euclidean,1.2,robust-prune,-1,60000,60000,1389,59990.3036,60000.0,38676,60000,353,953
fashion_mnist,euclidean,1.2,robust-prune,-1,60000,60000,1390,59990.3718,60000.0,38677,60000,352,951
fashion_mnist,euclidean,1.2,robust-prune,-1,60000,60000,1391,59990.4714,60000.0,38680,60000,351,950
fashion_mnist,euclidean,1.2,robust-prune,-1,60000,60000,1392,59990.5163,60000.0,38766,60000,349,945
fashion_mnist,euclidean,1.2,robust-prune,-1,60000,60000,1393,59990.5683,60000.0,38767,60000,347,942
fashion_mnist,euclidean,1.2,robust-prune,-1,60000,60000,1394,59990.6224,60000.0,38768,60000,343,939
fashion_mnist,euclidean,1.2,robust-prune,-1,60000,60000,1395,59990.6809,60000.0,38769,60000,341,936
fashion_mnist,euclidean,1.2,robust-prune,-1,60000,60000,1396,59990.7274,60000.0,38770,60000,338,933
fashion_mnist,euclidean,1.2,robust-prune,-1,60000,60000,1397,59990.7746,60000.0,38771,60000,336,931
fashion_mnist,euclidean,1.2,robust-prune,-1,60000,60000,1398,59990.8157,60000.0,38772,60000,336,928
fashion_mnist,euclidean,1.2,robust-prune,-1,60000,60000,1399,59990.8609,60000.0,38773,60000,336,925
fashion_mnist,euclidean,1.2,robust-prune,-1,60000,60000,1400,59990.9832,60000.0,38775,60000,334,924
fashion_mnist,euclidean,1.2,robust-prune,-1,60000,60000,1401,59991.0681,60000.0,38776,60000,332,921
fashion_mnist,euclidean,1.2,robust-prune,-1,60000,60000,1402,59991.1198,60000.0,38777,60000,329,918
fashion_mnist,euclidean,1.2,robust-prune,-1,60000,60000,1403,59991.178,60000.0,38778,60000,326,918
fashion_mnist,euclidean,1.2,robust-prune,-1,60000,60000,1404,59991.2506,60000.0,38779,60000,323,917
fashion_mnist,euclidean,1.2,robust-prune,-1,60000,60000,1405,59991.3384,60000.0,38780,60000,321,916
fashion_mnist,euclidean,1.2,robust-prune,-1,60000,60000,1406,59991.38,60000.0,38781,60000,320,916
fashion_mnist,euclidean,1.2,robust-prune,-1,60000,60000,1407,59991.4198,60000.0,38783,60000,318,912
fashion_mnist,euclidean,1.2,robust-prune,-1,60000,60000,1408,59991.5169,60000.0,38784,60000,318,907
fashion_mnist,euclidean,1.2,robust-prune,-1,60000,60000,1409,59991.5683,60000.0,39005,60000,318,902
fashion_mnist,euclidean,1.2,robust-prune,-1,60000,60000,1410,59991.6164,60000.0,39052,60000,316,898
fashion_mnist,euclidean,1.2,robust-prune,-1,60000,60000,1411,59991.682,60000.0,39053,60000,316,897
fashion_mnist,euclidean,1.2,robust-prune,-1,60000,60000,1412,59991.7196,60000.0,39055,60000,315,894
fashion_mnist,euclidean,1.2,robust-prune,-1,60000,60000,1413,59991.7716,60000.0,39056,60000,314,892
fashion_mnist,euclidean,1.2,robust-prune,-1,60000,60000,1414,59991.8365,60000.0,39058,60000,314,885
fashion_mnist,euclidean,1.2,robust-prune,-1,60000,60000,1415,59991.8672,60000.0,39059,60000,314,882
fashion_mnist,euclidean,1.2,robust-prune,-1,60000,60000,1416,59991.9205,60000.0,39069,60000,312,879
fashion_mnist,euclidean,1.2,robust-prune,-1,60000,60000,1417,59991.9908,60000.0,39358,60000,309,876
fashion_mnist,euclidean,1.2,robust-prune,-1,60000,60000,1418,59992.0888,60000.0,39618,60000,309,868
fashion_mnist,euclidean,1.2,robust-prune,-1,60000,60000,1419,59992.1313,60000.0,39619,60000,308,866
fashion_mnist,euclidean,1.2,robust-prune,-1,60000,60000,1420,59992.1713,60000.0,39621,60000,306,862
fashion_mnist,euclidean,1.2,robust-prune,-1,60000,60000,1421,59992.2795,60000.0,39622,60000,305,859
fashion_mnist,euclidean,1.2,robust-prune,-1,60000,60000,1422,59992.3334,60000.0,39623,60000,302,857
fashion_mnist,euclidean,1.2,robust-prune,-1,60000,60000,1423,59992.3784,60000.0,39624,60000,299,855
fashion_mnist,euclidean,1.2,robust-prune,-1,60000,60000,1424,59992.4163,60000.0,39625,60000,298,850
fashion_mnist,euclidean,1.2,robust-prune,-1,60000,60000,1425,59992.4876,60000.0,39711,60000,297,846
fashion_mnist,euclidean,1.2,robust-prune,-1,60000,60000,1426,59992.5473,60000.0,39730,60000,294,845
fashion_mnist,euclidean,1.2,robust-prune,-1,60000,60000,1427,59992.5868,60000.0,39731,60000,292,841
fashion_mnist,euclidean,1.2,robust-prune,-1,60000,60000,1428,59992.631,60000.0,39732,60000,291,840
fashion_mnist,euclidean,1.2,robust-prune,-1,60000,60000,1429,59992.687,60000.0,39736,60000,289,839
fashion_mnist,euclidean,1.2,robust-prune,-1,60000,60000,1430,59992.7214,60000.0,39737,60000,286,836
fashion_mnist,euclidean,1.2,robust-prune,-1,60000,60000,1431,59992.7492,60000.0,39766,60000,285,833
fashion_mnist,euclidean,1.2,robust-prune,-1,60000,60000,1432,59992.8008,60000.0,39767,60000,283,829
fashion_mnist,euclidean,1.2,robust-prune,-1,60000,60000,1433,59992.8362,60000.0,39768,60000,282,827
fashion_mnist,euclidean,1.2,robust-prune,-1,60000,60000,1434,59992.8719,60000.0,39807,60000,279,823
fashion_mnist,euclidean,1.2,robust-prune,-1,60000,60000,1435,59992.9428,60000.0,39810,60000,276,819
fashion_mnist,euclidean,1.2,robust-prune,-1,60000,60000,1436,59993.0114,60000.0,39811,60000,274,815
fashion_mnist,euclidean,1.2,robust-prune,-1,60000,60000,1437,59993.0792,60000.0,39820,60000,273,811
fashion_mnist,euclidean,1.2,robust-prune,-1,60000,60000,1438,59993.1637,60000.0,39821,60000,271,805
fashion_mnist,euclidean,1.2,robust-prune,-1,60000,60000,1439,59993.2063,60000.0,39823,60000,270,803
fashion_mnist,euclidean,1.2,robust-prune,-1,60000,60000,1440,59993.2914,60000.0,40890,60000,267,799
fashion_mnist,euclidean,1.2,robust-prune,-1,60000,60000,1441,59993.3231,60000.0,40891,60000,267,796
fashion_mnist,euclidean,1.2,robust-prune,-1,60000,60000,1442,59993.3592,60000.0,40892,60000,267,793
fashion_mnist,euclidean,1.2,robust-prune,-1,60000,60000,1443,59993.3876,60000.0,41032,60000,267,791
fashion_mnist,euclidean,1.2,robust-prune,-1,60000,60000,1444,59993.4277,60000.0,41035,60000,266,786
fashion_mnist,euclidean,1.2,robust-prune,-1,60000,60000,1445,59993.4699,60000.0,41036,60000,265,783
fashion_mnist,euclidean,1.2,robust-prune,-1,60000,60000,1446,59993.5202,60000.0,41037,60000,265,779
fashion_mnist,euclidean,1.2,robust-prune,-1,60000,60000,1447,59993.5759,60000.0,41038,60000,265,776
fashion_mnist,euclidean,1.2,robust-prune,-1,60000,60000,1448,59993.6233,60000.0,41044,60000,263,773
fashion_mnist,euclidean,1.2,robust-prune,-1,60000,60000,1449,59993.6842,60000.0,41045,60000,262,768
fashion_mnist,euclidean,1.2,robust-prune,-1,60000,60000,1450,59993.7576,60000.0,41046,60000,262,764
fashion_mnist,euclidean,1.2,robust-prune,-1,60000,60000,1451,59993.8162,60000.0,41047,60000,260,763
fashion_mnist,euclidean,1.2,robust-prune,-1,60000,60000,1452,59993.8516,60000.0,41048,60000,259,763
fashion_mnist,euclidean,1.2,robust-prune,-1,60000,60000,1453,59993.97,60000.0,41049,60000,258,760
fashion_mnist,euclidean,1.2,robust-prune,-1,60000,60000,1454,59994.0464,60000.0,41050,60000,258,756
fashion_mnist,euclidean,1.2,robust-prune,-1,60000,60000,1455,59994.0909,60000.0,41053,60000,258,753
fashion_mnist,euclidean,1.2,robust-prune,-1,60000,60000,1456,59994.1393,60000.0,41131,60000,257,748
fashion_mnist,euclidean,1.2,robust-prune,-1,60000,60000,1457,59994.1686,60000.0,41133,60000,257,745
fashion_mnist,euclidean,1.2,robust-prune,-1,60000,60000,1458,59994.2217,60000.0,41134,60000,256,741
fashion_mnist,euclidean,1.2,robust-prune,-1,60000,60000,1459,59994.2567,60000.0,41211,60000,255,738
fashion_mnist,euclidean,1.2,robust-prune,-1,60000,60000,1460,59994.3029,60000.0,41212,60000,253,735
fashion_mnist,euclidean,1.2,robust-prune,-1,60000,60000,1461,59994.3341,60000.0,41213,60000,253,727
fashion_mnist,euclidean,1.2,robust-prune,-1,60000,60000,1462,59994.3657,60000.0,41220,60000,250,724
fashion_mnist,euclidean,1.2,robust-prune,-1,60000,60000,1463,59994.3876,60000.0,41221,60000,249,721
fashion_mnist,euclidean,1.2,robust-prune,-1,60000,60000,1464,59994.4249,60000.0,41257,60000,248,719
fashion_mnist,euclidean,1.2,robust-prune,-1,60000,60000,1465,59994.4551,60000.0,41267,60000,246,714
fashion_mnist,euclidean,1.2,robust-prune,-1,60000,60000,1466,59994.4884,60000.0,41268,60000,244,711
fashion_mnist,euclidean,1.2,robust-prune,-1,60000,60000,1467,59994.5114,60000.0,41271,60000,244,707
fashion_mnist,euclidean,1.2,robust-prune,-1,60000,60000,1468,59994.5474,60000.0,41272,60000,242,701
fashion_mnist,euclidean,1.2,robust-prune,-1,60000,60000,1469,59994.5741,60000.0,41276,60000,241,697
fashion_mnist,euclidean,1.2,robust-prune,-1,60000,60000,1470,59994.613,60000.0,41307,60000,241,692
fashion_mnist,euclidean,1.2,robust-prune,-1,60000,60000,1471,59994.6748,60000.0,41312,60000,240,687
fashion_mnist,euclidean,1.2,robust-prune,-1,60000,60000,1472,59994.7024,60000.0,41314,60000,239,686
fashion_mnist,euclidean,1.2,robust-prune,-1,60000,60000,1473,59994.7401,60000.0,41315,60000,237,683
fashion_mnist,euclidean,1.2,robust-prune,-1,60000,60000,1474,59994.7758,60000.0,41316,60000,235,680
fashion_mnist,euclidean,1.2,robust-prune,-1,60000,60000,1475,59994.7941,60000.0,41318,60000,235,678
fashion_mnist,euclidean,1.2,robust-prune,-1,60000,60000,1476,59994.8432,60000.0,41319,60000,235,675
fashion_mnist,euclidean,1.2,robust-prune,-1,60000,60000,1477,59994.8821,60000.0,41320,60000,234,671
fashion_mnist,euclidean,1.2,robust-prune,-1,60000,60000,1478,59994.9272,60000.0,41321,60000,233,668
fashion_mnist,euclidean,1.2,robust-prune,-1,60000,60000,1479,59994.977,60000.0,41890,60000,231,662
fashion_mnist,euclidean,1.2,robust-prune,-1,60000,60000,1480,59995.0014,60000.0,41891,60000,228,654
fashion_mnist,euclidean,1.2,robust-prune,-1,60000,60000,1481,59995.0321,60000.0,41896,60000,225,648
fashion_mnist,euclidean,1.2,robust-prune,-1,60000,60000,1482,59995.0604,60000.0,41903,60000,225,643
fashion_mnist,euclidean,1.2,robust-prune,-1,60000,60000,1483,59995.1014,60000.0,41904,60000,223,641
fashion_mnist,euclidean,1.2,robust-prune,-1,60000,60000,1484,59995.137,60000.0,41905,60000,222,638
fashion_mnist,euclidean,1.2,robust-prune,-1,60000,60000,1485,59995.1766,60000.0,41906,60000,222,636
fashion_mnist,euclidean,1.2,robust-prune,-1,60000,60000,1486,59995.2125,60000.0,41907,60000,222,634
fashion_mnist,euclidean,1.2,robust-prune,-1,60000,60000,1487,59995.2675,60000.0,41908,60000,222,633
fashion_mnist,euclidean,1.2,robust-prune,-1,60000,60000,1488,59995.3283,60000.0,43656,60000,220,627
fashion_mnist,euclidean,1.2,robust-prune,-1,60000,60000,1489,59995.3621,60000.0,43657,60000,216,625
fashion_mnist,euclidean,1.2,robust-prune,-1,60000,60000,1490,59995.3987,60000.0,43690,60000,216,623
fashion_mnist,euclidean,1.2,robust-prune,-1,60000,60000,1491,59995.4159,60000.0,43692,60000,213,623
fashion_mnist,euclidean,1.2,robust-prune,-1,60000,60000,1492,59995.4446,60000.0,43694,60000,213,622
fashion_mnist,euclidean,1.2,robust-prune,-1,60000,60000,1493,59995.4721,60000.0,43695,60000,213,620
fashion_mnist,euclidean,1.2,robust-prune,-1,60000,60000,1494,59995.5041,60000.0,43696,60000,213,618
fashion_mnist,euclidean,1.2,robust-prune,-1,60000,60000,1495,59995.5358,60000.0,43697,60000,213,615
fashion_mnist,euclidean,1.2,robust-prune,-1,60000,60000,1496,59995.5609,60000.0,43698,60000,212,611
fashion_mnist,euclidean,1.2,robust-prune,-1,60000,60000,1497,59995.5829,60000.0,43699,60000,211,609
fashion_mnist,euclidean,1.2,robust-prune,-1,60000,60000,1498,59995.6155,60000.0,43700,60000,210,604
fashion_mnist,euclidean,1.2,robust-prune,-1,60000,60000,1499,59995.6363,60000.0,43701,60000,209,599
fashion_mnist,euclidean,1.2,robust-prune,-1,60000,60000,1500,59995.6873,60000.0,43702,60000,206,598
fashion_mnist,euclidean,1.2,robust-prune,-1,60000,60000,1501,59995.7246,60000.0,43703,60000,205,594
fashion_mnist,euclidean,1.2,robust-prune,-1,60000,60000,1502,59995.7814,60000.0,44998,60000,204,592
fashion_mnist,euclidean,1.2,robust-prune,-1,60000,60000,1503,59995.802,60000.0,45003,60000,203,590
fashion_mnist,euclidean,1.2,robust-prune,-1,60000,60000,1504,59995.8377,60000.0,45017,60000,203,587
fashion_mnist,euclidean,1.2,robust-prune,-1,60000,60000,1505,59995.8762,60000.0,45018,60000,203,586
fashion_mnist,euclidean,1.2,robust-prune,-1,60000,60000,1506,59995.897,60000.0,45019,60000,201,584
fashion_mnist,euclidean,1.2,robust-prune,-1,60000,60000,1507,59995.93,60000.0,45020,60000,201,582
fashion_mnist,euclidean,1.2,robust-prune,-1,60000,60000,1508,59995.9778,60000.0,45021,60000,201,579
fashion_mnist,euclidean,1.2,robust-prune,-1,60000,60000,1509,59996.0218,60000.0,45022,60000,199,575
fashion_mnist,euclidean,1.2,robust-prune,-1,60000,60000,1510,59996.0614,60000.0,45023,60000,198,572
fashion_mnist,euclidean,1.2,robust-prune,-1,60000,60000,1511,59996.0838,60000.0,45026,60000,196,568
fashion_mnist,euclidean,1.2,robust-prune,-1,60000,60000,1512,59996.1076,60000.0,45039,60000,193,565
fashion_mnist,euclidean,1.2,robust-prune,-1,60000,60000,1513,59996.1244,60000.0,45040,60000,192,563
fashion_mnist,euclidean,1.2,robust-prune,-1,60000,60000,1514,59996.149,60000.0,45096,60000,192,559
fashion_mnist,euclidean,1.2,robust-prune,-1,60000,60000,1515,59996.181,60000.0,45097,60000,192,558
fashion_mnist,euclidean,1.2,robust-prune,-1,60000,60000,1516,59996.208,60000.0,45199,60000,191,555
fashion_mnist,euclidean,1.2,robust-prune,-1,60000,60000,1517,59996.2276,60000.0,45200,60000,189,554
fashion_mnist,euclidean,1.2,robust-prune,-1,60000,60000,1518,59996.2772,60000.0,45219,60000,188,553
fashion_mnist,euclidean,1.2,robust-prune,-1,60000,60000,1519,59996.2947,60000.0,45222,60000,185,551
fashion_mnist,euclidean,1.2,robust-prune,-1,60000,60000,1520,59996.31,60000.0,45223,60000,185,544
fashion_mnist,euclidean,1.2,robust-prune,-1,60000,60000,1521,59996.328,60000.0,45224,60000,184,540
fashion_mnist,euclidean,1.2,robust-prune,-1,60000,60000,1522,59996.3466,60000.0,45225,60000,182,539
fashion_mnist,euclidean,1.2,robust-prune,-1,60000,60000,1523,59996.3666,60000.0,45226,60000,179,537
fashion_mnist,euclidean,1.2,robust-prune,-1,60000,60000,1524,59996.3883,60000.0,45245,60000,178,534
fashion_mnist,euclidean,1.2,robust-prune,-1,60000,60000,1525,59996.408,60000.0,45246,60000,178,531
fashion_mnist,euclidean,1.2,robust-prune,-1,60000,60000,1526,59996.4478,60000.0,45251,60000,177,527
fashion_mnist,euclidean,1.2,robust-prune,-1,60000,60000,1527,59996.4716,60000.0,45254,60000,177,522
fashion_mnist,euclidean,1.2,robust-prune,-1,60000,60000,1528,59996.4918,60000.0,45255,60000,177,519
fashion_mnist,euclidean,1.2,robust-prune,-1,60000,60000,1529,59996.51,60000.0,45258,60000,175,515
fashion_mnist,euclidean,1.2,robust-prune,-1,60000,60000,1530,59996.5665,60000.0,45259,60000,175,515
fashion_mnist,euclidean,1.2,robust-prune,-1,60000,60000,1531,59996.584,60000.0,45261,60000,174,507
fashion_mnist,euclidean,1.2,robust-prune,-1,60000,60000,1532,59996.599,60000.0,45273,60000,173,507
fashion_mnist,euclidean,1.2,robust-prune,-1,60000,60000,1533,59996.6161,60000.0,45274,60000,173,506
fashion_mnist,euclidean,1.2,robust-prune,-1,60000,60000,1534,59996.6315,60000.0,45278,60000,171,504
fashion_mnist,euclidean,1.2,robust-prune,-1,60000,60000,1535,59996.6634,60000.0,45280,60000,170,499
fashion_mnist,euclidean,1.2,robust-prune,-1,60000,60000,1536,59996.7094,60000.0,46834,60000,170,499
fashion_mnist,euclidean,1.2,robust-prune,-1,60000,60000,1537,59996.7366,60000.0,47009,60000,169,497
fashion_mnist,euclidean,1.2,robust-prune,-1,60000,60000,1538,59996.7572,60000.0,47079,60000,168,494
fashion_mnist,euclidean,1.2,robust-prune,-1,60000,60000,1539,59996.7974,60000.0,47080,60000,165,492
fashion_mnist,euclidean,1.2,robust-prune,-1,60000,60000,1540,59996.8495,60000.0,47081,60000,164,491
fashion_mnist,euclidean,1.2,robust-prune,-1,60000,60000,1541,59996.8655,60000.0,47082,60000,163,489
fashion_mnist,euclidean,1.2,robust-prune,-1,60000,60000,1542,59996.8945,60000.0,47083,60000,161,483
fashion_mnist,euclidean,1.2,robust-prune,-1,60000,60000,1543,59996.9258,60000.0,47812,60000,160,480
fashion_mnist,euclidean,1.2,robust-prune,-1,60000,60000,1544,59996.9473,60000.0,47813,60000,160,479
fashion_mnist,euclidean,1.2,robust-prune,-1,60000,60000,1545,59996.9848,60000.0,47814,60000,159,477
fashion_mnist,euclidean,1.2,robust-prune,-1,60000,60000,1546,59997.0072,60000.0,47925,60000,158,474
fashion_mnist,euclidean,1.2,robust-prune,-1,60000,60000,1547,59997.0236,60000.0,47934,60000,158,473
fashion_mnist,euclidean,1.2,robust-prune,-1,60000,60000,1548,59997.0398,60000.0,47935,60000,156,469
fashion_mnist,euclidean,1.2,robust-prune,-1,60000,60000,1549,59997.0564,60000.0,47936,60000,155,465
fashion_mnist,euclidean,1.2,robust-prune,-1,60000,60000,1550,59997.0718,60000.0,47941,60000,154,464
fashion_mnist,euclidean,1.2,robust-prune,-1,60000,60000,1551,59997.0903,60000.0,47942,60000,153,462
fashion_mnist,euclidean,1.2,robust-prune,-1,60000,60000,1552,59997.1533,60000.0,47943,60000,153,460
fashion_mnist,euclidean,1.2,robust-prune,-1,60000,60000,1553,59997.1667,60000.0,47948,60000,153,459
fashion_mnist,euclidean,1.2,robust-prune,-1,60000,60000,1554,59997.1783,60000.0,47949,60000,153,457
fashion_mnist,euclidean,1.2,robust-prune,-1,60000,60000,1555,59997.1944,60000.0,47950,60000,153,455
fashion_mnist,euclidean,1.2,robust-prune,-1,60000,60000,1556,59997.2091,60000.0,47951,60000,152,455
fashion_mnist,euclidean,1.2,robust-prune,-1,60000,60000,1557,59997.2555,60000.0,47955,60000,152,452
fashion_mnist,euclidean,1.2,robust-prune,-1,60000,60000,1558,59997.2666,60000.0,47957,60000,152,448
fashion_mnist,euclidean,1.2,robust-prune,-1,60000,60000,1559,59997.2815,60000.0,47958,60000,151,446
fashion_mnist,euclidean,1.2,robust-prune,-1,60000,60000,1560,59997.2956,60000.0,47959,60000,150,444
fashion_mnist,euclidean,1.2,robust-prune,-1,60000,60000,1561,59997.3134,60000.0,47994,60000,150,442
fashion_mnist,euclidean,1.2,robust-prune,-1,60000,60000,1562,59997.3299,60000.0,47996,60000,149,442
fashion_mnist,euclidean,1.2,robust-prune,-1,60000,60000,1563,59997.3436,60000.0,47997,60000,148,442
fashion_mnist,euclidean,1.2,robust-prune,-1,60000,60000,1564,59997.358,60000.0,47998,60000,148,439
fashion_mnist,euclidean,1.2,robust-prune,-1,60000,60000,1565,59997.3694,60000.0,47999,60000,147,438
fashion_mnist,euclidean,1.2,robust-prune,-1,60000,60000,1566,59997.3929,60000.0,48001,60000,146,436
fashion_mnist,euclidean,1.2,robust-prune,-1,60000,60000,1567,59997.4065,60000.0,48002,60000,146,434
fashion_mnist,euclidean,1.2,robust-prune,-1,60000,60000,1568,59997.4202,60000.0,48068,60000,146,433
fashion_mnist,euclidean,1.2,robust-prune,-1,60000,60000,1569,59997.4312,60000.0,48069,60000,144,431
fashion_mnist,euclidean,1.2,robust-prune,-1,60000,60000,1570,59997.455,60000.0,48070,60000,144,428
fashion_mnist,euclidean,1.2,robust-prune,-1,60000,60000,1571,59997.4693,60000.0,48071,60000,142,426
fashion_mnist,euclidean,1.2,robust-prune,-1,60000,60000,1572,59997.5058,60000.0,48072,60000,141,424
fashion_mnist,euclidean,1.2,robust-prune,-1,60000,60000,1573,59997.5199,60000.0,48078,60000,140,422
fashion_mnist,euclidean,1.2,robust-prune,-1,60000,60000,1574,59997.534,60000.0,48080,60000,140,420
fashion_mnist,euclidean,1.2,robust-prune,-1,60000,60000,1575,59997.5747,60000.0,48207,60000,138,417
fashion_mnist,euclidean,1.2,robust-prune,-1,60000,60000,1576,59997.5858,60000.0,48208,60000,137,416
fashion_mnist,euclidean,1.2,robust-prune,-1,60000,60000,1577,59997.6026,60000.0,48209,60000,134,411
fashion_mnist,euclidean,1.2,robust-prune,-1,60000,60000,1578,59997.6173,60000.0,48284,60000,132,408
fashion_mnist,euclidean,1.2,robust-prune,-1,60000,60000,1579,59997.6297,60000.0,48285,60000,130,406
fashion_mnist,euclidean,1.2,robust-prune,-1,60000,60000,1580,59997.6412,60000.0,48287,60000,130,403
fashion_mnist,euclidean,1.2,robust-prune,-1,60000,60000,1581,59997.6518,60000.0,48292,60000,129,402
fashion_mnist,euclidean,1.2,robust-prune,-1,60000,60000,1582,59997.6694,60000.0,48294,60000,128,402
fashion_mnist,euclidean,1.2,robust-prune,-1,60000,60000,1583,59997.6804,60000.0,48296,60000,127,397
fashion_mnist,euclidean,1.2,robust-prune,-1,60000,60000,1584,59997.7446,60000.0,51418,60000,126,395
fashion_mnist,euclidean,1.2,robust-prune,-1,60000,60000,1585,59997.759,60000.0,51419,60000,126,391
fashion_mnist,euclidean,1.2,robust-prune,-1,60000,60000,1586,59997.7728,60000.0,51420,60000,125,391
fashion_mnist,euclidean,1.2,robust-prune,-1,60000,60000,1587,59997.785,60000.0,51421,60000,123,391
fashion_mnist,euclidean,1.2,robust-prune,-1,60000,60000,1588,59997.8091,60000.0,51425,60000,121,390
fashion_mnist,euclidean,1.2,robust-prune,-1,60000,60000,1589,59997.8216,60000.0,51426,60000,120,389
fashion_mnist,euclidean,1.2,robust-prune,-1,60000,60000,1590,59997.8424,60000.0,51729,60000,119,387
fashion_mnist,euclidean,1.2,robust-prune,-1,60000,60000,1591,59997.8563,60000.0,51895,60000,117,387
fashion_mnist,euclidean,1.2,robust-prune,-1,60000,60000,1592,59997.8671,60000.0,51906,60000,117,385
fashion_mnist,euclidean,1.2,robust-prune,-1,60000,60000,1593,59997.8871,60000.0,52225,60000,117,384
fashion_mnist,euclidean,1.2,robust-prune,-1,60000,60000,1594,59997.898,60000.0,52226,60000,115,381
fashion_mnist,euclidean,1.2,robust-prune,-1,60000,60000,1595,59997.9096,60000.0,52227,60000,114,381
fashion_mnist,euclidean,1.2,robust-prune,-1,60000,60000,1596,59997.9212,60000.0,52265,60000,114,379
fashion_mnist,euclidean,1.2,robust-prune,-1,60000,60000,1597,59997.9936,60000.0,55955,60000,114,377
fashion_mnist,euclidean,1.2,robust-prune,-1,60000,60000,1598,59998.0031,60000.0,55957,60000,112,374
fashion_mnist,euclidean,1.2,robust-prune,-1,60000,60000,1599,59998.0132,60000.0,55962,60000,112,370
fashion_mnist,euclidean,1.2,robust-prune,-1,60000,60000,1600,59998.0282,60000.0,55963,60000,111,368
fashion_mnist,euclidean,1.2,robust-prune,-1,60000,60000,1601,59998.0455,60000.0,55964,60000,111,367
fashion_mnist,euclidean,1.2,robust-prune,-1,60000,60000,1602,59998.0604,60000.0,55965,60000,109,366
fashion_mnist,euclidean,1.2,robust-prune,-1,60000,60000,1603,59998.0725,60000.0,55967,60000,109,365
fashion_mnist,euclidean,1.2,robust-prune,-1,60000,60000,1604,59998.0836,60000.0,55970,60000,108,365
fashion_mnist,euclidean,1.2,robust-prune,-1,60000,60000,1605,59998.0934,60000.0,55971,60000,108,363
fashion_mnist,euclidean,1.2,robust-prune,-1,60000,60000,1606,59998.1258,60000.0,55973,60000,107,361
fashion_mnist,euclidean,1.2,robust-prune,-1,60000,60000,1607,59998.1438,60000.0,55974,60000,106,357
fashion_mnist,euclidean,1.2,robust-prune,-1,60000,60000,1608,59998.1722,60000.0,56647,60000,105,356
fashion_mnist,euclidean,1.2,robust-prune,-1,60000,60000,1609,59998.1814,60000.0,56648,60000,104,355
fashion_mnist,euclidean,1.2,robust-prune,-1,60000,60000,1610,59998.2005,60000.0,56649,60000,104,355
fashion_mnist,euclidean,1.2,robust-prune,-1,60000,60000,1611,59998.2129,60000.0,56652,60000,104,353
fashion_mnist,euclidean,1.2,robust-prune,-1,60000,60000,1612,59998.2303,60000.0,56653,60000,104,350
fashion_mnist,euclidean,1.2,robust-prune,-1,60000,60000,1613,59998.2406,60000.0,56654,60000,103,348
fashion_mnist,euclidean,1.2,robust-prune,-1,60000,60000,1614,59998.2515,60000.0,56655,60000,103,347
fashion_mnist,euclidean,1.2,robust-prune,-1,60000,60000,1615,59998.2671,60000.0,56656,60000,102,347
fashion_mnist,euclidean,1.2,robust-prune,-1,60000,60000,1616,59998.2791,60000.0,56657,60000,102,347
fashion_mnist,euclidean,1.2,robust-prune,-1,60000,60000,1617,59998.2958,60000.0,56671,60000,102,347
fashion_mnist,euclidean,1.2,robust-prune,-1,60000,60000,1618,59998.3051,60000.0,56672,60000,100,346
fashion_mnist,euclidean,1.2,robust-prune,-1,60000,60000,1619,59998.3162,60000.0,56673,60000,97,343
fashion_mnist,euclidean,1.2,robust-prune,-1,60000,60000,1620,59998.3316,60000.0,56729,60000,97,341
fashion_mnist,euclidean,1.2,robust-prune,-1,60000,60000,1621,59998.3412,60000.0,56730,60000,95,340
fashion_mnist,euclidean,1.2,robust-prune,-1,60000,60000,1622,59998.3515,60000.0,56828,60000,95,339
fashion_mnist,euclidean,1.2,robust-prune,-1,60000,60000,1623,59998.3639,60000.0,56829,60000,93,335
fashion_mnist,euclidean,1.2,robust-prune,-1,60000,60000,1624,59998.3736,60000.0,56830,60000,93,333
fashion_mnist,euclidean,1.2,robust-prune,-1,60000,60000,1625,59998.384,60000.0,56834,60000,92,331
fashion_mnist,euclidean,1.2,robust-prune,-1,60000,60000,1626,59998.3933,60000.0,56836,60000,92,330
fashion_mnist,euclidean,1.2,robust-prune,-1,60000,60000,1627,59998.4017,60000.0,56838,60000,89,329
fashion_mnist,euclidean,1.2,robust-prune,-1,60000,60000,1628,59998.4126,60000.0,56839,60000,89,327
fashion_mnist,euclidean,1.2,robust-prune,-1,60000,60000,1629,59998.4224,60000.0,56851,60000,89,324
fashion_mnist,euclidean,1.2,robust-prune,-1,60000,60000,1630,59998.433,60000.0,56852,60000,88,320
fashion_mnist,euclidean,1.2,robust-prune,-1,60000,60000,1631,59998.4421,60000.0,56853,60000,88,318
fashion_mnist,euclidean,1.2,robust-prune,-1,60000,60000,1632,59998.4497,60000.0,56854,60000,88,317
fashion_mnist,euclidean,1.2,robust-prune,-1,60000,60000,1633,59998.4659,60000.0,56855,60000,88,316
fashion_mnist,euclidean,1.2,robust-prune,-1,60000,60000,1634,59998.4787,60000.0,56856,60000,88,316
fashion_mnist,euclidean,1.2,robust-prune,-1,60000,60000,1635,59998.4882,60000.0,56857,60000,87,315
fashion_mnist,euclidean,1.2,robust-prune,-1,60000,60000,1636,59998.4964,60000.0,56859,60000,87,314
fashion_mnist,euclidean,1.2,robust-prune,-1,60000,60000,1637,59998.5045,60000.0,56865,60000,85,311
fashion_mnist,euclidean,1.2,robust-prune,-1,60000,60000,1638,59998.512,60000.0,56866,60000,85,311
fashion_mnist,euclidean,1.2,robust-prune,-1,60000,60000,1639,59998.5246,60000.0,56867,60000,83,310
fashion_mnist,euclidean,1.2,robust-prune,-1,60000,60000,1640,59998.5455,60000.0,56992,60000,83,309
fashion_mnist,euclidean,1.2,robust-prune,-1,60000,60000,1641,59998.5559,60000.0,56993,60000,83,308
fashion_mnist,euclidean,1.2,robust-prune,-1,60000,60000,1642,59998.5631,60000.0,56994,60000,83,308
fashion_mnist,euclidean,1.2,robust-prune,-1,60000,60000,1643,59998.5714,60000.0,56995,60000,83,306
fashion_mnist,euclidean,1.2,robust-prune,-1,60000,60000,1644,59998.5796,60000.0,56999,60000,82,302
fashion_mnist,euclidean,1.2,robust-prune,-1,60000,60000,1645,59998.5988,60000.0,57000,60000,82,297
fashion_mnist,euclidean,1.2,robust-prune,-1,60000,60000,1646,59998.6057,60000.0,57008,60000,81,296
fashion_mnist,euclidean,1.2,robust-prune,-1,60000,60000,1647,59998.6218,60000.0,57009,60000,81,296
fashion_mnist,euclidean,1.2,robust-prune,-1,60000,60000,1648,59998.6286,60000.0,57017,60000,80,295
fashion_mnist,euclidean,1.2,robust-prune,-1,60000,60000,1649,59998.636,60000.0,57018,60000,80,294
fashion_mnist,euclidean,1.2,robust-prune,-1,60000,60000,1650,59998.6438,60000.0,57021,60000,80,293
fashion_mnist,euclidean,1.2,robust-prune,-1,60000,60000,1651,59998.651,60000.0,57022,60000,79,291
fashion_mnist,euclidean,1.2,robust-prune,-1,60000,60000,1652,59998.659,60000.0,57024,60000,79,289
fashion_mnist,euclidean,1.2,robust-prune,-1,60000,60000,1653,59998.6739,60000.0,57028,60000,79,289
fashion_mnist,euclidean,1.2,robust-prune,-1,60000,60000,1654,59998.6814,60000.0,57029,60000,79,288
fashion_mnist,euclidean,1.2,robust-prune,-1,60000,60000,1655,59998.6896,60000.0,57032,60000,79,287
fashion_mnist,euclidean,1.2,robust-prune,-1,60000,60000,1656,59998.698,60000.0,57033,60000,79,284
fashion_mnist,euclidean,1.2,robust-prune,-1,60000,60000,1657,59998.705,60000.0,57034,60000,78,281
fashion_mnist,euclidean,1.2,robust-prune,-1,60000,60000,1658,59998.7134,60000.0,57035,60000,78,278
fashion_mnist,euclidean,1.2,robust-prune,-1,60000,60000,1659,59998.729,60000.0,57458,60000,78,276
fashion_mnist,euclidean,1.2,robust-prune,-1,60000,60000,1660,59998.736,60000.0,57459,60000,78,276
fashion_mnist,euclidean,1.2,robust-prune,-1,60000,60000,1661,59998.744,60000.0,57461,60000,77,274
fashion_mnist,euclidean,1.2,robust-prune,-1,60000,60000,1662,59998.7534,60000.0,57464,60000,77,272
fashion_mnist,euclidean,1.2,robust-prune,-1,60000,60000,1663,59998.7606,60000.0,57465,60000,76,272
fashion_mnist,euclidean,1.2,robust-prune,-1,60000,60000,1664,59998.7794,60000.0,57650,60000,76,271
fashion_mnist,euclidean,1.2,robust-prune,-1,60000,60000,1665,59998.7931,60000.0,58070,60000,76,271
fashion_mnist,euclidean,1.2,robust-prune,-1,60000,60000,1666,59998.8031,60000.0,58071,60000,74,271
fashion_mnist,euclidean,1.2,robust-prune,-1,60000,60000,1667,59998.8184,60000.0,58072,60000,74,270
fashion_mnist,euclidean,1.2,robust-prune,-1,60000,60000,1668,59998.8394,60000.0,58076,60000,74,268
fashion_mnist,euclidean,1.2,robust-prune,-1,60000,60000,1669,59998.8494,60000.0,58077,60000,74,266
fashion_mnist,euclidean,1.2,robust-prune,-1,60000,60000,1670,59998.8577,60000.0,58078,60000,73,266
fashion_mnist,euclidean,1.2,robust-prune,-1,60000,60000,1671,59998.8651,60000.0,58093,60000,73,266
fashion_mnist,euclidean,1.2,robust-prune,-1,60000,60000,1672,59998.8716,60000.0,58094,60000,71,264
fashion_mnist,euclidean,1.2,robust-prune,-1,60000,60000,1673,59998.8814,60000.0,58104,60000,70,262
fashion_mnist,euclidean,1.2,robust-prune,-1,60000,60000,1674,59998.8877,60000.0,58105,60000,70,260
fashion_mnist,euclidean,1.2,robust-prune,-1,60000,60000,1675,59998.8961,60000.0,58106,60000,70,260
fashion_mnist,euclidean,1.2,robust-prune,-1,60000,60000,1676,59998.9104,60000.0,58107,60000,70,258
fashion_mnist,euclidean,1.2,robust-prune,-1,60000,60000,1677,59998.9269,60000.0,58108,60000,69,258
fashion_mnist,euclidean,1.2,robust-prune,-1,60000,60000,1678,59998.9326,60000.0,58109,60000,67,257
fashion_mnist,euclidean,1.2,robust-prune,-1,60000,60000,1679,59998.9391,60000.0,58112,60000,67,255
fashion_mnist,euclidean,1.2,robust-prune,-1,60000,60000,1680,59998.9495,60000.0,58140,60000,67,255
fashion_mnist,euclidean,1.2,robust-prune,-1,60000,60000,1681,59998.9566,60000.0,58149,60000,67,254
fashion_mnist,euclidean,1.2,robust-prune,-1,60000,60000,1682,59998.9625,60000.0,58150,60000,66,253
fashion_mnist,euclidean,1.2,robust-prune,-1,60000,60000,1683,59998.9748,60000.0,58331,60000,66,252
fashion_mnist,euclidean,1.2,robust-prune,-1,60000,60000,1684,59998.9822,60000.0,58333,60000,65,252
fashion_mnist,euclidean,1.2,robust-prune,-1,60000,60000,1685,59998.9883,60000.0,58334,60000,64,249
fashion_mnist,euclidean,1.2,robust-prune,-1,60000,60000,1686,59998.9943,60000.0,58335,60000,63,249
fashion_mnist,euclidean,1.2,robust-prune,-1,60000,60000,1687,59999.0006,60000.0,58336,60000,63,248
fashion_mnist,euclidean,1.2,robust-prune,-1,60000,60000,1688,59999.0074,60000.0,58340,60000,63,248
fashion_mnist,euclidean,1.2,robust-prune,-1,60000,60000,1689,59999.014,60000.0,58341,60000,63,247
fashion_mnist,euclidean,1.2,robust-prune,-1,60000,60000,1690,59999.02,60000.0,58342,60000,63,246
fashion_mnist,euclidean,1.2,robust-prune,-1,60000,60000,1691,59999.0278,60000.0,58356,60000,63,245
fashion_mnist,euclidean,1.2,robust-prune,-1,60000,60000,1692,59999.0333,60000.0,58357,60000,63,243
fashion_mnist,euclidean,1.2,robust-prune,-1,60000,60000,1693,59999.0401,60000.0,58358,60000,62,242
fashion_mnist,euclidean,1.2,robust-prune,-1,60000,60000,1694,59999.0477,60000.0,58395,60000,61,239
fashion_mnist,euclidean,1.2,robust-prune,-1,60000,60000,1695,59999.055,60000.0,58397,60000,60,239
fashion_mnist,euclidean,1.2,robust-prune,-1,60000,60000,1696,59999.0618,60000.0,58398,60000,60,238
fashion_mnist,euclidean,1.2,robust-prune,-1,60000,60000,1697,59999.0758,60000.0,58569,60000,60,237
fashion_mnist,euclidean,1.2,robust-prune,-1,60000,60000,1698,59999.0844,60000.0,58570,60000,60,237
fashion_mnist,euclidean,1.2,robust-prune,-1,60000,60000,1699,59999.0906,60000.0,58573,60000,58,237
fashion_mnist,euclidean,1.2,robust-prune,-1,60000,60000,1700,59999.0974,60000.0,58574,60000,57,237
fashion_mnist,euclidean,1.2,robust-prune,-1,60000,60000,1701,59999.1032,60000.0,58575,60000,57,236
fashion_mnist,euclidean,1.2,robust-prune,-1,60000,60000,1702,59999.1098,60000.0,58578,60000,57,235
fashion_mnist,euclidean,1.2,robust-prune,-1,60000,60000,1703,59999.1175,60000.0,58579,60000,56,233
fashion_mnist,euclidean,1.2,robust-prune,-1,60000,60000,1704,59999.1233,60000.0,58581,60000,56,232
fashion_mnist,euclidean,1.2,robust-prune,-1,60000,60000,1705,59999.1284,60000.0,58582,60000,56,231
fashion_mnist,euclidean,1.2,robust-prune,-1,60000,60000,1706,59999.1344,60000.0,58584,60000,54,228
fashion_mnist,euclidean,1.2,robust-prune,-1,60000,60000,1707,59999.14,60000.0,58585,60000,54,226
fashion_mnist,euclidean,1.2,robust-prune,-1,60000,60000,1708,59999.1452,60000.0,58586,60000,54,225
fashion_mnist,euclidean,1.2,robust-prune,-1,60000,60000,1709,59999.1607,60000.0,58764,60000,53,225
fashion_mnist,euclidean,1.2,robust-prune,-1,60000,60000,1710,59999.1705,60000.0,58765,60000,52,224
fashion_mnist,euclidean,1.2,robust-prune,-1,60000,60000,1711,59999.177,60000.0,58766,60000,52,223
fashion_mnist,euclidean,1.2,robust-prune,-1,60000,60000,1712,59999.1822,60000.0,58771,60000,52,223
fashion_mnist,euclidean,1.2,robust-prune,-1,60000,60000,1713,59999.1872,60000.0,58772,60000,51,222
fashion_mnist,euclidean,1.2,robust-prune,-1,60000,60000,1714,59999.1926,60000.0,58776,60000,51,222
fashion_mnist,euclidean,1.2,robust-prune,-1,60000,60000,1715,59999.1975,60000.0,58777,60000,50,222
fashion_mnist,euclidean,1.2,robust-prune,-1,60000,60000,1716,59999.2028,60000.0,58787,60000,50,220
fashion_mnist,euclidean,1.2,robust-prune,-1,60000,60000,1717,59999.2102,60000.0,58788,60000,49,217
fashion_mnist,euclidean,1.2,robust-prune,-1,60000,60000,1718,59999.216,60000.0,58789,60000,49,214
fashion_mnist,euclidean,1.2,robust-prune,-1,60000,60000,1719,59999.2207,60000.0,58790,60000,49,213
fashion_mnist,euclidean,1.2,robust-prune,-1,60000,60000,1720,59999.2257,60000.0,58795,60000,48,213
fashion_mnist,euclidean,1.2,robust-prune,-1,60000,60000,1721,59999.2309,60000.0,58796,60000,48,213
fashion_mnist,euclidean,1.2,robust-prune,-1,60000,60000,1722,59999.2354,60000.0,58797,60000,48,211
fashion_mnist,euclidean,1.2,robust-prune,-1,60000,60000,1723,59999.24,60000.0,58798,60000,48,211
fashion_mnist,euclidean,1.2,robust-prune,-1,60000,60000,1724,59999.2459,60000.0,58799,60000,47,210
fashion_mnist,euclidean,1.2,robust-prune,-1,60000,60000,1725,59999.2505,60000.0,58800,60000,47,209
fashion_mnist,euclidean,1.2,robust-prune,-1,60000,60000,1726,59999.2564,60000.0,58801,60000,46,206
fashion_mnist,euclidean,1.2,robust-prune,-1,60000,60000,1727,59999.2611,60000.0,58802,60000,45,204
fashion_mnist,euclidean,1.2,robust-prune,-1,60000,60000,1728,59999.2663,60000.0,58803,60000,45,203
fashion_mnist,euclidean,1.2,robust-prune,-1,60000,60000,1729,59999.2708,60000.0,58804,60000,45,202
fashion_mnist,euclidean,1.2,robust-prune,-1,60000,60000,1730,59999.2757,60000.0,58806,60000,45,202
fashion_mnist,euclidean,1.2,robust-prune,-1,60000,60000,1731,59999.2801,60000.0,58807,60000,45,199
fashion_mnist,euclidean,1.2,robust-prune,-1,60000,60000,1732,59999.2845,60000.0,58808,60000,45,198
fashion_mnist,euclidean,1.2,robust-prune,-1,60000,60000,1733,59999.2891,60000.0,58810,60000,45,196
fashion_mnist,euclidean,1.2,robust-prune,-1,60000,60000,1734,59999.294,60000.0,58811,60000,45,194
fashion_mnist,euclidean,1.2,robust-prune,-1,60000,60000,1735,59999.2982,60000.0,58812,60000,44,191
fashion_mnist,euclidean,1.2,robust-prune,-1,60000,60000,1736,59999.3022,60000.0,58815,60000,44,191
fashion_mnist,euclidean,1.2,robust-prune,-1,60000,60000,1737,59999.3079,60000.0,58816,60000,44,191
fashion_mnist,euclidean,1.2,robust-prune,-1,60000,60000,1738,59999.3122,60000.0,58817,60000,44,191
fashion_mnist,euclidean,1.2,robust-prune,-1,60000,60000,1739,59999.317,60000.0,58825,60000,44,190
fashion_mnist,euclidean,1.2,robust-prune,-1,60000,60000,1740,59999.3212,60000.0,58826,60000,43,190
fashion_mnist,euclidean,1.2,robust-prune,-1,60000,60000,1741,59999.3254,60000.0,58828,60000,43,189
fashion_mnist,euclidean,1.2,robust-prune,-1,60000,60000,1742,59999.3298,60000.0,58829,60000,43,188
fashion_mnist,euclidean,1.2,robust-prune,-1,60000,60000,1743,59999.3342,60000.0,58831,60000,43,188
fashion_mnist,euclidean,1.2,robust-prune,-1,60000,60000,1744,59999.3385,60000.0,58832,60000,43,188
fashion_mnist,euclidean,1.2,robust-prune,-1,60000,60000,1745,59999.3444,60000.0,58842,60000,43,188
fashion_mnist,euclidean,1.2,robust-prune,-1,60000,60000,1746,59999.3498,60000.0,58843,60000,41,188
fashion_mnist,euclidean,1.2,robust-prune,-1,60000,60000,1747,59999.3544,60000.0,58844,60000,40,187
fashion_mnist,euclidean,1.2,robust-prune,-1,60000,60000,1748,59999.3591,60000.0,58845,60000,40,187
fashion_mnist,euclidean,1.2,robust-prune,-1,60000,60000,1749,59999.3634,60000.0,58846,60000,40,187
fashion_mnist,euclidean,1.2,robust-prune,-1,60000,60000,1750,59999.368,60000.0,58847,60000,39,187
fashion_mnist,euclidean,1.2,robust-prune,-1,60000,60000,1751,59999.372,60000.0,58849,60000,39,183
fashion_mnist,euclidean,1.2,robust-prune,-1,60000,60000,1752,59999.377,60000.0,58872,60000,39,183
fashion_mnist,euclidean,1.2,robust-prune,-1,60000,60000,1753,59999.3814,60000.0,58875,60000,39,180
fashion_mnist,euclidean,1.2,robust-prune,-1,60000,60000,1754,59999.3869,60000.0,58882,60000,39,179
fashion_mnist,euclidean,1.2,robust-prune,-1,60000,60000,1755,59999.3918,60000.0,58883,60000,39,178
fashion_mnist,euclidean,1.2,robust-prune,-1,60000,60000,1756,59999.3958,60000.0,58884,60000,39,177
fashion_mnist,euclidean,1.2,robust-prune,-1,60000,60000,1757,59999.3995,60000.0,58885,60000,39,177
fashion_mnist,euclidean,1.2,robust-prune,-1,60000,60000,1758,59999.4037,60000.0,58891,60000,38,175
fashion_mnist,euclidean,1.2,robust-prune,-1,60000,60000,1759,59999.4078,60000.0,58892,60000,38,175
fashion_mnist,euclidean,1.2,robust-prune,-1,60000,60000,1760,59999.4132,60000.0,58893,60000,38,174
fashion_mnist,euclidean,1.2,robust-prune,-1,60000,60000,1761,59999.4173,60000.0,58903,60000,38,171
fashion_mnist,euclidean,1.2,robust-prune,-1,60000,60000,1762,59999.4211,60000.0,58904,60000,38,170
fashion_mnist,euclidean,1.2,robust-prune,-1,60000,60000,1763,59999.4289,60000.0,58905,60000,38,168
fashion_mnist,euclidean,1.2,robust-prune,-1,60000,60000,1764,59999.4329,60000.0,58906,60000,38,168
fashion_mnist,euclidean,1.2,robust-prune,-1,60000,60000,1765,59999.4382,60000.0,58979,60000,36,168
fashion_mnist,euclidean,1.2,robust-prune,-1,60000,60000,1766,59999.4415,60000.0,58981,60000,36,167
fashion_mnist,euclidean,1.2,robust-prune,-1,60000,60000,1767,59999.4451,60000.0,58982,60000,36,166
fashion_mnist,euclidean,1.2,robust-prune,-1,60000,60000,1768,59999.4487,60000.0,58984,60000,36,166
fashion_mnist,euclidean,1.2,robust-prune,-1,60000,60000,1769,59999.4519,60000.0,58985,60000,36,165
fashion_mnist,euclidean,1.2,robust-prune,-1,60000,60000,1770,59999.4562,60000.0,58986,60000,36,165
fashion_mnist,euclidean,1.2,robust-prune,-1,60000,60000,1771,59999.4601,60000.0,58987,60000,36,164
fashion_mnist,euclidean,1.2,robust-prune,-1,60000,60000,1772,59999.465,60000.0,58988,60000,36,163
fashion_mnist,euclidean,1.2,robust-prune,-1,60000,60000,1773,59999.4694,60000.0,58989,60000,35,161
fashion_mnist,euclidean,1.2,robust-prune,-1,60000,60000,1774,59999.4732,60000.0,58990,60000,34,161
fashion_mnist,euclidean,1.2,robust-prune,-1,60000,60000,1775,59999.4784,60000.0,58992,60000,33,161
fashion_mnist,euclidean,1.2,robust-prune,-1,60000,60000,1776,59999.4819,60000.0,58999,60000,33,161
fashion_mnist,euclidean,1.2,robust-prune,-1,60000,60000,1777,59999.4854,60000.0,59000,60000,33,161
fashion_mnist,euclidean,1.2,robust-prune,-1,60000,60000,1778,59999.4911,60000.0,59002,60000,33,161
fashion_mnist,euclidean,1.2,robust-prune,-1,60000,60000,1779,59999.4946,60000.0,59003,60000,33,160
fashion_mnist,euclidean,1.2,robust-prune,-1,60000,60000,1780,59999.4981,60000.0,59010,60000,33,158
fashion_mnist,euclidean,1.2,robust-prune,-1,60000,60000,1781,59999.5016,60000.0,59011,60000,33,157
fashion_mnist,euclidean,1.2,robust-prune,-1,60000,60000,1782,59999.5059,60000.0,59027,60000,33,156
fashion_mnist,euclidean,1.2,robust-prune,-1,60000,60000,1783,59999.5103,60000.0,59028,60000,33,155
fashion_mnist,euclidean,1.2,robust-prune,-1,60000,60000,1784,59999.5135,60000.0,59029,60000,32,154
fashion_mnist,euclidean,1.2,robust-prune,-1,60000,60000,1785,59999.5168,60000.0,59030,60000,32,154
fashion_mnist,euclidean,1.2,robust-prune,-1,60000,60000,1786,59999.521,60000.0,59031,60000,32,153
fashion_mnist,euclidean,1.2,robust-prune,-1,60000,60000,1787,59999.5249,60000.0,59032,60000,32,152
fashion_mnist,euclidean,1.2,robust-prune,-1,60000,60000,1788,59999.5285,60000.0,59033,60000,32,152
fashion_mnist,euclidean,1.2,robust-prune,-1,60000,60000,1789,59999.5338,60000.0,59037,60000,32,151
fashion_mnist,euclidean,1.2,robust-prune,-1,60000,60000,1790,59999.5374,60000.0,59038,60000,32,150
fashion_mnist,euclidean,1.2,robust-prune,-1,60000,60000,1791,59999.5408,60000.0,59039,60000,32,150
fashion_mnist,euclidean,1.2,robust-prune,-1,60000,60000,1792,59999.544,60000.0,59040,60000,32,148
fashion_mnist,euclidean,1.2,robust-prune,-1,60000,60000,1793,59999.5476,60000.0,59069,60000,32,146
fashion_mnist,euclidean,1.2,robust-prune,-1,60000,60000,1794,59999.5515,60000.0,59070,60000,32,146
fashion_mnist,euclidean,1.2,robust-prune,-1,60000,60000,1795,59999.5547,60000.0,59079,60000,32,145
fashion_mnist,euclidean,1.2,robust-prune,-1,60000,60000,1796,59999.5575,60000.0,59082,60000,31,144
fashion_mnist,euclidean,1.2,robust-prune,-1,60000,60000,1797,59999.5615,60000.0,59092,60000,30,144
fashion_mnist,euclidean,1.2,robust-prune,-1,60000,60000,1798,59999.5647,60000.0,59093,60000,30,142
fashion_mnist,euclidean,1.2,robust-prune,-1,60000,60000,1799,59999.5683,60000.0,59096,60000,30,141
fashion_mnist,euclidean,1.2,robust-prune,-1,60000,60000,1800,59999.5722,60000.0,59097,60000,30,140
fashion_mnist,euclidean,1.2,robust-prune,-1,60000,60000,1801,59999.5754,60000.0,59114,60000,30,140
fashion_mnist,euclidean,1.2,robust-prune,-1,60000,60000,1802,59999.581,60000.0,59157,60000,29,137
fashion_mnist,euclidean,1.2,robust-prune,-1,60000,60000,1803,59999.584,60000.0,59158,60000,28,136
fashion_mnist,euclidean,1.2,robust-prune,-1,60000,60000,1804,59999.587,60000.0,59160,60000,28,136
fashion_mnist,euclidean,1.2,robust-prune,-1,60000,60000,1805,59999.5927,60000.0,59164,60000,28,135
fashion_mnist,euclidean,1.2,robust-prune,-1,60000,60000,1806,59999.5964,60000.0,59165,60000,28,134
fashion_mnist,euclidean,1.2,robust-prune,-1,60000,60000,1807,59999.5993,60000.0,59166,60000,28,134
fashion_mnist,euclidean,1.2,robust-prune,-1,60000,60000,1808,59999.6053,60000.0,59167,60000,28,134
fashion_mnist,euclidean,1.2,robust-prune,-1,60000,60000,1809,59999.6089,60000.0,59171,60000,28,134
fashion_mnist,euclidean,1.2,robust-prune,-1,60000,60000,1810,59999.6117,60000.0,59172,60000,28,133
fashion_mnist,euclidean,1.2,robust-prune,-1,60000,60000,1811,59999.615,60000.0,59173,60000,28,133
fashion_mnist,euclidean,1.2,robust-prune,-1,60000,60000,1812,59999.618,60000.0,59176,60000,27,133
fashion_mnist,euclidean,1.2,robust-prune,-1,60000,60000,1813,59999.6212,60000.0,59183,60000,27,132
fashion_mnist,euclidean,1.2,robust-prune,-1,60000,60000,1814,59999.6241,60000.0,59184,60000,27,132
fashion_mnist,euclidean,1.2,robust-prune,-1,60000,60000,1815,59999.6273,60000.0,59185,60000,27,132
fashion_mnist,euclidean,1.2,robust-prune,-1,60000,60000,1816,59999.63,60000.0,59186,60000,27,130
fashion_mnist,euclidean,1.2,robust-prune,-1,60000,60000,1817,59999.6327,60000.0,59187,60000,27,130
fashion_mnist,euclidean,1.2,robust-prune,-1,60000,60000,1818,59999.6357,60000.0,59189,60000,26,128
fashion_mnist,euclidean,1.2,robust-prune,-1,60000,60000,1819,59999.6382,60000.0,59190,60000,25,124
fashion_mnist,euclidean,1.2,robust-prune,-1,60000,60000,1820,59999.641,60000.0,59191,60000,24,124
fashion_mnist,euclidean,1.2,robust-prune,-1,60000,60000,1821,59999.6437,60000.0,59192,60000,24,124
fashion_mnist,euclidean,1.2,robust-prune,-1,60000,60000,1822,59999.6466,60000.0,59200,60000,24,122
fashion_mnist,euclidean,1.2,robust-prune,-1,60000,60000,1823,59999.649,60000.0,59201,60000,24,120
fashion_mnist,euclidean,1.2,robust-prune,-1,60000,60000,1824,59999.6515,60000.0,59203,60000,24,117
fashion_mnist,euclidean,1.2,robust-prune,-1,60000,60000,1825,59999.6538,60000.0,59204,60000,24,116
fashion_mnist,euclidean,1.2,robust-prune,-1,60000,60000,1826,59999.6562,60000.0,59206,60000,24,116
fashion_mnist,euclidean,1.2,robust-prune,-1,60000,60000,1827,59999.6596,60000.0,59207,60000,24,115
fashion_mnist,euclidean,1.2,robust-prune,-1,60000,60000,1828,59999.662,60000.0,59208,60000,24,114
fashion_mnist,euclidean,1.2,robust-prune,-1,60000,60000,1829,59999.6645,60000.0,59209,60000,24,113
fashion_mnist,euclidean,1.2,robust-prune,-1,60000,60000,1830,59999.6677,60000.0,59210,60000,24,110
fashion_mnist,euclidean,1.2,robust-prune,-1,60000,60000,1831,59999.6698,60000.0,59212,60000,23,110
fashion_mnist,euclidean,1.2,robust-prune,-1,60000,60000,1832,59999.6732,60000.0,59267,60000,23,110
fashion_mnist,euclidean,1.2,robust-prune,-1,60000,60000,1833,59999.6754,60000.0,59268,60000,23,110
fashion_mnist,euclidean,1.2,robust-prune,-1,60000,60000,1834,59999.6778,60000.0,59269,60000,23,110
fashion_mnist,euclidean,1.2,robust-prune,-1,60000,60000,1835,59999.6804,60000.0,59278,60000,23,109
fashion_mnist,euclidean,1.2,robust-prune,-1,60000,60000,1836,59999.6826,60000.0,59279,60000,22,107
fashion_mnist,euclidean,1.2,robust-prune,-1,60000,60000,1837,59999.685,60000.0,59280,60000,22,106
fashion_mnist,euclidean,1.2,robust-prune,-1,60000,60000,1838,59999.6873,60000.0,59281,60000,22,105
fashion_mnist,euclidean,1.2,robust-prune,-1,60000,60000,1839,59999.6896,60000.0,59282,60000,22,104
fashion_mnist,euclidean,1.2,robust-prune,-1,60000,60000,1840,59999.6923,60000.0,59283,60000,22,103
fashion_mnist,euclidean,1.2,robust-prune,-1,60000,60000,1841,59999.6943,60000.0,59284,60000,21,101
fashion_mnist,euclidean,1.2,robust-prune,-1,60000,60000,1842,59999.6967,60000.0,59287,60000,21,101
fashion_mnist,euclidean,1.2,robust-prune,-1,60000,60000,1843,59999.6995,60000.0,59290,60000,21,99
fashion_mnist,euclidean,1.2,robust-prune,-1,60000,60000,1844,59999.702,60000.0,59293,60000,21,99
fashion_mnist,euclidean,1.2,robust-prune,-1,60000,60000,1845,59999.7041,60000.0,59294,60000,21,99
fashion_mnist,euclidean,1.2,robust-prune,-1,60000,60000,1846,59999.7062,60000.0,59295,60000,21,97
fashion_mnist,euclidean,1.2,robust-prune,-1,60000,60000,1847,59999.7082,60000.0,59296,60000,21,94
fashion_mnist,euclidean,1.2,robust-prune,-1,60000,60000,1848,59999.7103,60000.0,59297,60000,21,93
fashion_mnist,euclidean,1.2,robust-prune,-1,60000,60000,1849,59999.7124,60000.0,59300,60000,21,93
fashion_mnist,euclidean,1.2,robust-prune,-1,60000,60000,1850,59999.7142,60000.0,59301,60000,21,92
fashion_mnist,euclidean,1.2,robust-prune,-1,60000,60000,1851,59999.7163,60000.0,59302,60000,21,91
fashion_mnist,euclidean,1.2,robust-prune,-1,60000,60000,1852,59999.718,60000.0,59303,60000,21,90
fashion_mnist,euclidean,1.2,robust-prune,-1,60000,60000,1853,59999.72,60000.0,59304,60000,21,90
fashion_mnist,euclidean,1.2,robust-prune,-1,60000,60000,1854,59999.722,60000.0,59309,60000,21,89
fashion_mnist,euclidean,1.2,robust-prune,-1,60000,60000,1855,59999.7244,60000.0,59310,60000,21,89
fashion_mnist,euclidean,1.2,robust-prune,-1,60000,60000,1856,59999.7266,60000.0,59312,60000,20,88
fashion_mnist,euclidean,1.2,robust-prune,-1,60000,60000,1857,59999.7284,60000.0,59313,60000,20,88
fashion_mnist,euclidean,1.2,robust-prune,-1,60000,60000,1858,59999.7301,60000.0,59315,60000,20,88
fashion_mnist,euclidean,1.2,robust-prune,-1,60000,60000,1859,59999.7322,60000.0,59316,60000,20,88
fashion_mnist,euclidean,1.2,robust-prune,-1,60000,60000,1860,59999.734,60000.0,59317,60000,20,88
fashion_mnist,euclidean,1.2,robust-prune,-1,60000,60000,1861,59999.7358,60000.0,59318,60000,20,88
fashion_mnist,euclidean,1.2,robust-prune,-1,60000,60000,1862,59999.7376,60000.0,59319,60000,20,88
fashion_mnist,euclidean,1.2,robust-prune,-1,60000,60000,1863,59999.7394,60000.0,59320,60000,20,88
fashion_mnist,euclidean,1.2,robust-prune,-1,60000,60000,1864,59999.7413,60000.0,59324,60000,20,87
fashion_mnist,euclidean,1.2,robust-prune,-1,60000,60000,1865,59999.7432,60000.0,59325,60000,20,86
fashion_mnist,euclidean,1.2,robust-prune,-1,60000,60000,1866,59999.7452,60000.0,59326,60000,20,86
fashion_mnist,euclidean,1.2,robust-prune,-1,60000,60000,1867,59999.7472,60000.0,59334,60000,20,84
fashion_mnist,euclidean,1.2,robust-prune,-1,60000,60000,1868,59999.7491,60000.0,59335,60000,20,84
fashion_mnist,euclidean,1.2,robust-prune,-1,60000,60000,1869,59999.751,60000.0,59336,60000,20,84
fashion_mnist,euclidean,1.2,robust-prune,-1,60000,60000,1870,59999.7534,60000.0,59338,60000,20,83
fashion_mnist,euclidean,1.2,robust-prune,-1,60000,60000,1871,59999.755,60000.0,59339,60000,20,83
fashion_mnist,euclidean,1.2,robust-prune,-1,60000,60000,1872,59999.757,60000.0,59340,60000,20,82
fashion_mnist,euclidean,1.2,robust-prune,-1,60000,60000,1873,59999.7587,60000.0,59341,60000,18,80
fashion_mnist,euclidean,1.2,robust-prune,-1,60000,60000,1874,59999.7607,60000.0,59342,60000,18,79
fashion_mnist,euclidean,1.2,robust-prune,-1,60000,60000,1875,59999.7626,60000.0,59344,60000,18,79
fashion_mnist,euclidean,1.2,robust-prune,-1,60000,60000,1876,59999.7644,60000.0,59345,60000,17,79
fashion_mnist,euclidean,1.2,robust-prune,-1,60000,60000,1877,59999.7661,60000.0,59346,60000,17,79
fashion_mnist,euclidean,1.2,robust-prune,-1,60000,60000,1878,59999.768,60000.0,59360,60000,17,79
fashion_mnist,euclidean,1.2,robust-prune,-1,60000,60000,1879,59999.7697,60000.0,59361,60000,17,79
fashion_mnist,euclidean,1.2,robust-prune,-1,60000,60000,1880,59999.7714,60000.0,59362,60000,17,79
fashion_mnist,euclidean,1.2,robust-prune,-1,60000,60000,1881,59999.7731,60000.0,59363,60000,17,79
fashion_mnist,euclidean,1.2,robust-prune,-1,60000,60000,1882,59999.7756,60000.0,59365,60000,16,78
fashion_mnist,euclidean,1.2,robust-prune,-1,60000,60000,1883,59999.7773,60000.0,59368,60000,16,77
fashion_mnist,euclidean,1.2,robust-prune,-1,60000,60000,1884,59999.7792,60000.0,59370,60000,16,77
fashion_mnist,euclidean,1.2,robust-prune,-1,60000,60000,1885,59999.7808,60000.0,59371,60000,16,76
fashion_mnist,euclidean,1.2,robust-prune,-1,60000,60000,1886,59999.7822,60000.0,59372,60000,16,76
fashion_mnist,euclidean,1.2,robust-prune,-1,60000,60000,1887,59999.7836,60000.0,59373,60000,16,76
fashion_mnist,euclidean,1.2,robust-prune,-1,60000,60000,1888,59999.7852,60000.0,59375,60000,16,76
fashion_mnist,euclidean,1.2,robust-prune,-1,60000,60000,1889,59999.7866,60000.0,59377,60000,16,76
fashion_mnist,euclidean,1.2,robust-prune,-1,60000,60000,1890,59999.7882,60000.0,59378,60000,16,76
fashion_mnist,euclidean,1.2,robust-prune,-1,60000,60000,1891,59999.7898,60000.0,59385,60000,16,76
fashion_mnist,euclidean,1.2,robust-prune,-1,60000,60000,1892,59999.7916,60000.0,59389,60000,16,75
fashion_mnist,euclidean,1.2,robust-prune,-1,60000,60000,1893,59999.7933,60000.0,59393,60000,16,75
fashion_mnist,euclidean,1.2,robust-prune,-1,60000,60000,1894,59999.7948,60000.0,59394,60000,16,72
fashion_mnist,euclidean,1.2,robust-prune,-1,60000,60000,1895,59999.7965,60000.0,59395,60000,16,72
fashion_mnist,euclidean,1.2,robust-prune,-1,60000,60000,1896,59999.7982,60000.0,59400,60000,15,72
fashion_mnist,euclidean,1.2,robust-prune,-1,60000,60000,1897,59999.7999,60000.0,59401,60000,15,71
fashion_mnist,euclidean,1.2,robust-prune,-1,60000,60000,1898,59999.8013,60000.0,59405,60000,15,70
fashion_mnist,euclidean,1.2,robust-prune,-1,60000,60000,1899,59999.8028,60000.0,59408,60000,15,70
fashion_mnist,euclidean,1.2,robust-prune,-1,60000,60000,1900,59999.8044,60000.0,59409,60000,15,68
fashion_mnist,euclidean,1.2,robust-prune,-1,60000,60000,1901,59999.8059,60000.0,59410,60000,15,68
fashion_mnist,euclidean,1.2,robust-prune,-1,60000,60000,1902,59999.8073,60000.0,59411,60000,15,68
fashion_mnist,euclidean,1.2,robust-prune,-1,60000,60000,1903,59999.8088,60000.0,59412,60000,15,67
fashion_mnist,euclidean,1.2,robust-prune,-1,60000,60000,1904,59999.8106,60000.0,59413,60000,15,67
fashion_mnist,euclidean,1.2,robust-prune,-1,60000,60000,1905,59999.8123,60000.0,59414,60000,15,67
fashion_mnist,euclidean,1.2,robust-prune,-1,60000,60000,1906,59999.8138,60000.0,59415,60000,14,67
fashion_mnist,euclidean,1.2,robust-prune,-1,60000,60000,1907,59999.8152,60000.0,59417,60000,14,67
fashion_mnist,euclidean,1.2,robust-prune,-1,60000,60000,1908,59999.8168,60000.0,59418,60000,14,66
fashion_mnist,euclidean,1.2,robust-prune,-1,60000,60000,1909,59999.8183,60000.0,59419,60000,14,66
fashion_mnist,euclidean,1.2,robust-prune,-1,60000,60000,1910,59999.8197,60000.0,59422,60000,14,66
fashion_mnist,euclidean,1.2,robust-prune,-1,60000,60000,1911,59999.821,60000.0,59424,60000,14,66
fashion_mnist,euclidean,1.2,robust-prune,-1,60000,60000,1912,59999.8227,60000.0,59429,60000,14,66
fashion_mnist,euclidean,1.2,robust-prune,-1,60000,60000,1913,59999.824,60000.0,59431,60000,13,64
fashion_mnist,euclidean,1.2,robust-prune,-1,60000,60000,1914,59999.8256,60000.0,59437,60000,13,64
fashion_mnist,euclidean,1.2,robust-prune,-1,60000,60000,1915,59999.8269,60000.0,59438,60000,12,64
fashion_mnist,euclidean,1.2,robust-prune,-1,60000,60000,1916,59999.8282,60000.0,59439,60000,12,64
fashion_mnist,euclidean,1.2,robust-prune,-1,60000,60000,1917,59999.8295,60000.0,59440,60000,12,64
fashion_mnist,euclidean,1.2,robust-prune,-1,60000,60000,1918,59999.8308,60000.0,59441,60000,12,64
fashion_mnist,euclidean,1.2,robust-prune,-1,60000,60000,1919,59999.832,60000.0,59442,60000,12,62
fashion_mnist,euclidean,1.2,robust-prune,-1,60000,60000,1920,59999.8334,60000.0,59443,60000,12,61
fashion_mnist,euclidean,1.2,robust-prune,-1,60000,60000,1921,59999.8351,60000.0,59444,60000,12,61
fashion_mnist,euclidean,1.2,robust-prune,-1,60000,60000,1922,59999.8366,60000.0,59455,60000,12,60
fashion_mnist,euclidean,1.2,robust-prune,-1,60000,60000,1923,59999.8378,60000.0,59456,60000,12,60
fashion_mnist,euclidean,1.2,robust-prune,-1,60000,60000,1924,59999.839,60000.0,59457,60000,12,60
fashion_mnist,euclidean,1.2,robust-prune,-1,60000,60000,1925,59999.8403,60000.0,59458,60000,12,59
fashion_mnist,euclidean,1.2,robust-prune,-1,60000,60000,1926,59999.8417,60000.0,59464,60000,12,58
fashion_mnist,euclidean,1.2,robust-prune,-1,60000,60000,1927,59999.843,60000.0,59466,60000,12,58
fashion_mnist,euclidean,1.2,robust-prune,-1,60000,60000,1928,59999.8442,60000.0,59467,60000,12,58
fashion_mnist,euclidean,1.2,robust-prune,-1,60000,60000,1929,59999.8454,60000.0,59468,60000,12,58
fashion_mnist,euclidean,1.2,robust-prune,-1,60000,60000,1930,59999.8465,60000.0,59469,60000,12,58
fashion_mnist,euclidean,1.2,robust-prune,-1,60000,60000,1931,59999.8478,60000.0,59473,60000,11,58
fashion_mnist,euclidean,1.2,robust-prune,-1,60000,60000,1932,59999.849,60000.0,59475,60000,11,57
fashion_mnist,euclidean,1.2,robust-prune,-1,60000,60000,1933,59999.8502,60000.0,59476,60000,11,57
fashion_mnist,euclidean,1.2,robust-prune,-1,60000,60000,1934,59999.8514,60000.0,59479,60000,11,57
fashion_mnist,euclidean,1.2,robust-prune,-1,60000,60000,1935,59999.8526,60000.0,59480,60000,11,56
fashion_mnist,euclidean,1.2,robust-prune,-1,60000,60000,1936,59999.8537,60000.0,59481,60000,9,56
fashion_mnist,euclidean,1.2,robust-prune,-1,60000,60000,1937,59999.8548,60000.0,59482,60000,9,56
fashion_mnist,euclidean,1.2,robust-prune,-1,60000,60000,1938,59999.856,60000.0,59483,60000,8,56
fashion_mnist,euclidean,1.2,robust-prune,-1,60000,60000,1939,59999.8571,60000.0,59488,60000,8,55
fashion_mnist,euclidean,1.2,robust-prune,-1,60000,60000,1940,59999.8583,60000.0,59490,60000,8,54
fashion_mnist,euclidean,1.2,robust-prune,-1,60000,60000,1941,59999.8598,60000.0,59506,60000,8,53
fashion_mnist,euclidean,1.2,robust-prune,-1,60000,60000,1942,59999.8608,60000.0,59509,60000,8,53
fashion_mnist,euclidean,1.2,robust-prune,-1,60000,60000,1943,59999.8619,60000.0,59510,60000,8,53
fashion_mnist,euclidean,1.2,robust-prune,-1,60000,60000,1944,59999.8629,60000.0,59511,60000,8,53
fashion_mnist,euclidean,1.2,robust-prune,-1,60000,60000,1945,59999.8639,60000.0,59512,60000,8,52
fashion_mnist,euclidean,1.2,robust-prune,-1,60000,60000,1946,59999.8651,60000.0,59513,60000,7,52
fashion_mnist,euclidean,1.2,robust-prune,-1,60000,60000,1947,59999.8665,60000.0,59516,60000,7,52
fashion_mnist,euclidean,1.2,robust-prune,-1,60000,60000,1948,59999.8676,60000.0,59517,60000,7,52
fashion_mnist,euclidean,1.2,robust-prune,-1,60000,60000,1949,59999.8687,60000.0,59519,60000,7,52
fashion_mnist,euclidean,1.2,robust-prune,-1,60000,60000,1950,59999.8697,60000.0,59520,60000,6,52
fashion_mnist,euclidean,1.2,robust-prune,-1,60000,60000,1951,59999.8707,60000.0,59523,60000,5,52
fashion_mnist,euclidean,1.2,robust-prune,-1,60000,60000,1952,59999.8722,60000.0,59524,60000,5,52
fashion_mnist,euclidean,1.2,robust-prune,-1,60000,60000,1953,59999.8732,60000.0,59525,60000,5,51
fashion_mnist,euclidean,1.2,robust-prune,-1,60000,60000,1954,59999.8742,60000.0,59526,60000,5,51
fashion_mnist,euclidean,1.2,robust-prune,-1,60000,60000,1955,59999.8754,60000.0,59527,60000,5,49
fashion_mnist,euclidean,1.2,robust-prune,-1,60000,60000,1956,59999.8765,60000.0,59534,60000,5,48
fashion_mnist,euclidean,1.2,robust-prune,-1,60000,60000,1957,59999.8774,60000.0,59535,60000,5,48
fashion_mnist,euclidean,1.2,robust-prune,-1,60000,60000,1958,59999.8784,60000.0,59536,60000,5,47
fashion_mnist,euclidean,1.2,robust-prune,-1,60000,60000,1959,59999.8793,60000.0,59537,60000,5,46
fashion_mnist,euclidean,1.2,robust-prune,-1,60000,60000,1960,59999.8804,60000.0,59538,60000,5,46
fashion_mnist,euclidean,1.2,robust-prune,-1,60000,60000,1961,59999.8812,60000.0,59539,60000,5,46
fashion_mnist,euclidean,1.2,robust-prune,-1,60000,60000,1962,59999.8822,60000.0,59540,60000,5,45
fashion_mnist,euclidean,1.2,robust-prune,-1,60000,60000,1963,59999.8832,60000.0,59542,60000,5,45
fashion_mnist,euclidean,1.2,robust-prune,-1,60000,60000,1964,59999.8847,60000.0,59544,60000,4,45
fashion_mnist,euclidean,1.2,robust-prune,-1,60000,60000,1965,59999.8856,60000.0,59545,60000,4,45
fashion_mnist,euclidean,1.2,robust-prune,-1,60000,60000,1966,59999.8866,60000.0,59549,60000,4,45
fashion_mnist,euclidean,1.2,robust-prune,-1,60000,60000,1967,59999.8875,60000.0,59551,60000,4,45
fashion_mnist,euclidean,1.2,robust-prune,-1,60000,60000,1968,59999.8886,60000.0,59552,60000,4,45
fashion_mnist,euclidean,1.2,robust-prune,-1,60000,60000,1969,59999.8895,60000.0,59553,60000,4,45
fashion_mnist,euclidean,1.2,robust-prune,-1,60000,60000,1970,59999.8903,60000.0,59554,60000,4,44
fashion_mnist,euclidean,1.2,robust-prune,-1,60000,60000,1971,59999.8912,60000.0,59555,60000,4,44
fashion_mnist,euclidean,1.2,robust-prune,-1,60000,60000,1972,59999.892,60000.0,59558,60000,4,44
fashion_mnist,euclidean,1.2,robust-prune,-1,60000,60000,1973,59999.8928,60000.0,59559,60000,4,43
fashion_mnist,euclidean,1.2,robust-prune,-1,60000,60000,1974,59999.8939,60000.0,59560,60000,4,43
fashion_mnist,euclidean,1.2,robust-prune,-1,60000,60000,1975,59999.8947,60000.0,59561,60000,4,43
fashion_mnist,euclidean,1.2,robust-prune,-1,60000,60000,1976,59999.8958,60000.0,59562,60000,4,43
fashion_mnist,euclidean,1.2,robust-prune,-1,60000,60000,1977,59999.8966,60000.0,59564,60000,4,42
fashion_mnist,euclidean,1.2,robust-prune,-1,60000,60000,1978,59999.8976,60000.0,59568,60000,4,42
fashion_mnist,euclidean,1.2,robust-prune,-1,60000,60000,1979,59999.8983,60000.0,59569,60000,4,41
fashion_mnist,euclidean,1.2,robust-prune,-1,60000,60000,1980,59999.8991,60000.0,59570,60000,4,40
fashion_mnist,euclidean,1.2,robust-prune,-1,60000,60000,1981,59999.8999,60000.0,59573,60000,4,40
fashion_mnist,euclidean,1.2,robust-prune,-1,60000,60000,1982,59999.9006,60000.0,59574,60000,4,40
fashion_mnist,euclidean,1.2,robust-prune,-1,60000,60000,1983,59999.9014,60000.0,59575,60000,4,39
fashion_mnist,euclidean,1.2,robust-prune,-1,60000,60000,1984,59999.9021,60000.0,59578,60000,4,39
fashion_mnist,euclidean,1.2,robust-prune,-1,60000,60000,1985,59999.9035,60000.0,59580,60000,4,39
fashion_mnist,euclidean,1.2,robust-prune,-1,60000,60000,1986,59999.9042,60000.0,59581,60000,4,38
fashion_mnist,euclidean,1.2,robust-prune,-1,60000,60000,1987,59999.905,60000.0,59582,60000,4,37
fashion_mnist,euclidean,1.2,robust-prune,-1,60000,60000,1988,59999.9064,60000.0,59583,60000,3,37
fashion_mnist,euclidean,1.2,robust-prune,-1,60000,60000,1989,59999.907,60000.0,59585,60000,3,37
fashion_mnist,euclidean,1.2,robust-prune,-1,60000,60000,1990,59999.9079,60000.0,59590,60000,3,37
fashion_mnist,euclidean,1.2,robust-prune,-1,60000,60000,1991,59999.9086,60000.0,59591,60000,3,37
fashion_mnist,euclidean,1.2,robust-prune,-1,60000,60000,1992,59999.9093,60000.0,59593,60000,3,36
fashion_mnist,euclidean,1.2,robust-prune,-1,60000,60000,1993,59999.91,60000.0,59594,60000,3,36
fashion_mnist,euclidean,1.2,robust-prune,-1,60000,60000,1994,59999.9109,60000.0,59595,60000,3,36
fashion_mnist,euclidean,1.2,robust-prune,-1,60000,60000,1995,59999.9116,60000.0,59597,60000,3,36
fashion_mnist,euclidean,1.2,robust-prune,-1,60000,60000,1996,59999.9123,60000.0,59598,60000,3,36
fashion_mnist,euclidean,1.2,robust-prune,-1,60000,60000,1997,59999.913,60000.0,59599,60000,3,36
fashion_mnist,euclidean,1.2,robust-prune,-1,60000,60000,1998,59999.9138,60000.0,59602,60000,3,35
fashion_mnist,euclidean,1.2,robust-prune,-1,60000,60000,1999,59999.9145,60000.0,59607,60000,3,35
fashion_mnist,euclidean,1.2,robust-prune,-1,60000,60000,2000,59999.9152,60000.0,59608,60000,3,35
fashion_mnist,euclidean,1.2,robust-prune,-1,60000,60000,2001,59999.9158,60000.0,59609,60000,3,34
fashion_mnist,euclidean,1.2,robust-prune,-1,60000,60000,2002,59999.9164,60000.0,59610,60000,2,34
fashion_mnist,euclidean,1.2,robust-prune,-1,60000,60000,2003,59999.9172,60000.0,59612,60000,2,34
fashion_mnist,euclidean,1.2,robust-prune,-1,60000,60000,2004,59999.9179,60000.0,59613,60000,2,34
fashion_mnist,euclidean,1.2,robust-prune,-1,60000,60000,2005,59999.9186,60000.0,59615,60000,2,34
fashion_mnist,euclidean,1.2,robust-prune,-1,60000,60000,2006,59999.9193,60000.0,59619,60000,2,34
fashion_mnist,euclidean,1.2,robust-prune,-1,60000,60000,2007,59999.92,60000.0,59620,60000,2,34
fashion_mnist,euclidean,1.2,robust-prune,-1,60000,60000,2008,59999.9206,60000.0,59621,60000,2,34
fashion_mnist,euclidean,1.2,robust-prune,-1,60000,60000,2009,59999.9212,60000.0,59622,60000,2,34
fashion_mnist,euclidean,1.2,robust-prune,-1,60000,60000,2010,59999.9219,60000.0,59623,60000,2,34
fashion_mnist,euclidean,1.2,robust-prune,-1,60000,60000,2011,59999.9226,60000.0,59624,60000,2,34
fashion_mnist,euclidean,1.2,robust-prune,-1,60000,60000,2012,59999.9233,60000.0,59628,60000,2,34
fashion_mnist,euclidean,1.2,robust-prune,-1,60000,60000,2013,59999.924,60000.0,59631,60000,2,34
fashion_mnist,euclidean,1.2,robust-prune,-1,60000,60000,2014,59999.9247,60000.0,59632,60000,2,34
fashion_mnist,euclidean,1.2,robust-prune,-1,60000,60000,2015,59999.9253,60000.0,59633,60000,2,34
fashion_mnist,euclidean,1.2,robust-prune,-1,60000,60000,2016,59999.926,60000.0,59634,60000,2,34
fashion_mnist,euclidean,1.2,robust-prune,-1,60000,60000,2017,59999.9266,60000.0,59636,60000,2,34
fashion_mnist,euclidean,1.2,robust-prune,-1,60000,60000,2018,59999.9272,60000.0,59637,60000,2,33
fashion_mnist,euclidean,1.2,robust-prune,-1,60000,60000,2019,59999.9278,60000.0,59638,60000,2,33
fashion_mnist,euclidean,1.2,robust-prune,-1,60000,60000,2020,59999.9284,60000.0,59639,60000,2,33
fashion_mnist,euclidean,1.2,robust-prune,-1,60000,60000,2021,59999.929,60000.0,59642,60000,2,33
fashion_mnist,euclidean,1.2,robust-prune,-1,60000,60000,2022,59999.9298,60000.0,59643,60000,2,33
fashion_mnist,euclidean,1.2,robust-prune,-1,60000,60000,2023,59999.9306,60000.0,59645,60000,2,33
fashion_mnist,euclidean,1.2,robust-prune,-1,60000,60000,2024,59999.9312,60000.0,59646,60000,2,33
fashion_mnist,euclidean,1.2,robust-prune,-1,60000,60000,2025,59999.9318,60000.0,59647,60000,2,33
fashion_mnist,euclidean,1.2,robust-prune,-1,60000,60000,2026,59999.9325,60000.0,59649,60000,2,33
fashion_mnist,euclidean,1.2,robust-prune,-1,60000,60000,2027,59999.9331,60000.0,59650,60000,2,32
fashion_mnist,euclidean,1.2,robust-prune,-1,60000,60000,2028,59999.9337,60000.0,59651,60000,2,32
fashion_mnist,euclidean,1.2,robust-prune,-1,60000,60000,2029,59999.9343,60000.0,59652,60000,2,32
fashion_mnist,euclidean,1.2,robust-prune,-1,60000,60000,2030,59999.935,60000.0,59653,60000,2,32
fashion_mnist,euclidean,1.2,robust-prune,-1,60000,60000,2031,59999.9356,60000.0,59654,60000,2,32
fashion_mnist,euclidean,1.2,robust-prune,-1,60000,60000,2032,59999.9362,60000.0,59655,60000,2,31
fashion_mnist,euclidean,1.2,robust-prune,-1,60000,60000,2033,59999.9367,60000.0,59656,60000,2,31
fashion_mnist,euclidean,1.2,robust-prune,-1,60000,60000,2034,59999.9373,60000.0,59657,60000,2,31
fashion_mnist,euclidean,1.2,robust-prune,-1,60000,60000,2035,59999.9379,60000.0,59658,60000,2,31
fashion_mnist,euclidean,1.2,robust-prune,-1,60000,60000,2036,59999.9385,60000.0,59659,60000,2,31
fashion_mnist,euclidean,1.2,robust-prune,-1,60000,60000,2037,59999.9391,60000.0,59665,60000,2,31
fashion_mnist,euclidean,1.2,robust-prune,-1,60000,60000,2038,59999.9397,60000.0,59666,60000,2,31
fashion_mnist,euclidean,1.2,robust-prune,-1,60000,60000,2039,59999.9404,60000.0,59667,60000,2,30
fashion_mnist,euclidean,1.2,robust-prune,-1,60000,60000,2040,59999.9409,60000.0,59668,60000,2,30
fashion_mnist,euclidean,1.2,robust-prune,-1,60000,60000,2041,59999.9414,60000.0,59669,60000,2,29
fashion_mnist,euclidean,1.2,robust-prune,-1,60000,60000,2042,59999.9421,60000.0,59675,60000,2,29
fashion_mnist,euclidean,1.2,robust-prune,-1,60000,60000,2043,59999.9426,60000.0,59676,60000,2,29
fashion_mnist,euclidean,1.2,robust-prune,-1,60000,60000,2044,59999.9433,60000.0,59677,60000,2,28
fashion_mnist,euclidean,1.2,robust-prune,-1,60000,60000,2045,59999.9438,60000.0,59678,60000,2,27
fashion_mnist,euclidean,1.2,robust-prune,-1,60000,60000,2046,59999.9442,60000.0,59679,60000,2,27
fashion_mnist,euclidean,1.2,robust-prune,-1,60000,60000,2047,59999.9448,60000.0,59680,60000,2,27
fashion_mnist,euclidean,1.2,robust-prune,-1,60000,60000,2048,59999.9454,60000.0,59683,60000,2,27
fashion_mnist,euclidean,1.2,robust-prune,-1,60000,60000,2049,59999.9459,60000.0,59684,60000,2,27
fashion_mnist,euclidean,1.2,robust-prune,-1,60000,60000,2050,59999.9464,60000.0,59685,60000,2,27
fashion_mnist,euclidean,1.2,robust-prune,-1,60000,60000,2051,59999.9469,60000.0,59686,60000,2,27
fashion_mnist,euclidean,1.2,robust-prune,-1,60000,60000,2052,59999.9474,60000.0,59687,60000,2,27
fashion_mnist,euclidean,1.2,robust-prune,-1,60000,60000,2053,59999.9479,60000.0,59688,60000,2,27
fashion_mnist,euclidean,1.2,robust-prune,-1,60000,60000,2054,59999.9484,60000.0,59689,60000,1,27
fashion_mnist,euclidean,1.2,robust-prune,-1,60000,60000,2055,59999.9489,60000.0,59690,60000,1,27
fashion_mnist,euclidean,1.2,robust-prune,-1,60000,60000,2056,59999.9494,60000.0,59694,60000,1,27
fashion_mnist,euclidean,1.2,robust-prune,-1,60000,60000,2057,59999.95,60000.0,59695,60000,1,26
fashion_mnist,euclidean,1.2,robust-prune,-1,60000,60000,2058,59999.9504,60000.0,59696,60000,1,26
fashion_mnist,euclidean,1.2,robust-prune,-1,60000,60000,2059,59999.9509,60000.0,59698,60000,1,26
fashion_mnist,euclidean,1.2,robust-prune,-1,60000,60000,2060,59999.9515,60000.0,59703,60000,0,26
fashion_mnist,euclidean,1.2,robust-prune,-1,60000,60000,2061,59999.952,60000.0,59704,60000,0,25
fashion_mnist,euclidean,1.2,robust-prune,-1,60000,60000,2062,59999.9525,60000.0,59705,60000,0,25
fashion_mnist,euclidean,1.2,robust-prune,-1,60000,60000,2063,59999.953,60000.0,59706,60000,0,25
fashion_mnist,euclidean,1.2,robust-prune,-1,60000,60000,2064,59999.9534,60000.0,59707,60000,0,24
fashion_mnist,euclidean,1.2,robust-prune,-1,60000,60000,2065,59999.9539,60000.0,59709,60000,0,24
fashion_mnist,euclidean,1.2,robust-prune,-1,60000,60000,2066,59999.9545,60000.0,59710,60000,0,24
fashion_mnist,euclidean,1.2,robust-prune,-1,60000,60000,2067,59999.9549,60000.0,59711,60000,0,24
fashion_mnist,euclidean,1.2,robust-prune,-1,60000,60000,2068,59999.9554,60000.0,59712,60000,0,23
fashion_mnist,euclidean,1.2,robust-prune,-1,60000,60000,2069,59999.9559,60000.0,59713,60000,0,23
fashion_mnist,euclidean,1.2,robust-prune,-1,60000,60000,2070,59999.9563,60000.0,59714,60000,0,23
fashion_mnist,euclidean,1.2,robust-prune,-1,60000,60000,2071,59999.9567,60000.0,59715,60000,0,23
fashion_mnist,euclidean,1.2,robust-prune,-1,60000,60000,2072,59999.9573,60000.0,59718,60000,0,23
fashion_mnist,euclidean,1.2,robust-prune,-1,60000,60000,2073,59999.9578,60000.0,59720,60000,0,23
fashion_mnist,euclidean,1.2,robust-prune,-1,60000,60000,2074,59999.9582,60000.0,59721,60000,0,23
fashion_mnist,euclidean,1.2,robust-prune,-1,60000,60000,2075,59999.9586,60000.0,59722,60000,0,23
fashion_mnist,euclidean,1.2,robust-prune,-1,60000,60000,2076,59999.959,60000.0,59723,60000,0,23
fashion_mnist,euclidean,1.2,robust-prune,-1,60000,60000,2077,59999.9595,60000.0,59724,60000,0,23
fashion_mnist,euclidean,1.2,robust-prune,-1,60000,60000,2078,59999.9599,60000.0,59725,60000,0,23
fashion_mnist,euclidean,1.2,robust-prune,-1,60000,60000,2079,59999.9603,60000.0,59727,60000,0,23
fashion_mnist,euclidean,1.2,robust-prune,-1,60000,60000,2080,59999.9608,60000.0,59730,60000,0,23
fashion_mnist,euclidean,1.2,robust-prune,-1,60000,60000,2081,59999.9612,60000.0,59732,60000,0,23
fashion_mnist,euclidean,1.2,robust-prune,-1,60000,60000,2082,59999.9616,60000.0,59733,60000,0,22
fashion_mnist,euclidean,1.2,robust-prune,-1,60000,60000,2083,59999.9621,60000.0,59734,60000,0,21
fashion_mnist,euclidean,1.2,robust-prune,-1,60000,60000,2084,59999.9625,60000.0,59735,60000,0,21
fashion_mnist,euclidean,1.2,robust-prune,-1,60000,60000,2085,59999.9629,60000.0,59736,60000,0,21
fashion_mnist,euclidean,1.2,robust-prune,-1,60000,60000,2086,59999.9634,60000.0,59737,60000,0,21
fashion_mnist,euclidean,1.2,robust-prune,-1,60000,60000,2087,59999.9638,60000.0,59738,60000,0,21
fashion_mnist,euclidean,1.2,robust-prune,-1,60000,60000,2088,59999.9642,60000.0,59739,60000,0,21
fashion_mnist,euclidean,1.2,robust-prune,-1,60000,60000,2089,59999.9646,60000.0,59740,60000,0,21
fashion_mnist,euclidean,1.2,robust-prune,-1,60000,60000,2090,59999.965,60000.0,59741,60000,0,21
fashion_mnist,euclidean,1.2,robust-prune,-1,60000,60000,2091,59999.9654,60000.0,59742,60000,0,21
fashion_mnist,euclidean,1.2,robust-prune,-1,60000,60000,2092,59999.9658,60000.0,59743,60000,0,21
fashion_mnist,euclidean,1.2,robust-prune,-1,60000,60000,2093,59999.9662,60000.0,59744,60000,0,21
fashion_mnist,euclidean,1.2,robust-prune,-1,60000,60000,2094,59999.9665,60000.0,59745,60000,0,21
fashion_mnist,euclidean,1.2,robust-prune,-1,60000,60000,2095,59999.967,60000.0,59746,60000,0,21
fashion_mnist,euclidean,1.2,robust-prune,-1,60000,60000,2096,59999.9674,60000.0,59747,60000,0,21
fashion_mnist,euclidean,1.2,robust-prune,-1,60000,60000,2097,59999.9678,60000.0,59748,60000,0,21
fashion_mnist,euclidean,1.2,robust-prune,-1,60000,60000,2098,59999.9682,60000.0,59750,60000,0,21
fashion_mnist,euclidean,1.2,robust-prune,-1,60000,60000,2099,59999.9686,60000.0,59752,60000,0,20
fashion_mnist,euclidean,1.2,robust-prune,-1,60000,60000,2100,59999.969,60000.0,59753,60000,0,20
fashion_mnist,euclidean,1.2,robust-prune,-1,60000,60000,2101,59999.9693,60000.0,59754,60000,0,20
fashion_mnist,euclidean,1.2,robust-prune,-1,60000,60000,2102,59999.9698,60000.0,59755,60000,0,20
fashion_mnist,euclidean,1.2,robust-prune,-1,60000,60000,2103,59999.9702,60000.0,59756,60000,0,20
fashion_mnist,euclidean,1.2,robust-prune,-1,60000,60000,2104,59999.9705,60000.0,59758,60000,0,20
fashion_mnist,euclidean,1.2,robust-prune,-1,60000,60000,2105,59999.9709,60000.0,59759,60000,0,20
fashion_mnist,euclidean,1.2,robust-prune,-1,60000,60000,2106,59999.9712,60000.0,59760,60000,0,20
fashion_mnist,euclidean,1.2,robust-prune,-1,60000,60000,2107,59999.9717,60000.0,59761,60000,0,19
fashion_mnist,euclidean,1.2,robust-prune,-1,60000,60000,2108,59999.972,60000.0,59763,60000,0,19
fashion_mnist,euclidean,1.2,robust-prune,-1,60000,60000,2109,59999.9724,60000.0,59764,60000,0,19
fashion_mnist,euclidean,1.2,robust-prune,-1,60000,60000,2110,59999.9728,60000.0,59766,60000,0,19
fashion_mnist,euclidean,1.2,robust-prune,-1,60000,60000,2111,59999.9731,60000.0,59767,60000,0,19
fashion_mnist,euclidean,1.2,robust-prune,-1,60000,60000,2112,59999.9734,60000.0,59768,60000,0,19
fashion_mnist,euclidean,1.2,robust-prune,-1,60000,60000,2113,59999.9737,60000.0,59769,60000,0,19
fashion_mnist,euclidean,1.2,robust-prune,-1,60000,60000,2114,59999.9741,60000.0,59770,60000,0,19
fashion_mnist,euclidean,1.2,robust-prune,-1,60000,60000,2115,59999.9744,60000.0,59771,60000,0,19
fashion_mnist,euclidean,1.2,robust-prune,-1,60000,60000,2116,59999.9748,60000.0,59772,60000,0,19
fashion_mnist,euclidean,1.2,robust-prune,-1,60000,60000,2117,59999.9751,60000.0,59773,60000,0,19
fashion_mnist,euclidean,1.2,robust-prune,-1,60000,60000,2118,59999.9755,60000.0,59774,60000,0,19
fashion_mnist,euclidean,1.2,robust-prune,-1,60000,60000,2119,59999.9758,60000.0,59775,60000,0,19
fashion_mnist,euclidean,1.2,robust-prune,-1,60000,60000,2120,59999.9762,60000.0,59776,60000,0,19
fashion_mnist,euclidean,1.2,robust-prune,-1,60000,60000,2121,59999.9765,60000.0,59777,60000,0,19
fashion_mnist,euclidean,1.2,robust-prune,-1,60000,60000,2122,59999.9769,60000.0,59778,60000,0,17
fashion_mnist,euclidean,1.2,robust-prune,-1,60000,60000,2123,59999.9772,60000.0,59779,60000,0,17
fashion_mnist,euclidean,1.2,robust-prune,-1,60000,60000,2124,59999.9775,60000.0,59781,60000,0,17
fashion_mnist,euclidean,1.2,robust-prune,-1,60000,60000,2125,59999.9778,60000.0,59783,60000,0,17
fashion_mnist,euclidean,1.2,robust-prune,-1,60000,60000,2126,59999.9782,60000.0,59784,60000,0,17
fashion_mnist,euclidean,1.2,robust-prune,-1,60000,60000,2127,59999.9785,60000.0,59785,60000,0,17
fashion_mnist,euclidean,1.2,robust-prune,-1,60000,60000,2128,59999.9788,60000.0,59786,60000,0,17
fashion_mnist,euclidean,1.2,robust-prune,-1,60000,60000,2129,59999.9791,60000.0,59788,60000,0,17
fashion_mnist,euclidean,1.2,robust-prune,-1,60000,60000,2130,59999.9794,60000.0,59790,60000,0,17
fashion_mnist,euclidean,1.2,robust-prune,-1,60000,60000,2131,59999.9797,60000.0,59791,60000,0,17
fashion_mnist,euclidean,1.2,robust-prune,-1,60000,60000,2132,59999.98,60000.0,59792,60000,0,17
fashion_mnist,euclidean,1.2,robust-prune,-1,60000,60000,2133,59999.9803,60000.0,59793,60000,0,16
fashion_mnist,euclidean,1.2,robust-prune,-1,60000,60000,2134,59999.9806,60000.0,59794,60000,0,16
fashion_mnist,euclidean,1.2,robust-prune,-1,60000,60000,2135,59999.9808,60000.0,59795,60000,0,16
fashion_mnist,euclidean,1.2,robust-prune,-1,60000,60000,2136,59999.9811,60000.0,59796,60000,0,16
fashion_mnist,euclidean,1.2,robust-prune,-1,60000,60000,2137,59999.9815,60000.0,59803,60000,0,16
fashion_mnist,euclidean,1.2,robust-prune,-1,60000,60000,2138,59999.9818,60000.0,59804,60000,0,16
fashion_mnist,euclidean,1.2,robust-prune,-1,60000,60000,2139,59999.9821,60000.0,59805,60000,0,16
fashion_mnist,euclidean,1.2,robust-prune,-1,60000,60000,2140,59999.9823,60000.0,59806,60000,0,16
fashion_mnist,euclidean,1.2,robust-prune,-1,60000,60000,2141,59999.9826,60000.0,59807,60000,0,15
fashion_mnist,euclidean,1.2,robust-prune,-1,60000,60000,2142,59999.9829,60000.0,59808,60000,0,15
fashion_mnist,euclidean,1.2,robust-prune,-1,60000,60000,2143,59999.9832,60000.0,59809,60000,0,14
fashion_mnist,euclidean,1.2,robust-prune,-1,60000,60000,2144,59999.9834,60000.0,59810,60000,0,14
fashion_mnist,euclidean,1.2,robust-prune,-1,60000,60000,2145,59999.9837,60000.0,59811,60000,0,14
fashion_mnist,euclidean,1.2,robust-prune,-1,60000,60000,2146,59999.9839,60000.0,59812,60000,0,14
fashion_mnist,euclidean,1.2,robust-prune,-1,60000,60000,2147,59999.9842,60000.0,59813,60000,0,14
fashion_mnist,euclidean,1.2,robust-prune,-1,60000,60000,2148,59999.9844,60000.0,59815,60000,0,14
fashion_mnist,euclidean,1.2,robust-prune,-1,60000,60000,2149,59999.9847,60000.0,59816,60000,0,13
fashion_mnist,euclidean,1.2,robust-prune,-1,60000,60000,2150,59999.9849,60000.0,59817,60000,0,13
fashion_mnist,euclidean,1.2,robust-prune,-1,60000,60000,2151,59999.9852,60000.0,59818,60000,0,13
fashion_mnist,euclidean,1.2,robust-prune,-1,60000,60000,2152,59999.9854,60000.0,59819,60000,0,13
fashion_mnist,euclidean,1.2,robust-prune,-1,60000,60000,2153,59999.9856,60000.0,59820,60000,0,13
fashion_mnist,euclidean,1.2,robust-prune,-1,60000,60000,2154,59999.9858,60000.0,59821,60000,0,13
fashion_mnist,euclidean,1.2,robust-prune,-1,60000,60000,2155,59999.986,60000.0,59822,60000,0,13
fashion_mnist,euclidean,1.2,robust-prune,-1,60000,60000,2156,59999.9863,60000.0,59823,60000,0,13
fashion_mnist,euclidean,1.2,robust-prune,-1,60000,60000,2157,59999.9865,60000.0,59824,60000,0,13
fashion_mnist,euclidean,1.2,robust-prune,-1,60000,60000,2158,59999.9867,60000.0,59825,60000,0,13
fashion_mnist,euclidean,1.2,robust-prune,-1,60000,60000,2159,59999.987,60000.0,59826,60000,0,13
fashion_mnist,euclidean,1.2,robust-prune,-1,60000,60000,2160,59999.9872,60000.0,59827,60000,0,13
fashion_mnist,euclidean,1.2,robust-prune,-1,60000,60000,2161,59999.9874,60000.0,59828,60000,0,13
fashion_mnist,euclidean,1.2,robust-prune,-1,60000,60000,2162,59999.9876,60000.0,59829,60000,0,13
fashion_mnist,euclidean,1.2,robust-prune,-1,60000,60000,2163,59999.9879,60000.0,59830,60000,0,13
fashion_mnist,euclidean,1.2,robust-prune,-1,60000,60000,2164,59999.9881,60000.0,59831,60000,0,13
fashion_mnist,euclidean,1.2,robust-prune,-1,60000,60000,2165,59999.9884,60000.0,59832,60000,0,12
fashion_mnist,euclidean,1.2,robust-prune,-1,60000,60000,2166,59999.9886,60000.0,59833,60000,0,12
fashion_mnist,euclidean,1.2,robust-prune,-1,60000,60000,2167,59999.9888,60000.0,59834,60000,0,12
fashion_mnist,euclidean,1.2,robust-prune,-1,60000,60000,2168,59999.989,60000.0,59835,60000,0,12
fashion_mnist,euclidean,1.2,robust-prune,-1,60000,60000,2169,59999.9892,60000.0,59839,60000,0,12
fashion_mnist,euclidean,1.2,robust-prune,-1,60000,60000,2170,59999.9895,60000.0,59840,60000,0,12
fashion_mnist,euclidean,1.2,robust-prune,-1,60000,60000,2171,59999.9897,60000.0,59841,60000,0,11
fashion_mnist,euclidean,1.2,robust-prune,-1,60000,60000,2172,59999.9899,60000.0,59842,60000,0,11
fashion_mnist,euclidean,1.2,robust-prune,-1,60000,60000,2173,59999.9901,60000.0,59843,60000,0,11
fashion_mnist,euclidean,1.2,robust-prune,-1,60000,60000,2174,59999.9902,60000.0,59844,60000,0,11
fashion_mnist,euclidean,1.2,robust-prune,-1,60000,60000,2175,59999.9905,60000.0,59845,60000,0,11
fashion_mnist,euclidean,1.2,robust-prune,-1,60000,60000,2176,59999.9906,60000.0,59846,60000,0,10
fashion_mnist,euclidean,1.2,robust-prune,-1,60000,60000,2177,59999.9908,60000.0,59847,60000,0,10
fashion_mnist,euclidean,1.2,robust-prune,-1,60000,60000,2178,59999.991,60000.0,59848,60000,0,10
fashion_mnist,euclidean,1.2,robust-prune,-1,60000,60000,2179,59999.9912,60000.0,59849,60000,0,10
fashion_mnist,euclidean,1.2,robust-prune,-1,60000,60000,2180,59999.9913,60000.0,59850,60000,0,10
fashion_mnist,euclidean,1.2,robust-prune,-1,60000,60000,2181,59999.9915,60000.0,59851,60000,0,10
fashion_mnist,euclidean,1.2,robust-prune,-1,60000,60000,2182,59999.9917,60000.0,59852,60000,0,10
fashion_mnist,euclidean,1.2,robust-prune,-1,60000,60000,2183,59999.9918,60000.0,59853,60000,0,10
fashion_mnist,euclidean,1.2,robust-prune,-1,60000,60000,2184,59999.992,60000.0,59854,60000,0,10
fashion_mnist,euclidean,1.2,robust-prune,-1,60000,60000,2185,59999.9922,60000.0,59855,60000,0,9
fashion_mnist,euclidean,1.2,robust-prune,-1,60000,60000,2186,59999.9923,60000.0,59856,60000,0,9
fashion_mnist,euclidean,1.2,robust-prune,-1,60000,60000,2187,59999.9925,60000.0,59857,60000,0,9
fashion_mnist,euclidean,1.2,robust-prune,-1,60000,60000,2188,59999.9926,60000.0,59858,60000,0,9
fashion_mnist,euclidean,1.2,robust-prune,-1,60000,60000,2189,59999.9928,60000.0,59859,60000,0,9
fashion_mnist,euclidean,1.2,robust-prune,-1,60000,60000,2190,59999.993,60000.0,59860,60000,0,8
fashion_mnist,euclidean,1.2,robust-prune,-1,60000,60000,2191,59999.9931,60000.0,59861,60000,0,8
fashion_mnist,euclidean,1.2,robust-prune,-1,60000,60000,2192,59999.9933,60000.0,59863,60000,0,8
fashion_mnist,euclidean,1.2,robust-prune,-1,60000,60000,2193,59999.9934,60000.0,59864,60000,0,8
fashion_mnist,euclidean,1.2,robust-prune,-1,60000,60000,2194,59999.9936,60000.0,59865,60000,0,8
fashion_mnist,euclidean,1.2,robust-prune,-1,60000,60000,2195,59999.9938,60000.0,59866,60000,0,8
fashion_mnist,euclidean,1.2,robust-prune,-1,60000,60000,2196,59999.9939,60000.0,59867,60000,0,7
fashion_mnist,euclidean,1.2,robust-prune,-1,60000,60000,2197,59999.994,60000.0,59868,60000,0,7
fashion_mnist,euclidean,1.2,robust-prune,-1,60000,60000,2198,59999.9941,60000.0,59869,60000,0,6
fashion_mnist,euclidean,1.2,robust-prune,-1,60000,60000,2199,59999.9942,60000.0,59870,60000,0,6
fashion_mnist,euclidean,1.2,robust-prune,-1,60000,60000,2200,59999.9944,60000.0,59871,60000,0,6
fashion_mnist,euclidean,1.2,robust-prune,-1,60000,60000,2201,59999.9944,60000.0,59872,60000,0,5
fashion_mnist,euclidean,1.2,robust-prune,-1,60000,60000,2202,59999.9945,60000.0,59873,60000,0,5
fashion_mnist,euclidean,1.2,robust-prune,-1,60000,60000,2203,59999.9946,60000.0,59874,60000,0,4
fashion_mnist,euclidean,1.2,robust-prune,-1,60000,60000,2204,59999.9947,60000.0,59875,60000,0,4
fashion_mnist,euclidean,1.2,robust-prune,-1,60000,60000,2205,59999.9948,60000.0,59876,60000,0,4
fashion_mnist,euclidean,1.2,robust-prune,-1,60000,60000,2206,59999.9948,60000.0,59877,60000,0,4
fashion_mnist,euclidean,1.2,robust-prune,-1,60000,60000,2207,59999.9949,60000.0,59878,60000,0,4
fashion_mnist,euclidean,1.2,robust-prune,-1,60000,60000,2208,59999.995,60000.0,59879,60000,0,4
fashion_mnist,euclidean,1.2,robust-prune,-1,60000,60000,2209,59999.995,60000.0,59880,60000,0,4
fashion_mnist,euclidean,1.2,robust-prune,-1,60000,60000,2210,59999.9951,60000.0,59881,60000,0,4
fashion_mnist,euclidean,1.2,robust-prune,-1,60000,60000,2211,59999.9952,60000.0,59882,60000,0,4
fashion_mnist,euclidean,1.2,robust-prune,-1,60000,60000,2212,59999.9952,60000.0,59883,60000,0,4
fashion_mnist,euclidean,1.2,robust-prune,-1,60000,60000,2213,59999.9953,60000.0,59884,60000,0,4
fashion_mnist,euclidean,1.2,robust-prune,-1,60000,60000,2214,59999.9954,60000.0,59885,60000,0,4
fashion_mnist,euclidean,1.2,robust-prune,-1,60000,60000,2215,59999.9955,60000.0,59886,60000,0,4
fashion_mnist,euclidean,1.2,robust-prune,-1,60000,60000,2216,59999.9956,60000.0,59889,60000,0,4
fashion_mnist,euclidean,1.2,robust-prune,-1,60000,60000,2217,59999.9956,60000.0,59890,60000,0,4
fashion_mnist,euclidean,1.2,robust-prune,-1,60000,60000,2218,59999.9957,60000.0,59891,60000,0,4
fashion_mnist,euclidean,1.2,robust-prune,-1,60000,60000,2219,59999.9958,60000.0,59892,60000,0,4
fashion_mnist,euclidean,1.2,robust-prune,-1,60000,60000,2220,59999.9959,60000.0,59893,60000,0,4
fashion_mnist,euclidean,1.2,robust-prune,-1,60000,60000,2221,59999.9959,60000.0,59894,60000,0,4
fashion_mnist,euclidean,1.2,robust-prune,-1,60000,60000,2222,59999.996,60000.0,59896,60000,0,4
fashion_mnist,euclidean,1.2,robust-prune,-1,60000,60000,2223,59999.9961,60000.0,59897,60000,0,4
fashion_mnist,euclidean,1.2,robust-prune,-1,60000,60000,2224,59999.9962,60000.0,59898,60000,0,4
fashion_mnist,euclidean,1.2,robust-prune,-1,60000,60000,2225,59999.9962,60000.0,59899,60000,0,4
fashion_mnist,euclidean,1.2,robust-prune,-1,60000,60000,2226,59999.9963,60000.0,59900,60000,0,4
fashion_mnist,euclidean,1.2,robust-prune,-1,60000,60000,2227,59999.9964,60000.0,59901,60000,0,4
fashion_mnist,euclidean,1.2,robust-prune,-1,60000,60000,2228,59999.9964,60000.0,59902,60000,0,4
fashion_mnist,euclidean,1.2,robust-prune,-1,60000,60000,2229,59999.9965,60000.0,59903,60000,0,4
fashion_mnist,euclidean,1.2,robust-prune,-1,60000,60000,2230,59999.9966,60000.0,59904,60000,0,4
fashion_mnist,euclidean,1.2,robust-prune,-1,60000,60000,2231,59999.9966,60000.0,59905,60000,0,4
fashion_mnist,euclidean,1.2,robust-prune,-1,60000,60000,2232,59999.9967,60000.0,59906,60000,0,4
fashion_mnist,euclidean,1.2,robust-prune,-1,60000,60000,2233,59999.9968,60000.0,59907,60000,0,4
fashion_mnist,euclidean,1.2,robust-prune,-1,60000,60000,2234,59999.9969,60000.0,59909,60000,0,4
fashion_mnist,euclidean,1.2,robust-prune,-1,60000,60000,2235,59999.997,60000.0,59910,60000,0,3
fashion_mnist,euclidean,1.2,robust-prune,-1,60000,60000,2236,59999.997,60000.0,59911,60000,0,3
fashion_mnist,euclidean,1.2,robust-prune,-1,60000,60000,2237,59999.9971,60000.0,59914,60000,0,3
fashion_mnist,euclidean,1.2,robust-prune,-1,60000,60000,2238,59999.9972,60000.0,59915,60000,0,3
fashion_mnist,euclidean,1.2,robust-prune,-1,60000,60000,2239,59999.9972,60000.0,59916,60000,0,3
fashion_mnist,euclidean,1.2,robust-prune,-1,60000,60000,2240,59999.9972,60000.0,59917,60000,0,3
fashion_mnist,euclidean,1.2,robust-prune,-1,60000,60000,2241,59999.9973,60000.0,59918,60000,0,3
fashion_mnist,euclidean,1.2,robust-prune,-1,60000,60000,2242,59999.9974,60000.0,59919,60000,0,3
fashion_mnist,euclidean,1.2,robust-prune,-1,60000,60000,2243,59999.9974,60000.0,59920,60000,0,3
fashion_mnist,euclidean,1.2,robust-prune,-1,60000,60000,2244,59999.9975,60000.0,59921,60000,0,3
fashion_mnist,euclidean,1.2,robust-prune,-1,60000,60000,2245,59999.9975,60000.0,59923,60000,0,3
fashion_mnist,euclidean,1.2,robust-prune,-1,60000,60000,2246,59999.9976,60000.0,59924,60000,0,3
fashion_mnist,euclidean,1.2,robust-prune,-1,60000,60000,2247,59999.9976,60000.0,59926,60000,0,3
fashion_mnist,euclidean,1.2,robust-prune,-1,60000,60000,2248,59999.9977,60000.0,59927,60000,0,3
fashion_mnist,euclidean,1.2,robust-prune,-1,60000,60000,2249,59999.9978,60000.0,59928,60000,0,3
fashion_mnist,euclidean,1.2,robust-prune,-1,60000,60000,2250,59999.9978,60000.0,59930,60000,0,3
fashion_mnist,euclidean,1.2,robust-prune,-1,60000,60000,2251,59999.9979,60000.0,59931,60000,0,3
fashion_mnist,euclidean,1.2,robust-prune,-1,60000,60000,2252,59999.9979,60000.0,59932,60000,0,2
fashion_mnist,euclidean,1.2,robust-prune,-1,60000,60000,2253,59999.998,60000.0,59933,60000,0,2
fashion_mnist,euclidean,1.2,robust-prune,-1,60000,60000,2254,59999.998,60000.0,59934,60000,0,2
fashion_mnist,euclidean,1.2,robust-prune,-1,60000,60000,2255,59999.998,60000.0,59936,60000,0,2
fashion_mnist,euclidean,1.2,robust-prune,-1,60000,60000,2256,59999.9981,60000.0,59937,60000,0,2
fashion_mnist,euclidean,1.2,robust-prune,-1,60000,60000,2257,59999.9981,60000.0,59938,60000,0,2
fashion_mnist,euclidean,1.2,robust-prune,-1,60000,60000,2258,59999.9981,60000.0,59939,60000,0,2
fashion_mnist,euclidean,1.2,robust-prune,-1,60000,60000,2259,59999.9982,60000.0,59941,60000,0,2
fashion_mnist,euclidean,1.2,robust-prune,-1,60000,60000,2260,59999.9982,60000.0,59942,60000,0,2
fashion_mnist,euclidean,1.2,robust-prune,-1,60000,60000,2261,59999.9982,60000.0,59943,60000,0,2
fashion_mnist,euclidean,1.2,robust-prune,-1,60000,60000,2262,59999.9983,60000.0,59944,60000,0,2
fashion_mnist,euclidean,1.2,robust-prune,-1,60000,60000,2263,59999.9983,60000.0,59945,60000,0,2
fashion_mnist,euclidean,1.2,robust-prune,-1,60000,60000,2264,59999.9984,60000.0,59946,60000,0,2
fashion_mnist,euclidean,1.2,robust-prune,-1,60000,60000,2265,59999.9984,60000.0,59947,60000,0,2
fashion_mnist,euclidean,1.2,robust-prune,-1,60000,60000,2266,59999.9984,60000.0,59948,60000,0,2
fashion_mnist,euclidean,1.2,robust-prune,-1,60000,60000,2267,59999.9984,60000.0,59949,60000,0,2
fashion_mnist,euclidean,1.2,robust-prune,-1,60000,60000,2268,59999.9985,60000.0,59950,60000,0,2
fashion_mnist,euclidean,1.2,robust-prune,-1,60000,60000,2269,59999.9985,60000.0,59951,60000,0,2
fashion_mnist,euclidean,1.2,robust-prune,-1,60000,60000,2270,59999.9986,60000.0,59952,60000,0,2
fashion_mnist,euclidean,1.2,robust-prune,-1,60000,60000,2271,59999.9986,60000.0,59953,60000,0,2
fashion_mnist,euclidean,1.2,robust-prune,-1,60000,60000,2272,59999.9986,60000.0,59954,60000,0,2
fashion_mnist,euclidean,1.2,robust-prune,-1,60000,60000,2273,59999.9986,60000.0,59955,60000,0,2
fashion_mnist,euclidean,1.2,robust-prune,-1,60000,60000,2274,59999.9987,60000.0,59956,60000,0,2
fashion_mnist,euclidean,1.2,robust-prune,-1,60000,60000,2275,59999.9987,60000.0,59957,60000,0,2
fashion_mnist,euclidean,1.2,robust-prune,-1,60000,60000,2276,59999.9988,60000.0,59958,60000,0,2
fashion_mnist,euclidean,1.2,robust-prune,-1,60000,60000,2277,59999.9988,60000.0,59959,60000,0,2
fashion_mnist,euclidean,1.2,robust-prune,-1,60000,60000,2278,59999.9988,60000.0,59960,60000,0,2
fashion_mnist,euclidean,1.2,robust-prune,-1,60000,60000,2279,59999.9988,60000.0,59961,60000,0,2
fashion_mnist,euclidean,1.2,robust-prune,-1,60000,60000,2280,59999.9989,60000.0,59962,60000,0,2
fashion_mnist,euclidean,1.2,robust-prune,-1,60000,60000,2281,59999.9989,60000.0,59963,60000,0,2
fashion_mnist,euclidean,1.2,robust-prune,-1,60000,60000,2282,59999.999,60000.0,59964,60000,0,2
fashion_mnist,euclidean,1.2,robust-prune,-1,60000,60000,2283,59999.999,60000.0,59965,60000,0,2
fashion_mnist,euclidean,1.2,robust-prune,-1,60000,60000,2284,59999.999,60000.0,59966,60000,0,2
fashion_mnist,euclidean,1.2,robust-prune,-1,60000,60000,2285,59999.999,60000.0,59967,60000,0,2
fashion_mnist,euclidean,1.2,robust-prune,-1,60000,60000,2286,59999.9991,60000.0,59968,60000,0,2
fashion_mnist,euclidean,1.2,robust-prune,-1,60000,60000,2287,59999.9991,60000.0,59969,60000,0,2
fashion_mnist,euclidean,1.2,robust-prune,-1,60000,60000,2288,59999.9992,60000.0,59970,60000,0,2
fashion_mnist,euclidean,1.2,robust-prune,-1,60000,60000,2289,59999.9992,60000.0,59971,60000,0,2
fashion_mnist,euclidean,1.2,robust-prune,-1,60000,60000,2290,59999.9992,60000.0,59972,60000,0,2
fashion_mnist,euclidean,1.2,robust-prune,-1,60000,60000,2291,59999.9992,60000.0,59973,60000,0,2
fashion_mnist,euclidean,1.2,robust-prune,-1,60000,60000,2292,59999.9993,60000.0,59974,60000,0,2
fashion_mnist,euclidean,1.2,robust-prune,-1,60000,60000,2293,59999.9993,60000.0,59975,60000,0,2
fashion_mnist,euclidean,1.2,robust-prune,-1,60000,60000,2294,59999.9994,60000.0,59976,60000,0,2
fashion_mnist,euclidean,1.2,robust-prune,-1,60000,60000,2295,59999.9994,60000.0,59977,60000,0,2
fashion_mnist,euclidean,1.2,robust-prune,-1,60000,60000,2296,59999.9994,60000.0,59978,60000,0,2
fashion_mnist,euclidean,1.2,robust-prune,-1,60000,60000,2297,59999.9994,60000.0,59979,60000,0,2
fashion_mnist,euclidean,1.2,robust-prune,-1,60000,60000,2298,59999.9995,60000.0,59980,60000,0,2
fashion_mnist,euclidean,1.2,robust-prune,-1,60000,60000,2299,59999.9995,60000.0,59981,60000,0,2
fashion_mnist,euclidean,1.2,robust-prune,-1,60000,60000,2300,59999.9996,60000.0,59982,60000,0,2
fashion_mnist,euclidean,1.2,robust-prune,-1,60000,60000,2301,59999.9996,60000.0,59983,60000,0,2
fashion_mnist,euclidean,1.2,robust-prune,-1,60000,60000,2302,59999.9996,60000.0,59984,60000,0,2
fashion_mnist,euclidean,1.2,robust-prune,-1,60000,60000,2303,59999.9996,60000.0,59985,60000,0,2
fashion_mnist,euclidean,1.2,robust-prune,-1,60000,60000,2304,59999.9997,60000.0,59986,60000,0,2
fashion_mnist,euclidean,1.2,robust-prune,-1,60000,60000,2305,59999.9997,60000.0,59987,60000,0,2
fashion_mnist,euclidean,1.2,robust-prune,-1,60000,60000,2306,59999.9998,60000.0,59988,60000,0,2
fashion_mnist,euclidean,1.2,robust-prune,-1,60000,60000,2307,59999.9998,60000.0,59989,60000,0,2
fashion_mnist,euclidean,1.2,robust-prune,-1,60000,60000,2308,59999.9998,60000.0,59990,60000,0,2
fashion_mnist,euclidean,1.2,robust-prune,-1,60000,60000,2309,59999.9998,60000.0,59991,60000,0,1
fashion_mnist,euclidean,1.2,robust-prune,-1,60000,60000,2310,59999.9999,60000.0,59992,60000,0,1
fashion_mnist,euclidean,1.2,robust-prune,-1,60000,60000,2311,59999.9999,60000.0,59993,60000,0,1
fashion_mnist,euclidean,1.2,robust-prune,-1,60000,60000,2312,59999.9999,60000.0,59994,60000,0,1
fashion_mnist,euclidean,1.2,robust-prune,-1,60000,60000,2313,59999.9999,60000.0,59995,60000,0,1
fashion_mnist,euclidean,1.2,robust-prune,-1,60000,60000,2314,59999.9999,60000.0,59996,60000,0,1
fashion_mnist,euclidean,1.2,robust-prune,-1,60000,60000,2315,60000.0,60000.0,59997,60000,0,1
fashion_mnist,euclidean,1.2,robust-prune,-1,60000,60000,2316,60000.0,60000.0,59998,60000,0,1
fashion_mnist,euclidean,1.2,robust-prune,-1,60000,60000,2317,60000.0,60000.0,59999,60000,0,1
fashion_mnist,euclidean,1.2,robust-prune,-1,60000,60000,2318,60000.0,60000.0,60000,60000,0,0
