source_id,total points,edges,points covered,coverage frac
1232101530,1402020720,1,176062472,0.1255776533744808
1232101530,1402020720,2,281331239,0.20066125627587017
1232101530,1402020720,3,473404669,0.33765882504218625
1232101530,1402020720,4,638079860,0.4551144294072915
1232101530,1402020720,5,700697559,0.49977689274092896
1232101530,1402020720,6,741042197,0.5285529567637203
1232101530,1402020720,7,780080823,0.5563974996032869
1232101530,1402020720,8,803804930,0.5733188665000615
1232101530,1402020720,9,826908838,0.589797872602054
1232101530,1402020720,10,863900475,0.616182387803798
1232101530,1402020720,11,888745919,0.6339035552912513
1232101530,1402020720,12,997421116,0.7114168155803005
1232101530,1402020720,13,1033770357,0.7373431378389329
1232101530,1402020720,14,1034236208,0.7376754089625722
1232101530,1402020720,15,1038937520,0.741028648991721
1232101530,1402020720,16,1056117270,0.7532822125481855
1232101530,1402020720,17,1061072704,0.7568167066746346
1232101530,1402020720,18,1070264520,0.7633728266155724
1232101530,1402020720,19,1081001797,0.77103125622851
1232101530,1402020720,20,1095352160,0.7812667419066389
1232101530,1402020720,21,1095925857,0.7816759348606489
1232101530,1402020720,22,1101038555,0.78532259851338
1232101530,1402020720,23,1106174634,0.7889859388098059
1232101530,1402020720,24,1112940850,0.79381198446197
1232101530,1402020720,25,1114164522,0.7946847761279876
1232101530,1402020720,26,1127893616,0.8044771378271784
1232101530,1402020720,27,1139669420,0.8128763032831641
1232101530,1402020720,28,1145097819,0.8167481426380061
1232101530,1402020720,29,1175005679,0.8380801098289047
1232101530,1402020720,30,1176755411,0.8393281170623499
1232101530,1402020720,31,1184914641,0.8451477386154465
1232101530,1402020720,32,1198968512,0.8551717495302067
1232101530,1402020720,33,1216525367,0.8676942855737538
1232101530,1402020720,34,1219437837,0.8697716229186684
1232101530,1402020720,35,1220656985,0.8706411878135438
1232101530,1402020720,36,1226688707,0.8749433510511885
1232101530,1402020720,37,1227537945,0.8755490753374886
1232101530,1402020720,38,1229443449,0.8769081879189347
1232101530,1402020720,39,1235768882,0.8814198423543983
1232101530,1402020720,40,1243085470,0.8866384442592261
1232101530,1402020720,41,1254028065,0.894443318212872
1232101530,1402020720,42,1268359317,0.9046651728513684
1232101530,1402020720,43,1268508138,0.9047713203553797
1232101530,1402020720,44,1281855330,0.9142912880773973
1232101530,1402020720,45,1283643098,0.9155664247244506
1232101530,1402020720,46,1284284301,0.9160237667528908
1232101530,1402020720,47,1284965438,0.9165095919552458
1232101530,1402020720,48,1285418005,0.9168323881832502
1232101530,1402020720,49,1288748002,0.9192075292581982
1232101530,1402020720,50,1289337878,0.9196282619846018
1232101530,1402020720,51,1289599525,0.9198148833349624
1232101530,1402020720,52,1294750662,0.9234889638435586
1232101530,1402020720,53,1297916746,0.9257471929516135
1232101530,1402020720,54,1298712821,0.9263149983974559
1232101530,1402020720,55,1299509180,0.9268830064080651
1232101530,1402020720,56,1299645679,0.9269803651689256
1232101530,1402020720,57,1301696391,0.9284430482596576
1232101530,1402020720,58,1304908423,0.9307340500645382
1232101530,1402020720,59,1306412542,0.9318068722978645
1232101530,1402020720,60,1306897997,0.9321531260964532
1232101530,1402020720,61,1307328039,0.9324598562280877
1232101530,1402020720,62,1308646135,0.9333999963994826
1232101530,1402020720,63,1309321579,0.9338817610341736
1232101530,1402020720,64,1309972681,0.9343461635859419
1232101530,1402020720,65,1310250631,0.9345444131524675
1232101530,1402020720,66,1317988700,0.9400636390024251
1232101530,1402020720,67,1319736801,0.9413104829149743
1232101530,1402020720,68,1320079443,0.9415548744529253
1232101530,1402020720,69,1320101632,0.941570700895205
1232101530,1402020720,70,1320346589,0.9417454179992433
1232101530,1402020720,71,1325368109,0.9453270483762893
1232101530,1402020720,72,1327242213,0.9466637647124074
1232101530,1402020720,73,1328599954,0.9476321819266694
1232101530,1402020720,74,1329507007,0.9482791431213655
1232101530,1402020720,75,1330390908,0.9489095910080416
1232101530,1402020720,76,1333577098,0.9511821608456685
1232101530,1402020720,77,1333660773,0.9512418425599302
1232101530,1402020720,78,1333761041,0.9513133593346609
1232101530,1402020720,79,1337018618,0.9536368463941104
1232101530,1402020720,80,1339549063,0.9554417020313366
1232101530,1402020720,81,1339861056,0.9556642329793814
1232101530,1402020720,82,1340196295,0.955903344281531
1232101530,1402020720,83,1340591353,0.9561851218575429
1232101530,1402020720,84,1401977324,0.9999690475330493
1232101530,1402020720,85,1401978676,0.9999700118554596
1232101530,1402020720,86,1401978755,0.9999700682027011
1232101530,1402020720,87,1401978874,0.9999701530801913
1232101530,1402020720,88,1401978981,0.9999702293986069
1232101530,1402020720,89,1401979633,0.9999706944416628
1232101530,1402020720,90,1401979667,0.9999707186923742
1232101530,1402020720,91,1401980427,0.999971260767102
1232101530,1402020720,92,1401980727,0.9999714747439681
1232101530,1402020720,93,1401981196,0.9999718092611356
1232101530,1402020720,94,1401981281,0.9999718698879143
1232101530,1402020720,95,1401982334,0.9999726209467147
1232101530,1402020720,96,1401982622,0.9999728263645062
1232101530,1402020720,97,1401982828,0.9999729732952877
1232101530,1402020720,98,1401982908,0.9999730303557853
1232101530,1402020720,99,1401982996,0.9999730931223327
1232101530,1402020720,100,1401983148,0.9999732015372783
1232101530,1402020720,101,1401983372,0.9999733613066717
1232101530,1402020720,102,1401984057,0.9999738498871829
1232101530,1402020720,103,1401984119,0.9999738941090686
1232101530,1402020720,104,1401984206,0.9999739561623597
1232101530,1402020720,105,1401984326,0.9999740417531062
1232101530,1402020720,106,1401984452,0.99997413162339
1232101530,1402020720,107,1401984871,0.9999744304777465
1232101530,1402020720,108,1401984935,0.9999744761261445
1232101530,1402020720,109,1401985029,0.9999745431722293
1232101530,1402020720,110,1401985306,0.9999747407442025
1232101530,1402020720,111,1401985631,0.9999749725524741
1232101530,1402020720,112,1401985647,0.9999749839645736
1232101530,1402020720,113,1401985716,0.9999750331792528
1232101530,1402020720,114,1401985794,0.999975088813238
1232101530,1402020720,115,1401985866,0.999975140167686
1232101530,1402020720,116,1401985957,0.9999752050740021
1232101530,1402020720,117,1401986209,0.9999753848145696
1232101530,1402020720,118,1401986317,0.9999754618462414
1232101530,1402020720,119,1401986424,0.9999755381646571
1232101530,1402020720,120,1401986715,0.9999757457222173
1232101530,1402020720,121,1401986980,0.9999759347351157
1232101530,1402020720,122,1401987145,0.9999760524223922
1232101530,1402020720,123,1401987247,0.9999761251745267
1232101530,1402020720,124,1401987386,0.9999762243171413
1232101530,1402020720,125,1401987431,0.9999762564136713
1232101530,1402020720,126,1401987457,0.999976274958333
1232101530,1402020720,127,1401987574,0.9999763584093108
1232101530,1402020720,128,1401987636,0.9999764026311965
1232101530,1402020720,129,1401987995,0.9999766586901797
1232101530,1402020720,130,1401988064,0.9999767079048589
1232101530,1402020720,131,1401988196,0.9999768020546801
1232101530,1402020720,132,1401988529,0.9999770395690015
1232101530,1402020720,133,1401988643,0.9999771208802106
1232101530,1402020720,134,1401988716,0.9999771729479148
1232101530,1402020720,135,1401988756,0.9999772014781636
1232101530,1402020720,136,1401988953,0.9999773419896391
1232101530,1402020720,137,1401989139,0.9999774746552961
1232101530,1402020720,138,1401989274,0.9999775709448859
1232101530,1402020720,139,1401989454,0.9999776993310056
1232101530,1402020720,140,1401989475,0.9999777143093862
1232101530,1402020720,141,1401989595,0.9999777999001327
1232101530,1402020720,142,1401989738,0.9999779018957723
1232101530,1402020720,143,1401989896,0.9999780145902551
1232101530,1402020720,144,1401989988,0.9999780802098275
1232101530,1402020720,145,1401990011,0.9999780966147205
1232101530,1402020720,146,1401990076,0.9999781429763749
1232101530,1402020720,147,1401990201,0.9999782321334024
1232101530,1402020720,148,1401990346,0.9999783355555544
1232101530,1402020720,149,1401990512,0.9999784539560871
1232101530,1402020720,150,1401990572,0.9999784967514603
1232101530,1402020720,151,1401990621,0.9999785317010151
1232101530,1402020720,152,1401990649,0.9999785516721893
1232101530,1402020720,153,1401990721,0.9999786030266371
1232101530,1402020720,154,1401990914,0.9999787406850877
1232101530,1402020720,155,1401990959,0.9999787727816176
1232101530,1402020720,156,1401990976,0.9999787849069735
1232101530,1402020720,157,1401991058,0.9999788433939835
1232101530,1402020720,158,1401991163,0.9999789182858867
1232101530,1402020720,159,1401991318,0.9999790288406009
1232101530,1402020720,160,1401991333,0.9999790395394442
1232101530,1402020720,161,1401991360,0.9999790587973622
1232101530,1402020720,162,1401991436,0.9999791130048349
1232101530,1402020720,163,1401991450,0.999979122990422
1232101530,1402020720,164,1401991476,0.9999791415350837
1232101530,1402020720,165,1401991540,0.9999791871834819
1232101530,1402020720,166,1401991697,0.9999792991647085
1232101530,1402020720,167,1401991771,0.9999793519456688
1232101530,1402020720,168,1401991805,0.9999793761963803
1232101530,1402020720,169,1401992191,0.9999796515132815
1232101530,1402020720,170,1401992218,0.9999796707711994
1232101530,1402020720,171,1401992262,0.9999797021544732
1232101530,1402020720,172,1401992323,0.9999797456631027
1232101530,1402020720,173,1401992463,0.9999798455189735
1232101530,1402020720,174,1401992581,0.9999799296832075
1232101530,1402020720,175,1401992770,0.9999800644886332
1232101530,1402020720,176,1401992804,0.9999800887393447
1232101530,1402020720,177,1401992936,0.9999801828891659
1232101530,1402020720,178,1401992992,0.9999802228315142
1232101530,1402020720,179,1401993030,0.9999802499352506
1232101530,1402020720,180,1401993053,0.9999802663401437
1232101530,1402020720,181,1401993077,0.9999802834582929
1232101530,1402020720,182,1401993094,0.9999802955836488
1232101530,1402020720,183,1401993193,0.9999803661960146
1232101530,1402020720,184,1401993240,0.999980399719057
1232101530,1402020720,185,1401993329,0.9999804631988606
1232101530,1402020720,186,1401993355,0.9999804817435223
1232101530,1402020720,187,1401993482,0.9999805723270623
1232101530,1402020720,188,1401993519,0.9999805987175425
1232101530,1402020720,189,1401993540,0.9999806136959232
1232101530,1402020720,190,1401993583,0.9999806443659406
1232101530,1402020720,191,1401993770,0.9999807777448538
1232101530,1402020720,192,1401993809,0.9999808055618464
1232101530,1402020720,193,1401993922,0.9999808861597994
1232101530,1402020720,194,1401993993,0.9999809368009911
1232101530,1402020720,195,1401994039,0.9999809696107772
1232101530,1402020720,196,1401994065,0.999980988155439
1232101530,1402020720,197,1401994154,0.9999810516352426
1232101530,1402020720,198,1401994185,0.9999810737461854
1232101530,1402020720,199,1401994305,0.9999811593369319
1232101530,1402020720,200,1401994340,0.9999811843008997
1232101530,1402020720,201,1401994459,0.9999812691783899
1232101530,1402020720,202,1401994525,0.9999813162533004
1232101530,1402020720,203,1401994569,0.9999813476365742
1232101530,1402020720,204,1401994578,0.9999813540558802
1232101530,1402020720,205,1401994742,0.9999814710299003
1232101530,1402020720,206,1401994774,0.9999814938540994
1232101530,1402020720,207,1401994882,0.9999815708857712
1232101530,1402020720,208,1401994887,0.9999815744520523
1232101530,1402020720,209,1401994950,0.9999816193871942
1232101530,1402020720,210,1401995004,0.9999816579030302
1232101530,1402020720,211,1401995106,0.9999817306551646
1232101530,1402020720,212,1401995211,0.9999818055470678
1232101530,1402020720,213,1401995411,0.999981948198312
1232101530,1402020720,214,1401995436,0.9999819660297175
1232101530,1402020720,215,1401995584,0.9999820715916381
1232101530,1402020720,216,1401995654,0.9999821215195736
1232101530,1402020720,217,1401995763,0.9999821992645016
1232101530,1402020720,218,1401995877,0.9999822805757107
1232101530,1402020720,219,1401995968,0.9999823454820268
1232101530,1402020720,220,1401995999,0.9999823675929697
1232101530,1402020720,221,1401996047,0.9999824018292682
1232101530,1402020720,222,1401996101,0.9999824403451042
1232101530,1402020720,223,1401996242,0.9999825409142313
1232101530,1402020720,224,1401996371,0.9999826329242838
1232101530,1402020720,225,1401996577,0.9999827798550652
1232101530,1402020720,226,1401996600,0.9999827962599582
1232101530,1402020720,227,1401996616,0.9999828076720578
1232101530,1402020720,228,1401996990,0.9999830744298843
1232101530,1402020720,229,1401997046,0.9999831143722326
1232101530,1402020720,230,1401997104,0.9999831557410934
1232101530,1402020720,231,1401997119,0.9999831664399368
1232101530,1402020720,232,1401997208,0.9999832299197404
1232101530,1402020720,233,1401997252,0.9999832613030141
1232101530,1402020720,234,1401997283,0.9999832834139569
1232101530,1402020720,235,1401997408,0.9999833725709846
1232101530,1402020720,236,1401997428,0.999983386836109
1232101530,1402020720,237,1401997463,0.9999834118000767
1232101530,1402020720,238,1401997501,0.999983438903813
1232101530,1402020720,239,1401997609,0.9999835159354848
1232101530,1402020720,240,1401997652,0.9999835466055024
1232101530,1402020720,241,1401997727,0.9999836000997189
1232101530,1402020720,242,1401997762,0.9999836250636867
1232101530,1402020720,243,1401997775,0.9999836343360176
1232101530,1402020720,244,1401997830,0.9999836735651096
1232101530,1402020720,245,1401997901,0.9999837242063013
1232101530,1402020720,246,1401997934,0.9999837477437566
1232101530,1402020720,247,1401998009,0.9999838012379731
1232101530,1402020720,248,1401998061,0.9999838383272966
1232101530,1402020720,249,1401998108,0.999983871850339
1232101530,1402020720,250,1401998113,0.99998387541662
1232101530,1402020720,251,1401998125,0.9999838839756947
1232101530,1402020720,252,1401998137,0.9999838925347694
1232101530,1402020720,253,1401998256,0.9999839774122596
1232101530,1402020720,254,1401998300,0.9999840087955334
1232101530,1402020720,255,1401998342,0.9999840387522946
1232101530,1402020720,256,1401998558,0.9999841928156383
1232101530,1402020720,257,1401998585,0.9999842120735563
1232101530,1402020720,258,1401998616,0.9999842341844991
1232101530,1402020720,259,1401998700,0.9999842940980216
1232101530,1402020720,260,1401998742,0.9999843240547829
1232101530,1402020720,261,1401998789,0.9999843575778252
1232101530,1402020720,262,1401998845,0.9999843975201737
1232101530,1402020720,263,1401998919,0.9999844503011339
1232101530,1402020720,264,1401998942,0.999984466706027
1232101530,1402020720,265,1401999010,0.99998451520745
1232101530,1402020720,266,1401999028,0.999984528046062
1232101530,1402020720,267,1401999059,0.9999845501570048
1232101530,1402020720,268,1401999302,0.9999847234782664
1232101530,1402020720,269,1401999338,0.9999847491554904
1232101530,1402020720,270,1401999386,0.999984783391789
1232101530,1402020720,271,1401999658,0.9999849773974809
1232101530,1402020720,272,1401999722,0.9999850230458791
1232101530,1402020720,273,1401999796,0.9999850758268394
1232101530,1402020720,274,1401999868,0.9999851271812873
1232101530,1402020720,275,1401999929,0.9999851706899168
1232101530,1402020720,276,1401999963,0.9999851949406283
1232101530,1402020720,277,1401999974,0.9999852027864466
1232101530,1402020720,278,1402000004,0.9999852241841333
1232101530,1402020720,279,1402000015,0.9999852320299517
1232101530,1402020720,280,1402000036,0.9999852470083324
1232101530,1402020720,281,1402000069,0.9999852705457877
1232101530,1402020720,282,1402000171,0.9999853432979222
1232101530,1402020720,283,1402000207,0.9999853689751461
1232101530,1402020720,284,1402000235,0.9999853889463203
1232101530,1402020720,285,1402000301,0.9999854360212308
1232101530,1402020720,286,1402000391,0.9999855002142907
1232101530,1402020720,287,1402000422,0.9999855223252335
1232101530,1402020720,288,1402000442,0.9999855365903579
1232101530,1402020720,289,1402000469,0.9999855558482759
1232101530,1402020720,290,1402000477,0.9999855615543257
1232101530,1402020720,291,1402000485,0.9999855672603755
1232101530,1402020720,292,1402000603,0.9999856514246095
1232101530,1402020720,293,1402000608,0.9999856549908905
1232101530,1402020720,294,1402000613,0.9999856585571717
1232101530,1402020720,295,1402000657,0.9999856899404453
1232101530,1402020720,296,1402000692,0.9999857149044131
1232101530,1402020720,297,1402000726,0.9999857391551246
1232101530,1402020720,298,1402000770,0.9999857705383983
1232101530,1402020720,299,1402000789,0.9999857840902665
1232101530,1402020720,300,1402000829,0.9999858126205153
1232101530,1402020720,301,1402000836,0.9999858176133088
1232101530,1402020720,302,1402000841,0.99998582117959
1232101530,1402020720,303,1402000876,0.9999858461435577
1232101530,1402020720,304,1402000893,0.9999858582689135
1232101530,1402020720,305,1402000922,0.9999858789533439
1232101530,1402020720,306,1402000950,0.9999858989245181
1232101530,1402020720,307,1402000953,0.9999859010642866
1232101530,1402020720,308,1402000963,0.9999859081968488
1232101530,1402020720,309,1402000996,0.9999859317343042
1232101530,1402020720,310,1402001032,0.9999859574115282
1232101530,1402020720,311,1402001053,0.9999859723899087
1232101530,1402020720,312,1402001074,0.9999859873682894
1232101530,1402020720,313,1402001106,0.9999860101924885
1232101530,1402020720,314,1402001119,0.9999860194648194
1232101530,1402020720,315,1402001141,0.9999860351564561
1232101530,1402020720,316,1402001156,0.9999860458552995
1232101530,1402020720,317,1402001178,0.9999860615469364
1232101530,1402020720,318,1402001193,0.9999860722457796
1232101530,1402020720,319,1402001213,0.999986086510904
1232101530,1402020720,320,1402001270,0.9999861271665086
1232101530,1402020720,321,1402001373,0.9999862006318994
1232101530,1402020720,322,1402001444,0.999986251273091
1232101530,1402020720,323,1402001455,0.9999862591189095
1232101530,1402020720,324,1402001479,0.9999862762370587
1232101530,1402020720,325,1402001535,0.9999863161794071
1232101530,1402020720,326,1402001610,0.9999863696736236
1232101530,1402020720,327,1402001643,0.999986393211079
1232101530,1402020720,328,1402001652,0.9999863996303849
1232101530,1402020720,329,1402001654,0.9999864010568974
1232101530,1402020720,330,1402001978,0.9999866321519129
1232101530,1402020720,331,1402001996,0.9999866449905248
1232101530,1402020720,332,1402002020,0.9999866621086742
1232101530,1402020720,333,1402002082,0.9999867063305597
1232101530,1402020720,334,1402002095,0.9999867156028907
1232101530,1402020720,335,1402002154,0.9999867576850077
1232101530,1402020720,336,1402002162,0.9999867633910574
1232101530,1402020720,337,1402002189,0.9999867826489754
1232101530,1402020720,338,1402002200,0.9999867904947938
1232101530,1402020720,339,1402002236,0.9999868161720178
1232101530,1402020720,340,1402002246,0.99998682330458
1232101530,1402020720,341,1402002258,0.9999868318636547
1232101530,1402020720,342,1402002272,0.9999868418492417
1232101530,1402020720,343,1402002294,0.9999868575408786
1232101530,1402020720,344,1402002388,0.9999869245869633
1232101530,1402020720,345,1402002429,0.9999869538304683
1232101530,1402020720,346,1402002459,0.9999869752281549
1232101530,1402020720,347,1402002471,0.9999869837872296
1232101530,1402020720,348,1402002476,0.9999869873535108
1232101530,1402020720,349,1402002489,0.9999869966258416
1232101530,1402020720,350,1402002512,0.9999870130307347
1232101530,1402020720,351,1402002532,0.9999870272958591
1232101530,1402020720,352,1402002587,0.9999870665249512
1232101530,1402020720,353,1402002625,0.9999870936286877
1232101530,1402020720,354,1402002644,0.9999871071805558
1232101530,1402020720,355,1402002673,0.9999871278649862
1232101530,1402020720,356,1402002738,0.9999871742266405
1232101530,1402020720,357,1402002764,0.9999871927713022
1232101530,1402020720,358,1402002770,0.9999871970508396
1232101530,1402020720,359,1402002798,0.9999872170220138
1232101530,1402020720,360,1402002817,0.999987230573882
1232101530,1402020720,361,1402002835,0.9999872434124939
1232101530,1402020720,362,1402002846,0.9999872512583123
1232101530,1402020720,363,1402002850,0.9999872541113373
1232101530,1402020720,364,1402002864,0.9999872640969243
1232101530,1402020720,365,1402002884,0.9999872783620487
1232101530,1402020720,366,1402002936,0.9999873154513722
1232101530,1402020720,367,1402002944,0.999987321157422
1232101530,1402020720,368,1402002951,0.9999873261502156
1232101530,1402020720,369,1402002976,0.999987343981621
1232101530,1402020720,370,1402002989,0.9999873532539519
1232101530,1402020720,371,1402002998,0.9999873596732579
1232101530,1402020720,372,1402003045,0.9999873931963003
1232101530,1402020720,373,1402003052,0.9999873981890938
1232101530,1402020720,374,1402003069,0.9999874103144496
1232101530,1402020720,375,1402003089,0.999987424579574
1232101530,1402020720,376,1402003095,0.9999874288591113
1232101530,1402020720,377,1402003121,0.999987447403773
1232101530,1402020720,378,1402003174,0.9999874852063527
1232101530,1402020720,379,1402003185,0.9999874930521712
1232101530,1402020720,380,1402003202,0.9999875051775269
1232101530,1402020720,381,1402003232,0.9999875265752135
1232101530,1402020720,382,1402003250,0.9999875394138255
1232101530,1402020720,383,1402003297,0.9999875729368679
1232101530,1402020720,384,1402003314,0.9999875850622236
1232101530,1402020720,385,1402003327,0.9999875943345545
1232101530,1402020720,386,1402003355,0.9999876143057287
1232101530,1402020720,387,1402003395,0.9999876428359775
1232101530,1402020720,388,1402003522,0.9999877334195175
1232101530,1402020720,389,1402003608,0.9999877947595525
1232101530,1402020720,390,1402003754,0.9999878988949606
1232101530,1402020720,391,1402003777,0.9999879152998538
1232101530,1402020720,392,1402003802,0.9999879331312593
1232101530,1402020720,393,1402003822,0.9999879473963837
1232101530,1402020720,394,1402003863,0.9999879766398887
1232101530,1402020720,395,1402003876,0.9999879859122196
1232101530,1402020720,396,1402003894,0.9999879987508316
1232101530,1402020720,397,1402003918,0.9999880158689809
1232101530,1402020720,398,1402003924,0.9999880201485182
1232101530,1402020720,399,1402003939,0.9999880308473615
1232101530,1402020720,400,1402003949,0.9999880379799237
1232101530,1402020720,401,1402003966,0.9999880501052795
1232101530,1402020720,402,1402003976,0.9999880572378417
1232101530,1402020720,403,1402004003,0.9999880764957596
1232101530,1402020720,404,1402004014,0.999988084341578
1232101530,1402020720,405,1402004034,0.9999880986067025
1232101530,1402020720,406,1402004052,0.9999881114453144
1232101530,1402020720,407,1402004057,0.9999881150115956
1232101530,1402020720,408,1402004100,0.999988145681613
1232101530,1402020720,409,1402004114,0.9999881556672001
1232101530,1402020720,410,1402004123,0.9999881620865061
1232101530,1402020720,411,1402004142,0.9999881756383743
1232101530,1402020720,412,1402004156,0.9999881856239614
1232101530,1402020720,413,1402004203,0.9999882191470038
1232101530,1402020720,414,1402004218,0.9999882298458471
1232101530,1402020720,415,1402004226,0.9999882355518969
1232101530,1402020720,416,1402004237,0.9999882433977153
1232101530,1402020720,417,1402004250,0.9999882526700461
1232101530,1402020720,418,1402004287,0.9999882790605263
1232101530,1402020720,419,1402004323,0.9999883047377502
1232101530,1402020720,420,1402004331,0.9999883104438
1232101530,1402020720,421,1402004345,0.9999883204293871
1232101530,1402020720,422,1402004357,0.9999883289884618
1232101530,1402020720,423,1402004394,0.9999883553789419
1232101530,1402020720,424,1402004420,0.9999883739236036
1232101530,1402020720,425,1402004435,0.999988384622447
1232101530,1402020720,426,1402004442,0.9999883896152405
1232101530,1402020720,427,1402004461,0.9999884031671087
1232101530,1402020720,428,1402004485,0.999988420285258
1232101530,1402020720,429,1402004531,0.9999884530950441
1232101530,1402020720,430,1402004844,0.9999886763442412
1232101530,1402020720,431,1402004853,0.9999886827635471
1232101530,1402020720,432,1402004874,0.9999886977419278
1232101530,1402020720,433,1402004893,0.999988711293796
1232101530,1402020720,434,1402004904,0.9999887191396144
1232101530,1402020720,435,1402004912,0.9999887248456641
1232101530,1402020720,436,1402004980,0.9999887733470872
1232101530,1402020720,437,1402004996,0.9999887847591867
1232101530,1402020720,438,1402005020,0.9999888018773361
1232101530,1402020720,439,1402005027,0.9999888068701296
1232101530,1402020720,440,1402005037,0.9999888140026918
1232101530,1402020720,441,1402005051,0.9999888239882788
1232101530,1402020720,442,1402005070,0.999988837540147
1232101530,1402020720,443,1402005092,0.9999888532317839
1232101530,1402020720,444,1402005120,0.999988873202958
1232101530,1402020720,445,1402005154,0.9999888974536696
1232101530,1402020720,446,1402005161,0.9999889024464631
1232101530,1402020720,447,1402005169,0.9999889081525128
1232101530,1402020720,448,1402005181,0.9999889167115875
1232101530,1402020720,449,1402005202,0.9999889316899682
1232101530,1402020720,450,1402005214,0.9999889402490428
1232101530,1402020720,451,1402005218,0.9999889431020678
1232101530,1402020720,452,1402005226,0.9999889488081175
1232101530,1402020720,453,1402005238,0.9999889573671921
1232101530,1402020720,454,1402005244,0.9999889616467295
1232101530,1402020720,455,1402005256,0.9999889702058041
1232101530,1402020720,456,1402005277,0.9999889851841848
1232101530,1402020720,457,1402005303,0.9999890037288465
1232101530,1402020720,458,1402005316,0.9999890130011774
1232101530,1402020720,459,1402005319,0.999989015140946
1232101530,1402020720,460,1402005343,0.9999890322590953
1232101530,1402020720,461,1402005354,0.9999890401049137
1232101530,1402020720,462,1402005387,0.999989063642369
1232101530,1402020720,463,1402005415,0.9999890836135432
1232101530,1402020720,464,1402005424,0.9999890900328492
1232101530,1402020720,465,1402005431,0.9999890950256427
1232101530,1402020720,466,1402005451,0.9999891092907671
1232101530,1402020720,467,1402005455,0.999989112143792
1232101530,1402020720,468,1402005468,0.9999891214161228
1232101530,1402020720,469,1402005485,0.9999891335414787
1232101530,1402020720,470,1402005501,0.9999891449535782
1232101530,1402020720,471,1402005516,0.9999891556524214
1232101530,1402020720,472,1402005528,0.9999891642114961
1232101530,1402020720,473,1402005550,0.999989179903133
1232101530,1402020720,474,1402005555,0.999989183469414
1232101530,1402020720,475,1402005580,0.9999892013008196
1232101530,1402020720,476,1402005585,0.9999892048671006
1232101530,1402020720,477,1402005598,0.9999892141394315
1232101530,1402020720,478,1402005602,0.9999892169924565
1232101530,1402020720,479,1402005610,0.9999892226985062
1232101530,1402020720,480,1402005617,0.9999892276912997
1232101530,1402020720,481,1402005636,0.9999892412431679
1232101530,1402020720,482,1402005667,0.9999892633541108
1232101530,1402020720,483,1402005694,0.9999892826120287
1232101530,1402020720,484,1402005699,0.9999892861783098
1232101530,1402020720,485,1402005705,0.9999892904578471
1232101530,1402020720,486,1402005791,0.9999893517978822
1232101530,1402020720,487,1402005797,0.9999893560774195
1232101530,1402020720,488,1402005816,0.9999893696292876
1232101530,1402020720,489,1402005820,0.9999893724823126
1232101530,1402020720,490,1402005835,0.9999893831811558
1232101530,1402020720,491,1402005842,0.9999893881739493
1232101530,1402020720,492,1402005848,0.9999893924534867
1232101530,1402020720,493,1402005872,0.999989409571636
1232101530,1402020720,494,1402005881,0.999989415990942
1232101530,1402020720,495,1402005887,0.9999894202704793
1232101530,1402020720,496,1402005896,0.9999894266897853
1232101530,1402020720,497,1402005906,0.9999894338223475
1232101530,1402020720,498,1402005911,0.9999894373886286
1232101530,1402020720,499,1402005917,0.999989441668166
1232101530,1402020720,500,1402005927,0.9999894488007282
1232101530,1402020720,501,1402005933,0.9999894530802654
1232101530,1402020720,502,1402005959,0.9999894716249272
1232101530,1402020720,503,1402005967,0.999989477330977
1232101530,1402020720,504,1402005984,0.9999894894563327
1232101530,1402020720,505,1402005999,0.9999895001551761
1232101530,1402020720,506,1402006007,0.9999895058612258
1232101530,1402020720,507,1402006024,0.9999895179865815
1232101530,1402020720,508,1402006044,0.999989532251706
1232101530,1402020720,509,1402006048,0.9999895351047309
1232101530,1402020720,510,1402006050,0.9999895365312432
1232101530,1402020720,511,1402006081,0.9999895586421861
1232101530,1402020720,512,1402006095,0.9999895686277732
1232101530,1402020720,513,1402006110,0.9999895793266165
1232101530,1402020720,514,1402006116,0.9999895836061539
1232101530,1402020720,515,1402006128,0.9999895921652285
1232101530,1402020720,516,1402006137,0.9999895985845345
1232101530,1402020720,517,1402006140,0.9999896007243031
1232101530,1402020720,518,1402006149,0.9999896071436091
1232101530,1402020720,519,1402006217,0.9999896556450322
1232101530,1402020720,520,1402006225,0.9999896613510819
1232101530,1402020720,521,1402006238,0.9999896706234127
1232101530,1402020720,522,1402006255,0.9999896827487685
1232101530,1402020720,523,1402006270,0.9999896934476118
1232101530,1402020720,524,1402006275,0.999989697013893
1232101530,1402020720,525,1402006288,0.9999897062862237
1232101530,1402020720,526,1402006306,0.9999897191248358
1232101530,1402020720,527,1402006341,0.9999897440888035
1232101530,1402020720,528,1402006345,0.9999897469418284
1232101530,1402020720,529,1402006379,0.9999897711925398
1232101530,1402020720,530,1402006386,0.9999897761853334
1232101530,1402020720,531,1402006404,0.9999897890239454
1232101530,1402020720,532,1402006435,0.9999898111348883
1232101530,1402020720,533,1402006440,0.9999898147011693
1232101530,1402020720,534,1402006446,0.9999898189807066
1232101530,1402020720,535,1402006469,0.9999898353855997
1232101530,1402020720,536,1402006474,0.9999898389518809
1232101530,1402020720,537,1402006497,0.9999898553567739
1232101530,1402020720,538,1402006504,0.9999898603495675
1232101530,1402020720,539,1402006507,0.9999898624893361
1232101530,1402020720,540,1402006530,0.9999898788942292
1232101530,1402020720,541,1402006540,0.9999898860267914
1232101530,1402020720,542,1402006596,0.9999899259691397
1232101530,1402020720,543,1402006602,0.9999899302486771
1232101530,1402020720,544,1402006606,0.9999899331017019
1232101530,1402020720,545,1402006620,0.9999899430872891
1232101530,1402020720,546,1402006629,0.999989949506595
1232101530,1402020720,547,1402006651,0.9999899651982319
1232101530,1402020720,548,1402006661,0.9999899723307941
1232101530,1402020720,549,1402006666,0.9999899758970752
1232101530,1402020720,550,1402006679,0.9999899851694061
1232101530,1402020720,551,1402006702,0.9999900015742992
1232101530,1402020720,552,1402006723,0.9999900165526797
1232101530,1402020720,553,1402006728,0.9999900201189609
1232101530,1402020720,554,1402006736,0.9999900258250106
1232101530,1402020720,555,1402006748,0.9999900343840853
1232101530,1402020720,556,1402006775,0.9999900536420032
1232101530,1402020720,557,1402006785,0.9999900607745654
1232101530,1402020720,558,1402006790,0.9999900643408466
1232101530,1402020720,559,1402006799,0.9999900707601526
1232101530,1402020720,560,1402006805,0.9999900750396898
1232101530,1402020720,561,1402006815,0.999990082172252
1232101530,1402020720,562,1402006818,0.9999900843120207
1232101530,1402020720,563,1402006824,0.999990088591558
1232101530,1402020720,564,1402006830,0.9999900928710954
1232101530,1402020720,565,1402006850,0.9999901071362198
1232101530,1402020720,566,1402006857,0.9999901121290133
1232101530,1402020720,567,1402006868,0.9999901199748318
1232101530,1402020720,568,1402006873,0.9999901235411128
1232101530,1402020720,569,1402006896,0.9999901399460059
1232101530,1402020720,570,1402006910,0.9999901499315931
1232101530,1402020720,571,1402006920,0.9999901570641553
1232101530,1402020720,572,1402006922,0.9999901584906676
1232101530,1402020720,573,1402006925,0.9999901606304363
1232101530,1402020720,574,1402006932,0.9999901656232298
1232101530,1402020720,575,1402006951,0.999990179175098
1232101530,1402020720,576,1402006957,0.9999901834546354
1232101530,1402020720,577,1402006961,0.9999901863076602
1232101530,1402020720,578,1402006975,0.9999901962932474
1232101530,1402020720,579,1402007012,0.9999902226837275
1232101530,1402020720,580,1402007041,0.9999902433681579
1232101530,1402020720,581,1402007057,0.9999902547802575
1232101530,1402020720,582,1402007065,0.9999902604863072
1232101530,1402020720,583,1402007074,0.9999902669056132
1232101530,1402020720,584,1402007093,0.9999902804574814
1232101530,1402020720,585,1402007097,0.9999902833105063
1232101530,1402020720,586,1402007103,0.9999902875900436
1232101530,1402020720,587,1402007110,0.9999902925828371
1232101530,1402020720,588,1402007394,0.9999904951476039
1232101530,1402020720,589,1402007404,0.9999905022801661
1232101530,1402020720,590,1402007416,0.9999905108392406
1232101530,1402020720,591,1402007418,0.9999905122657531
1232101530,1402020720,592,1402007449,0.9999905343766959
1232101530,1402020720,593,1402007454,0.9999905379429771
1232101530,1402020720,594,1402007459,0.9999905415092581
1232101530,1402020720,595,1402007469,0.9999905486418204
1232101530,1402020720,596,1402007473,0.9999905514948453
1232101530,1402020720,597,1402007488,0.9999905621936885
1232101530,1402020720,598,1402007498,0.9999905693262507
1232101530,1402020720,599,1402007509,0.9999905771720692
1232101530,1402020720,600,1402007528,0.9999905907239374
1232101530,1402020720,601,1402007542,0.9999906007095245
1232101530,1402020720,602,1402007554,0.9999906092685991
1232101530,1402020720,603,1402007556,0.9999906106951115
1232101530,1402020720,604,1402007576,0.9999906249602359
1232101530,1402020720,605,1402007586,0.9999906320927981
1232101530,1402020720,606,1402007594,0.9999906377988479
1232101530,1402020720,607,1402007608,0.999990647784435
1232101530,1402020720,608,1402007614,0.9999906520639723
1232101530,1402020720,609,1402007618,0.9999906549169972
1232101530,1402020720,610,1402007626,0.999990660623047
1232101530,1402020720,611,1402007633,0.9999906656158405
1232101530,1402020720,612,1402007642,0.9999906720351466
1232101530,1402020720,613,1402007645,0.9999906741749152
1232101530,1402020720,614,1402007651,0.9999906784544526
1232101530,1402020720,615,1402007678,0.9999906977123705
1232101530,1402020720,616,1402007686,0.9999907034184202
1232101530,1402020720,617,1402007693,0.9999907084112137
1232101530,1402020720,618,1402007694,0.99999070912447
1232101530,1402020720,619,1402007719,0.9999907269558755
1232101530,1402020720,620,1402007723,0.9999907298089004
1232101530,1402020720,621,1402007729,0.9999907340884377
1232101530,1402020720,622,1402007737,0.9999907397944875
1232101530,1402020720,623,1402007740,0.9999907419342562
1232101530,1402020720,624,1402007743,0.9999907440740248
1232101530,1402020720,625,1402007746,0.9999907462137935
1232101530,1402020720,626,1402007749,0.9999907483535622
1232101530,1402020720,627,1402007755,0.9999907526330994
1232101530,1402020720,628,1402007768,0.9999907619054303
1232101530,1402020720,629,1402007773,0.9999907654717114
1232101530,1402020720,630,1402007777,0.9999907683247363
1232101530,1402020720,631,1402007783,0.9999907726042736
1232101530,1402020720,632,1402007799,0.9999907840163732
1232101530,1402020720,633,1402007831,0.9999908068405722
1232101530,1402020720,634,1402007833,0.9999908082670846
1232101530,1402020720,635,1402007840,0.9999908132598783
1232101530,1402020720,636,1402007842,0.9999908146863906
1232101530,1402020720,637,1402007844,0.9999908161129031
1232101530,1402020720,638,1402007846,0.9999908175394155
1232101530,1402020720,639,1402007851,0.9999908211056966
1232101530,1402020720,640,1402007859,0.9999908268117464
1232101530,1402020720,641,1402007866,0.99999083180454
1232101530,1402020720,642,1402007872,0.9999908360840772
1232101530,1402020720,643,1402007889,0.9999908482094331
1232101530,1402020720,644,1402007901,0.9999908567685076
1232101530,1402020720,645,1402007918,0.9999908688938635
1232101530,1402020720,646,1402007929,0.9999908767396819
1232101530,1402020720,647,1402007932,0.9999908788794505
1232101530,1402020720,648,1402007943,0.9999908867252689
1232101530,1402020720,649,1402007946,0.9999908888650376
1232101530,1402020720,650,1402007954,0.9999908945710874
1232101530,1402020720,651,1402007968,0.9999909045566745
1232101530,1402020720,652,1402007980,0.9999909131157491
1232101530,1402020720,653,1402007981,0.9999909138290053
1232101530,1402020720,654,1402008000,0.9999909273808735
1232101530,1402020720,655,1402008005,0.9999909309471546
1232101530,1402020720,656,1402008008,0.9999909330869233
1232101530,1402020720,657,1402008023,0.9999909437857666
1232101530,1402020720,658,1402008030,0.9999909487785601
1232101530,1402020720,659,1402008037,0.9999909537713537
1232101530,1402020720,660,1402008045,0.9999909594774035
1232101530,1402020720,661,1402008048,0.9999909616171722
1232101530,1402020720,662,1402008069,0.9999909765955527
1232101530,1402020720,663,1402008105,0.9999910022727767
1232101530,1402020720,664,1402008110,0.9999910058390578
1232101530,1402020720,665,1402008448,0.9999912469196603
1232101530,1402020720,666,1402008479,0.9999912690306032
1232101530,1402020720,667,1402008482,0.9999912711703719
1232101530,1402020720,668,1402008486,0.9999912740233967
1232101530,1402020720,669,1402008497,0.9999912818692152
1232101530,1402020720,670,1402008505,0.9999912875752649
1232101530,1402020720,671,1402008511,0.9999912918548023
1232101530,1402020720,672,1402008517,0.9999912961343396
1232101530,1402020720,673,1402008524,0.9999913011271331
1232101530,1402020720,674,1402008526,0.9999913025536455
1232101530,1402020720,675,1402008539,0.9999913118259764
1232101530,1402020720,676,1402008545,0.9999913161055137
1232101530,1402020720,677,1402008548,0.9999913182452824
1232101530,1402020720,678,1402008550,0.9999913196717949
1232101530,1402020720,679,1402008555,0.9999913232380759
1232101530,1402020720,680,1402008562,0.9999913282308696
1232101530,1402020720,681,1402008571,0.9999913346501755
1232101530,1402020720,682,1402008589,0.9999913474887875
1232101530,1402020720,683,1402008591,0.9999913489153
1232101530,1402020720,684,1402008600,0.9999913553346059
1232101530,1402020720,685,1402008629,0.9999913760190363
1232101530,1402020720,686,1402008633,0.9999913788720611
1232101530,1402020720,687,1402008642,0.9999913852913672
1232101530,1402020720,688,1402008647,0.9999913888576483
1232101530,1402020720,689,1402008650,0.999991390997417
1232101530,1402020720,690,1402008657,0.9999913959902105
1232101530,1402020720,691,1402008658,0.9999913967034667
1232101530,1402020720,692,1402008661,0.9999913988432354
1232101530,1402020720,693,1402008667,0.9999914031227727
1232101530,1402020720,694,1402008669,0.9999914045492851
1232101530,1402020720,695,1402008682,0.9999914138216159
1232101530,1402020720,696,1402008686,0.9999914166746409
1232101530,1402020720,697,1402008690,0.9999914195276658
1232101530,1402020720,698,1402008694,0.9999914223806906
1232101530,1402020720,699,1402008758,0.9999914680290888
1232101530,1402020720,700,1402008767,0.9999914744483948
1232101530,1402020720,701,1402008805,0.9999915015521311
1232101530,1402020720,702,1402008835,0.9999915229498177
1232101530,1402020720,703,1402008842,0.9999915279426113
1232101530,1402020720,704,1402008860,0.9999915407812232
1232101530,1402020720,705,1402008865,0.9999915443475044
1232101530,1402020720,706,1402009038,0.9999916677408305
1232101530,1402020720,707,1402009041,0.9999916698805992
1232101530,1402020720,708,1402009050,0.9999916762999052
1232101530,1402020720,709,1402009071,0.9999916912782858
1232101530,1402020720,710,1402009079,0.9999916969843355
1232101530,1402020720,711,1402009091,0.9999917055434102
1232101530,1402020720,712,1402009096,0.9999917091096914
1232101530,1402020720,713,1402009099,0.99999171124946
1232101530,1402020720,714,1402009109,0.9999917183820222
1232101530,1402020720,715,1402009111,0.9999917198085346
1232101530,1402020720,716,1402009114,0.9999917219483033
1232101530,1402020720,717,1402009127,0.9999917312206341
1232101530,1402020720,718,1402009198,0.9999917818618258
1232101530,1402020720,719,1402009205,0.9999917868546194
1232101530,1402020720,720,1402009207,0.9999917882811318
1232101530,1402020720,721,1402009371,0.999991905255152
1232101530,1402020720,722,1402009378,0.9999919102479455
1232101530,1402020720,723,1402009398,0.99999192451307
1232101530,1402020720,724,1402009399,0.9999919252263262
1232101530,1402020720,725,1402009403,0.9999919280793511
1232101530,1402020720,726,1402009412,0.9999919344986571
1232101530,1402020720,727,1402009419,0.9999919394914506
1232101530,1402020720,728,1402009425,0.9999919437709879
1232101530,1402020720,729,1402009439,0.999991953756575
1232101530,1402020720,730,1402009445,0.9999919580361123
1232101530,1402020720,731,1402009452,0.9999919630289059
1232101530,1402020720,732,1402009454,0.9999919644554183
1232101530,1402020720,733,1402009470,0.9999919758675179
1232101530,1402020720,734,1402009500,0.9999919972652045
1232101530,1402020720,735,1402009514,0.9999920072507915
1232101530,1402020720,736,1402009521,0.9999920122435851
1232101530,1402020720,737,1402009542,0.9999920272219658
1232101530,1402020720,738,1402009550,0.9999920329280155
1232101530,1402020720,739,1402009556,0.9999920372075528
1232101530,1402020720,740,1402009564,0.9999920429136026
1232101530,1402020720,741,1402009571,0.9999920479063962
1232101530,1402020720,742,1402009576,0.9999920514726772
1232101530,1402020720,743,1402009581,0.9999920550389584
1232101530,1402020720,744,1402009585,0.9999920578919832
1232101530,1402020720,745,1402009588,0.9999920600317519
1232101530,1402020720,746,1402009601,0.9999920693040828
1232101530,1402020720,747,1402009603,0.9999920707305952
1232101530,1402020720,748,1402009608,0.9999920742968763
1232101530,1402020720,749,1402009610,0.9999920757233888
1232101530,1402020720,750,1402009625,0.999992086422232
1232101530,1402020720,751,1402009629,0.999992089275257
1232101530,1402020720,752,1402009645,0.9999921006873564
1232101530,1402020720,753,1402009650,0.9999921042536376
1232101530,1402020720,754,1402009652,0.99999210568015
1232101530,1402020720,755,1402009654,0.9999921071066624
1232101530,1402020720,756,1402009657,0.9999921092464311
1232101530,1402020720,757,1402009662,0.9999921128127122
1232101530,1402020720,758,1402009676,0.9999921227982993
1232101530,1402020720,759,1402009679,0.999992124938068
1232101530,1402020720,760,1402009685,0.9999921292176053
1232101530,1402020720,761,1402009706,0.9999921441959859
1232101530,1402020720,762,1402009707,0.9999921449092422
1232101530,1402020720,763,1402009742,0.9999921698732098
1232101530,1402020720,764,1402009744,0.9999921712997223
1232101530,1402020720,765,1402009777,0.9999921948371776
1232101530,1402020720,766,1402009784,0.9999921998299711
1232101530,1402020720,767,1402009788,0.999992202682996
1232101530,1402020720,768,1402009794,0.9999922069625333
1232101530,1402020720,769,1402009802,0.9999922126685831
1232101530,1402020720,770,1402009850,0.9999922469048816
1232101530,1402020720,771,1402009852,0.9999922483313941
1232101530,1402020720,772,1402009856,0.999992251184419
1232101530,1402020720,773,1402009885,0.9999922718688494
1232101530,1402020720,774,1402009906,0.9999922868472301
1232101530,1402020720,775,1402009908,0.9999922882737425
1232101530,1402020720,776,1402009912,0.9999922911267674
1232101530,1402020720,777,1402009923,0.9999922989725858
1232101530,1402020720,778,1402009926,0.9999923011123545
1232101530,1402020720,779,1402009954,0.9999923210835286
1232101530,1402020720,780,1402009957,0.9999923232232973
1232101530,1402020720,781,1402009966,0.9999923296426033
1232101530,1402020720,782,1402009972,0.9999923339221406
1232101530,1402020720,783,1402009979,0.9999923389149341
1232101530,1402020720,784,1402009983,0.999992341767959
1232101530,1402020720,785,1402009988,0.9999923453342401
1232101530,1402020720,786,1402009992,0.999992348187265
1232101530,1402020720,787,1402009997,0.9999923517535462
1232101530,1402020720,788,1402010005,0.9999923574595959
1232101530,1402020720,789,1402010013,0.9999923631656457
1232101530,1402020720,790,1402010047,0.9999923874163572
1232101530,1402020720,791,1402010052,0.9999923909826383
1232101530,1402020720,792,1402010053,0.9999923916958945
1232101530,1402020720,793,1402010069,0.999992403107994
1232101530,1402020720,794,1402010075,0.9999924073875314
1232101530,1402020720,795,1402010078,0.9999924095273
1232101530,1402020720,796,1402010084,0.9999924138068373
1232101530,1402020720,797,1402010088,0.9999924166598622
1232101530,1402020720,798,1402010092,0.9999924195128871
1232101530,1402020720,799,1402010095,0.9999924216526558
1232101530,1402020720,800,1402010097,0.9999924230791681
1232101530,1402020720,801,1402010107,0.9999924302117303
1232101530,1402020720,802,1402010177,0.9999924801396658
1232101530,1402020720,803,1402010182,0.999992483705947
1232101530,1402020720,804,1402010185,0.9999924858457157
1232101530,1402020720,805,1402010188,0.9999924879854842
1232101530,1402020720,806,1402010190,0.9999924894119967
1232101530,1402020720,807,1402010197,0.9999924944047902
1232101530,1402020720,808,1402010199,0.9999924958313027
1232101530,1402020720,809,1402010205,0.9999925001108401
1232101530,1402020720,810,1402010206,0.9999925008240962
1232101530,1402020720,811,1402010210,0.9999925036771211
1232101530,1402020720,812,1402010214,0.999992506530146
1232101530,1402020720,813,1402010221,0.9999925115229396
1232101530,1402020720,814,1402010225,0.9999925143759645
1232101530,1402020720,815,1402010227,0.9999925158024768
1232101530,1402020720,816,1402010281,0.9999925543183128
1232101530,1402020720,817,1402010314,0.9999925778557681
1232101530,1402020720,818,1402010326,0.9999925864148427
1232101530,1402020720,819,1402010327,0.9999925871280989
1232101530,1402020720,820,1402010346,0.9999926006799671
1232101530,1402020720,821,1402010352,0.9999926049595045
1232101530,1402020720,822,1402010353,0.9999926056727607
1232101530,1402020720,823,1402010355,0.9999926070992731
1232101530,1402020720,824,1402010364,0.999992613518579
1232101530,1402020720,825,1402010467,0.9999926869839698
1232101530,1402020720,826,1402010470,0.9999926891237385
1232101530,1402020720,827,1402010482,0.9999926976828132
1232101530,1402020720,828,1402010485,0.9999926998225818
1232101530,1402020720,829,1402010497,0.9999927083816564
1232101530,1402020720,830,1402010504,0.99999271337445
1232101530,1402020720,831,1402010508,0.9999927162274749
1232101530,1402020720,832,1402010511,0.9999927183672436
1232101530,1402020720,833,1402010513,0.9999927197937559
1232101530,1402020720,834,1402010519,0.9999927240732933
1232101530,1402020720,835,1402010523,0.9999927269263181
1232101530,1402020720,836,1402010525,0.9999927283528306
1232101530,1402020720,837,1402010532,0.9999927333456242
1232101530,1402020720,838,1402010534,0.9999927347721366
1232101530,1402020720,839,1402010572,0.9999927618758729
1232101530,1402020720,840,1402010579,0.9999927668686666
1232101530,1402020720,841,1402010687,0.9999928439003384
1232101530,1402020720,842,1402010695,0.9999928496063881
1232101530,1402020720,843,1402010697,0.9999928510329006
1232101530,1402020720,844,1402010701,0.9999928538859254
1232101530,1402020720,845,1402010760,0.9999928959680424
1232101530,1402020720,846,1402010761,0.9999928966812986
1232101530,1402020720,847,1402010765,0.9999928995343236
1232101530,1402020720,848,1402010769,0.9999929023873485
1232101530,1402020720,849,1402010775,0.9999929066668858
1232101530,1402020720,850,1402010784,0.9999929130861918
1232101530,1402020720,851,1402010790,0.999992917365729
1232101530,1402020720,852,1402010850,0.9999929601611023
1232101530,1402020720,853,1402010852,0.9999929615876147
1232101530,1402020720,854,1402010854,0.9999929630141272
1232101530,1402020720,855,1402010857,0.9999929651538959
1232101530,1402020720,856,1402010859,0.9999929665804083
1232101530,1402020720,857,1402010861,0.9999929680069207
1232101530,1402020720,858,1402010870,0.9999929744262267
1232101530,1402020720,859,1402010875,0.9999929779925079
1232101530,1402020720,860,1402010877,0.9999929794190203
1232101530,1402020720,861,1402010881,0.9999929822720451
1232101530,1402020720,862,1402010899,0.9999929951106571
1232101530,1402020720,863,1402010903,0.999992997963682
1232101530,1402020720,864,1402010908,0.9999930015299632
1232101530,1402020720,865,1402010914,0.9999930058095005
1232101530,1402020720,866,1402010921,0.999993010802294
1232101530,1402020720,867,1402010925,0.9999930136553189
1232101530,1402020720,868,1402010929,0.9999930165083437
1232101530,1402020720,869,1402010936,0.9999930215011373
1232101530,1402020720,870,1402010943,0.9999930264939308
1232101530,1402020720,871,1402010945,0.9999930279204433
1232101530,1402020720,872,1402010949,0.9999930307734681
1232101530,1402020720,873,1402010951,0.9999930321999806
1232101530,1402020720,874,1402010962,0.999993040045799
1232101530,1402020720,875,1402010968,0.9999930443253363
1232101530,1402020720,876,1402010977,0.9999930507446424
1232101530,1402020720,877,1402010987,0.9999930578772046
1232101530,1402020720,878,1402010989,0.999993059303717
1232101530,1402020720,879,1402010992,0.9999930614434857
1232101530,1402020720,880,1402010994,0.9999930628699981
1232101530,1402020720,881,1402010998,0.9999930657230229
1232101530,1402020720,882,1402011003,0.9999930692893041
1232101530,1402020720,883,1402011007,0.999993072142329
1232101530,1402020720,884,1402011017,0.9999930792748912
1232101530,1402020720,885,1402011021,0.999993082127916
1232101530,1402020720,886,1402011022,0.9999930828411723
1232101530,1402020720,887,1402011025,0.999993084980941
1232101530,1402020720,888,1402011028,0.9999930871207096
1232101530,1402020720,889,1402011037,0.9999930935400155
1232101530,1402020720,890,1402011043,0.9999930978195529
1232101530,1402020720,891,1402011044,0.9999930985328092
1232101530,1402020720,892,1402011047,0.9999931006725777
1232101530,1402020720,893,1402011057,0.99999310780514
1232101530,1402020720,894,1402011076,0.9999931213570082
1232101530,1402020720,895,1402011082,0.9999931256365455
1232101530,1402020720,896,1402011231,0.9999932319117224
1232101530,1402020720,897,1402011253,0.9999932476033593
1232101530,1402020720,898,1402011255,0.9999932490298716
1232101530,1402020720,899,1402011256,0.9999932497431279
1232101530,1402020720,900,1402011257,0.9999932504563841
1232101530,1402020720,901,1402011270,0.999993259728715
1232101530,1402020720,902,1402011273,0.9999932618684837
1232101530,1402020720,903,1402011297,0.9999932789866329
1232101530,1402020720,904,1402011305,0.9999932846926827
1232101530,1402020720,905,1402011311,0.9999932889722201
1232101530,1402020720,906,1402011312,0.9999932896854763
1232101530,1402020720,907,1402011316,0.9999932925385011
1232101530,1402020720,908,1402011319,0.9999932946782698
1232101530,1402020720,909,1402011327,0.9999933003843196
1232101530,1402020720,910,1402011338,0.999993308230138
1232101530,1402020720,911,1402011342,0.9999933110831629
1232101530,1402020720,912,1402011346,0.9999933139361877
1232101530,1402020720,913,1402011348,0.9999933153627002
1232101530,1402020720,914,1402011414,0.9999933624376107
1232101530,1402020720,915,1402011420,0.9999933667171481
1232101530,1402020720,916,1402011427,0.9999933717099416
1232101530,1402020720,917,1402011431,0.9999933745629666
1232101530,1402020720,918,1402011436,0.9999933781292476
1232101530,1402020720,919,1402011440,0.9999933809822725
1232101530,1402020720,920,1402011444,0.9999933838352973
1232101530,1402020720,921,1402011453,0.9999933902546033
1232101530,1402020720,922,1402011455,0.9999933916811158
1232101530,1402020720,923,1402011461,0.9999933959606532
1232101530,1402020720,924,1402011465,0.999993398813678
1232101530,1402020720,925,1402011474,0.999993405232984
1232101530,1402020720,926,1402011475,0.9999934059462402
1232101530,1402020720,927,1402011508,0.9999934294836955
1232101530,1402020720,928,1402011510,0.999993430910208
1232101530,1402020720,929,1402011515,0.999993434476489
1232101530,1402020720,930,1402011520,0.9999934380427702
1232101530,1402020720,931,1402011529,0.9999934444620762
1232101530,1402020720,932,1402011535,0.9999934487416134
1232101530,1402020720,933,1402011541,0.9999934530211508
1232101530,1402020720,934,1402011542,0.999993453734407
1232101530,1402020720,935,1402011567,0.9999934715658125
1232101530,1402020720,936,1402011570,0.9999934737055812
1232101530,1402020720,937,1402011576,0.9999934779851185
1232101530,1402020720,938,1402011578,0.999993479411631
1232101530,1402020720,939,1402011580,0.9999934808381434
1232101530,1402020720,940,1402011582,0.9999934822646558
1232101530,1402020720,941,1402011591,0.9999934886839619
1232101530,1402020720,942,1402011596,0.9999934922502429
1232101530,1402020720,943,1402011621,0.9999935100816484
1232101530,1402020720,944,1402011624,0.9999935122214171
1232101530,1402020720,945,1402011627,0.9999935143611858
1232101530,1402020720,946,1402011628,0.999993515074442
1232101530,1402020720,947,1402011634,0.9999935193539793
1232101530,1402020720,948,1402011638,0.9999935222070042
1232101530,1402020720,949,1402011639,0.9999935229202604
1232101530,1402020720,950,1402011649,0.9999935300528227
1232101530,1402020720,951,1402011651,0.999993531479335
1232101530,1402020720,952,1402011658,0.9999935364721286
1232101530,1402020720,953,1402011665,0.9999935414649221
1232101530,1402020720,954,1402011667,0.9999935428914346
1232101530,1402020720,955,1402011668,0.9999935436046908
1232101530,1402020720,956,1402011670,0.9999935450312033
1232101530,1402020720,957,1402011686,0.9999935564433028
1232101530,1402020720,958,1402011688,0.9999935578698153
1232101530,1402020720,959,1402011691,0.9999935600095838
1232101530,1402020720,960,1402011692,0.9999935607228401
1232101530,1402020720,961,1402011694,0.9999935621493525
1232101530,1402020720,962,1402011706,0.9999935707084272
1232101530,1402020720,963,1402011710,0.999993573561452
1232101530,1402020720,964,1402011713,0.9999935757012207
1232101530,1402020720,965,1402011723,0.9999935828337829
1232101530,1402020720,966,1402011734,0.9999935906796014
1232101530,1402020720,967,1402011738,0.9999935935326263
1232101530,1402020720,968,1402011741,0.9999935956723949
1232101530,1402020720,969,1402011756,0.9999936063712382
1232101530,1402020720,970,1402011758,0.9999936077977507
1232101530,1402020720,971,1402011817,0.9999936498798677
1232101530,1402020720,972,1402011830,0.9999936591521985
1232101530,1402020720,973,1402011832,0.999993660578711
1232101530,1402020720,974,1402011840,0.9999936662847607
1232101530,1402020720,975,1402011842,0.9999936677112732
1232101530,1402020720,976,1402011845,0.9999936698510419
1232101530,1402020720,977,1402011849,0.9999936727040667
1232101530,1402020720,978,1402011851,0.9999936741305792
1232101530,1402020720,979,1402011853,0.9999936755570916
1232101530,1402020720,980,1402011856,0.9999936776968603
1232101530,1402020720,981,1402011868,0.999993686255935
1232101530,1402020720,982,1402011871,0.9999936883957036
1232101530,1402020720,983,1402011884,0.9999936976680345
1232101530,1402020720,984,1402011896,0.9999937062271091
1232101530,1402020720,985,1402011900,0.999993709080134
1232101530,1402020720,986,1402011909,0.9999937154994399
1232101530,1402020720,987,1402011913,0.9999937183524649
1232101530,1402020720,988,1402011918,0.9999937219187459
1232101530,1402020720,989,1402011925,0.9999937269115395
1232101530,1402020720,990,1402011932,0.999993731904333
1232101530,1402020720,991,1402011935,0.9999937340441017
1232101530,1402020720,992,1402011936,0.999993734757358
1232101530,1402020720,993,1402011940,0.9999937376103828
1232101530,1402020720,994,1402011945,0.999993741176664
1232101530,1402020720,995,1402011948,0.9999937433164325
1232101530,1402020720,996,1402011959,0.999993751162251
1232101530,1402020720,997,1402011963,0.9999937540152759
1232101530,1402020720,998,1402011968,0.999993757581557
1232101530,1402020720,999,1402011970,0.9999937590080694
1232101530,1402020720,1000,1402011972,0.9999937604345819
1232101530,1402020720,1001,1402011976,0.9999937632876068
1232101530,1402020720,1002,1402011977,0.9999937640008629
1232101530,1402020720,1003,1402011979,0.9999937654273754
1232101530,1402020720,1004,1402011984,0.9999937689936566
1232101530,1402020720,1005,1402011985,0.9999937697069128
1232101530,1402020720,1006,1402011986,0.999993770420169
1232101530,1402020720,1007,1402011991,0.9999937739864501
1232101530,1402020720,1008,1402012008,0.9999937861118058
1232101530,1402020720,1009,1402012009,0.999993786825062
1232101530,1402020720,1010,1402012013,0.9999937896780869
1232101530,1402020720,1011,1402012018,0.999993793244368
1232101530,1402020720,1012,1402012019,0.9999937939576242
1232101530,1402020720,1013,1402012024,0.9999937975239054
1232101530,1402020720,1014,1402012026,0.9999937989504178
1232101530,1402020720,1015,1402012030,0.9999938018034427
1232101530,1402020720,1016,1402012131,0.999993873842321
1232101530,1402020720,1017,1402012137,0.9999938781218582
1232101530,1402020720,1018,1402012140,0.9999938802616269
1232101530,1402020720,1019,1402012218,0.9999939358956121
1232101530,1402020720,1020,1402012289,0.9999939865368038
1232101530,1402020720,1021,1402012294,0.9999939901030849
1232101530,1402020720,1022,1402012296,0.9999939915295973
1232101530,1402020720,1023,1402012298,0.9999939929561098
1232101530,1402020720,1024,1402012306,0.9999939986621595
1232101530,1402020720,1025,1402012315,0.9999940050814655
1232101530,1402020720,1026,1402012339,0.9999940221996149
1232101530,1402020720,1027,1402012354,0.9999940328984581
1232101530,1402020720,1028,1402012386,0.9999940557226572
1232101530,1402020720,1029,1402012393,0.9999940607154507
1232101530,1402020720,1030,1402012405,0.9999940692745254
1232101530,1402020720,1031,1402012481,0.9999941234819982
1232101530,1402020720,1032,1402012485,0.999994126335023
1232101530,1402020720,1033,1402012486,0.9999941270482793
1232101530,1402020720,1034,1402012490,0.9999941299013042
1232101530,1402020720,1035,1402012496,0.9999941341808415
1232101530,1402020720,1036,1402012505,0.9999941406001475
1232101530,1402020720,1037,1402012626,0.9999942269041502
1232101530,1402020720,1038,1402012774,0.9999943324660708
1232101530,1402020720,1039,1402012793,0.999994346017939
1232101530,1402020720,1040,1402012797,0.999994348870964
1232101530,1402020720,1041,1402012798,0.9999943495842202
1232101530,1402020720,1042,1402012800,0.9999943510107325
1232101530,1402020720,1043,1402012801,0.9999943517239888
1232101530,1402020720,1044,1402012827,0.9999943702686506
1232101530,1402020720,1045,1402012828,0.9999943709819067
1232101530,1402020720,1046,1402012830,0.9999943724084192
1232101530,1402020720,1047,1402012831,0.9999943731216754
1232101530,1402020720,1048,1402012832,0.9999943738349316
1232101530,1402020720,1049,1402012874,0.9999944037916929
1232101530,1402020720,1050,1402012899,0.9999944216230984
1232101530,1402020720,1051,1402012903,0.9999944244761233
1232101530,1402020720,1052,1402012907,0.9999944273291482
1232101530,1402020720,1053,1402012909,0.9999944287556606
1232101530,1402020720,1054,1402012914,0.9999944323219417
1232101530,1402020720,1055,1402012949,0.9999944572859094
1232101530,1402020720,1056,1402012958,0.9999944637052154
1232101530,1402020720,1057,1402012962,0.9999944665582403
1232101530,1402020720,1058,1402012967,0.9999944701245214
1232101530,1402020720,1059,1402012968,0.9999944708377776
1232101530,1402020720,1060,1402012969,0.9999944715510338
1232101530,1402020720,1061,1402012972,0.9999944736908025
1232101530,1402020720,1062,1402013063,0.9999945385971186
1232101530,1402020720,1063,1402013067,0.9999945414501434
1232101530,1402020720,1064,1402013073,0.9999945457296808
1232101530,1402020720,1065,1402013080,0.9999945507224743
1232101530,1402020720,1066,1402013081,0.9999945514357306
1232101530,1402020720,1067,1402013085,0.9999945542887555
1232101530,1402020720,1068,1402013118,0.9999945778262107
1232101530,1402020720,1069,1402013122,0.9999945806792356
1232101530,1402020720,1070,1402013138,0.9999945920913351
1232101530,1402020720,1071,1402013139,0.9999945928045914
1232101530,1402020720,1072,1402013140,0.9999945935178476
1232101530,1402020720,1073,1402013145,0.9999945970841286
1232101530,1402020720,1074,1402013154,0.9999946035034347
1232101530,1402020720,1075,1402013155,0.9999946042166908
1232101530,1402020720,1076,1402013158,0.9999946063564595
1232101530,1402020720,1077,1402013161,0.9999946084962282
1232101530,1402020720,1078,1402013162,0.9999946092094845
1232101530,1402020720,1079,1402013163,0.9999946099227407
1232101530,1402020720,1080,1402013167,0.9999946127757655
1232101530,1402020720,1081,1402013170,0.9999946149155342
1232101530,1402020720,1082,1402013173,0.9999946170553029
1232101530,1402020720,1083,1402013195,0.9999946327469397
1232101530,1402020720,1084,1402013199,0.9999946355999646
1232101530,1402020720,1085,1402013207,0.9999946413060143
1232101530,1402020720,1086,1402013213,0.9999946455855517
1232101530,1402020720,1087,1402013215,0.9999946470120641
1232101530,1402020720,1088,1402013220,0.9999946505783452
1232101530,1402020720,1089,1402013221,0.9999946512916015
1232101530,1402020720,1090,1402013235,0.9999946612771885
1232101530,1402020720,1091,1402013238,0.9999946634169572
1232101530,1402020720,1092,1402013239,0.9999946641302134
1232101530,1402020720,1093,1402013243,0.9999946669832384
1232101530,1402020720,1094,1402013301,0.9999947083520991
1232101530,1402020720,1095,1402013303,0.9999947097786116
1232101530,1402020720,1096,1402013304,0.9999947104918677
1232101530,1402020720,1097,1402013312,0.9999947161979176
1232101530,1402020720,1098,1402013315,0.9999947183376862
1232101530,1402020720,1099,1402013316,0.9999947190509424
1232101530,1402020720,1100,1402013319,0.9999947211907111
1232101530,1402020720,1101,1402013320,0.9999947219039673
1232101530,1402020720,1102,1402013325,0.9999947254702484
1232101530,1402020720,1103,1402013327,0.9999947268967608
1232101530,1402020720,1104,1402013589,0.9999949137698907
1232101530,1402020720,1105,1402013594,0.9999949173361717
1232101530,1402020720,1106,1402013596,0.9999949187626842
1232101530,1402020720,1107,1402013598,0.9999949201891967
1232101530,1402020720,1108,1402013606,0.9999949258952464
1232101530,1402020720,1109,1402013608,0.9999949273217589
1232101530,1402020720,1110,1402013611,0.9999949294615275
1232101530,1402020720,1111,1402013616,0.9999949330278086
1232101530,1402020720,1112,1402013619,0.9999949351675773
1232101530,1402020720,1113,1402013621,0.9999949365940897
1232101530,1402020720,1114,1402013624,0.9999949387338584
1232101530,1402020720,1115,1402013627,0.9999949408736271
1232101530,1402020720,1116,1402013630,0.9999949430133956
1232101530,1402020720,1117,1402013634,0.9999949458664206
1232101530,1402020720,1118,1402013637,0.9999949480061893
1232101530,1402020720,1119,1402013639,0.9999949494327017
1232101530,1402020720,1120,1402013647,0.9999949551387515
1232101530,1402020720,1121,1402013654,0.999994960131545
1232101530,1402020720,1122,1402013655,0.9999949608448012
1232101530,1402020720,1123,1402013657,0.9999949622713137
1232101530,1402020720,1124,1402013658,0.9999949629845699
1232101530,1402020720,1125,1402013664,0.9999949672641072
1232101530,1402020720,1126,1402013666,0.9999949686906197
1232101530,1402020720,1127,1402013674,0.9999949743966694
1232101530,1402020720,1128,1402013680,0.9999949786762067
1232101530,1402020720,1129,1402013683,0.9999949808159754
1232101530,1402020720,1130,1402013723,0.9999950093462242
1232101530,1402020720,1131,1402013737,0.9999950193318113
1232101530,1402020720,1132,1402013740,0.9999950214715799
1232101530,1402020720,1133,1402013774,0.9999950457222915
1232101530,1402020720,1134,1402013776,0.9999950471488039
1232101530,1402020720,1135,1402013777,0.9999950478620602
1232101530,1402020720,1136,1402013779,0.9999950492885725
1232101530,1402020720,1137,1402013782,0.9999950514283412
1232101530,1402020720,1138,1402013784,0.9999950528548537
1232101530,1402020720,1139,1402013785,0.9999950535681099
1232101530,1402020720,1140,1402013821,0.9999950792453338
1232101530,1402020720,1141,1402013827,0.9999950835248712
1232101530,1402020720,1142,1402013828,0.9999950842381273
1232101530,1402020720,1143,1402013830,0.9999950856646398
1232101530,1402020720,1144,1402013832,0.9999950870911523
1232101530,1402020720,1145,1402013843,0.9999950949369707
1232101530,1402020720,1146,1402013846,0.9999950970767394
1232101530,1402020720,1147,1402013849,0.999995099216508
1232101530,1402020720,1148,1402013856,0.9999951042093016
1232101530,1402020720,1149,1402013861,0.9999951077755826
1232101530,1402020720,1150,1402013864,0.9999951099153513
1232101530,1402020720,1151,1402013868,0.9999951127683762
1232101530,1402020720,1152,1402013877,0.9999951191876821
1232101530,1402020720,1153,1402013880,0.9999951213274508
1232101530,1402020720,1154,1402013882,0.9999951227539633
1232101530,1402020720,1155,1402013890,0.999995128460013
1232101530,1402020720,1156,1402013893,0.9999951305997817
1232101530,1402020720,1157,1402013916,0.9999951470046748
1232101530,1402020720,1158,1402013922,0.9999951512842121
1232101530,1402020720,1159,1402013925,0.9999951534239808
1232101530,1402020720,1160,1402013933,0.9999951591300306
1232101530,1402020720,1161,1402013946,0.9999951684023615
1232101530,1402020720,1162,1402013949,0.99999517054213
1232101530,1402020720,1163,1402013952,0.9999951726818987
1232101530,1402020720,1164,1402013953,0.999995173395155
1232101530,1402020720,1165,1402013957,0.9999951762481798
1232101530,1402020720,1166,1402013959,0.9999951776746923
1232101530,1402020720,1167,1402013962,0.999995179814461
1232101530,1402020720,1168,1402013971,0.9999951862337669
1232101530,1402020720,1169,1402014067,0.9999952547063641
1232101530,1402020720,1170,1402014071,0.999995257559389
1232101530,1402020720,1171,1402014072,0.9999952582726452
1232101530,1402020720,1172,1402014076,0.99999526112567
1232101530,1402020720,1173,1402014077,0.9999952618389263
1232101530,1402020720,1174,1402014078,0.9999952625521825
1232101530,1402020720,1175,1402014081,0.9999952646919512
1232101530,1402020720,1176,1402014085,0.999995267544976
1232101530,1402020720,1177,1402014092,0.9999952725377697
1232101530,1402020720,1178,1402014093,0.9999952732510259
1232101530,1402020720,1179,1402014100,0.9999952782438194
1232101530,1402020720,1180,1402014101,0.9999952789570756
1232101530,1402020720,1181,1402014104,0.9999952810968443
1232101530,1402020720,1182,1402014107,0.9999952832366129
1232101530,1402020720,1183,1402014114,0.9999952882294065
1232101530,1402020720,1184,1402014117,0.9999952903691751
1232101530,1402020720,1185,1402014118,0.9999952910824313
1232101530,1402020720,1186,1402014119,0.9999952917956876
1232101530,1402020720,1187,1402014122,0.9999952939354563
1232101530,1402020720,1188,1402014125,0.9999952960752249
1232101530,1402020720,1189,1402014127,0.9999952975017373
1232101530,1402020720,1190,1402014155,0.9999953174729115
1232101530,1402020720,1191,1402014186,0.9999953395838543
1232101530,1402020720,1192,1402014202,0.9999953509959539
1232101530,1402020720,1193,1402014247,0.9999953830924838
1232101530,1402020720,1194,1402014248,0.99999538380574
1232101530,1402020720,1195,1402014259,0.9999953916515585
1232101530,1402020720,1196,1402014261,0.999995393078071
1232101530,1402020720,1197,1402014264,0.9999953952178395
1232101530,1402020720,1198,1402014267,0.9999953973576082
1232101530,1402020720,1199,1402014269,0.9999953987841207
1232101530,1402020720,1200,1402014271,0.9999954002106332
1232101530,1402020720,1201,1402014273,0.9999954016371455
1232101530,1402020720,1202,1402014302,0.999995422321576
1232101530,1402020720,1203,1402014307,0.9999954258878571
1232101530,1402020720,1204,1402014319,0.9999954344469317
1232101530,1402020720,1205,1402014321,0.9999954358734442
1232101530,1402020720,1206,1402014324,0.9999954380132128
1232101530,1402020720,1207,1402014326,0.9999954394397252
1232101530,1402020720,1208,1402014378,0.9999954765290487
1232101530,1402020720,1209,1402014379,0.999995477242305
1232101530,1402020720,1210,1402014382,0.9999954793820736
1232101530,1402020720,1211,1402014388,0.999995483661611
1232101530,1402020720,1212,1402014396,0.9999954893676607
1232101530,1402020720,1213,1402014398,0.9999954907941732
1232101530,1402020720,1214,1402014402,0.999995493647198
1232101530,1402020720,1215,1402014403,0.9999954943604542
1232101530,1402020720,1216,1402014409,0.9999954986399916
1232101530,1402020720,1217,1402014411,0.9999955000665041
1232101530,1402020720,1218,1402014415,0.9999955029195289
1232101530,1402020720,1219,1402014445,0.9999955243172155
1232101530,1402020720,1220,1402014590,0.9999956277393675
1232101530,1402020720,1221,1402014593,0.9999956298791361
1232101530,1402020720,1222,1402014601,0.9999956355851859
1232101530,1402020720,1223,1402014602,0.9999956362984421
1232101530,1402020720,1224,1402014604,0.9999956377249546
1232101530,1402020720,1225,1402014605,0.9999956384382108
1232101530,1402020720,1226,1402014610,0.9999956420044919
1232101530,1402020720,1227,1402014612,0.9999956434310043
1232101530,1402020720,1228,1402014617,0.9999956469972855
1232101530,1402020720,1229,1402014619,0.999995648423798
1232101530,1402020720,1230,1402014636,0.9999956605491537
1232101530,1402020720,1231,1402014637,0.9999956612624099
1232101530,1402020720,1232,1402014659,0.9999956769540467
1232101530,1402020720,1233,1402014668,0.9999956833733528
1232101530,1402020720,1234,1402014673,0.9999956869396338
1232101530,1402020720,1235,1402014675,0.9999956883661463
1232101530,1402020720,1236,1402014676,0.9999956890794025
1232101530,1402020720,1237,1402014677,0.9999956897926587
1232101530,1402020720,1238,1402014678,0.999995690505915
1232101530,1402020720,1239,1402014680,0.9999956919324273
1232101530,1402020720,1240,1402014683,0.999995694072196
1232101530,1402020720,1241,1402014685,0.9999956954987085
1232101530,1402020720,1242,1402014687,0.999995696925221
1232101530,1402020720,1243,1402014689,0.9999956983517333
1232101530,1402020720,1244,1402014694,0.9999957019180145
1232101530,1402020720,1245,1402014697,0.9999957040577832
1232101530,1402020720,1246,1402014700,0.9999957061975517
1232101530,1402020720,1247,1402014712,0.9999957147566264
1232101530,1402020720,1248,1402014716,0.9999957176096513
1232101530,1402020720,1249,1402014718,0.9999957190361638
1232101530,1402020720,1250,1402014720,0.9999957204626762
1232101530,1402020720,1251,1402014722,0.9999957218891886
1232101530,1402020720,1252,1402014723,0.9999957226024448
1232101530,1402020720,1253,1402014726,0.9999957247422135
1232101530,1402020720,1254,1402014730,0.9999957275952384
1232101530,1402020720,1255,1402014732,0.9999957290217508
1232101530,1402020720,1256,1402014734,0.9999957304482633
1232101530,1402020720,1257,1402014754,0.9999957447133877
1232101530,1402020720,1258,1402014756,0.9999957461399002
1232101530,1402020720,1259,1402014759,0.9999957482796688
1232101530,1402020720,1260,1402014761,0.9999957497061812
1232101530,1402020720,1261,1402014764,0.9999957518459499
1232101530,1402020720,1262,1402014772,0.9999957575519997
1232101530,1402020720,1263,1402014774,0.9999957589785121
1232101530,1402020720,1264,1402014775,0.9999957596917683
1232101530,1402020720,1265,1402014776,0.9999957604050246
1232101530,1402020720,1266,1402014787,0.999995768250843
1232101530,1402020720,1267,1402014794,0.9999957732436365
1232101530,1402020720,1268,1402014838,0.9999958046269102
1232101530,1402020720,1269,1402014841,0.9999958067666789
1232101530,1402020720,1270,1402014897,0.9999958467090272
1232101530,1402020720,1271,1402014918,0.9999958616874078
1232101530,1402020720,1272,1402014920,0.9999958631139203
1232101530,1402020720,1273,1402014921,0.9999958638271765
1232101530,1402020720,1274,1402014946,0.999995881658582
1232101530,1402020720,1275,1402014950,0.9999958845116069
1232101530,1402020720,1276,1402014952,0.9999958859381194
1232101530,1402020720,1277,1402014956,0.9999958887911442
1232101530,1402020720,1278,1402014958,0.9999958902176567
1232101530,1402020720,1279,1402014959,0.9999958909309129
1232101530,1402020720,1280,1402014961,0.9999958923574254
1232101530,1402020720,1281,1402014963,0.9999958937839378
1232101530,1402020720,1282,1402014966,0.9999958959237064
1232101530,1402020720,1283,1402014969,0.9999958980634751
1232101530,1402020720,1284,1402014970,0.9999958987767313
1232101530,1402020720,1285,1402014971,0.9999958994899876
1232101530,1402020720,1286,1402014973,0.9999959009165
1232101530,1402020720,1287,1402014974,0.9999959016297563
1232101530,1402020720,1288,1402014979,0.9999959051960373
1232101530,1402020720,1289,1402014980,0.9999959059092935
1232101530,1402020720,1290,1402014983,0.9999959080490622
1232101530,1402020720,1291,1402014986,0.9999959101888308
1232101530,1402020720,1292,1402014989,0.9999959123285995
1232101530,1402020720,1293,1402014993,0.9999959151816245
1232101530,1402020720,1294,1402014995,0.9999959166081369
1232101530,1402020720,1295,1402014996,0.999995917321393
1232101530,1402020720,1296,1402014997,0.9999959180346493
1232101530,1402020720,1297,1402014998,0.9999959187479055
1232101530,1402020720,1298,1402015001,0.9999959208876742
1232101530,1402020720,1299,1402015006,0.9999959244539552
1232101530,1402020720,1300,1402015011,0.9999959280202364
1232101530,1402020720,1301,1402015014,0.9999959301600051
1232101530,1402020720,1302,1402015016,0.9999959315865175
1232101530,1402020720,1303,1402015063,0.9999959651095599
1232101530,1402020720,1304,1402015068,0.999995968675841
1232101530,1402020720,1305,1402015069,0.9999959693890972
1232101530,1402020720,1306,1402015109,0.999995997919346
1232101530,1402020720,1307,1402015128,0.9999960114712142
1232101530,1402020720,1308,1402015132,0.9999960143242391
1232101530,1402020720,1309,1402015138,0.9999960186037764
1232101530,1402020720,1310,1402015145,0.9999960235965699
1232101530,1402020720,1311,1402015148,0.9999960257363386
1232101530,1402020720,1312,1402015150,0.9999960271628511
1232101530,1402020720,1313,1402015157,0.9999960321556446
1232101530,1402020720,1314,1402015161,0.9999960350086695
1232101530,1402020720,1315,1402015163,0.999996036435182
1232101530,1402020720,1316,1402015175,0.9999960449942565
1232101530,1402020720,1317,1402015200,0.9999960628256621
1232101530,1402020720,1318,1402015207,0.9999960678184556
1232101530,1402020720,1319,1402015208,0.9999960685317119
1232101530,1402020720,1320,1402015209,0.9999960692449681
1232101530,1402020720,1321,1402015213,0.9999960720979929
1232101530,1402020720,1322,1402015232,0.9999960856498612
1232101530,1402020720,1323,1402015235,0.9999960877896298
1232101530,1402020720,1324,1402015236,0.999996088502886
1232101530,1402020720,1325,1402015237,0.9999960892161422
1232101530,1402020720,1326,1402015240,0.9999960913559109
1232101530,1402020720,1327,1402015246,0.9999960956354482
1232101530,1402020720,1328,1402015253,0.9999961006282417
1232101530,1402020720,1329,1402015255,0.9999961020547542
1232101530,1402020720,1330,1402015257,0.9999961034812667
1232101530,1402020720,1331,1402015261,0.9999961063342916
1232101530,1402020720,1332,1402015301,0.9999961348645404
1232101530,1402020720,1333,1402015303,0.9999961362910528
1232101530,1402020720,1334,1402015304,0.999996137004309
1232101530,1402020720,1335,1402015310,0.9999961412838464
1232101530,1402020720,1336,1402015311,0.9999961419971026
1232101530,1402020720,1337,1402015312,0.9999961427103587
1232101530,1402020720,1338,1402015314,0.9999961441368712
1232101530,1402020720,1339,1402015317,0.9999961462766399
1232101530,1402020720,1340,1402015318,0.9999961469898961
1232101530,1402020720,1341,1402015320,0.9999961484164086
1232101530,1402020720,1342,1402015323,0.9999961505561772
1232101530,1402020720,1343,1402015324,0.9999961512694334
1232101530,1402020720,1344,1402015327,0.9999961534092021
1232101530,1402020720,1345,1402015343,0.9999961648213016
1232101530,1402020720,1346,1402015345,0.9999961662478141
1232101530,1402020720,1347,1402015347,0.9999961676743265
1232101530,1402020720,1348,1402015395,0.9999962019106251
1232101530,1402020720,1349,1402015396,0.9999962026238813
1232101530,1402020720,1350,1402015402,0.9999962069034186
1232101530,1402020720,1351,1402015404,0.9999962083299311
1232101530,1402020720,1352,1402015406,0.9999962097564435
1232101530,1402020720,1353,1402015415,0.9999962161757495
1232101530,1402020720,1354,1402015420,0.9999962197420307
1232101530,1402020720,1355,1402015433,0.9999962290143615
1232101530,1402020720,1356,1402015436,0.9999962311541302
1232101530,1402020720,1357,1402015437,0.9999962318673864
1232101530,1402020720,1358,1402015464,0.9999962511253043
1232101530,1402020720,1359,1402015469,0.9999962546915855
1232101530,1402020720,1360,1402015470,0.9999962554048417
1232101530,1402020720,1361,1402015472,0.9999962568313541
1232101530,1402020720,1362,1402015474,0.9999962582578665
1232101530,1402020720,1363,1402015477,0.9999962603976352
1232101530,1402020720,1364,1402015479,0.9999962618241477
1232101530,1402020720,1365,1402015481,0.99999626325066
1232101530,1402020720,1366,1402015494,0.999996272522991
1232101530,1402020720,1367,1402015495,0.9999962732362472
1232101530,1402020720,1368,1402015496,0.9999962739495034
1232101530,1402020720,1369,1402015509,0.9999962832218343
1232101530,1402020720,1370,1402015513,0.9999962860748591
1232101530,1402020720,1371,1402015514,0.9999962867881154
1232101530,1402020720,1372,1402015525,0.9999962946339338
1232101530,1402020720,1373,1402015526,0.99999629534719
1232101530,1402020720,1374,1402015527,0.9999962960604463
1232101530,1402020720,1375,1402015529,0.9999962974869587
1232101530,1402020720,1376,1402015530,0.9999962982002149
1232101530,1402020720,1377,1402015531,0.9999962989134711
1232101530,1402020720,1378,1402015533,0.9999963003399835
1232101530,1402020720,1379,1402015534,0.9999963010532398
1232101530,1402020720,1380,1402015536,0.9999963024797522
1232101530,1402020720,1381,1402015537,0.9999963031930085
1232101530,1402020720,1382,1402015543,0.9999963074725458
1232101530,1402020720,1383,1402015545,0.9999963088990582
1232101530,1402020720,1384,1402015546,0.9999963096123144
1232101530,1402020720,1385,1402015548,0.9999963110388269
1232101530,1402020720,1386,1402015549,0.9999963117520831
1232101530,1402020720,1387,1402015550,0.9999963124653393
1232101530,1402020720,1388,1402015561,0.9999963203111577
1232101530,1402020720,1389,1402015564,0.9999963224509264
1232101530,1402020720,1390,1402015575,0.9999963302967448
1232101530,1402020720,1391,1402015577,0.9999963317232573
1232101530,1402020720,1392,1402015599,0.9999963474148941
1232101530,1402020720,1393,1402015605,0.9999963516944315
1232101530,1402020720,1394,1402015609,0.9999963545474563
1232101530,1402020720,1395,1402015622,0.9999963638197872
1232101530,1402020720,1396,1402015626,0.9999963666728121
1232101530,1402020720,1397,1402015671,0.999996398769342
1232101530,1402020720,1398,1402015676,0.9999964023356231
1232101530,1402020720,1399,1402015680,0.999996405188648
1232101530,1402020720,1400,1402015685,0.9999964087549291
1232101530,1402020720,1401,1402015686,0.9999964094681854
1232101530,1402020720,1402,1402015688,0.9999964108946977
1232101530,1402020720,1403,1402015689,0.9999964116079539
1232101530,1402020720,1404,1402015690,0.9999964123212102
1232101530,1402020720,1405,1402015691,0.9999964130344664
1232101530,1402020720,1406,1402015700,0.9999964194537724
1232101530,1402020720,1407,1402015702,0.9999964208802848
1232101530,1402020720,1408,1402015711,0.9999964272995908
1232101530,1402020720,1409,1402015730,0.999996440851459
1232101530,1402020720,1410,1402015734,0.9999964437044839
1232101530,1402020720,1411,1402015751,0.9999964558298396
1232101530,1402020720,1412,1402015754,0.9999964579696083
1232101530,1402020720,1413,1402015755,0.9999964586828646
1232101530,1402020720,1414,1402015764,0.9999964651021706
1232101530,1402020720,1415,1402015767,0.9999964672419392
1232101530,1402020720,1416,1402015769,0.9999964686684516
1232101530,1402020720,1417,1402015774,0.9999964722347328
1232101530,1402020720,1418,1402015776,0.9999964736612452
1232101530,1402020720,1419,1402015800,0.9999964907793945
1232101530,1402020720,1420,1402015818,0.9999965036180064
1232101530,1402020720,1421,1402015819,0.9999965043312626
1232101530,1402020720,1422,1402015823,0.9999965071842876
1232101530,1402020720,1423,1402015826,0.9999965093240563
1232101530,1402020720,1424,1402015863,0.9999965357145364
1232101530,1402020720,1425,1402015866,0.9999965378543051
1232101530,1402020720,1426,1402015867,0.9999965385675612
1232101530,1402020720,1427,1402015868,0.9999965392808174
1232101530,1402020720,1428,1402015869,0.9999965399940737
1232101530,1402020720,1429,1402015875,0.9999965442736111
1232101530,1402020720,1430,1402015879,0.9999965471266359
1232101530,1402020720,1431,1402015893,0.999996557112223
1232101530,1402020720,1432,1402015894,0.9999965578254792
1232101530,1402020720,1433,1402015895,0.9999965585387355
1232101530,1402020720,1434,1402015897,0.9999965599652478
1232101530,1402020720,1435,1402015904,0.9999965649580415
1232101530,1402020720,1436,1402015907,0.99999656709781
1232101530,1402020720,1437,1402015908,0.9999965678110663
1232101530,1402020720,1438,1402015909,0.9999965685243225
1232101530,1402020720,1439,1402015924,0.9999965792231659
1232101530,1402020720,1440,1402015930,0.9999965835027032
1232101530,1402020720,1441,1402015939,0.9999965899220091
1232101530,1402020720,1442,1402015940,0.9999965906352654
1232101530,1402020720,1443,1402015957,0.9999966027606211
1232101530,1402020720,1444,1402015958,0.9999966034738773
1232101530,1402020720,1445,1402015960,0.9999966049003898
1232101530,1402020720,1446,1402015963,0.9999966070401585
1232101530,1402020720,1447,1402015976,0.9999966163124893
1232101530,1402020720,1448,1402015979,0.999996618452258
1232101530,1402020720,1449,1402015982,0.9999966205920267
1232101530,1402020720,1450,1402015999,0.9999966327173824
1232101530,1402020720,1451,1402016001,0.9999966341438948
1232101530,1402020720,1452,1402016024,0.999996650548788
1232101530,1402020720,1453,1402016025,0.9999966512620441
1232101530,1402020720,1454,1402016028,0.9999966534018128
1232101530,1402020720,1455,1402016029,0.999996654115069
1232101530,1402020720,1456,1402016031,0.9999966555415815
1232101530,1402020720,1457,1402016036,0.9999966591078625
1232101530,1402020720,1458,1402016037,0.9999966598211187
1232101530,1402020720,1459,1402016041,0.9999966626741437
1232101530,1402020720,1460,1402016043,0.9999966641006561
1232101530,1402020720,1461,1402016044,0.9999966648139124
1232101530,1402020720,1462,1402016048,0.9999966676669372
1232101530,1402020720,1463,1402016049,0.9999966683801934
1232101530,1402020720,1464,1402016050,0.9999966690934496
1232101530,1402020720,1465,1402016053,0.9999966712332183
1232101530,1402020720,1466,1402016078,0.9999966890646238
1232101530,1402020720,1467,1402016079,0.99999668977788
1232101530,1402020720,1468,1402016080,0.9999966904911363
1232101530,1402020720,1469,1402016081,0.9999966912043925
1232101530,1402020720,1470,1402016082,0.9999966919176487
1232101530,1402020720,1471,1402016105,0.9999967083225417
1232101530,1402020720,1472,1402016109,0.9999967111755667
1232101530,1402020720,1473,1402016153,0.9999967425588404
1232101530,1402020720,1474,1402016155,0.9999967439853528
1232101530,1402020720,1475,1402016159,0.9999967468383777
1232101530,1402020720,1476,1402016171,0.9999967553974524
1232101530,1402020720,1477,1402016172,0.9999967561107086
1232101530,1402020720,1478,1402016173,0.9999967568239647
1232101530,1402020720,1479,1402016175,0.9999967582504772
1232101530,1402020720,1480,1402016176,0.9999967589637334
1232101530,1402020720,1481,1402016184,0.9999967646697832
1232101530,1402020720,1482,1402016185,0.9999967653830394
1232101530,1402020720,1483,1402016211,0.9999967839277012
1232101530,1402020720,1484,1402016217,0.9999967882072385
1232101530,1402020720,1485,1402016232,0.9999967989060818
1232101530,1402020720,1486,1402016235,0.9999968010458504
1232101530,1402020720,1487,1402016246,0.9999968088916689
1232101530,1402020720,1488,1402016256,0.9999968160242311
1232101530,1402020720,1489,1402016258,0.9999968174507435
1232101530,1402020720,1490,1402016277,0.9999968310026117
1232101530,1402020720,1491,1402016278,0.999996831715868
1232101530,1402020720,1492,1402016282,0.9999968345688928
1232101530,1402020720,1493,1402016316,0.9999968588196043
1232101530,1402020720,1494,1402016318,0.9999968602461168
1232101530,1402020720,1495,1402016321,0.9999968623858855
1232101530,1402020720,1496,1402016323,0.9999968638123978
1232101530,1402020720,1497,1402016324,0.9999968645256541
1232101530,1402020720,1498,1402016327,0.9999968666654228
1232101530,1402020720,1499,1402016354,0.9999968859233407
1232101530,1402020720,1500,1402016355,0.9999968866365969
1232101530,1402020720,1501,1402016357,0.9999968880631094
1232101530,1402020720,1502,1402016360,0.9999968902028781
1232101530,1402020720,1503,1402016361,0.9999968909161342
1232101530,1402020720,1504,1402016362,0.9999968916293904
1232101530,1402020720,1505,1402016366,0.9999968944824154
1232101530,1402020720,1506,1402016373,0.9999968994752089
1232101530,1402020720,1507,1402016376,0.9999969016149776
1232101530,1402020720,1508,1402016377,0.9999969023282338
1232101530,1402020720,1509,1402016379,0.9999969037547463
1232101530,1402020720,1510,1402016393,0.9999969137403333
1232101530,1402020720,1511,1402016485,0.9999969793599056
1232101530,1402020720,1512,1402016500,0.9999969900587489
1232101530,1402020720,1513,1402016501,0.9999969907720051
1232101530,1402020720,1514,1402016508,0.9999969957647987
1232101530,1402020720,1515,1402016509,0.999996996478055
1232101530,1402020720,1516,1402016510,0.9999969971913111
1232101530,1402020720,1517,1402016546,0.9999970228685351
1232101530,1402020720,1518,1402016548,0.9999970242950476
1232101530,1402020720,1519,1402016569,0.9999970392734281
1232101530,1402020720,1520,1402016580,0.9999970471192465
1232101530,1402020720,1521,1402016581,0.9999970478325028
1232101530,1402020720,1522,1402016583,0.9999970492590152
1232101530,1402020720,1523,1402016588,0.9999970528252964
1232101530,1402020720,1524,1402016609,0.9999970678036769
1232101530,1402020720,1525,1402016611,0.9999970692301894
1232101530,1402020720,1526,1402016614,0.9999970713699581
1232101530,1402020720,1527,1402016629,0.9999970820688013
1232101530,1402020720,1528,1402016638,0.9999970884881073
1232101530,1402020720,1529,1402016639,0.9999970892013635
1232101530,1402020720,1530,1402016643,0.9999970920543885
1232101530,1402020720,1531,1402016651,0.9999970977604382
1232101530,1402020720,1532,1402016654,0.9999970999002069
1232101530,1402020720,1533,1402016655,0.9999971006134631
1232101530,1402020720,1534,1402016656,0.9999971013267194
1232101530,1402020720,1535,1402016658,0.9999971027532317
1232101530,1402020720,1536,1402016664,0.9999971070327691
1232101530,1402020720,1537,1402016671,0.9999971120255626
1232101530,1402020720,1538,1402016673,0.9999971134520751
1232101530,1402020720,1539,1402016674,0.9999971141653313
1232101530,1402020720,1540,1402016676,0.9999971155918438
1232101530,1402020720,1541,1402016677,0.9999971163051
1232101530,1402020720,1542,1402016680,0.9999971184448686
1232101530,1402020720,1543,1402016694,0.9999971284304557
1232101530,1402020720,1544,1402016695,0.999997129143712
1232101530,1402020720,1545,1402016713,0.9999971419823239
1232101530,1402020720,1546,1402016719,0.9999971462618612
1232101530,1402020720,1547,1402016720,0.9999971469751174
1232101530,1402020720,1548,1402016721,0.9999971476883737
1232101530,1402020720,1549,1402016722,0.9999971484016299
1232101530,1402020720,1550,1402016723,0.9999971491148861
1232101530,1402020720,1551,1402016729,0.9999971533944234
1232101530,1402020720,1552,1402016730,0.9999971541076796
1232101530,1402020720,1553,1402016731,0.9999971548209359
1232101530,1402020720,1554,1402016732,0.9999971555341921
1232101530,1402020720,1555,1402016733,0.9999971562474483
1232101530,1402020720,1556,1402016734,0.9999971569607046
1232101530,1402020720,1557,1402016736,0.999997158387217
1232101530,1402020720,1558,1402016773,0.9999971847776972
1232101530,1402020720,1559,1402016776,0.9999971869174659
1232101530,1402020720,1560,1402016779,0.9999971890572344
1232101530,1402020720,1561,1402016780,0.9999971897704907
1232101530,1402020720,1562,1402016802,0.9999972054621276
1232101530,1402020720,1563,1402016803,0.9999972061753838
1232101530,1402020720,1564,1402016806,0.9999972083151525
1232101530,1402020720,1565,1402016812,0.9999972125946898
1232101530,1402020720,1566,1402016813,0.999997213307946
1232101530,1402020720,1567,1402016814,0.9999972140212022
1232101530,1402020720,1568,1402016815,0.9999972147344585
1232101530,1402020720,1569,1402016816,0.9999972154477147
1232101530,1402020720,1570,1402016819,0.9999972175874833
1232101530,1402020720,1571,1402016820,0.9999972183007395
1232101530,1402020720,1572,1402016865,0.9999972503972695
1232101530,1402020720,1573,1402016868,0.9999972525370381
1232101530,1402020720,1574,1402016869,0.9999972532502943
1232101530,1402020720,1575,1402016871,0.9999972546768068
1232101530,1402020720,1576,1402016884,0.9999972639491377
1232101530,1402020720,1577,1402016885,0.9999972646623939
1232101530,1402020720,1578,1402016886,0.99999726537565
1232101530,1402020720,1579,1402016887,0.9999972660889063
1232101530,1402020720,1580,1402016917,0.9999972874865929
1232101530,1402020720,1581,1402016918,0.9999972881998491
1232101530,1402020720,1582,1402016920,0.9999972896263616
1232101530,1402020720,1583,1402016921,0.9999972903396178
1232101530,1402020720,1584,1402016923,0.9999972917661303
1232101530,1402020720,1585,1402016930,0.9999972967589238
1232101530,1402020720,1586,1402016936,0.9999973010384611
1232101530,1402020720,1587,1402016938,0.9999973024649735
1232101530,1402020720,1588,1402016939,0.9999973031782298
1232101530,1402020720,1589,1402016941,0.9999973046047422
1232101530,1402020720,1590,1402016955,0.9999973145903293
1232101530,1402020720,1591,1402016960,0.9999973181566104
1232101530,1402020720,1592,1402016962,0.9999973195831229
1232101530,1402020720,1593,1402016965,0.9999973217228915
1232101530,1402020720,1594,1402016969,0.9999973245759164
1232101530,1402020720,1595,1402016974,0.9999973281421976
1232101530,1402020720,1596,1402016980,0.9999973324217348
1232101530,1402020720,1597,1402016981,0.9999973331349911
1232101530,1402020720,1598,1402016984,0.9999973352747598
1232101530,1402020720,1599,1402017000,0.9999973466868592
1232101530,1402020720,1600,1402017005,0.9999973502531403
1232101530,1402020720,1601,1402017009,0.9999973531061652
1232101530,1402020720,1602,1402017016,0.9999973580989587
1232101530,1402020720,1603,1402017017,0.999997358812215
1232101530,1402020720,1604,1402017018,0.9999973595254712
1232101530,1402020720,1605,1402017052,0.9999973837761827
1232101530,1402020720,1606,1402017168,0.9999974665139043
1232101530,1402020720,1607,1402017169,0.9999974672271605
1232101530,1402020720,1608,1402017171,0.999997468653673
1232101530,1402020720,1609,1402017237,0.9999975157285835
1232101530,1402020720,1610,1402017238,0.9999975164418398
1232101530,1402020720,1611,1402017256,0.9999975292804517
1232101530,1402020720,1612,1402017257,0.999997529993708
1232101530,1402020720,1613,1402017262,0.999997533559989
1232101530,1402020720,1614,1402017264,0.9999975349865015
1232101530,1402020720,1615,1402017265,0.9999975356997577
1232101530,1402020720,1616,1402017276,0.9999975435455761
1232101530,1402020720,1617,1402017277,0.9999975442588324
1232101530,1402020720,1618,1402017291,0.9999975542444195
1232101530,1402020720,1619,1402017293,0.9999975556709318
1232101530,1402020720,1620,1402017294,0.9999975563841881
1232101530,1402020720,1621,1402017297,0.9999975585239568
1232101530,1402020720,1622,1402017299,0.9999975599504692
1232101530,1402020720,1623,1402017305,0.9999975642300065
1232101530,1402020720,1624,1402017309,0.9999975670830314
1232101530,1402020720,1625,1402017310,0.9999975677962877
1232101530,1402020720,1626,1402017321,0.999997575642106
1232101530,1402020720,1627,1402017326,0.9999975792083872
1232101530,1402020720,1628,1402017330,0.9999975820614121
1232101530,1402020720,1629,1402017332,0.9999975834879244
1232101530,1402020720,1630,1402017333,0.9999975842011807
1232101530,1402020720,1631,1402017338,0.9999975877674618
1232101530,1402020720,1632,1402017339,0.9999975884807181
1232101530,1402020720,1633,1402017348,0.999997594900024
1232101530,1402020720,1634,1402017351,0.9999975970397926
1232101530,1402020720,1635,1402017353,0.9999975984663051
1232101530,1402020720,1636,1402017360,0.9999976034590987
1232101530,1402020720,1637,1402017363,0.9999976055988673
1232101530,1402020720,1638,1402017365,0.9999976070253798
1232101530,1402020720,1639,1402017366,0.999997607738636
1232101530,1402020720,1640,1402017369,0.9999976098784047
1232101530,1402020720,1641,1402017371,0.999997611304917
1232101530,1402020720,1642,1402017372,0.9999976120181733
1232101530,1402020720,1643,1402017373,0.9999976127314295
1232101530,1402020720,1644,1402017374,0.9999976134446857
1232101530,1402020720,1645,1402017378,0.9999976162977107
1232101530,1402020720,1646,1402017379,0.9999976170109669
1232101530,1402020720,1647,1402017381,0.9999976184374793
1232101530,1402020720,1648,1402017382,0.9999976191507355
1232101530,1402020720,1649,1402017384,0.999997620577248
1232101530,1402020720,1650,1402017390,0.9999976248567853
1232101530,1402020720,1651,1402017392,0.9999976262832977
1232101530,1402020720,1652,1402017393,0.9999976269965539
1232101530,1402020720,1653,1402017394,0.9999976277098102
1232101530,1402020720,1654,1402017431,0.9999976541002903
1232101530,1402020720,1655,1402017434,0.999997656240059
1232101530,1402020720,1656,1402017437,0.9999976583798277
1232101530,1402020720,1657,1402017442,0.9999976619461087
1232101530,1402020720,1658,1402017446,0.9999976647991337
1232101530,1402020720,1659,1402017450,0.9999976676521585
1232101530,1402020720,1660,1402017456,0.9999976719316959
1232101530,1402020720,1661,1402017470,0.9999976819172829
1232101530,1402020720,1662,1402017485,0.9999976926161263
1232101530,1402020720,1663,1402017490,0.9999976961824073
1232101530,1402020720,1664,1402017492,0.9999976976089198
1232101530,1402020720,1665,1402017497,0.9999977011752009
1232101530,1402020720,1666,1402017498,0.9999977018884572
1232101530,1402020720,1667,1402017511,0.999997711160788
1232101530,1402020720,1668,1402017517,0.9999977154403253
1232101530,1402020720,1669,1402017518,0.9999977161535816
1232101530,1402020720,1670,1402017520,0.9999977175800939
1232101530,1402020720,1671,1402017522,0.9999977190066064
1232101530,1402020720,1672,1402017537,0.9999977297054498
1232101530,1402020720,1673,1402017538,0.999997730418706
1232101530,1402020720,1674,1402017539,0.9999977311319621
1232101530,1402020720,1675,1402017541,0.9999977325584746
1232101530,1402020720,1676,1402017542,0.9999977332717308
1232101530,1402020720,1677,1402017543,0.999997733984987
1232101530,1402020720,1678,1402017546,0.9999977361247557
1232101530,1402020720,1679,1402017547,0.999997736838012
1232101530,1402020720,1680,1402017548,0.9999977375512682
1232101530,1402020720,1681,1402017558,0.9999977446838304
1232101530,1402020720,1682,1402017576,0.9999977575224424
1232101530,1402020720,1683,1402017577,0.9999977582356986
1232101530,1402020720,1684,1402017578,0.9999977589489548
1232101530,1402020720,1685,1402017580,0.9999977603754672
1232101530,1402020720,1686,1402017583,0.9999977625152359
1232101530,1402020720,1687,1402017584,0.9999977632284921
1232101530,1402020720,1688,1402017595,0.9999977710743105
1232101530,1402020720,1689,1402017599,0.9999977739273354
1232101530,1402020720,1690,1402017601,0.9999977753538478
1232101530,1402020720,1691,1402017602,0.999997776067104
1232101530,1402020720,1692,1402017603,0.9999977767803603
1232101530,1402020720,1693,1402017606,0.999997778920129
1232101530,1402020720,1694,1402017608,0.9999977803466413
1232101530,1402020720,1695,1402017612,0.9999977831996663
1232101530,1402020720,1696,1402017613,0.9999977839129225
1232101530,1402020720,1697,1402017614,0.9999977846261787
1232101530,1402020720,1698,1402017616,0.9999977860526912
1232101530,1402020720,1699,1402017623,0.9999977910454847
1232101530,1402020720,1700,1402017625,0.9999977924719972
1232101530,1402020720,1701,1402017638,0.999997801744328
1232101530,1402020720,1702,1402017639,0.9999978024575842
1232101530,1402020720,1703,1402017641,0.9999978038840966
1232101530,1402020720,1704,1402017642,0.9999978045973529
1232101530,1402020720,1705,1402017643,0.9999978053106091
1232101530,1402020720,1706,1402017647,0.999997808163634
1232101530,1402020720,1707,1402017648,0.9999978088768902
1232101530,1402020720,1708,1402017652,0.9999978117299151
1232101530,1402020720,1709,1402017654,0.9999978131564276
1232101530,1402020720,1710,1402017658,0.9999978160094524
1232101530,1402020720,1711,1402017660,0.9999978174359648
1232101530,1402020720,1712,1402017662,0.9999978188624773
1232101530,1402020720,1713,1402017672,0.9999978259950395
1232101530,1402020720,1714,1402017712,0.9999978545252883
1232101530,1402020720,1715,1402017735,0.9999978709301814
1232101530,1402020720,1716,1402017759,0.9999978880483307
1232101530,1402020720,1717,1402017763,0.9999978909013556
1232101530,1402020720,1718,1402017764,0.9999978916146118
1232101530,1402020720,1719,1402017765,0.9999978923278681
1232101530,1402020720,1720,1402017766,0.9999978930411243
1232101530,1402020720,1721,1402017769,0.9999978951808929
1232101530,1402020720,1722,1402017784,0.9999979058797362
1232101530,1402020720,1723,1402017785,0.9999979065929925
1232101530,1402020720,1724,1402017786,0.9999979073062486
1232101530,1402020720,1725,1402017819,0.9999979308437039
1232101530,1402020720,1726,1402017822,0.9999979329834726
1232101530,1402020720,1727,1402017823,0.9999979336967288
1232101530,1402020720,1728,1402017825,0.9999979351232413
1232101530,1402020720,1729,1402017826,0.9999979358364974
1232101530,1402020720,1730,1402017829,0.9999979379762661
1232101530,1402020720,1731,1402017830,0.9999979386895224
1232101530,1402020720,1732,1402017832,0.9999979401160348
1232101530,1402020720,1733,1402017833,0.999997940829291
1232101530,1402020720,1734,1402017834,0.9999979415425473
1232101530,1402020720,1735,1402017848,0.9999979515281343
1232101530,1402020720,1736,1402017860,0.999997960087209
1232101530,1402020720,1737,1402017862,0.9999979615137214
1232101530,1402020720,1738,1402017866,0.9999979643667463
1232101530,1402020720,1739,1402017867,0.9999979650800025
1232101530,1402020720,1740,1402017894,0.9999979843379205
1232101530,1402020720,1741,1402017896,0.9999979857644329
1232101530,1402020720,1742,1402017897,0.9999979864776891
1232101530,1402020720,1743,1402017898,0.9999979871909453
1232101530,1402020720,1744,1402017899,0.9999979879042016
1232101530,1402020720,1745,1402017900,0.9999979886174578
1232101530,1402020720,1746,1402017901,0.999997989330714
1232101530,1402020720,1747,1402017909,0.9999979950367638
1232101530,1402020720,1748,1402017915,0.9999979993163011
1232101530,1402020720,1749,1402017920,0.9999980028825822
1232101530,1402020720,1750,1402017921,0.9999980035958385
1232101530,1402020720,1751,1402017926,0.9999980071621195
1232101530,1402020720,1752,1402017953,0.9999980264200375
1232101530,1402020720,1753,1402017959,0.9999980306995748
1232101530,1402020720,1754,1402017960,0.9999980314128311
1232101530,1402020720,1755,1402017962,0.9999980328393435
1232101530,1402020720,1756,1402017964,0.9999980342658559
1232101530,1402020720,1757,1402017966,0.9999980356923683
1232101530,1402020720,1758,1402017967,0.9999980364056246
1232101530,1402020720,1759,1402017974,0.9999980413984181
1232101530,1402020720,1760,1402017976,0.9999980428249305
1232101530,1402020720,1761,1402017977,0.9999980435381868
1232101530,1402020720,1762,1402017978,0.999998044251443
1232101530,1402020720,1763,1402017980,0.9999980456779555
1232101530,1402020720,1764,1402017981,0.9999980463912117
1232101530,1402020720,1765,1402017982,0.9999980471044679
1232101530,1402020720,1766,1402017984,0.9999980485309803
1232101530,1402020720,1767,1402017991,0.9999980535237739
1232101530,1402020720,1768,1402017992,0.9999980542370301
1232101530,1402020720,1769,1402017999,0.9999980592298237
1232101530,1402020720,1770,1402018002,0.9999980613695924
1232101530,1402020720,1771,1402018009,0.9999980663623859
1232101530,1402020720,1772,1402018010,0.9999980670756421
1232101530,1402020720,1773,1402018012,0.9999980685021546
1232101530,1402020720,1774,1402018038,0.9999980870468163
1232101530,1402020720,1775,1402018040,0.9999980884733287
1232101530,1402020720,1776,1402018041,0.999998089186585
1232101530,1402020720,1777,1402018043,0.9999980906130974
1232101530,1402020720,1778,1402018048,0.9999980941793785
1232101530,1402020720,1779,1402018058,0.9999981013119407
1232101530,1402020720,1780,1402018059,0.9999981020251969
1232101530,1402020720,1781,1402018072,0.9999981112975278
1232101530,1402020720,1782,1402018076,0.9999981141505526
1232101530,1402020720,1783,1402018077,0.9999981148638089
1232101530,1402020720,1784,1402018088,0.9999981227096273
1232101530,1402020720,1785,1402018092,0.9999981255626522
1232101530,1402020720,1786,1402018093,0.9999981262759083
1232101530,1402020720,1787,1402018094,0.9999981269891646
1232101530,1402020720,1788,1402018101,0.9999981319819582
1232101530,1402020720,1789,1402018106,0.9999981355482392
1232101530,1402020720,1790,1402018107,0.9999981362614955
1232101530,1402020720,1791,1402018115,0.9999981419675452
1232101530,1402020720,1792,1402018116,0.9999981426808014
1232101530,1402020720,1793,1402018117,0.9999981433940577
1232101530,1402020720,1794,1402018118,0.9999981441073139
1232101530,1402020720,1795,1402018121,0.9999981462470826
1232101530,1402020720,1796,1402018122,0.9999981469603388
1232101530,1402020720,1797,1402018123,0.999998147673595
1232101530,1402020720,1798,1402018124,0.9999981483868512
1232101530,1402020720,1799,1402018128,0.9999981512398761
1232101530,1402020720,1800,1402018129,0.9999981519531324
1232101530,1402020720,1801,1402018132,0.999998154092901
1232101530,1402020720,1802,1402018133,0.9999981548061572
1232101530,1402020720,1803,1402018138,0.9999981583724383
1232101530,1402020720,1804,1402018139,0.9999981590856946
1232101530,1402020720,1805,1402018145,0.9999981633652318
1232101530,1402020720,1806,1402018158,0.9999981726375627
1232101530,1402020720,1807,1402018159,0.999998173350819
1232101530,1402020720,1808,1402018163,0.9999981762038438
1232101530,1402020720,1809,1402018165,0.9999981776303563
1232101530,1402020720,1810,1402018167,0.9999981790568687
1232101530,1402020720,1811,1402018182,0.999998189755712
1232101530,1402020720,1812,1402018189,0.9999981947485056
1232101530,1402020720,1813,1402018190,0.9999981954617618
1232101530,1402020720,1814,1402018192,0.9999981968882742
1232101530,1402020720,1815,1402018195,0.9999981990280429
1232101530,1402020720,1816,1402018204,0.9999982054473489
1232101530,1402020720,1817,1402018205,0.9999982061606051
1232101530,1402020720,1818,1402018211,0.9999982104401425
1232101530,1402020720,1819,1402018213,0.9999982118666548
1232101530,1402020720,1820,1402018218,0.999998215432936
1232101530,1402020720,1821,1402018219,0.9999982161461922
1232101530,1402020720,1822,1402018220,0.9999982168594485
1232101530,1402020720,1823,1402018225,0.9999982204257295
1232101530,1402020720,1824,1402018226,0.9999982211389857
1232101530,1402020720,1825,1402018244,0.9999982339775977
1232101530,1402020720,1826,1402018245,0.9999982346908539
1232101530,1402020720,1827,1402018257,0.9999982432499286
1232101530,1402020720,1828,1402018259,0.999998244676441
1232101530,1402020720,1829,1402018260,0.9999982453896973
1232101530,1402020720,1830,1402018261,0.9999982461029534
1232101530,1402020720,1831,1402018264,0.9999982482427221
1232101530,1402020720,1832,1402018265,0.9999982489559783
1232101530,1402020720,1833,1402018266,0.9999982496692346
1232101530,1402020720,1834,1402018275,0.9999982560885405
1232101530,1402020720,1835,1402018285,0.9999982632211027
1232101530,1402020720,1836,1402018288,0.9999982653608714
1232101530,1402020720,1837,1402018291,0.99999826750064
1232101530,1402020720,1838,1402018292,0.9999982682138963
1232101530,1402020720,1839,1402018294,0.9999982696404087
1232101530,1402020720,1840,1402018296,0.9999982710669212
1232101530,1402020720,1841,1402018297,0.9999982717801774
1232101530,1402020720,1842,1402018299,0.9999982732066899
1232101530,1402020720,1843,1402018311,0.9999982817657644
1232101530,1402020720,1844,1402018313,0.9999982831922769
1232101530,1402020720,1845,1402018314,0.9999982839055331
1232101530,1402020720,1846,1402018318,0.9999982867585581
1232101530,1402020720,1847,1402018325,0.9999982917513516
1232101530,1402020720,1848,1402018331,0.9999982960308889
1232101530,1402020720,1849,1402018333,0.9999982974574013
1232101530,1402020720,1850,1402018334,0.9999982981706576
1232101530,1402020720,1851,1402018335,0.9999982988839138
1232101530,1402020720,1852,1402018343,0.9999983045899635
1232101530,1402020720,1853,1402018344,0.9999983053032198
1232101530,1402020720,1854,1402018348,0.9999983081562447
1232101530,1402020720,1855,1402018354,0.999998312435782
1232101530,1402020720,1856,1402018356,0.9999983138622944
1232101530,1402020720,1857,1402018357,0.9999983145755507
1232101530,1402020720,1858,1402018358,0.9999983152888069
1232101530,1402020720,1859,1402018361,0.9999983174285755
1232101530,1402020720,1860,1402018363,0.9999983188550879
1232101530,1402020720,1861,1402018366,0.9999983209948566
1232101530,1402020720,1862,1402018369,0.9999983231346253
1232101530,1402020720,1863,1402018371,0.9999983245611377
1232101530,1402020720,1864,1402018372,0.9999983252743939
1232101530,1402020720,1865,1402018376,0.9999983281274188
1232101530,1402020720,1866,1402018377,0.9999983288406751
1232101530,1402020720,1867,1402018383,0.9999983331202124
1232101530,1402020720,1868,1402018388,0.9999983366864935
1232101530,1402020720,1869,1402018391,0.9999983388262621
1232101530,1402020720,1870,1402018392,0.9999983395395183
1232101530,1402020720,1871,1402018395,0.999998341679287
1232101530,1402020720,1872,1402018408,0.9999983509516179
1232101530,1402020720,1873,1402018415,0.9999983559444114
1232101530,1402020720,1874,1402018419,0.9999983587974364
1232101530,1402020720,1875,1402018448,0.9999983794818668
1232101530,1402020720,1876,1402018453,0.9999983830481478
1232101530,1402020720,1877,1402018454,0.999998383761404
1232101530,1402020720,1878,1402018476,0.9999983994530409
1232101530,1402020720,1879,1402018478,0.9999984008795534
1232101530,1402020720,1880,1402018487,0.9999984072988594
1232101530,1402020720,1881,1402018489,0.9999984087253717
1232101530,1402020720,1882,1402018490,0.9999984094386279
1232101530,1402020720,1883,1402018497,0.9999984144314216
1232101530,1402020720,1884,1402018498,0.9999984151446778
1232101530,1402020720,1885,1402018500,0.9999984165711902
1232101530,1402020720,1886,1402018501,0.9999984172844464
1232101530,1402020720,1887,1402018502,0.9999984179977026
1232101530,1402020720,1888,1402018503,0.9999984187109588
1232101530,1402020720,1889,1402018504,0.9999984194242151
1232101530,1402020720,1890,1402018505,0.9999984201374713
1232101530,1402020720,1891,1402018508,0.99999842227724
1232101530,1402020720,1892,1402018514,0.9999984265567773
1232101530,1402020720,1893,1402018516,0.9999984279832898
1232101530,1402020720,1894,1402018522,0.999998432262827
1232101530,1402020720,1895,1402018524,0.9999984336893395
1232101530,1402020720,1896,1402018527,0.9999984358291082
1232101530,1402020720,1897,1402018534,0.9999984408219017
1232101530,1402020720,1898,1402018541,0.9999984458146952
1232101530,1402020720,1899,1402018561,0.9999984600798196
1232101530,1402020720,1900,1402018565,0.9999984629328446
1232101530,1402020720,1901,1402018566,0.9999984636461008
1232101530,1402020720,1902,1402018572,0.9999984679256381
1232101530,1402020720,1903,1402018573,0.9999984686388943
1232101530,1402020720,1904,1402018577,0.9999984714919192
1232101530,1402020720,1905,1402018578,0.9999984722051753
1232101530,1402020720,1906,1402018580,0.9999984736316878
1232101530,1402020720,1907,1402018582,0.9999984750582003
1232101530,1402020720,1908,1402018584,0.9999984764847127
1232101530,1402020720,1909,1402018588,0.9999984793377376
1232101530,1402020720,1910,1402018593,0.9999984829040187
1232101530,1402020720,1911,1402018595,0.9999984843305312
1232101530,1402020720,1912,1402018596,0.9999984850437874
1232101530,1402020720,1913,1402018597,0.9999984857570436
1232101530,1402020720,1914,1402018601,0.9999984886100685
1232101530,1402020720,1915,1402018603,0.9999984900365809
1232101530,1402020720,1916,1402018608,0.999998493602862
1232101530,1402020720,1917,1402018614,0.9999984978823994
1232101530,1402020720,1918,1402018616,0.9999984993089118
1232101530,1402020720,1919,1402018618,0.9999985007354242
1232101530,1402020720,1920,1402018621,0.9999985028751929
1232101530,1402020720,1921,1402018632,0.9999985107210113
1232101530,1402020720,1922,1402018637,0.9999985142872924
1232101530,1402020720,1923,1402018638,0.9999985150005486
1232101530,1402020720,1924,1402018639,0.9999985157138048
1232101530,1402020720,1925,1402018640,0.9999985164270611
1232101530,1402020720,1926,1402018641,0.9999985171403173
1232101530,1402020720,1927,1402018642,0.9999985178535735
1232101530,1402020720,1928,1402018643,0.9999985185668298
1232101530,1402020720,1929,1402018651,0.9999985242728795
1232101530,1402020720,1930,1402018656,0.9999985278391607
1232101530,1402020720,1931,1402018657,0.9999985285524168
1232101530,1402020720,1932,1402018669,0.9999985371114914
1232101530,1402020720,1933,1402018680,0.9999985449573099
1232101530,1402020720,1934,1402018682,0.9999985463838224
1232101530,1402020720,1935,1402018683,0.9999985470970786
1232101530,1402020720,1936,1402018684,0.9999985478103348
1232101530,1402020720,1937,1402018689,0.9999985513766159
1232101530,1402020720,1938,1402018690,0.9999985520898721
1232101530,1402020720,1939,1402018691,0.9999985528031283
1232101530,1402020720,1940,1402018692,0.9999985535163846
1232101530,1402020720,1941,1402018696,0.9999985563694095
1232101530,1402020720,1942,1402018700,0.9999985592224343
1232101530,1402020720,1943,1402018701,0.9999985599356905
1232101530,1402020720,1944,1402018710,0.9999985663549965
1232101530,1402020720,1945,1402018711,0.9999985670682527
1232101530,1402020720,1946,1402018715,0.9999985699212777
1232101530,1402020720,1947,1402018719,0.9999985727743025
1232101530,1402020720,1948,1402018723,0.9999985756273274
1232101530,1402020720,1949,1402018724,0.9999985763405836
1232101530,1402020720,1950,1402018728,0.9999985791936085
1232101530,1402020720,1951,1402018729,0.9999985799068647
1232101530,1402020720,1952,1402018730,0.9999985806201209
1232101530,1402020720,1953,1402018736,0.9999985848996582
1232101530,1402020720,1954,1402018751,0.9999985955985016
1232101530,1402020720,1955,1402018757,0.9999985998780389
1232101530,1402020720,1956,1402018760,0.9999986020178075
1232101530,1402020720,1957,1402018765,0.9999986055840887
1232101530,1402020720,1958,1402018769,0.9999986084371135
1232101530,1402020720,1959,1402018771,0.999998609863626
1232101530,1402020720,1960,1402018772,0.9999986105768822
1232101530,1402020720,1961,1402018786,0.9999986205624692
1232101530,1402020720,1962,1402018789,0.9999986227022379
1232101530,1402020720,1963,1402018792,0.9999986248420066
1232101530,1402020720,1964,1402018801,0.9999986312613126
1232101530,1402020720,1965,1402018803,0.9999986326878251
1232101530,1402020720,1966,1402018806,0.9999986348275937
1232101530,1402020720,1967,1402018809,0.9999986369673624
1232101530,1402020720,1968,1402018810,0.9999986376806186
1232101530,1402020720,1969,1402018816,0.9999986419601559
1232101530,1402020720,1970,1402018819,0.9999986440999246
1232101530,1402020720,1971,1402018821,0.999998645526437
1232101530,1402020720,1972,1402018822,0.9999986462396933
1232101530,1402020720,1973,1402018827,0.9999986498059743
1232101530,1402020720,1974,1402018828,0.9999986505192305
1232101530,1402020720,1975,1402018830,0.999998651945743
1232101530,1402020720,1976,1402018832,0.9999986533722555
1232101530,1402020720,1977,1402018833,0.9999986540855117
1232101530,1402020720,1978,1402018834,0.9999986547987679
1232101530,1402020720,1979,1402018835,0.999998655512024
1232101530,1402020720,1980,1402018839,0.999998658365049
1232101530,1402020720,1981,1402018840,0.9999986590783052
1232101530,1402020720,1982,1402018841,0.9999986597915614
1232101530,1402020720,1983,1402018843,0.9999986612180739
1232101530,1402020720,1984,1402018846,0.9999986633578425
1232101530,1402020720,1985,1402018847,0.9999986640710987
1232101530,1402020720,1986,1402018848,0.999998664784355
1232101530,1402020720,1987,1402018861,0.9999986740566859
1232101530,1402020720,1988,1402018869,0.9999986797627356
1232101530,1402020720,1989,1402018873,0.9999986826157605
1232101530,1402020720,1990,1402018886,0.9999986918880913
1232101530,1402020720,1991,1402018893,0.9999986968808849
1232101530,1402020720,1992,1402018895,0.9999986983073973
1232101530,1402020720,1993,1402018896,0.9999986990206535
1232101530,1402020720,1994,1402018899,0.9999987011604222
1232101530,1402020720,1995,1402018900,0.9999987018736785
1232101530,1402020720,1996,1402018902,0.9999987033001909
1232101530,1402020720,1997,1402018903,0.9999987040134471
1232101530,1402020720,1998,1402018904,0.9999987047267034
1232101530,1402020720,1999,1402018906,0.9999987061532157
1232101530,1402020720,2000,1402018912,0.9999987104327531
1232101530,1402020720,2001,1402018913,0.9999987111460094
1232101530,1402020720,2002,1402018919,0.9999987154255466
1232101530,1402020720,2003,1402018922,0.9999987175653153
1232101530,1402020720,2004,1402018924,0.9999987189918277
1232101530,1402020720,2005,1402018926,0.9999987204183401
1232101530,1402020720,2006,1402018928,0.9999987218448526
1232101530,1402020720,2007,1402018933,0.9999987254111338
1232101530,1402020720,2008,1402018935,0.9999987268376461
1232101530,1402020720,2009,1402018938,0.9999987289774148
1232101530,1402020720,2010,1402018939,0.999998729690671
1232101530,1402020720,2011,1402018945,0.9999987339702083
1232101530,1402020720,2012,1402018950,0.9999987375364895
1232101530,1402020720,2013,1402018956,0.9999987418160268
1232101530,1402020720,2014,1402018961,0.9999987453823079
1232101530,1402020720,2015,1402018962,0.9999987460955642
1232101530,1402020720,2016,1402018964,0.9999987475220765
1232101530,1402020720,2017,1402018966,0.999998748948589
1232101530,1402020720,2018,1402018968,0.9999987503751014
1232101530,1402020720,2019,1402018969,0.9999987510883577
1232101530,1402020720,2020,1402018972,0.9999987532281264
1232101530,1402020720,2021,1402018974,0.9999987546546387
1232101530,1402020720,2022,1402018976,0.9999987560811512
1232101530,1402020720,2023,1402018977,0.9999987567944074
1232101530,1402020720,2024,1402018986,0.9999987632137134
1232101530,1402020720,2025,1402018990,0.9999987660667383
1232101530,1402020720,2026,1402019001,0.9999987739125568
1232101530,1402020720,2027,1402019003,0.9999987753390692
1232101530,1402020720,2028,1402019015,0.9999987838981438
1232101530,1402020720,2029,1402019027,0.9999987924572185
1232101530,1402020720,2030,1402019029,0.9999987938837309
1232101530,1402020720,2031,1402019031,0.9999987953102434
1232101530,1402020720,2032,1402019032,0.9999987960234996
1232101530,1402020720,2033,1402019034,0.999998797450012
1232101530,1402020720,2034,1402019036,0.9999987988765244
1232101530,1402020720,2035,1402019049,0.9999988081488553
1232101530,1402020720,2036,1402019057,0.9999988138549051
1232101530,1402020720,2037,1402019058,0.9999988145681613
1232101530,1402020720,2038,1402019060,0.9999988159946738
1232101530,1402020720,2039,1402019063,0.9999988181344424
1232101530,1402020720,2040,1402019064,0.9999988188476986
1232101530,1402020720,2041,1402019074,0.9999988259802608
1232101530,1402020720,2042,1402019075,0.999998826693517
1232101530,1402020720,2043,1402019079,0.999998829546542
1232101530,1402020720,2044,1402019092,0.9999988388188729
1232101530,1402020720,2045,1402019093,0.999998839532129
1232101530,1402020720,2046,1402019095,0.9999988409586414
1232101530,1402020720,2047,1402019097,0.9999988423851539
1232101530,1402020720,2048,1402019099,0.9999988438116664
1232101530,1402020720,2049,1402019100,0.9999988445249226
1232101530,1402020720,2050,1402019102,0.9999988459514351
1232101530,1402020720,2051,1402019111,0.999998852370741
1232101530,1402020720,2052,1402019118,0.9999988573635346
1232101530,1402020720,2053,1402019120,0.999998858790047
1232101530,1402020720,2054,1402019121,0.9999988595033033
1232101530,1402020720,2055,1402019124,0.9999988616430718
1232101530,1402020720,2056,1402019125,0.9999988623563281
1232101530,1402020720,2057,1402019135,0.9999988694888903
1232101530,1402020720,2058,1402019136,0.9999988702021465
1232101530,1402020720,2059,1402019139,0.9999988723419152
1232101530,1402020720,2060,1402019142,0.9999988744816838
1232101530,1402020720,2061,1402019143,0.99999887519494
1232101530,1402020720,2062,1402019144,0.9999988759081962
1232101530,1402020720,2063,1402019148,0.9999988787612212
1232101530,1402020720,2064,1402019150,0.9999988801877336
1232101530,1402020720,2065,1402019153,0.9999988823275022
1232101530,1402020720,2066,1402019154,0.9999988830407585
1232101530,1402020720,2067,1402019161,0.9999988880335521
1232101530,1402020720,2068,1402019162,0.9999988887468082
1232101530,1402020720,2069,1402019168,0.9999988930263456
1232101530,1402020720,2070,1402019171,0.9999988951661143
1232101530,1402020720,2071,1402019174,0.9999988973058829
1232101530,1402020720,2072,1402019177,0.9999988994456516
1232101530,1402020720,2073,1402019180,0.9999989015854203
1232101530,1402020720,2074,1402019183,0.9999989037251888
1232101530,1402020720,2075,1402019185,0.9999989051517013
1232101530,1402020720,2076,1402019189,0.9999989080047262
1232101530,1402020720,2077,1402019190,0.9999989087179825
1232101530,1402020720,2078,1402019193,0.999998910857751
1232101530,1402020720,2079,1402019194,0.9999989115710073
1232101530,1402020720,2080,1402019199,0.9999989151372884
1232101530,1402020720,2081,1402019200,0.9999989158505447
1232101530,1402020720,2082,1402019201,0.9999989165638008
1232101530,1402020720,2083,1402019202,0.999998917277057
1232101530,1402020720,2084,1402019205,0.9999989194168257
1232101530,1402020720,2085,1402019206,0.999998920130082
1232101530,1402020720,2086,1402019207,0.9999989208433382
1232101530,1402020720,2087,1402019228,0.9999989358217188
1232101530,1402020720,2088,1402019229,0.9999989365349751
1232101530,1402020720,2089,1402019233,0.9999989393879999
1232101530,1402020720,2090,1402019237,0.9999989422410248
1232101530,1402020720,2091,1402019238,0.999998942954281
1232101530,1402020720,2092,1402019240,0.9999989443807935
1232101530,1402020720,2093,1402019241,0.9999989450940496
1232101530,1402020720,2094,1402019242,0.9999989458073059
1232101530,1402020720,2095,1402019243,0.9999989465205621
1232101530,1402020720,2096,1402019249,0.9999989508000995
1232101530,1402020720,2097,1402019250,0.9999989515133557
1232101530,1402020720,2098,1402019254,0.9999989543663805
1232101530,1402020720,2099,1402019262,0.9999989600724303
1232101530,1402020720,2100,1402019263,0.9999989607856865
1232101530,1402020720,2101,1402019264,0.9999989614989427
1232101530,1402020720,2102,1402019265,0.999998962212199
1232101530,1402020720,2103,1402019267,0.9999989636387114
1232101530,1402020720,2104,1402019268,0.9999989643519677
1232101530,1402020720,2105,1402019269,0.9999989650652239
1232101530,1402020720,2106,1402019271,0.9999989664917363
1232101530,1402020720,2107,1402019273,0.9999989679182487
1232101530,1402020720,2108,1402019274,0.999998968631505
1232101530,1402020720,2109,1402019275,0.9999989693447612
1232101530,1402020720,2110,1402019279,0.9999989721977861
1232101530,1402020720,2111,1402019284,0.9999989757640672
1232101530,1402020720,2112,1402019286,0.9999989771905796
1232101530,1402020720,2113,1402019287,0.9999989779038359
1232101530,1402020720,2114,1402019288,0.9999989786170921
1232101530,1402020720,2115,1402019289,0.9999989793303483
1232101530,1402020720,2116,1402019290,0.9999989800436045
1232101530,1402020720,2117,1402019295,0.9999989836098856
1232101530,1402020720,2118,1402019296,0.9999989843231418
1232101530,1402020720,2119,1402019298,0.9999989857496543
1232101530,1402020720,2120,1402019299,0.9999989864629105
1232101530,1402020720,2121,1402019302,0.9999989886026791
1232101530,1402020720,2122,1402019305,0.9999989907424478
1232101530,1402020720,2123,1402019306,0.999998991455704
1232101530,1402020720,2124,1402019309,0.9999989935954727
1232101530,1402020720,2125,1402019313,0.9999989964484975
1232101530,1402020720,2126,1402019314,0.9999989971617538
1232101530,1402020720,2127,1402019318,0.9999990000147787
1232101530,1402020720,2128,1402019321,0.9999990021545473
1232101530,1402020720,2129,1402019324,0.999999004294316
1232101530,1402020720,2130,1402019329,0.9999990078605971
1232101530,1402020720,2131,1402019330,0.9999990085738533
1232101530,1402020720,2132,1402019331,0.9999990092871095
1232101530,1402020720,2133,1402019333,0.999999010713622
1232101530,1402020720,2134,1402019334,0.9999990114268782
1232101530,1402020720,2135,1402019339,0.9999990149931594
1232101530,1402020720,2136,1402019342,0.9999990171329279
1232101530,1402020720,2137,1402019344,0.9999990185594404
1232101530,1402020720,2138,1402019345,0.9999990192726966
1232101530,1402020720,2139,1402019346,0.9999990199859529
1232101530,1402020720,2140,1402019347,0.9999990206992091
1232101530,1402020720,2141,1402019356,0.9999990271185151
1232101530,1402020720,2142,1402019357,0.9999990278317713
1232101530,1402020720,2143,1402019358,0.9999990285450275
1232101530,1402020720,2144,1402019359,0.9999990292582838
1232101530,1402020720,2145,1402019360,0.9999990299715399
1232101530,1402020720,2146,1402019361,0.9999990306847961
1232101530,1402020720,2147,1402019367,0.9999990349643335
1232101530,1402020720,2148,1402019368,0.9999990356775897
1232101530,1402020720,2149,1402019369,0.999999036390846
1232101530,1402020720,2150,1402019370,0.9999990371041021
1232101530,1402020720,2151,1402019375,0.9999990406703833
1232101530,1402020720,2152,1402019377,0.9999990420968957
1232101530,1402020720,2153,1402019378,0.999999042810152
1232101530,1402020720,2154,1402019384,0.9999990470896892
1232101530,1402020720,2155,1402019385,0.9999990478029455
1232101530,1402020720,2156,1402019389,0.9999990506559703
1232101530,1402020720,2157,1402019396,0.9999990556487639
1232101530,1402020720,2158,1402019397,0.9999990563620201
1232101530,1402020720,2159,1402019398,0.9999990570752764
1232101530,1402020720,2160,1402019399,0.9999990577885325
1232101530,1402020720,2161,1402019400,0.9999990585017887
1232101530,1402020720,2162,1402019401,0.999999059215045
1232101530,1402020720,2163,1402019412,0.9999990670608634
1232101530,1402020720,2164,1402019417,0.9999990706271445
1232101530,1402020720,2165,1402019422,0.9999990741934256
1232101530,1402020720,2166,1402019424,0.9999990756199381
1232101530,1402020720,2167,1402019434,0.9999990827525003
1232101530,1402020720,2168,1402019436,0.9999990841790127
1232101530,1402020720,2169,1402019437,0.999999084892269
1232101530,1402020720,2170,1402019438,0.9999990856055252
1232101530,1402020720,2171,1402019441,0.9999990877452938
1232101530,1402020720,2172,1402019442,0.99999908845855
1232101530,1402020720,2173,1402019443,0.9999990891718062
1232101530,1402020720,2174,1402019454,0.9999990970176247
1232101530,1402020720,2175,1402019455,0.9999990977308809
1232101530,1402020720,2176,1402019458,0.9999990998706496
1232101530,1402020720,2177,1402019460,0.999999101297162
1232101530,1402020720,2178,1402019461,0.9999991020104182
1232101530,1402020720,2179,1402019462,0.9999991027236744
1232101530,1402020720,2180,1402019466,0.9999991055766994
1232101530,1402020720,2181,1402019469,0.9999991077164679
1232101530,1402020720,2182,1402019471,0.9999991091429804
1232101530,1402020720,2183,1402019472,0.9999991098562366
1232101530,1402020720,2184,1402019474,0.9999991112827491
1232101530,1402020720,2185,1402019475,0.9999991119960053
1232101530,1402020720,2186,1402019480,0.9999991155622864
1232101530,1402020720,2187,1402019482,0.9999991169887988
1232101530,1402020720,2188,1402019484,0.9999991184153113
1232101530,1402020720,2189,1402019485,0.9999991191285675
1232101530,1402020720,2190,1402019486,0.9999991198418238
1232101530,1402020720,2191,1402019487,0.99999912055508
1232101530,1402020720,2192,1402019488,0.9999991212683361
1232101530,1402020720,2193,1402019493,0.9999991248346173
1232101530,1402020720,2194,1402019494,0.9999991255478735
1232101530,1402020720,2195,1402019496,0.999999126974386
1232101530,1402020720,2196,1402019501,0.999999130540667
1232101530,1402020720,2197,1402019502,0.9999991312539233
1232101530,1402020720,2198,1402019503,0.9999991319671795
1232101530,1402020720,2199,1402019505,0.999999133393692
1232101530,1402020720,2200,1402019507,0.9999991348202044
1232101530,1402020720,2201,1402019509,0.9999991362467168
1232101530,1402020720,2202,1402019510,0.999999136959973
1232101530,1402020720,2203,1402019513,0.9999991390997417
1232101530,1402020720,2204,1402019514,0.9999991398129979
1232101530,1402020720,2205,1402019517,0.9999991419527666
1232101530,1402020720,2206,1402019520,0.9999991440925352
1232101530,1402020720,2207,1402019524,0.9999991469455601
1232101530,1402020720,2208,1402019525,0.9999991476588164
1232101530,1402020720,2209,1402019526,0.9999991483720726
1232101530,1402020720,2210,1402019528,0.999999149798585
1232101530,1402020720,2211,1402019529,0.9999991505118412
1232101530,1402020720,2212,1402019532,0.9999991526516099
1232101530,1402020720,2213,1402019535,0.9999991547913786
1232101530,1402020720,2214,1402019536,0.9999991555046348
1232101530,1402020720,2215,1402019537,0.999999156217891
1232101530,1402020720,2216,1402019538,0.9999991569311472
1232101530,1402020720,2217,1402019541,0.9999991590709159
1232101530,1402020720,2218,1402019542,0.9999991597841721
1232101530,1402020720,2219,1402019544,0.9999991612106846
1232101530,1402020720,2220,1402019545,0.9999991619239408
1232101530,1402020720,2221,1402019547,0.9999991633504532
1232101530,1402020720,2222,1402019548,0.9999991640637094
1232101530,1402020720,2223,1402019554,0.9999991683432468
1232101530,1402020720,2224,1402019555,0.999999169056503
1232101530,1402020720,2225,1402019558,0.9999991711962716
1232101530,1402020720,2226,1402019562,0.9999991740492965
1232101530,1402020720,2227,1402019566,0.9999991769023214
1232101530,1402020720,2228,1402019567,0.9999991776155777
1232101530,1402020720,2229,1402019578,0.999999185461396
1232101530,1402020720,2230,1402019580,0.9999991868879085
1232101530,1402020720,2231,1402019582,0.9999991883144209
1232101530,1402020720,2232,1402019584,0.9999991897409334
1232101530,1402020720,2233,1402019585,0.9999991904541896
1232101530,1402020720,2234,1402019587,0.999999191880702
1232101530,1402020720,2235,1402019589,0.9999991933072144
1232101530,1402020720,2236,1402019590,0.9999991940204707
1232101530,1402020720,2237,1402019591,0.9999991947337269
1232101530,1402020720,2238,1402019593,0.9999991961602394
1232101530,1402020720,2239,1402019595,0.9999991975867518
1232101530,1402020720,2240,1402019599,0.9999992004397766
1232101530,1402020720,2241,1402019601,0.9999992018662891
1232101530,1402020720,2242,1402019603,0.9999992032928016
1232101530,1402020720,2243,1402019604,0.9999992040060578
1232101530,1402020720,2244,1402019606,0.9999992054325703
1232101530,1402020720,2245,1402019608,0.9999992068590826
1232101530,1402020720,2246,1402019611,0.9999992089988513
1232101530,1402020720,2247,1402019612,0.9999992097121075
1232101530,1402020720,2248,1402019620,0.9999992154181573
1232101530,1402020720,2249,1402019625,0.9999992189844384
1232101530,1402020720,2250,1402019626,0.9999992196976947
1232101530,1402020720,2251,1402019627,0.9999992204109508
1232101530,1402020720,2252,1402019628,0.999999221124207
1232101530,1402020720,2253,1402019630,0.9999992225507195
1232101530,1402020720,2254,1402019633,0.9999992246904882
1232101530,1402020720,2255,1402019634,0.9999992254037444
1232101530,1402020720,2256,1402019636,0.9999992268302569
1232101530,1402020720,2257,1402019637,0.999999227543513
1232101530,1402020720,2258,1402019638,0.9999992282567692
1232101530,1402020720,2259,1402019640,0.9999992296832817
1232101530,1402020720,2260,1402019641,0.9999992303965379
1232101530,1402020720,2261,1402019643,0.9999992318230504
1232101530,1402020720,2262,1402019647,0.9999992346760752
1232101530,1402020720,2263,1402019648,0.9999992353893314
1232101530,1402020720,2264,1402019649,0.9999992361025877
1232101530,1402020720,2265,1402019650,0.9999992368158439
1232101530,1402020720,2266,1402019651,0.9999992375291001
1232101530,1402020720,2267,1402019652,0.9999992382423564
1232101530,1402020720,2268,1402019654,0.9999992396688688
1232101530,1402020720,2269,1402019658,0.9999992425218936
1232101530,1402020720,2270,1402019660,0.9999992439484061
1232101530,1402020720,2271,1402019661,0.9999992446616623
1232101530,1402020720,2272,1402019662,0.9999992453749186
1232101530,1402020720,2273,1402019663,0.9999992460881748
1232101530,1402020720,2274,1402019666,0.9999992482279435
1232101530,1402020720,2275,1402019668,0.9999992496544559
1232101530,1402020720,2276,1402019669,0.9999992503677121
1232101530,1402020720,2277,1402019670,0.9999992510809683
1232101530,1402020720,2278,1402019671,0.9999992517942246
1232101530,1402020720,2279,1402019673,0.999999253220737
1232101530,1402020720,2280,1402019675,0.9999992546472495
1232101530,1402020720,2281,1402019676,0.9999992553605056
1232101530,1402020720,2282,1402019677,0.9999992560737618
1232101530,1402020720,2283,1402019679,0.9999992575002743
1232101530,1402020720,2284,1402019680,0.9999992582135305
1232101530,1402020720,2285,1402019684,0.9999992610665555
1232101530,1402020720,2286,1402019685,0.9999992617798117
1232101530,1402020720,2287,1402019687,0.999999263206324
1232101530,1402020720,2288,1402019695,0.9999992689123739
1232101530,1402020720,2289,1402019696,0.99999926962563
1232101530,1402020720,2290,1402019697,0.9999992703388862
1232101530,1402020720,2291,1402019698,0.9999992710521425
1232101530,1402020720,2292,1402019699,0.9999992717653987
1232101530,1402020720,2293,1402019700,0.9999992724786549
1232101530,1402020720,2294,1402019702,0.9999992739051674
1232101530,1402020720,2295,1402019704,0.9999992753316799
1232101530,1402020720,2296,1402019705,0.9999992760449361
1232101530,1402020720,2297,1402019710,0.9999992796112172
1232101530,1402020720,2298,1402019711,0.9999992803244734
1232101530,1402020720,2299,1402019712,0.9999992810377296
1232101530,1402020720,2300,1402019716,0.9999992838907544
1232101530,1402020720,2301,1402019717,0.9999992846040107
1232101530,1402020720,2302,1402019719,0.9999992860305231
1232101530,1402020720,2303,1402019729,0.9999992931630853
1232101530,1402020720,2304,1402019730,0.9999992938763416
1232101530,1402020720,2305,1402019731,0.9999992945895978
1232101530,1402020720,2306,1402019736,0.9999992981558788
1232101530,1402020720,2307,1402019738,0.9999992995823913
1232101530,1402020720,2308,1402019739,0.9999993002956475
1232101530,1402020720,2309,1402019742,0.9999993024354162
1232101530,1402020720,2310,1402019743,0.9999993031486725
1232101530,1402020720,2311,1402019746,0.999999305288441
1232101530,1402020720,2312,1402019748,0.9999993067149535
1232101530,1402020720,2313,1402019749,0.9999993074282097
1232101530,1402020720,2314,1402019756,0.9999993124210033
1232101530,1402020720,2315,1402019757,0.9999993131342595
1232101530,1402020720,2316,1402019759,0.999999314560772
1232101530,1402020720,2317,1402019761,0.9999993159872844
1232101530,1402020720,2318,1402019763,0.9999993174137969
1232101530,1402020720,2319,1402019768,0.9999993209800779
1232101530,1402020720,2320,1402019772,0.9999993238331029
1232101530,1402020720,2321,1402019775,0.9999993259728714
1232101530,1402020720,2322,1402019778,0.9999993281126401
1232101530,1402020720,2323,1402019784,0.9999993323921775
1232101530,1402020720,2324,1402019785,0.9999993331054337
1232101530,1402020720,2325,1402019786,0.9999993338186899
1232101530,1402020720,2326,1402019790,0.9999993366717148
1232101530,1402020720,2327,1402019792,0.9999993380982273
1232101530,1402020720,2328,1402019793,0.9999993388114835
1232101530,1402020720,2329,1402019796,0.9999993409512521
1232101530,1402020720,2330,1402019797,0.9999993416645083
1232101530,1402020720,2331,1402019799,0.9999993430910208
1232101530,1402020720,2332,1402019800,0.999999343804277
1232101530,1402020720,2333,1402019802,0.9999993452307895
1232101530,1402020720,2334,1402019804,0.999999346657302
1232101530,1402020720,2335,1402019805,0.9999993473705581
1232101530,1402020720,2336,1402019806,0.9999993480838143
1232101530,1402020720,2337,1402019809,0.999999350223583
1232101530,1402020720,2338,1402019810,0.9999993509368392
1232101530,1402020720,2339,1402019812,0.9999993523633517
1232101530,1402020720,2340,1402019813,0.9999993530766079
1232101530,1402020720,2341,1402019815,0.9999993545031203
1232101530,1402020720,2342,1402019816,0.9999993552163765
1232101530,1402020720,2343,1402019819,0.9999993573561452
1232101530,1402020720,2344,1402019820,0.9999993580694014
1232101530,1402020720,2345,1402019822,0.9999993594959139
1232101530,1402020720,2346,1402019824,0.9999993609224264
1232101530,1402020720,2347,1402019825,0.9999993616356825
1232101530,1402020720,2348,1402019826,0.9999993623489387
1232101530,1402020720,2349,1402019828,0.9999993637754512
1232101530,1402020720,2350,1402019831,0.9999993659152199
1232101530,1402020720,2351,1402019832,0.9999993666284761
1232101530,1402020720,2352,1402019836,0.9999993694815009
1232101530,1402020720,2353,1402019837,0.9999993701947572
1232101530,1402020720,2354,1402019838,0.9999993709080134
1232101530,1402020720,2355,1402019840,0.9999993723345258
1232101530,1402020720,2356,1402019841,0.9999993730477821
1232101530,1402020720,2357,1402019846,0.9999993766140631
1232101530,1402020720,2358,1402019848,0.9999993780405756
1232101530,1402020720,2359,1402019849,0.9999993787538318
1232101530,1402020720,2360,1402019851,0.9999993801803443
1232101530,1402020720,2361,1402019852,0.9999993808936005
1232101530,1402020720,2362,1402019855,0.9999993830333691
1232101530,1402020720,2363,1402019856,0.9999993837466253
1232101530,1402020720,2364,1402019857,0.9999993844598816
1232101530,1402020720,2365,1402019858,0.9999993851731378
1232101530,1402020720,2366,1402019863,0.999999388739419
1232101530,1402020720,2367,1402019866,0.9999993908791875
1232101530,1402020720,2368,1402019867,0.9999993915924438
1232101530,1402020720,2369,1402019870,0.9999993937322125
1232101530,1402020720,2370,1402019871,0.9999993944454687
1232101530,1402020720,2371,1402019875,0.9999993972984935
1232101530,1402020720,2372,1402019876,0.9999993980117498
1232101530,1402020720,2373,1402019879,0.9999994001515184
1232101530,1402020720,2374,1402019880,0.9999994008647747
1232101530,1402020720,2375,1402019883,0.9999994030045434
1232101530,1402020720,2376,1402019884,0.9999994037177995
1232101530,1402020720,2377,1402019886,0.999999405144312
1232101530,1402020720,2378,1402019892,0.9999994094238494
1232101530,1402020720,2379,1402019893,0.9999994101371056
1232101530,1402020720,2380,1402019894,0.9999994108503617
1232101530,1402020720,2381,1402019895,0.9999994115636179
1232101530,1402020720,2382,1402019896,0.9999994122768742
1232101530,1402020720,2383,1402019899,0.9999994144166429
1232101530,1402020720,2384,1402019900,0.9999994151298991
1232101530,1402020720,2385,1402019902,0.9999994165564116
1232101530,1402020720,2386,1402019906,0.9999994194094364
1232101530,1402020720,2387,1402019907,0.9999994201226926
1232101530,1402020720,2388,1402019909,0.9999994215492051
1232101530,1402020720,2389,1402019913,0.99999942440223
1232101530,1402020720,2390,1402019914,0.9999994251154861
1232101530,1402020720,2391,1402019915,0.9999994258287423
1232101530,1402020720,2392,1402019917,0.9999994272552548
1232101530,1402020720,2393,1402019918,0.999999427968511
1232101530,1402020720,2394,1402019919,0.9999994286817673
1232101530,1402020720,2395,1402019920,0.9999994293950235
1232101530,1402020720,2396,1402019921,0.9999994301082797
1232101530,1402020720,2397,1402019922,0.999999430821536
1232101530,1402020720,2398,1402019924,0.9999994322480483
1232101530,1402020720,2399,1402019925,0.9999994329613046
1232101530,1402020720,2400,1402019927,0.999999434387817
1232101530,1402020720,2401,1402019928,0.9999994351010733
1232101530,1402020720,2402,1402019931,0.999999437240842
1232101530,1402020720,2403,1402019933,0.9999994386673544
1232101530,1402020720,2404,1402019935,0.9999994400938668
1232101530,1402020720,2405,1402019936,0.999999440807123
1232101530,1402020720,2406,1402019937,0.9999994415203792
1232101530,1402020720,2407,1402019939,0.9999994429468917
1232101530,1402020720,2408,1402019940,0.9999994436601479
1232101530,1402020720,2409,1402019941,0.9999994443734042
1232101530,1402020720,2410,1402019942,0.9999994450866604
1232101530,1402020720,2411,1402019945,0.999999447226429
1232101530,1402020720,2412,1402019948,0.9999994493661977
1232101530,1402020720,2413,1402019950,0.9999994507927101
1232101530,1402020720,2414,1402019951,0.9999994515059664
1232101530,1402020720,2415,1402019954,0.999999453645735
1232101530,1402020720,2416,1402019955,0.9999994543589912
1232101530,1402020720,2417,1402019956,0.9999994550722474
1232101530,1402020720,2418,1402019960,0.9999994579252723
1232101530,1402020720,2419,1402019963,0.9999994600650409
1232101530,1402020720,2420,1402019967,0.9999994629180659
1232101530,1402020720,2421,1402019970,0.9999994650578345
1232101530,1402020720,2422,1402019974,0.9999994679108594
1232101530,1402020720,2423,1402019975,0.9999994686241156
1232101530,1402020720,2424,1402019976,0.9999994693373718
1232101530,1402020720,2425,1402019978,0.9999994707638843
1232101530,1402020720,2426,1402019981,0.999999472903653
1232101530,1402020720,2427,1402019982,0.9999994736169092
1232101530,1402020720,2428,1402019986,0.999999476469934
1232101530,1402020720,2429,1402019987,0.9999994771831903
1232101530,1402020720,2430,1402019988,0.9999994778964465
1232101530,1402020720,2431,1402019995,0.99999948288924
1232101530,1402020720,2432,1402019998,0.9999994850290087
1232101530,1402020720,2433,1402019999,0.9999994857422649
1232101530,1402020720,2434,1402020000,0.9999994864555212
1232101530,1402020720,2435,1402020001,0.9999994871687774
1232101530,1402020720,2436,1402020002,0.9999994878820336
1232101530,1402020720,2437,1402020003,0.9999994885952898
1232101530,1402020720,2438,1402020004,0.999999489308546
1232101530,1402020720,2439,1402020009,0.9999994928748271
1232101530,1402020720,2440,1402020010,0.9999994935880834
1232101530,1402020720,2441,1402020011,0.9999994943013396
1232101530,1402020720,2442,1402020012,0.9999994950145958
1232101530,1402020720,2443,1402020013,0.999999495727852
1232101530,1402020720,2444,1402020014,0.9999994964411082
1232101530,1402020720,2445,1402020015,0.9999994971543644
1232101530,1402020720,2446,1402020017,0.9999994985808769
1232101530,1402020720,2447,1402020018,0.9999994992941331
1232101530,1402020720,2448,1402020019,0.9999995000073894
1232101530,1402020720,2449,1402020020,0.9999995007206456
1232101530,1402020720,2450,1402020021,0.9999995014339018
1232101530,1402020720,2451,1402020023,0.9999995028604142
1232101530,1402020720,2452,1402020024,0.9999995035736704
1232101530,1402020720,2453,1402020025,0.9999995042869266
1232101530,1402020720,2454,1402020026,0.9999995050001829
1232101530,1402020720,2455,1402020031,0.999999508566464
1232101530,1402020720,2456,1402020032,0.9999995092797203
1232101530,1402020720,2457,1402020033,0.9999995099929764
1232101530,1402020720,2458,1402020037,0.9999995128460013
1232101530,1402020720,2459,1402020038,0.9999995135592575
1232101530,1402020720,2460,1402020040,0.99999951498577
1232101530,1402020720,2461,1402020041,0.9999995156990262
1232101530,1402020720,2462,1402020042,0.9999995164122825
1232101530,1402020720,2463,1402020043,0.9999995171255386
1232101530,1402020720,2464,1402020046,0.9999995192653073
1232101530,1402020720,2465,1402020049,0.999999521405076
1232101530,1402020720,2466,1402020050,0.9999995221183322
1232101530,1402020720,2467,1402020051,0.9999995228315884
1232101530,1402020720,2468,1402020052,0.9999995235448447
1232101530,1402020720,2469,1402020054,0.999999524971357
1232101530,1402020720,2470,1402020056,0.9999995263978695
1232101530,1402020720,2471,1402020057,0.9999995271111257
1232101530,1402020720,2472,1402020058,0.999999527824382
1232101530,1402020720,2473,1402020059,0.9999995285376382
1232101530,1402020720,2474,1402020061,0.9999995299641506
1232101530,1402020720,2475,1402020062,0.9999995306774068
1232101530,1402020720,2476,1402020064,0.9999995321039192
1232101530,1402020720,2477,1402020066,0.9999995335304317
1232101530,1402020720,2478,1402020069,0.9999995356702004
1232101530,1402020720,2479,1402020070,0.9999995363834566
1232101530,1402020720,2480,1402020072,0.999999537809969
1232101530,1402020720,2481,1402020073,0.9999995385232252
1232101530,1402020720,2482,1402020074,0.9999995392364814
1232101530,1402020720,2483,1402020075,0.9999995399497377
1232101530,1402020720,2484,1402020077,0.9999995413762501
1232101530,1402020720,2485,1402020081,0.9999995442292751
1232101530,1402020720,2486,1402020082,0.9999995449425312
1232101530,1402020720,2487,1402020084,0.9999995463690436
1232101530,1402020720,2488,1402020085,0.9999995470822999
1232101530,1402020720,2489,1402020086,0.9999995477955561
1232101530,1402020720,2490,1402020087,0.9999995485088123
1232101530,1402020720,2491,1402020088,0.9999995492220686
1232101530,1402020720,2492,1402020089,0.9999995499353248
1232101530,1402020720,2493,1402020090,0.999999550648581
1232101530,1402020720,2494,1402020092,0.9999995520750934
1232101530,1402020720,2495,1402020096,0.9999995549281183
1232101530,1402020720,2496,1402020098,0.9999995563546308
1232101530,1402020720,2497,1402020099,0.999999557067887
1232101530,1402020720,2498,1402020101,0.9999995584943995
1232101530,1402020720,2499,1402020102,0.9999995592076556
1232101530,1402020720,2500,1402020104,0.9999995606341681
1232101530,1402020720,2501,1402020106,0.9999995620606805
1232101530,1402020720,2502,1402020108,0.999999563487193
1232101530,1402020720,2503,1402020109,0.9999995642004492
1232101530,1402020720,2504,1402020111,0.9999995656269617
1232101530,1402020720,2505,1402020112,0.9999995663402178
1232101530,1402020720,2506,1402020113,0.999999567053474
1232101530,1402020720,2507,1402020115,0.9999995684799865
1232101530,1402020720,2508,1402020117,0.999999569906499
1232101530,1402020720,2509,1402020119,0.9999995713330114
1232101530,1402020720,2510,1402020120,0.9999995720462677
1232101530,1402020720,2511,1402020121,0.9999995727595239
1232101530,1402020720,2512,1402020122,0.99999957347278
1232101530,1402020720,2513,1402020123,0.9999995741860362
1232101530,1402020720,2514,1402020124,0.9999995748992925
1232101530,1402020720,2515,1402020125,0.9999995756125487
1232101530,1402020720,2516,1402020126,0.9999995763258049
1232101530,1402020720,2517,1402020128,0.9999995777523174
1232101530,1402020720,2518,1402020129,0.9999995784655736
1232101530,1402020720,2519,1402020130,0.9999995791788299
1232101530,1402020720,2520,1402020131,0.9999995798920861
1232101530,1402020720,2521,1402020132,0.9999995806053422
1232101530,1402020720,2522,1402020133,0.9999995813185985
1232101530,1402020720,2523,1402020134,0.9999995820318547
1232101530,1402020720,2524,1402020136,0.9999995834583671
1232101530,1402020720,2525,1402020137,0.9999995841716234
1232101530,1402020720,2526,1402020138,0.9999995848848796
1232101530,1402020720,2527,1402020139,0.9999995855981358
1232101530,1402020720,2528,1402020140,0.9999995863113921
1232101530,1402020720,2529,1402020141,0.9999995870246483
1232101530,1402020720,2530,1402020142,0.9999995877379044
1232101530,1402020720,2531,1402020144,0.9999995891644169
1232101530,1402020720,2532,1402020145,0.9999995898776731
1232101530,1402020720,2533,1402020146,0.9999995905909294
1232101530,1402020720,2534,1402020147,0.9999995913041856
1232101530,1402020720,2535,1402020148,0.9999995920174418
1232101530,1402020720,2536,1402020150,0.9999995934439543
1232101530,1402020720,2537,1402020151,0.9999995941572104
1232101530,1402020720,2538,1402020152,0.9999995948704666
1232101530,1402020720,2539,1402020154,0.9999995962969791
1232101530,1402020720,2540,1402020156,0.9999995977234916
1232101530,1402020720,2541,1402020157,0.9999995984367478
1232101530,1402020720,2542,1402020159,0.9999995998632603
1232101530,1402020720,2543,1402020160,0.9999996005765165
1232101530,1402020720,2544,1402020161,0.9999996012897726
1232101530,1402020720,2545,1402020162,0.9999996020030288
1232101530,1402020720,2546,1402020165,0.9999996041427975
1232101530,1402020720,2547,1402020168,0.9999996062825662
1232101530,1402020720,2548,1402020169,0.9999996069958225
1232101530,1402020720,2549,1402020170,0.9999996077090787
1232101530,1402020720,2550,1402020171,0.9999996084223348
1232101530,1402020720,2551,1402020172,0.999999609135591
1232101530,1402020720,2552,1402020173,0.9999996098488473
1232101530,1402020720,2553,1402020174,0.9999996105621035
1232101530,1402020720,2554,1402020175,0.9999996112753597
1232101530,1402020720,2555,1402020177,0.9999996127018722
1232101530,1402020720,2556,1402020178,0.9999996134151284
1232101530,1402020720,2557,1402020179,0.9999996141283847
1232101530,1402020720,2558,1402020180,0.9999996148416409
1232101530,1402020720,2559,1402020181,0.999999615554897
1232101530,1402020720,2560,1402020182,0.9999996162681533
1232101530,1402020720,2561,1402020183,0.9999996169814095
1232101530,1402020720,2562,1402020185,0.999999618407922
1232101530,1402020720,2563,1402020186,0.9999996191211782
1232101530,1402020720,2564,1402020187,0.9999996198344344
1232101530,1402020720,2565,1402020188,0.9999996205476906
1232101530,1402020720,2566,1402020189,0.9999996212609469
1232101530,1402020720,2567,1402020190,0.9999996219742031
1232101530,1402020720,2568,1402020192,0.9999996234007155
1232101530,1402020720,2569,1402020193,0.9999996241139717
1232101530,1402020720,2570,1402020194,0.9999996248272279
1232101530,1402020720,2571,1402020199,0.9999996283935091
1232101530,1402020720,2572,1402020208,0.9999996348128151
1232101530,1402020720,2573,1402020209,0.9999996355260713
1232101530,1402020720,2574,1402020211,0.9999996369525836
1232101530,1402020720,2575,1402020212,0.9999996376658399
1232101530,1402020720,2576,1402020213,0.9999996383790961
1232101530,1402020720,2577,1402020215,0.9999996398056086
1232101530,1402020720,2578,1402020216,0.9999996405188648
1232101530,1402020720,2579,1402020217,0.999999641232121
1232101530,1402020720,2580,1402020218,0.9999996419453773
1232101530,1402020720,2581,1402020220,0.9999996433718897
1232101530,1402020720,2582,1402020222,0.9999996447984021
1232101530,1402020720,2583,1402020226,0.999999647651427
1232101530,1402020720,2584,1402020227,0.9999996483646832
1232101530,1402020720,2585,1402020229,0.9999996497911957
1232101530,1402020720,2586,1402020231,0.9999996512177081
1232101530,1402020720,2587,1402020232,0.9999996519309643
1232101530,1402020720,2588,1402020234,0.9999996533574768
1232101530,1402020720,2589,1402020235,0.999999654070733
1232101530,1402020720,2590,1402020237,0.9999996554972455
1232101530,1402020720,2591,1402020239,0.9999996569237579
1232101530,1402020720,2592,1402020241,0.9999996583502703
1232101530,1402020720,2593,1402020242,0.9999996590635265
1232101530,1402020720,2594,1402020243,0.9999996597767827
1232101530,1402020720,2595,1402020244,0.999999660490039
1232101530,1402020720,2596,1402020246,0.9999996619165514
1232101530,1402020720,2597,1402020247,0.9999996626298077
1232101530,1402020720,2598,1402020248,0.9999996633430639
1232101530,1402020720,2599,1402020249,0.9999996640563201
1232101530,1402020720,2600,1402020250,0.9999996647695762
1232101530,1402020720,2601,1402020251,0.9999996654828325
1232101530,1402020720,2602,1402020252,0.9999996661960887
1232101530,1402020720,2603,1402020253,0.9999996669093449
1232101530,1402020720,2604,1402020254,0.9999996676226012
1232101530,1402020720,2605,1402020257,0.9999996697623699
1232101530,1402020720,2606,1402020258,0.9999996704756261
1232101530,1402020720,2607,1402020259,0.9999996711888823
1232101530,1402020720,2608,1402020260,0.9999996719021385
1232101530,1402020720,2609,1402020261,0.9999996726153947
1232101530,1402020720,2610,1402020262,0.9999996733286509
1232101530,1402020720,2611,1402020264,0.9999996747551634
1232101530,1402020720,2612,1402020265,0.9999996754684196
1232101530,1402020720,2613,1402020269,0.9999996783214445
1232101530,1402020720,2614,1402020271,0.9999996797479569
1232101530,1402020720,2615,1402020272,0.9999996804612131
1232101530,1402020720,2616,1402020274,0.9999996818877256
1232101530,1402020720,2617,1402020275,0.9999996826009818
1232101530,1402020720,2618,1402020278,0.9999996847407505
1232101530,1402020720,2619,1402020279,0.9999996854540067
1232101530,1402020720,2620,1402020280,0.9999996861672629
1232101530,1402020720,2621,1402020282,0.9999996875937753
1232101530,1402020720,2622,1402020284,0.9999996890202878
1232101530,1402020720,2623,1402020285,0.999999689733544
1232101530,1402020720,2624,1402020287,0.9999996911600565
1232101530,1402020720,2625,1402020288,0.9999996918733127
1232101530,1402020720,2626,1402020289,0.999999692586569
1232101530,1402020720,2627,1402020293,0.9999996954395938
1232101530,1402020720,2628,1402020294,0.99999969615285
1232101530,1402020720,2629,1402020295,0.9999996968661062
1232101530,1402020720,2630,1402020296,0.9999996975793625
1232101530,1402020720,2631,1402020298,0.9999996990058749
1232101530,1402020720,2632,1402020301,0.9999997011456435
1232101530,1402020720,2633,1402020303,0.999999702572156
1232101530,1402020720,2634,1402020304,0.9999997032854122
1232101530,1402020720,2635,1402020305,0.9999997039986684
1232101530,1402020720,2636,1402020307,0.9999997054251809
1232101530,1402020720,2637,1402020308,0.9999997061384371
1232101530,1402020720,2638,1402020309,0.9999997068516934
1232101530,1402020720,2639,1402020311,0.9999997082782057
1232101530,1402020720,2640,1402020312,0.999999708991462
1232101530,1402020720,2641,1402020313,0.9999997097047182
1232101530,1402020720,2642,1402020315,0.9999997111312307
1232101530,1402020720,2643,1402020316,0.9999997118444869
1232101530,1402020720,2644,1402020317,0.9999997125577431
1232101530,1402020720,2645,1402020320,0.9999997146975117
1232101530,1402020720,2646,1402020321,0.9999997154107679
1232101530,1402020720,2647,1402020322,0.9999997161240242
1232101530,1402020720,2648,1402020324,0.9999997175505366
1232101530,1402020720,2649,1402020326,0.9999997189770491
1232101530,1402020720,2650,1402020327,0.9999997196903053
1232101530,1402020720,2651,1402020328,0.9999997204035616
1232101530,1402020720,2652,1402020329,0.9999997211168178
1232101530,1402020720,2653,1402020330,0.9999997218300739
1232101530,1402020720,2654,1402020332,0.9999997232565864
1232101530,1402020720,2655,1402020333,0.9999997239698426
1232101530,1402020720,2656,1402020335,0.9999997253963551
1232101530,1402020720,2657,1402020336,0.9999997261096113
1232101530,1402020720,2658,1402020337,0.9999997268228675
1232101530,1402020720,2659,1402020338,0.9999997275361238
1232101530,1402020720,2660,1402020339,0.99999972824938
1232101530,1402020720,2661,1402020340,0.9999997289626361
1232101530,1402020720,2662,1402020341,0.9999997296758923
1232101530,1402020720,2663,1402020342,0.9999997303891486
1232101530,1402020720,2664,1402020343,0.9999997311024048
1232101530,1402020720,2665,1402020344,0.999999731815661
1232101530,1402020720,2666,1402020345,0.9999997325289173
1232101530,1402020720,2667,1402020346,0.9999997332421735
1232101530,1402020720,2668,1402020347,0.9999997339554297
1232101530,1402020720,2669,1402020348,0.999999734668686
1232101530,1402020720,2670,1402020350,0.9999997360951983
1232101530,1402020720,2671,1402020351,0.9999997368084546
1232101530,1402020720,2672,1402020353,0.999999738234967
1232101530,1402020720,2673,1402020355,0.9999997396614795
1232101530,1402020720,2674,1402020356,0.9999997403747357
1232101530,1402020720,2675,1402020357,0.999999741087992
1232101530,1402020720,2676,1402020358,0.9999997418012482
1232101530,1402020720,2677,1402020360,0.9999997432277605
1232101530,1402020720,2678,1402020361,0.9999997439410168
1232101530,1402020720,2679,1402020362,0.999999744654273
1232101530,1402020720,2680,1402020363,0.9999997453675292
1232101530,1402020720,2681,1402020366,0.9999997475072979
1232101530,1402020720,2682,1402020367,0.9999997482205542
1232101530,1402020720,2683,1402020369,0.9999997496470665
1232101530,1402020720,2684,1402020370,0.9999997503603227
1232101530,1402020720,2685,1402020371,0.999999751073579
1232101530,1402020720,2686,1402020372,0.9999997517868352
1232101530,1402020720,2687,1402020373,0.9999997525000914
1232101530,1402020720,2688,1402020374,0.9999997532133477
1232101530,1402020720,2689,1402020375,0.9999997539266039
1232101530,1402020720,2690,1402020376,0.9999997546398601
1232101530,1402020720,2691,1402020378,0.9999997560663726
1232101530,1402020720,2692,1402020380,0.9999997574928849
1232101530,1402020720,2693,1402020381,0.9999997582061412
1232101530,1402020720,2694,1402020382,0.9999997589193974
1232101530,1402020720,2695,1402020384,0.9999997603459099
1232101530,1402020720,2696,1402020385,0.9999997610591661
1232101530,1402020720,2697,1402020388,0.9999997631989348
1232101530,1402020720,2698,1402020390,0.9999997646254472
1232101530,1402020720,2699,1402020391,0.9999997653387034
1232101530,1402020720,2700,1402020392,0.9999997660519596
1232101530,1402020720,2701,1402020393,0.9999997667652158
1232101530,1402020720,2702,1402020396,0.9999997689049845
1232101530,1402020720,2703,1402020397,0.9999997696182408
1232101530,1402020720,2704,1402020398,0.999999770331497
1232101530,1402020720,2705,1402020399,0.9999997710447531
1232101530,1402020720,2706,1402020400,0.9999997717580094
1232101530,1402020720,2707,1402020401,0.9999997724712656
1232101530,1402020720,2708,1402020402,0.9999997731845218
1232101530,1402020720,2709,1402020404,0.9999997746110343
1232101530,1402020720,2710,1402020405,0.9999997753242905
1232101530,1402020720,2711,1402020406,0.9999997760375468
1232101530,1402020720,2712,1402020409,0.9999997781773153
1232101530,1402020720,2713,1402020410,0.9999997788905716
1232101530,1402020720,2714,1402020411,0.9999997796038278
1232101530,1402020720,2715,1402020412,0.999999780317084
1232101530,1402020720,2716,1402020413,0.9999997810303403
1232101530,1402020720,2717,1402020414,0.9999997817435965
1232101530,1402020720,2718,1402020415,0.9999997824568527
1232101530,1402020720,2719,1402020416,0.999999783170109
1232101530,1402020720,2720,1402020417,0.9999997838833652
1232101530,1402020720,2721,1402020418,0.9999997845966214
1232101530,1402020720,2722,1402020419,0.9999997853098775
1232101530,1402020720,2723,1402020421,0.99999978673639
1232101530,1402020720,2724,1402020422,0.9999997874496462
1232101530,1402020720,2725,1402020424,0.9999997888761587
1232101530,1402020720,2726,1402020426,0.9999997903026712
1232101530,1402020720,2727,1402020427,0.9999997910159274
1232101530,1402020720,2728,1402020429,0.9999997924424397
1232101530,1402020720,2729,1402020430,0.999999793155696
1232101530,1402020720,2730,1402020431,0.9999997938689522
1232101530,1402020720,2731,1402020433,0.9999997952954647
1232101530,1402020720,2732,1402020434,0.9999997960087209
1232101530,1402020720,2733,1402020435,0.9999997967219771
1232101530,1402020720,2734,1402020436,0.9999997974352334
1232101530,1402020720,2735,1402020437,0.9999997981484896
1232101530,1402020720,2736,1402020438,0.9999997988617457
1232101530,1402020720,2737,1402020439,0.999999799575002
1232101530,1402020720,2738,1402020440,0.9999998002882582
1232101530,1402020720,2739,1402020441,0.9999998010015144
1232101530,1402020720,2740,1402020442,0.9999998017147707
1232101530,1402020720,2741,1402020443,0.9999998024280269
1232101530,1402020720,2742,1402020445,0.9999998038545393
1232101530,1402020720,2743,1402020447,0.9999998052810518
1232101530,1402020720,2744,1402020448,0.9999998059943079
1232101530,1402020720,2745,1402020449,0.9999998067075642
1232101530,1402020720,2746,1402020450,0.9999998074208204
1232101530,1402020720,2747,1402020451,0.9999998081340766
1232101530,1402020720,2748,1402020452,0.9999998088473329
1232101530,1402020720,2749,1402020454,0.9999998102738453
1232101530,1402020720,2750,1402020455,0.9999998109871016
1232101530,1402020720,2751,1402020456,0.9999998117003578
1232101530,1402020720,2752,1402020457,0.999999812413614
1232101530,1402020720,2753,1402020458,0.9999998131268701
1232101530,1402020720,2754,1402020459,0.9999998138401264
1232101530,1402020720,2755,1402020460,0.9999998145533826
1232101530,1402020720,2756,1402020461,0.9999998152666388
1232101530,1402020720,2757,1402020463,0.9999998166931513
1232101530,1402020720,2758,1402020464,0.9999998174064075
1232101530,1402020720,2759,1402020466,0.99999981883292
1232101530,1402020720,2760,1402020468,0.9999998202594323
1232101530,1402020720,2761,1402020469,0.9999998209726886
1232101530,1402020720,2762,1402020470,0.9999998216859448
1232101530,1402020720,2763,1402020471,0.999999822399201
1232101530,1402020720,2764,1402020472,0.9999998231124573
1232101530,1402020720,2765,1402020473,0.9999998238257135
1232101530,1402020720,2766,1402020475,0.999999825252226
1232101530,1402020720,2767,1402020477,0.9999998266787384
1232101530,1402020720,2768,1402020478,0.9999998273919946
1232101530,1402020720,2769,1402020479,0.9999998281052508
1232101530,1402020720,2770,1402020480,0.999999828818507
1232101530,1402020720,2771,1402020481,0.9999998295317633
1232101530,1402020720,2772,1402020482,0.9999998302450195
1232101530,1402020720,2773,1402020483,0.9999998309582757
1232101530,1402020720,2774,1402020484,0.999999831671532
1232101530,1402020720,2775,1402020485,0.9999998323847882
1232101530,1402020720,2776,1402020486,0.9999998330980444
1232101530,1402020720,2777,1402020487,0.9999998338113006
1232101530,1402020720,2778,1402020488,0.9999998345245568
1232101530,1402020720,2779,1402020489,0.999999835237813
1232101530,1402020720,2780,1402020490,0.9999998359510692
1232101530,1402020720,2781,1402020491,0.9999998366643255
1232101530,1402020720,2782,1402020492,0.9999998373775817
1232101530,1402020720,2783,1402020493,0.9999998380908379
1232101530,1402020720,2784,1402020495,0.9999998395173504
1232101530,1402020720,2785,1402020496,0.9999998402306066
1232101530,1402020720,2786,1402020497,0.9999998409438628
1232101530,1402020720,2787,1402020499,0.9999998423703752
1232101530,1402020720,2788,1402020500,0.9999998430836314
1232101530,1402020720,2789,1402020502,0.9999998445101439
1232101530,1402020720,2790,1402020503,0.9999998452234001
1232101530,1402020720,2791,1402020504,0.9999998459366564
1232101530,1402020720,2792,1402020506,0.9999998473631688
1232101530,1402020720,2793,1402020508,0.9999998487896812
1232101530,1402020720,2794,1402020509,0.9999998495029374
1232101530,1402020720,2795,1402020510,0.9999998502161936
1232101530,1402020720,2796,1402020511,0.9999998509294499
1232101530,1402020720,2797,1402020512,0.9999998516427061
1232101530,1402020720,2798,1402020513,0.9999998523559623
1232101530,1402020720,2799,1402020514,0.9999998530692186
1232101530,1402020720,2800,1402020515,0.9999998537824748
1232101530,1402020720,2801,1402020517,0.9999998552089873
1232101530,1402020720,2802,1402020518,0.9999998559222434
1232101530,1402020720,2803,1402020519,0.9999998566354996
1232101530,1402020720,2804,1402020520,0.9999998573487558
1232101530,1402020720,2805,1402020522,0.9999998587752683
1232101530,1402020720,2806,1402020523,0.9999998594885245
1232101530,1402020720,2807,1402020524,0.9999998602017808
1232101530,1402020720,2808,1402020526,0.9999998616282932
1232101530,1402020720,2809,1402020527,0.9999998623415495
1232101530,1402020720,2810,1402020528,0.9999998630548056
1232101530,1402020720,2811,1402020529,0.9999998637680618
1232101530,1402020720,2812,1402020530,0.9999998644813181
1232101530,1402020720,2813,1402020531,0.9999998651945743
1232101530,1402020720,2814,1402020532,0.9999998659078305
1232101530,1402020720,2815,1402020533,0.9999998666210868
1232101530,1402020720,2816,1402020534,0.999999867334343
1232101530,1402020720,2817,1402020535,0.9999998680475992
1232101530,1402020720,2818,1402020536,0.9999998687608554
1232101530,1402020720,2819,1402020537,0.9999998694741116
1232101530,1402020720,2820,1402020538,0.9999998701873678
1232101530,1402020720,2821,1402020539,0.999999870900624
1232101530,1402020720,2822,1402020540,0.9999998716138803
1232101530,1402020720,2823,1402020541,0.9999998723271365
1232101530,1402020720,2824,1402020542,0.9999998730403927
1232101530,1402020720,2825,1402020543,0.999999873753649
1232101530,1402020720,2826,1402020544,0.9999998744669052
1232101530,1402020720,2827,1402020545,0.9999998751801614
1232101530,1402020720,2828,1402020546,0.9999998758934177
1232101530,1402020720,2829,1402020547,0.9999998766066738
1232101530,1402020720,2830,1402020548,0.99999987731993
1232101530,1402020720,2831,1402020549,0.9999998780331862
1232101530,1402020720,2832,1402020551,0.9999998794596987
1232101530,1402020720,2833,1402020553,0.9999998808862112
1232101530,1402020720,2834,1402020554,0.9999998815994674
1232101530,1402020720,2835,1402020555,0.9999998823127236
1232101530,1402020720,2836,1402020556,0.9999998830259799
1232101530,1402020720,2837,1402020557,0.999999883739236
1232101530,1402020720,2838,1402020558,0.9999998844524922
1232101530,1402020720,2839,1402020559,0.9999998851657484
1232101530,1402020720,2840,1402020560,0.9999998858790047
1232101530,1402020720,2841,1402020561,0.9999998865922609
1232101530,1402020720,2842,1402020562,0.9999998873055171
1232101530,1402020720,2843,1402020563,0.9999998880187734
1232101530,1402020720,2844,1402020564,0.9999998887320296
1232101530,1402020720,2845,1402020565,0.9999998894452858
1232101530,1402020720,2846,1402020566,0.9999998901585421
1232101530,1402020720,2847,1402020569,0.9999998922983107
1232101530,1402020720,2848,1402020570,0.9999998930115669
1232101530,1402020720,2849,1402020572,0.9999998944380794
1232101530,1402020720,2850,1402020573,0.9999998951513356
1232101530,1402020720,2851,1402020575,0.999999896577848
1232101530,1402020720,2852,1402020576,0.9999998972911043
1232101530,1402020720,2853,1402020577,0.9999998980043604
1232101530,1402020720,2854,1402020578,0.9999998987176166
1232101530,1402020720,2855,1402020579,0.9999998994308729
1232101530,1402020720,2856,1402020580,0.9999999001441291
1232101530,1402020720,2857,1402020581,0.9999999008573853
1232101530,1402020720,2858,1402020582,0.9999999015706416
1232101530,1402020720,2859,1402020583,0.9999999022838978
1232101530,1402020720,2860,1402020584,0.999999902997154
1232101530,1402020720,2861,1402020585,0.9999999037104103
1232101530,1402020720,2862,1402020586,0.9999999044236665
1232101530,1402020720,2863,1402020587,0.9999999051369226
1232101530,1402020720,2864,1402020588,0.9999999058501788
1232101530,1402020720,2865,1402020589,0.9999999065634351
1232101530,1402020720,2866,1402020590,0.9999999072766913
1232101530,1402020720,2867,1402020591,0.9999999079899475
1232101530,1402020720,2868,1402020592,0.9999999087032038
1232101530,1402020720,2869,1402020593,0.99999990941646
1232101530,1402020720,2870,1402020594,0.9999999101297162
1232101530,1402020720,2871,1402020596,0.9999999115562287
1232101530,1402020720,2872,1402020597,0.9999999122694848
1232101530,1402020720,2873,1402020598,0.999999912982741
1232101530,1402020720,2874,1402020599,0.9999999136959973
1232101530,1402020720,2875,1402020600,0.9999999144092535
1232101530,1402020720,2876,1402020601,0.9999999151225097
1232101530,1402020720,2877,1402020602,0.999999915835766
1232101530,1402020720,2878,1402020603,0.9999999165490222
1232101530,1402020720,2879,1402020604,0.9999999172622784
1232101530,1402020720,2880,1402020605,0.9999999179755347
1232101530,1402020720,2881,1402020607,0.999999919402047
1232101530,1402020720,2882,1402020608,0.9999999201153033
1232101530,1402020720,2883,1402020609,0.9999999208285595
1232101530,1402020720,2884,1402020610,0.9999999215418157
1232101530,1402020720,2885,1402020611,0.999999922255072
1232101530,1402020720,2886,1402020612,0.9999999229683282
1232101530,1402020720,2887,1402020613,0.9999999236815844
1232101530,1402020720,2888,1402020614,0.9999999243948406
1232101530,1402020720,2889,1402020615,0.9999999251080969
1232101530,1402020720,2890,1402020616,0.9999999258213531
1232101530,1402020720,2891,1402020617,0.9999999265346092
1232101530,1402020720,2892,1402020619,0.9999999279611217
1232101530,1402020720,2893,1402020620,0.9999999286743779
1232101530,1402020720,2894,1402020622,0.9999999301008904
1232101530,1402020720,2895,1402020623,0.9999999308141466
1232101530,1402020720,2896,1402020624,0.9999999315274029
1232101530,1402020720,2897,1402020625,0.9999999322406591
1232101530,1402020720,2898,1402020626,0.9999999329539152
1232101530,1402020720,2899,1402020627,0.9999999336671714
1232101530,1402020720,2900,1402020628,0.9999999343804277
1232101530,1402020720,2901,1402020629,0.9999999350936839
1232101530,1402020720,2902,1402020630,0.9999999358069401
1232101530,1402020720,2903,1402020631,0.9999999365201964
1232101530,1402020720,2904,1402020632,0.9999999372334526
1232101530,1402020720,2905,1402020633,0.9999999379467088
1232101530,1402020720,2906,1402020634,0.9999999386599651
1232101530,1402020720,2907,1402020635,0.9999999393732213
1232101530,1402020720,2908,1402020636,0.9999999400864774
1232101530,1402020720,2909,1402020637,0.9999999407997336
1232101530,1402020720,2910,1402020638,0.9999999415129899
1232101530,1402020720,2911,1402020639,0.9999999422262461
1232101530,1402020720,2912,1402020641,0.9999999436527586
1232101530,1402020720,2913,1402020643,0.999999945079271
1232101530,1402020720,2914,1402020644,0.9999999457925273
1232101530,1402020720,2915,1402020646,0.9999999472190396
1232101530,1402020720,2916,1402020647,0.9999999479322959
1232101530,1402020720,2917,1402020649,0.9999999493588083
1232101530,1402020720,2918,1402020650,0.9999999500720645
1232101530,1402020720,2919,1402020651,0.9999999507853208
1232101530,1402020720,2920,1402020652,0.999999951498577
1232101530,1402020720,2921,1402020653,0.9999999522118332
1232101530,1402020720,2922,1402020654,0.9999999529250895
1232101530,1402020720,2923,1402020655,0.9999999536383457
1232101530,1402020720,2924,1402020656,0.9999999543516018
1232101530,1402020720,2925,1402020657,0.9999999550648581
1232101530,1402020720,2926,1402020658,0.9999999557781143
1232101530,1402020720,2927,1402020659,0.9999999564913705
1232101530,1402020720,2928,1402020660,0.9999999572046268
1232101530,1402020720,2929,1402020661,0.999999957917883
1232101530,1402020720,2930,1402020662,0.9999999586311392
1232101530,1402020720,2931,1402020664,0.9999999600576517
1232101530,1402020720,2932,1402020665,0.9999999607709079
1232101530,1402020720,2933,1402020666,0.999999961484164
1232101530,1402020720,2934,1402020667,0.9999999621974203
1232101530,1402020720,2935,1402020668,0.9999999629106765
1232101530,1402020720,2936,1402020669,0.9999999636239327
1232101530,1402020720,2937,1402020670,0.999999964337189
1232101530,1402020720,2938,1402020671,0.9999999650504452
1232101530,1402020720,2939,1402020672,0.9999999657637014
1232101530,1402020720,2940,1402020673,0.9999999664769577
1232101530,1402020720,2941,1402020674,0.9999999671902139
1232101530,1402020720,2942,1402020675,0.9999999679034701
1232101530,1402020720,2943,1402020676,0.9999999686167262
1232101530,1402020720,2944,1402020677,0.9999999693299825
1232101530,1402020720,2945,1402020678,0.9999999700432387
1232101530,1402020720,2946,1402020679,0.9999999707564949
1232101530,1402020720,2947,1402020681,0.9999999721830074
1232101530,1402020720,2948,1402020682,0.9999999728962636
1232101530,1402020720,2949,1402020683,0.9999999736095199
1232101530,1402020720,2950,1402020684,0.9999999743227761
1232101530,1402020720,2951,1402020685,0.9999999750360323
1232101530,1402020720,2952,1402020686,0.9999999757492885
1232101530,1402020720,2953,1402020687,0.9999999764625447
1232101530,1402020720,2954,1402020688,0.9999999771758009
1232101530,1402020720,2955,1402020689,0.9999999778890571
1232101530,1402020720,2956,1402020690,0.9999999786023134
1232101530,1402020720,2957,1402020691,0.9999999793155696
1232101530,1402020720,2958,1402020692,0.9999999800288258
1232101530,1402020720,2959,1402020693,0.9999999807420821
1232101530,1402020720,2960,1402020694,0.9999999814553383
1232101530,1402020720,2961,1402020695,0.9999999821685945
1232101530,1402020720,2962,1402020697,0.9999999835951069
1232101530,1402020720,2963,1402020698,0.9999999843083631
1232101530,1402020720,2964,1402020699,0.9999999850216194
1232101530,1402020720,2965,1402020700,0.9999999857348756
1232101530,1402020720,2966,1402020701,0.9999999864481318
1232101530,1402020720,2967,1402020702,0.999999987161388
1232101530,1402020720,2968,1402020703,0.9999999878746443
1232101530,1402020720,2969,1402020704,0.9999999885879005
1232101530,1402020720,2970,1402020705,0.9999999893011567
1232101530,1402020720,2971,1402020706,0.9999999900144129
1232101530,1402020720,2972,1402020707,0.9999999907276691
1232101530,1402020720,2973,1402020708,0.9999999914409253
1232101530,1402020720,2974,1402020709,0.9999999921541816
1232101530,1402020720,2975,1402020710,0.9999999928674378
1232101530,1402020720,2976,1402020711,0.999999993580694
1232101530,1402020720,2977,1402020712,0.9999999942939503
1232101530,1402020720,2978,1402020714,0.9999999957204627
1232101530,1402020720,2979,1402020715,0.999999996433719
1232101530,1402020720,2980,1402020716,0.9999999971469751
1232101530,1402020720,2981,1402020717,0.9999999978602313
1232101530,1402020720,2982,1402020718,0.9999999985734875
1232101530,1402020720,2983,1402020719,0.9999999992867438
1232101530,1402020720,2984,1402020720,1.0
